{
  "type": "FeatureCollection",
  "name": "NetGuardian Paris PeeringDB Facilities",
  "metadata": {
    "source": "PeeringDB",
    "retrieved_at": "2026-10-07T15:15:08.638970+00:00",
    "radius_km": 40.0,
    "feature_count": 76
  },
  "features": [
    {
      "type": "Feature",
      "id": "peeringdb-fac-5280",
      "geometry": {
        "type": "Point",
        "coordinates": [
          2.347689,
          48.869599
        ]
      },
      "properties": {
        "id": 5280,
        "node_type": "peering_facility",
        "name": "ETIX Paris #1",
        "org_id": 26110,
        "org_name": "Etix Everywhere",
        "address1": "78140",
        "address2": "19-21 Rue Poissonnière",
        "city": "Paris",
        "state": "Paris",
        "zipcode": "75002",
        "country": "FR",
        "website": "https://www.etixeverywhere.com",
        "status": "ok",
        "distance_to_paris_km": 1.48,
        "network_count": 6,
        "ix_count": 0,
        "network_asns": [
          8218,
          8220,
          8309,
          29075,
          51269,
          51664
        ],
        "network_names": [
          "Bilendi Technology",
          "Colt",
          "Hexatom",
          "IELO",
          "Sipartech",
          "Zayo Europe"
        ],
        "ix_names": [],
        "source": "PeeringDB",
        "evidence_type": "PUBLIC_DECLARATION"
      }
    },
    {
      "type": "Feature",
      "id": "peeringdb-fac-1869",
      "geometry": {
        "type": "Point",
        "coordinates": [
          2.347732,
          48.869629
        ]
      },
      "properties": {
        "id": 1869,
        "node_type": "peering_facility",
        "name": "NeoCenter Paris",
        "org_id": 6935,
        "org_name": "Zayo Group",
        "address1": "19/21 rue Poissonnière",
        "address2": "",
        "city": "Paris",
        "state": "",
        "zipcode": "75002",
        "country": "FR",
        "website": "http://www.neotelecoms.com",
        "status": "ok",
        "distance_to_paris_km": 1.49,
        "network_count": 0,
        "ix_count": 0,
        "network_asns": [],
        "network_names": [],
        "ix_names": [],
        "source": "PeeringDB",
        "evidence_type": "PUBLIC_DECLARATION"
      }
    },
    {
      "type": "Feature",
      "id": "peeringdb-fac-1782",
      "geometry": {
        "type": "Point",
        "coordinates": [
          2.343833,
          48.869597
        ]
      },
      "properties": {
        "id": 1782,
        "node_type": "peering_facility",
        "name": "Treefaz Jeûneurs",
        "org_id": 29301,
        "org_name": "Treefaz",
        "address1": "35 RUE DES JEÛNEURS",
        "address2": "2E Arrondissement",
        "city": "Paris",
        "state": "Paris",
        "zipcode": "75002",
        "country": "FR",
        "website": "https://www.treefaz.fr/",
        "status": "ok",
        "distance_to_paris_km": 1.57,
        "network_count": 18,
        "ix_count": 0,
        "network_asns": [
          13193,
          20766,
          29075,
          29608,
          34019,
          35077,
          35625,
          39180,
          44097,
          47866,
          48817,
          50628,
          200780,
          201080,
          201868,
          205344,
          207642,
          215596
        ],
        "network_names": [
          "Association Gitoyen",
          "Clément Cavadore",
          "Eurofiber France",
          "Eurofiber France - Appliwave",
          "Hivane",
          "IELO",
          "KISSGROUP SAS",
          "LASOTEL",
          "Leonix Telecom",
          "Nerim",
          "Netwo",
          "OVEA",
          "PRIZZ TELECOM",
          "PROSOLUCE SAS",
          "SCANI",
          "Treefaz",
          "Unixo",
          "iBrowse SARL"
        ],
        "ix_names": [],
        "source": "PeeringDB",
        "evidence_type": "PUBLIC_DECLARATION"
      }
    },
    {
      "type": "Feature",
      "id": "peeringdb-fac-54",
      "geometry": {
        "type": "Point",
        "coordinates": [
          2.344236,
          48.869869
        ]
      },
      "properties": {
        "id": 54,
        "node_type": "peering_facility",
        "name": "Telehouse - Paris 1 (Jeûneurs)",
        "org_id": 7,
        "org_name": "Telehouse - Global Data Centers",
        "address1": "38, rue des Jeûneurs",
        "address2": "",
        "city": "Paris",
        "state": "",
        "zipcode": "75002",
        "country": "FR",
        "website": "http://www.telehouse.fr",
        "status": "ok",
        "distance_to_paris_km": 1.59,
        "network_count": 18,
        "ix_count": 2,
        "network_asns": [
          174,
          1299,
          5405,
          6453,
          6461,
          6774,
          8220,
          8309,
          12322,
          13193,
          29075,
          29152,
          44000,
          48920,
          50087,
          57463,
          216265,
          219115
        ],
        "network_names": [
          "Arelion (Twelve99)",
          "Aristo Networks",
          "BICS",
          "Cogent Communications, Inc.",
          "Colt",
          "Decknet",
          "Free SAS",
          "IELO",
          "Inter.link",
          "Nerim",
          "Net1C",
          "NetIX Communications",
          "Ouvanet",
          "Sipartech",
          "TATA Communications Ltd",
          "Toile-Libre",
          "Tropical Hosting",
          "Zayo"
        ],
        "ix_names": [
          "Hopus",
          "NetIX"
        ],
        "source": "PeeringDB",
        "evidence_type": "PUBLIC_DECLARATION"
      }
    },
    {
      "type": "Feature",
      "id": "peeringdb-fac-13209",
      "geometry": {
        "type": "Point",
        "coordinates": [
          2.329879,
          48.871919
        ]
      },
      "properties": {
        "id": 13209,
        "node_type": "peering_facility",
        "name": "Sipartech Paris",
        "org_id": 9326,
        "org_name": "Sipartech SAS",
        "address1": "7 rue Auber",
        "address2": "",
        "city": "Paris",
        "state": "",
        "zipcode": "75009",
        "country": "FR",
        "website": "https://www.sipartech.com/sipartech-services-other-services/",
        "status": "ok",
        "distance_to_paris_km": 2.36,
        "network_count": 0,
        "ix_count": 0,
        "network_asns": [],
        "network_names": [],
        "ix_names": [],
        "source": "PeeringDB",
        "evidence_type": "PUBLIC_DECLARATION"
      }
    },
    {
      "type": "Feature",
      "id": "peeringdb-fac-53",
      "geometry": {
        "type": "Point",
        "coordinates": [
          2.38532,
          48.856654
        ]
      },
      "properties": {
        "id": 53,
        "node_type": "peering_facility",
        "name": "Telehouse - Paris 2 (Voltaire - Léon Frot)",
        "org_id": 7,
        "org_name": "Telehouse - Global Data Centers",
        "address1": "137 Boulevard Voltaire",
        "address2": "65 Rue Léon Frot",
        "city": "Paris",
        "state": "",
        "zipcode": "75011",
        "country": "FR",
        "website": "http://www.telehouse.fr",
        "status": "ok",
        "distance_to_paris_km": 2.42,
        "network_count": 359,
        "ix_count": 17,
        "network_asns": [
          42,
          174,
          250,
          714,
          1273,
          1299,
          2027,
          2200,
          2486,
          2609,
          2906,
          2914,
          3215,
          3257,
          3303,
          3320,
          3491,
          4455,
          4601,
          5400,
          5405,
          5410,
          5511,
          6204,
          6453,
          6461,
          6661,
          6696,
          6738,
          6758,
          6762,
          6774,
          6775,
          6830,
          6939,
          7155,
          8075,
          8218,
          8220,
          8298,
          8302,
          8304,
          8309,
          8310,
          8368,
          8399,
          8426,
          8487,
          8554,
          8565,
          8784,
          8801,
          8839,
          8882,
          9002,
          9009,
          9036,
          11889,
          12322,
          12409,
          12727,
          12779,
          12826,
          12850,
          12876,
          12906,
          13030,
          13193,
          13335,
          14340,
          14537,
          15169,
          15401,
          15412,
          15557,
          15695,
          16080,
          16128,
          16189,
          16276,
          16347,
          16509,
          20189,
          20562,
          20565,
          20756,
          20766,
          20900,
          20917,
          20940,
          20969,
          21351,
          21409,
          22822,
          24482,
          24691,
          24904,
          24940,
          25091,
          25160,
          25540,
          28458,
          29075,
          29152,
          29215,
          29283,
          29286,
          29467,
          29513,
          29606,
          29608,
          30781,
          30889,
          30972,
          31167,
          31235,
          31500,
          31555,
          31564,
          31712,
          31898,
          32934,
          33353,
          33835,
          33891,
          33930,
          34019,
          34141,
          34177,
          34224,
          34659,
          34863,
          34993,
          35070,
          35077,
          35184,
          35217,
          35280,
          35283,
          35393,
          35600,
          35625,
          35676,
          36864,
          36868,
          36884,
          36924,
          37002,
          37054,
          37090,
          37451,
          37492,
          37529,
          37613,
          37649,
          37721,
          37722,
          39180,
          39305,
          39421,
          39444,
          39583,
          39605,
          39737,
          39781,
          39801,
          39886,
          39931,
          40138,
          41114,
          41157,
          41191,
          41652,
          41653,
          41690,
          42388,
          42456,
          42473,
          42487,
          42687,
          42845,
          42929,
          43142,
          43445,
          43531,
          43646,
          43858,
          43930,
          44000,
          44097,
          44141,
          44297,
          44334,
          44356,
          44407,
          44444,
          44448,
          44494,
          44530,
          44583,
          44788,
          44902,
          45430,
          45758,
          47127,
          47160,
          47239,
          47600,
          47608,
          47648,
          47866,
          47872,
          48072,
          48213,
          48252,
          48504,
          48732,
          48813,
          48817,
          48920,
          49028,
          49434,
          49544,
          49559,
          49594,
          49915,
          50087,
          50263,
          50446,
          50620,
          50624,
          50628,
          50796,
          50818,
          50858,
          50903,
          50952,
          51154,
          51269,
          51326,
          51630,
          52025,
          52075,
          54113,
          55943,
          56584,
          56665,
          56911,
          56987,
          57043,
          57119,
          57141,
          57179,
          57344,
          57463,
          57468,
          57581,
          57752,
          57809,
          57811,
          58011,
          58453,
          59842,
          60022,
          60032,
          60068,
          60132,
          60171,
          60456,
          61025,
          61205,
          62000,
          64289,
          137409,
          139341,
          196689,
          197033,
          197133,
          197551,
          197883,
          197922,
          197981,
          198034,
          198335,
          198423,
          198507,
          198545,
          198551,
          199088,
          199357,
          199396,
          199483,
          199660,
          199870,
          200780,
          200906,
          201080,
          201246,
          201292,
          201675,
          201808,
          201868,
          201896,
          202140,
          202753,
          202933,
          203547,
          204092,
          204902,
          205141,
          205344,
          205684,
          205698,
          206120,
          206310,
          206983,
          207324,
          207840,
          207910,
          207992,
          208627,
          208962,
          209049,
          209090,
          209255,
          209323,
          209428,
          209532,
          209559,
          209768,
          209823,
          210601,
          210732,
          210806,
          211113,
          211377,
          211733,
          211854,
          211882,
          212815,
          213753,
          213966,
          214326,
          215035,
          215234,
          215596,
          215724,
          215925,
          215955,
          216193,
          216265,
          216302,
          327708,
          327814,
          328107,
          328411,
          328965,
          329399,
          396986
        ],
        "network_names": [
          "1-FR FREE",
          "1-IX EU",
          "A-Systems",
          "ABICOM",
          "ACE CDN",
          "ADRESEAU",
          "AFR-IX Telecom",
          "AGARIK",
          "ALSATIS",
          "ALTEASYSTEMS",
          "AMEOS",
          "ARYK",
          "AS250.net",
          "AS8882",
          "AVM-INFO",
          "AZA TELECOM",
          "Abaclouda",
          "Acrib - Asolta - SHPV",
          "Adeli",
          "Advanced Wireless Network Co. Ltd.(IIG)",
          "Afribone Mali",
          "Airmont",
          "Airtel Rwanda AS327708",
          "Akamai Direct Connect",
          "Akamai Technologies",
          "Alarig",
          "Algathia",
          "Alphalink",
          "Altitude Infrastructure",
          "Amazon.com",
          "Andrexen",
          "Anexia",
          "Anexia CloudDNS",
          "Apple Inc.",
          "Aqua Ray",
          "Aquilenet Paris",
          "Arelion (Twelve99)",
          "Aristo Networks",
          "Arte France SA",
          "Artefact - Artewan",
          "Association Gitoyen",
          "Association SamesWireless",
          "Atlas IP",
          "Axione",
          "BDF",
          "BICS",
          "BSO",
          "BT",
          "BeTech Solution",
          "Bedrock",
          "Believe Digital",
          "Blue Infra",
          "Blue Networks Technologies",
          "BlueGIX",
          "Borwood",
          "Bouygues Telecom ISP",
          "Bouygues Telecom Pro KEYYO",
          "Bretagne Telecom",
          "ByteDance",
          "CDN77",
          "CELESTE",
          "CHEOPS TECHNOLOGY FRANCE S.A.",
          "COCCA",
          "Canal+ Telecom",
          "China Mobile International",
          "Claranet",
          "Clever Network",
          "Cloud Temple",
          "Cloudata",
          "Cloudflare",
          "Clément Cavadore",
          "Cogent Communications, Inc.",
          "Colt",
          "Comlink SAS",
          "Congo Telecom",
          "Continent 8 Technologies",
          "Core-Backbone",
          "Coriolis",
          "Covage Networks",
          "Criteo Europe",
          "Cyllene",
          "D-LAKE AS49028",
          "DAM64",
          "DIRECT INFO SERVICE",
          "DOLPHIN TELECOMMUNICATION LIMITED",
          "DRI",
          "DSCW",
          "DSTNY",
          "DaKnObNET",
          "Dailymotion",
          "Dalenys",
          "Datacampus",
          "Decknet",
          "Deltatre S.p.A.",
          "Deutsche Telekom",
          "Devclic",
          "Diabolocom",
          "Digicel AFG",
          "Digicube sas",
          "Digital Virgo France",
          "ERA-IX Route Servers Paris",
          "EVANN",
          "Ecoband",
          "Ecritel",
          "Edgevana, Inc.",
          "Edgio - AS22822",
          "Enix",
          "Enki Multimedia",
          "Epsilon",
          "Ericsson Broadcast Services Netherlands",
          "Eurofiber France",
          "Eurofiber France - Appliwave",
          "Eutelsat - Skylogic",
          "Expereo International bv",
          "F5 Inc.",
          "FBW Networks",
          "FLAG Telecom",
          "FLEX NETWORK",
          "FR-NIC-DNS-UNICAST (AFNIC > NIC-FR > Unicast DNS)",
          "FTVDN",
          "Fastly, Inc.",
          "Feelb",
          "Fiducial Cloud Network",
          "Fink Telecom Services GmbH",
          "Foliateam",
          "Forcepoint Cloud",
          "France-IX L3 Services",
          "Free Pro",
          "Free SAS",
          "GLOBALGRID",
          "GNM",
          "GNM-IX Route Servers",
          "GRIFON",
          "GTT Communications (AS3257)",
          "GUILAB",
          "GVA",
          "Geneanet",
          "Gestor de Infraestructuras de Telecomunicaciones de Guinea Ecuatorial",
          "Gigalis",
          "Gigastream plc",
          "Global Secure Layer",
          "Google LLC",
          "Groupe Convergence.com",
          "Groupe La Poste France",
          "Gulfsat Madagascar",
          "HOSTKEY B.V.",
          "Hetzner Online",
          "Hexaglobe",
          "Hexanet",
          "Hexatom",
          "Hivane",
          "Hopus",
          "Hub One SA",
          "Hurricane Electric",
          "Hyperion Cloud SAS",
          "IC Telecom",
          "ICODIA",
          "IELO",
          "IELO-B",
          "IENTC Telecom Mexico",
          "INFOMIL",
          "INFORMATIQUE MAINTENANCE SERVICES SAS",
          "IP-Max SA",
          "IPTelecom",
          "IPng Networks GmbH",
          "ISOCEL SA",
          "IT.Gate",
          "IVANET-NYC",
          "IX Reach",
          "Iguane Solutions",
          "Ikoula",
          "Infosat Telecom",
          "Init7",
          "Inter.link",
          "InterCloud",
          "InterEdge B.V.",
          "InterIX",
          "InterMeDiaSud",
          "IzarLink",
          "KISSGROUP SAS",
          "KLEE",
          "KOESIO NETWORKS",
          "KOESIO NETWORKS (KIX)",
          "KWAOO, K-NET",
          "Kaldera",
          "Kamatari Online",
          "Kaminot",
          "LASOTEL",
          "LOGICEK",
          "Leader Net Services",
          "Leonix Telecom",
          "Liberty Global",
          "LimOps",
          "Linkt",
          "LuxNetwork",
          "M247 Global",
          "M6 Distribution Digital",
          "MARITIK INFRAS",
          "MCT",
          "MDNET",
          "MEDIACTIVE 24/7",
          "MEDIACTIVE NETWORK FR-EU",
          "MEOWAN",
          "MUONA",
          "Macarne - AS64289",
          "Magic OnLine",
          "Mappy",
          "Megaport Global Access",
          "Meta",
          "Michcom Limited",
          "Microsoft",
          "MilkyWan",
          "MixTelecom",
          "Monaco Telecom",
          "Montpellier Internet Telecom Datacenter",
          "NAITWAYS SAS",
          "NETWORTH TELECOM",
          "NEXT2i",
          "NOREST SERVICES",
          "NORMHOST",
          "NTT Global IP Network",
          "NXO France WAN",
          "Nameshield",
          "Nerim",
          "Net1C",
          "NetIX Communications",
          "Netalis",
          "Neterra",
          "Netflix",
          "Netwo",
          "Neuronnexion",
          "Nextremum",
          "OCTOGENCY",
          "ODISO",
          "OPT",
          "OVEA",
          "OVEA (Legacy)",
          "OVHcloud",
          "Open Peering",
          "OpenIP",
          "Oracle Cloud Infrastructure",
          "Orange",
          "Orange Business - La Fabrique",
          "Orange France",
          "Orange Tunisie",
          "Orne THD",
          "Outscale",
          "Ouvanet",
          "Owentis",
          "PCCW Global",
          "PCH AS42",
          "PEERES-TELECOM",
          "PRIZZ TELECOM",
          "PROSOLUCE SAS",
          "PacWan",
          "ParadoxNetworks Limited",
          "Pertineo",
          "Phibee Telecom",
          "Post Group Luxembourg",
          "Prime Telecom",
          "Prosodie Cap Gemini",
          "Proximus Luxembourg",
          "Quantic Telecom",
          "RENATER",
          "RETN",
          "REUNICABLE SAS",
          "REVTELECOM",
          "RUBIX DATACENTER",
          "Redge Technologies",
          "ResoLv SARL",
          "Retelit S.p.A. (formerly Enter)",
          "Rocket Fibre (AS8801)",
          "Rogers Capital Technology Services",
          "SAGA AFRICA",
          "SCANI",
          "SENSOTELECOM",
          "SFR Group",
          "SG.GS",
          "SKIWEBCENTER",
          "SOLUTIONS INFORMATIQUES SERVICES SAS",
          "SONA",
          "STELOGY",
          "STREEEMING",
          "Saclak Network",
          "Salesforce.com",
          "Sapinet",
          "Scaleway",
          "SdV",
          "Serinya Telecom",
          "Sewan SAS",
          "Sipartech",
          "Societe Atlantique de Telephonie et Communication SARL",
          "Societe Cajutel Guinee",
          "Sofia Connect",
          "Sony Interactive Entertainment",
          "Stolon",
          "Strong Blue",
          "Swisscom",
          "TAS France",
          "TATA Communications Ltd",
          "TDF SASU",
          "TELEMAQUE",
          "TELMA",
          "TELWAN",
          "TRANSATEL EUROPE",
          "TRINAPS",
          "Techcrea Solutions",
          "Telecom Italia Sparkle",
          "Telehouse",
          "Telfax Communications",
          "Tiersbox",
          "Togocom",
          "Toile-Libre",
          "TripleT Broadband(AIS|3BB)",
          "Trustteam",
          "Tunisie Telecom",
          "UBIZWAN",
          "Unixo",
          "V-Com Openpath",
          "VERIXI",
          "VIA-NUMERICA",
          "VPSVAULTHOST",
          "Vedege",
          "ViaSat",
          "Vialis Colmar",
          "Vialis Moselle",
          "Virtual Technologies and Solutions",
          "Vodafone Global Network",
          "Vorboss Limited",
          "W3TEL",
          "WARIAN",
          "WAXX AS205698",
          "WAXX AS206310",
          "Wana Corporate (AS36884)",
          "Waycom International",
          "Webaxys",
          "WideVOIP - WhichWAN / Chmurtz SaRL",
          "Wifirst",
          "XIWO MOBILE",
          "XIWO TECHNOLOGIES",
          "ZET.NET",
          "Zattoo",
          "Zayo",
          "Zayo Europe",
          "Zoréole Group",
          "adista - inherent",
          "i3D.net",
          "iBrowse SARL",
          "in2ip",
          "moji",
          "moji-netrix edge network",
          "nine Edge Cache",
          "ops",
          "pCloud",
          "soliano",
          "unyc",
          "white2net",
          "★ CONNECT-IX",
          "★ Dyjix SAS"
        ],
        "ix_names": [
          "1-FR FREE",
          "1-IX EU",
          "ERA-IX Paris",
          "EURASIA-IX.NET",
          "Equinix Paris",
          "EuroRhine-IX",
          "France-IX Paris",
          "France-IX Paris Essentiel",
          "GNM-IX",
          "Global Peer Exchange",
          "Hopus",
          "INTERIX",
          "NL-ix",
          "NetIX",
          "SFINX",
          "nine",
          "nine - six in Paris"
        ],
        "source": "PeeringDB",
        "evidence_type": "PUBLIC_DECLARATION"
      }
    },
    {
      "type": "Feature",
      "id": "peeringdb-fac-1130",
      "geometry": {
        "type": "Point",
        "coordinates": [
          2.355616,
          48.824719
        ]
      },
      "properties": {
        "id": 1130,
        "node_type": "peering_facility",
        "name": "IMADIFF",
        "org_id": 5096,
        "org_name": "IMA'DIFF",
        "address1": "9-13 rue Damesme",
        "address2": "",
        "city": "Paris",
        "state": "",
        "zipcode": "75013",
        "country": "FR",
        "website": "http://www.imadiff.com",
        "status": "ok",
        "distance_to_paris_km": 3.55,
        "network_count": 0,
        "ix_count": 0,
        "network_asns": [],
        "network_names": [],
        "ix_names": [],
        "source": "PeeringDB",
        "evidence_type": "PUBLIC_DECLARATION"
      }
    },
    {
      "type": "Feature",
      "id": "peeringdb-fac-11498",
      "geometry": {
        "type": "Point",
        "coordinates": [
          2.404864,
          48.857754
        ]
      },
      "properties": {
        "id": 11498,
        "node_type": "peering_facility",
        "name": "Salamandre",
        "org_id": 2287,
        "org_name": "IELO-LIAZO SERVICES SAS",
        "address1": "3-4 RUE ALBERT MARQUET",
        "address2": "20E Arrondissement",
        "city": "Paris",
        "state": "Paris",
        "zipcode": "75020",
        "country": "FR",
        "website": "https://www.ielo.net/",
        "status": "ok",
        "distance_to_paris_km": 3.86,
        "network_count": 3,
        "ix_count": 0,
        "network_asns": [
          20766,
          29075,
          207324
        ],
        "network_names": [
          "Association Gitoyen",
          "IELO",
          "Tiersbox"
        ],
        "ix_names": [],
        "source": "PeeringDB",
        "evidence_type": "PUBLIC_DECLARATION"
      }
    },
    {
      "type": "Feature",
      "id": "peeringdb-fac-14779",
      "geometry": {
        "type": "Point",
        "coordinates": [
          2.304409,
          48.871625
        ]
      },
      "properties": {
        "id": 14779,
        "node_type": "peering_facility",
        "name": "REDHEBERG SAS",
        "org_id": 37847,
        "org_name": "REDHEBERG SAS",
        "address1": "78 AV DES CHAMPS ELYSEES",
        "address2": "",
        "city": "Paris",
        "state": "",
        "zipcode": "75008",
        "country": "FR",
        "website": "https://redheberg.fr",
        "status": "ok",
        "distance_to_paris_km": 3.87,
        "network_count": 0,
        "ix_count": 0,
        "network_asns": [],
        "network_names": [],
        "ix_names": [],
        "source": "PeeringDB",
        "evidence_type": "PUBLIC_DECLARATION"
      }
    },
    {
      "type": "Feature",
      "id": "peeringdb-fac-4076",
      "geometry": {
        "type": "Point",
        "coordinates": [
          2.397882,
          48.834809
        ]
      },
      "properties": {
        "id": 4076,
        "node_type": "peering_facility",
        "name": "COLT DC Paris III",
        "org_id": 118,
        "org_name": "Colt Technology Services Group",
        "address1": "60-62 Rue de Wattignies",
        "address2": "",
        "city": "Paris",
        "state": "",
        "zipcode": "75012",
        "country": "FR",
        "website": "https://www.colt.net",
        "status": "ok",
        "distance_to_paris_km": 4.13,
        "network_count": 1,
        "ix_count": 0,
        "network_asns": [
          8220
        ],
        "network_names": [
          "Colt"
        ],
        "ix_names": [],
        "source": "PeeringDB",
        "evidence_type": "PUBLIC_DECLARATION"
      }
    },
    {
      "type": "Feature",
      "id": "peeringdb-fac-17028",
      "geometry": {
        "type": "Point",
        "coordinates": [
          2.417989,
          48.85207
        ]
      },
      "properties": {
        "id": 17028,
        "node_type": "peering_facility",
        "name": "Smartdc Paris",
        "org_id": 2590,
        "org_name": "Smartdc",
        "address1": "28 rue Armand Carrel",
        "address2": "",
        "city": "Montreuil",
        "state": "",
        "zipcode": "93100 Montreuil",
        "country": "FR",
        "website": "https://www.smartdc.net/data-centers/locations/paris/",
        "status": "ok",
        "distance_to_paris_km": 4.84,
        "network_count": 1,
        "ix_count": 0,
        "network_asns": [
          49544
        ],
        "network_names": [
          "i3D.net"
        ],
        "ix_names": [],
        "source": "PeeringDB",
        "evidence_type": "PUBLIC_DECLARATION"
      }
    },
    {
      "type": "Feature",
      "id": "peeringdb-fac-4074",
      "geometry": {
        "type": "Point",
        "coordinates": [
          2.322155,
          48.897248
        ]
      },
      "properties": {
        "id": 4074,
        "node_type": "peering_facility",
        "name": "Templus DC Paris PAR01",
        "org_id": 14309,
        "org_name": "TEMPLUS DATACENTERS",
        "address1": "63 Boulevard Bessieres",
        "address2": "",
        "city": "Paris",
        "state": "",
        "zipcode": "75017",
        "country": "FR",
        "website": "https://templus.com/",
        "status": "ok",
        "distance_to_paris_km": 5.03,
        "network_count": 2,
        "ix_count": 0,
        "network_asns": [
          8220,
          13237
        ],
        "network_names": [
          "Colt",
          "euNetworks Group"
        ],
        "ix_names": [],
        "source": "PeeringDB",
        "evidence_type": "PUBLIC_DECLARATION"
      }
    },
    {
      "type": "Feature",
      "id": "peeringdb-fac-10442",
      "geometry": {
        "type": "Point",
        "coordinates": [
          2.393685,
          48.820065
        ]
      },
      "properties": {
        "id": 10442,
        "node_type": "peering_facility",
        "name": "Aqua Ray Aurora",
        "org_id": 2187,
        "org_name": "Aqua Ray",
        "address1": "14 Rue Jules Vanzuppe",
        "address2": "",
        "city": "Ivry-sur-Seine",
        "state": "Île-de-France",
        "zipcode": "94200",
        "country": "FR",
        "website": "https://www.aquaray.com",
        "status": "ok",
        "distance_to_paris_km": 5.07,
        "network_count": 3,
        "ix_count": 0,
        "network_asns": [
          41653,
          61025,
          208069
        ],
        "network_names": [
          "ATAXYA",
          "Aqua Ray",
          "COCCA"
        ],
        "ix_names": [],
        "source": "PeeringDB",
        "evidence_type": "PUBLIC_DECLARATION"
      }
    },
    {
      "type": "Feature",
      "id": "peeringdb-fac-1599",
      "geometry": {
        "type": "Point",
        "coordinates": [
          2.295931,
          48.829578
        ]
      },
      "properties": {
        "id": 1599,
        "node_type": "peering_facility",
        "name": "OPCORE - DC4 / PAR4",
        "org_id": 7344,
        "org_name": "OPCORE",
        "address1": "58 BOULEVARD LEFEBVRE",
        "address2": "",
        "city": "Paris",
        "state": "Paris",
        "zipcode": "75015",
        "country": "FR",
        "website": "https://www.opcore.com/",
        "status": "ok",
        "distance_to_paris_km": 5.1,
        "network_count": 1,
        "ix_count": 0,
        "network_asns": [
          51335
        ],
        "network_names": [
          "NBS System"
        ],
        "ix_names": [],
        "source": "PeeringDB",
        "evidence_type": "PUBLIC_DECLARATION"
      }
    },
    {
      "type": "Feature",
      "id": "peeringdb-fac-56",
      "geometry": {
        "type": "Point",
        "coordinates": [
          2.369496,
          48.902082
        ]
      },
      "properties": {
        "id": 56,
        "node_type": "peering_facility",
        "name": "Digital Realty Paris PAR1",
        "org_id": 8592,
        "org_name": "Digital Realty",
        "address1": "45 Avenue Victor Hugo",
        "address2": "Aubervilliers",
        "city": "Paris",
        "state": "",
        "zipcode": "93534",
        "country": "FR",
        "website": "https://www.interxion.com/",
        "status": "ok",
        "distance_to_paris_km": 5.21,
        "network_count": 35,
        "ix_count": 1,
        "network_asns": [
          174,
          1273,
          1299,
          2200,
          3257,
          4455,
          5511,
          6461,
          6774,
          6939,
          8218,
          8309,
          8487,
          12956,
          16128,
          20940,
          20965,
          21320,
          21351,
          25286,
          25818,
          29075,
          29152,
          30781,
          34177,
          36914,
          37002,
          39801,
          43531,
          43858,
          49690,
          199660,
          215035,
          215599,
          397032
        ],
        "network_names": [
          "AGARIK",
          "Akamai Technologies",
          "Arelion (Twelve99)",
          "BICS",
          "BSO",
          "CELESTE",
          "CMC Networks",
          "Canal+ Telecom",
          "Cloudata",
          "Cogent Communications, Inc.",
          "Decknet",
          "France-IX L3 Services",
          "Free Pro",
          "GEANT IAS",
          "GEANT R&E",
          "GTT Communications (AS3257)",
          "Hurricane Electric",
          "IELO",
          "IX Reach",
          "Ipercast",
          "KENET",
          "Orange",
          "Phibee Telecom",
          "RENATER",
          "REUNICABLE SAS",
          "SAINT-GOBAIN",
          "SPARKED",
          "Sipartech",
          "Telxius Cable",
          "Vodafone Global Network",
          "Webaxys",
          "Zayo",
          "Zayo Europe",
          "★ CONNECT-IX",
          "★ ZKILLU"
        ],
        "ix_names": [
          "SFINX"
        ],
        "source": "PeeringDB",
        "evidence_type": "PUBLIC_DECLARATION"
      }
    },
    {
      "type": "Feature",
      "id": "peeringdb-fac-73",
      "geometry": {
        "type": "Point",
        "coordinates": [
          2.369221,
          48.90407
        ]
      },
      "properties": {
        "id": 73,
        "node_type": "peering_facility",
        "name": "Equinix PA5 - Paris, Victor Hugo",
        "org_id": 2,
        "org_name": "Equinix, Inc.",
        "address1": "45 Avenue Victor Hugo",
        "address2": "Aubervilliers",
        "city": "Paris",
        "state": "",
        "zipcode": "93534",
        "country": "FR",
        "website": "https://www.equinix.com/locations/france-colocation/paris-data-centers/pa5/",
        "status": "ok",
        "distance_to_paris_km": 5.42,
        "network_count": 67,
        "ix_count": 3,
        "network_asns": [
          174,
          1299,
          3257,
          3920,
          5511,
          6204,
          6461,
          6696,
          8218,
          8220,
          8309,
          8368,
          11019,
          12322,
          13150,
          13360,
          18854,
          20189,
          20940,
          24776,
          25358,
          29075,
          29152,
          29215,
          29513,
          35184,
          35280,
          36236,
          39855,
          43646,
          44356,
          46475,
          47600,
          48504,
          50124,
          50858,
          51826,
          54103,
          58511,
          59877,
          60068,
          62000,
          63023,
          137409,
          154410,
          198402,
          198831,
          199524,
          200271,
          206014,
          210699,
          211615,
          212175,
          212504,
          212720,
          213382,
          213535,
          214271,
          214838,
          215035,
          215114,
          215359,
          215727,
          216075,
          216265,
          399486,
          400810
        ],
        "network_names": [
          "AdKyNet SAS",
          "Akamai Direct Connect",
          "Akamai Technologies",
          "Arelion (Twelve99)",
          "Aristo Networks",
          "BreezeHost.io",
          "CDN77",
          "Cato Networks",
          "Cogent Communications, Inc.",
          "Colt",
          "DSTNY",
          "Decknet",
          "EASIO-COM",
          "Epsilon",
          "F5 Inc.",
          "FlowHardware",
          "Foliateam",
          "Free SAS",
          "GTHost",
          "GTT Communications (AS3257)",
          "Gcore",
          "Global Secure Layer",
          "HAPROXY-TECHNOLOGIES",
          "Holycloud",
          "IC Telecom",
          "ICONIC SERVERS",
          "IELO",
          "Iguane Solutions FR",
          "Infoclip",
          "Limestone Networks",
          "MOD Mission Critical",
          "Marshall Telecom",
          "Mod Mission Critical AS39855",
          "NET2LAN",
          "NR Consulting SAS",
          "NS Worldwide SA",
          "NetActuate",
          "Netaris SAS",
          "Novso",
          "OSIOM AGENCY",
          "OpenIP",
          "Orange",
          "PEERYX NETWORK SAS",
          "PUSHPKT-OU",
          "RUBIX DATACENTER",
          "RadWeb, LLC",
          "RdemSystems",
          "SLBCLOUD",
          "SOLUTIONS INFORMATIQUES SERVICES SAS",
          "Sipartech",
          "Stelia",
          "Swoop",
          "TDF SASU",
          "Triton Digital",
          "V-Com Openpath",
          "VA telecom",
          "VERIXI",
          "Virtuo.Host (AS399486)",
          "WEDEPLOY (INFRAWIRE.NET)",
          "YOTTASRC",
          "ZET.NET",
          "Zayo",
          "Zayo Europe",
          "Zenyx",
          "evroc",
          "moji-netrix edge network",
          "★ CONNECT-IX"
        ],
        "ix_names": [
          "Equinix Paris",
          "nine",
          "nine - six in Paris"
        ],
        "source": "PeeringDB",
        "evidence_type": "PUBLIC_DECLARATION"
      }
    },
    {
      "type": "Feature",
      "id": "peeringdb-fac-7226",
      "geometry": {
        "type": "Point",
        "coordinates": [
          2.367834,
          48.906734
        ]
      },
      "properties": {
        "id": 7226,
        "node_type": "peering_facility",
        "name": "nLighten Paris PAR2",
        "org_id": 17600,
        "org_name": "nLighten HQ BV",
        "address1": "34 rue des Gardinoux",
        "address2": "",
        "city": "Aubervilliers",
        "state": "",
        "zipcode": "93300",
        "country": "FR",
        "website": "https://www.nlighten.com/en/france-data-centers/paris-2/",
        "status": "ok",
        "distance_to_paris_km": 5.69,
        "network_count": 10,
        "ix_count": 0,
        "network_asns": [
          3257,
          29075,
          45014,
          48817,
          51664,
          63023,
          205684,
          211854,
          212783,
          216456
        ],
        "network_names": [
          "Algathia",
          "Bilendi Technology",
          "GTHost",
          "GTT Communications (AS3257)",
          "Gaetan Ferez",
          "IELO",
          "MEOWAN",
          "PRIZZ TELECOM",
          "dcent",
          "nLighten"
        ],
        "ix_names": [],
        "source": "PeeringDB",
        "evidence_type": "PUBLIC_DECLARATION"
      }
    },
    {
      "type": "Feature",
      "id": "peeringdb-fac-75",
      "geometry": {
        "type": "Point",
        "coordinates": [
          2.370417,
          48.906617
        ]
      },
      "properties": {
        "id": 75,
        "node_type": "peering_facility",
        "name": "Digital Realty Paris PAR2",
        "org_id": 8592,
        "org_name": "Digital Realty",
        "address1": "20 Rue des Gardinoux",
        "address2": "Aubervilliers",
        "city": "Paris",
        "state": "",
        "zipcode": "93300",
        "country": "FR",
        "website": "https://www.digitalrealty.com/data-centers/paris/20-bis-rue-de-gardinoux-aubervilliers-paris-france",
        "status": "ok",
        "distance_to_paris_km": 5.72,
        "network_count": 53,
        "ix_count": 1,
        "network_asns": [
          174,
          1273,
          1299,
          3215,
          3257,
          3491,
          4455,
          5400,
          5410,
          5511,
          6661,
          6939,
          8218,
          8220,
          8309,
          8648,
          9002,
          12322,
          14340,
          15169,
          16128,
          20473,
          21351,
          29075,
          29457,
          30781,
          31688,
          32590,
          34177,
          37492,
          39583,
          39801,
          42201,
          43531,
          43646,
          44297,
          44407,
          48310,
          48813,
          51269,
          51468,
          54444,
          60427,
          62044,
          198545,
          203391,
          203547,
          206170,
          209323,
          215035,
          215599,
          397032,
          399728
        ],
        "network_names": [
          "AGARIK",
          "AS54444 s.r.o.",
          "Arelion (Twelve99)",
          "BSO",
          "BT",
          "Bouygues Telecom ISP",
          "CELESTE",
          "Canal+ Telecom",
          "ClouDNS",
          "Cogent Communications, Inc.",
          "Colt",
          "Enix",
          "FLEX NETWORK",
          "France-IX L3 Services",
          "Free Pro",
          "Free SAS",
          "GTT Communications (AS3257)",
          "Geneanet",
          "Google LLC",
          "Hexatom",
          "Hurricane Electric",
          "ICODIA",
          "IELO",
          "IMS Dynamics",
          "IX Reach",
          "Inleed",
          "Linkt",
          "NEXT2i",
          "One.com",
          "Options Technology LTD (Options IT)",
          "Orange",
          "Orange France",
          "Orange Tunisie",
          "P Foundation",
          "PCCW Global",
          "PVDataNet AB",
          "Pertineo",
          "Post Group Luxembourg",
          "RETN",
          "SPARKED",
          "Salesforce.com",
          "Sipartech",
          "Splio",
          "System-Net SAS",
          "TDF SASU",
          "The Constant Company",
          "Valve Corporation",
          "Vodafone Global Network",
          "Zayo Europe",
          "Zscaler AS62044",
          "one.com Group AB and its subsidiaries",
          "★ CONNECT-IX",
          "★ ZKILLU"
        ],
        "ix_names": [
          "France-IX Paris"
        ],
        "source": "PeeringDB",
        "evidence_type": "PUBLIC_DECLARATION"
      }
    },
    {
      "type": "Feature",
      "id": "peeringdb-fac-715",
      "geometry": {
        "type": "Point",
        "coordinates": [
          2.402842,
          48.815272
        ]
      },
      "properties": {
        "id": 715,
        "node_type": "peering_facility",
        "name": "Digital Realty Paris PAR6",
        "org_id": 8592,
        "org_name": "Digital Realty",
        "address1": "11-15 Rue Galliee",
        "address2": "Ivry sur Seine",
        "city": "Paris",
        "state": "",
        "zipcode": "94200",
        "country": "FR",
        "website": "https://www.digtialrealty.com",
        "status": "ok",
        "distance_to_paris_km": 5.9,
        "network_count": 13,
        "ix_count": 0,
        "network_asns": [
          174,
          8309,
          29075,
          34019,
          34177,
          35600,
          39583,
          39886,
          41653,
          48813,
          57119,
          209323,
          397032
        ],
        "network_names": [
          "Aqua Ray",
          "CELESTE",
          "Cogent Communications, Inc.",
          "Enix",
          "Geneanet",
          "Hivane",
          "IELO",
          "NAITWAYS SAS",
          "Pertineo",
          "SPARKED",
          "STELOGY",
          "Sipartech",
          "Vedege"
        ],
        "ix_names": [],
        "source": "PeeringDB",
        "evidence_type": "PUBLIC_DECLARATION"
      }
    },
    {
      "type": "Feature",
      "id": "peeringdb-fac-1097",
      "geometry": {
        "type": "Point",
        "coordinates": [
          2.422496,
          48.885231
        ]
      },
      "properties": {
        "id": 1097,
        "node_type": "peering_facility",
        "name": "TDF Datacenter Paris Fort de Romainville",
        "org_id": 4810,
        "org_name": "TDF",
        "address1": "1 Avenue de la Résistance",
        "address2": "Fort de Romainville",
        "city": "Les Lilas",
        "state": "",
        "zipcode": "93260",
        "country": "FR",
        "website": "https://www.tdf.fr/",
        "status": "ok",
        "distance_to_paris_km": 6.05,
        "network_count": 2,
        "ix_count": 0,
        "network_asns": [
          8309,
          43646
        ],
        "network_names": [
          "Sipartech",
          "TDF SASU"
        ],
        "ix_names": [],
        "source": "PeeringDB",
        "evidence_type": "PUBLIC_DECLARATION"
      }
    },
    {
      "type": "Feature",
      "id": "peeringdb-fac-842",
      "geometry": {
        "type": "Point",
        "coordinates": [
          2.368248,
          48.910255
        ]
      },
      "properties": {
        "id": 842,
        "node_type": "peering_facility",
        "name": "Equinix PA6 - Paris, Condorcet",
        "org_id": 2,
        "org_name": "Equinix, Inc.",
        "address1": "10 Rue Waldeck Rochet",
        "address2": "Batiment 520",
        "city": "Paris",
        "state": "",
        "zipcode": "93300",
        "country": "FR",
        "website": "https://www.equinix.com/locations/france-colocation/paris-data-centers/pa6/",
        "status": "ok",
        "distance_to_paris_km": 6.08,
        "network_count": 64,
        "ix_count": 5,
        "network_asns": [
          174,
          1301,
          3920,
          5511,
          6204,
          6696,
          8218,
          8220,
          8309,
          8399,
          8426,
          8681,
          10310,
          12826,
          16509,
          19679,
          24776,
          25117,
          25358,
          29075,
          29152,
          30781,
          33930,
          34863,
          35280,
          35426,
          39180,
          39781,
          41628,
          44356,
          47548,
          49121,
          49477,
          49584,
          50124,
          50263,
          52075,
          56987,
          59944,
          60032,
          60427,
          60584,
          62000,
          137409,
          139057,
          197033,
          198831,
          200271,
          201246,
          203537,
          205141,
          205344,
          206120,
          206342,
          210030,
          210433,
          212504,
          215035,
          215114,
          215359,
          215596,
          216239,
          216265,
          399486
        ],
        "network_names": [
          "1-IX EU",
          "ADAY",
          "AVM-INFO",
          "Abaclouda",
          "AdKyNet SAS",
          "Air Liquide IT",
          "Alterway Makers",
          "Amazon.com",
          "Aristo Networks",
          "Bouygues Telecom Business-Distribution",
          "CNOM",
          "Claranet",
          "Cloud Temple",
          "Cogent Communications, Inc.",
          "Colt",
          "Coriolis",
          "Cyllene",
          "Decknet",
          "Diabolocom",
          "Dropbox",
          "EASIO-COM",
          "EASYTEAM (ex DATAXION)",
          "EDF Group",
          "EdgeNext",
          "Epsilon",
          "F5 Inc.",
          "FLOW LINE SAS",
          "Free Pro",
          "Global Secure Layer",
          "Hexanet",
          "Holycloud",
          "IELO",
          "IN8INITY",
          "IN8INITY EU",
          "Iguane Solutions FR",
          "Infoclip",
          "JT",
          "KISSGROUP SAS",
          "KOESIO NETWORKS",
          "KOESIO NETWORKS (KIX)",
          "LASOTEL",
          "NR Consulting SAS",
          "Nextmap",
          "Novso",
          "Orange",
          "PRINTEMPS",
          "PUSHPKT-OU",
          "SABAONE",
          "SLBCLOUD",
          "Sewan SAS",
          "Sipartech",
          "System-Net SAS",
          "Unixo",
          "VERIXI",
          "Virtuo.Host (AS399486)",
          "Wifirst",
          "XIWO TECHNOLOGIES",
          "Yahoo",
          "ZET.NET",
          "Zayo Europe",
          "eTF1",
          "moji-netrix edge network",
          "★ ANCELADE CLOUD",
          "★ CONNECT-IX"
        ],
        "ix_names": [
          "1-IX EU",
          "Equinix Paris",
          "France-IX Paris",
          "nine",
          "nine - six in Paris"
        ],
        "source": "PeeringDB",
        "evidence_type": "PUBLIC_DECLARATION"
      }
    },
    {
      "type": "Feature",
      "id": "peeringdb-fac-412",
      "geometry": {
        "type": "Point",
        "coordinates": [
          2.363056,
          48.911058
        ]
      },
      "properties": {
        "id": 412,
        "node_type": "peering_facility",
        "name": "MCI/Verizon Paris St Denis",
        "org_id": 1152,
        "org_name": "Verizon Communications, Inc.",
        "address1": "14 rue de la montjoie",
        "address2": "Saint Denis",
        "city": "Paris",
        "state": "",
        "zipcode": "93500",
        "country": "FR",
        "website": "https://www22.verizon.com/wholesale/solutions/category/Data+Center+and+IT+Solutions.html",
        "status": "ok",
        "distance_to_paris_km": 6.11,
        "network_count": 3,
        "ix_count": 0,
        "network_asns": [
          250,
          8309,
          30889
        ],
        "network_names": [
          "AS250.net",
          "Sipartech",
          "Waycom International"
        ],
        "ix_names": [],
        "source": "PeeringDB",
        "evidence_type": "PUBLIC_DECLARATION"
      }
    },
    {
      "type": "Feature",
      "id": "peeringdb-fac-181",
      "geometry": {
        "type": "Point",
        "coordinates": [
          2.296095,
          48.899823
        ]
      },
      "properties": {
        "id": 181,
        "node_type": "peering_facility",
        "name": "Global Switch Paris",
        "org_id": 77,
        "org_name": "Global Switch",
        "address1": "7-9 rue petit",
        "address2": "",
        "city": "Paris",
        "state": "",
        "zipcode": "92110",
        "country": "FR",
        "website": "https://www.globalswitch.com/locations/paris",
        "status": "ok",
        "distance_to_paris_km": 6.32,
        "network_count": 31,
        "ix_count": 0,
        "network_asns": [
          174,
          714,
          1273,
          3257,
          5511,
          6461,
          8218,
          8220,
          8304,
          8309,
          8487,
          15169,
          16128,
          16276,
          20940,
          20986,
          29075,
          30781,
          30889,
          34177,
          35283,
          35625,
          39444,
          42962,
          49690,
          49915,
          50087,
          57581,
          197914,
          197981,
          200780
        ],
        "network_names": [
          "AGARIK",
          "Akamai Technologies",
          "Apple Inc.",
          "CELESTE",
          "Cogent Communications, Inc.",
          "Colt",
          "CoreLink Global",
          "EASYTEAM",
          "Ecritel",
          "Ecritel - Defcon",
          "Eurofiber France",
          "Eurofiber France - Appliwave",
          "Free Pro",
          "GTT Communications (AS3257)",
          "Google LLC",
          "IELO",
          "InterCloud",
          "Megaport Global Access",
          "NETWORTH TELECOM",
          "OVHcloud",
          "Orange",
          "Ouvanet",
          "Owentis",
          "Phibee Telecom",
          "SAINT-GOBAIN",
          "STREEEMING",
          "Sipartech",
          "Vodafone Global Network",
          "Waycom International",
          "Zayo",
          "Zayo Europe"
        ],
        "ix_names": [],
        "source": "PeeringDB",
        "evidence_type": "PUBLIC_DECLARATION"
      }
    },
    {
      "type": "Feature",
      "id": "peeringdb-fac-6883",
      "geometry": {
        "type": "Point",
        "coordinates": [
          2.439301,
          48.855088
        ]
      },
      "properties": {
        "id": 6883,
        "node_type": "peering_facility",
        "name": "Magic OnLine",
        "org_id": 7614,
        "org_name": "Magic OnLine",
        "address1": "134 Avenue du Président Wilson",
        "address2": "",
        "city": "Montreuil",
        "state": "",
        "zipcode": "93100",
        "country": "FR",
        "website": "https://www.magic.fr/location-de-baie/",
        "status": "ok",
        "distance_to_paris_km": 6.37,
        "network_count": 0,
        "ix_count": 0,
        "network_asns": [],
        "network_names": [],
        "ix_names": [],
        "source": "PeeringDB",
        "evidence_type": "PUBLIC_DECLARATION"
      }
    },
    {
      "type": "Feature",
      "id": "peeringdb-fac-714",
      "geometry": {
        "type": "Point",
        "coordinates": [
          2.362402,
          48.914183
        ]
      },
      "properties": {
        "id": 714,
        "node_type": "peering_facility",
        "name": "Digital Realty Paris PAR5",
        "org_id": 8592,
        "org_name": "Digital Realty",
        "address1": "11-13 Avenue des Arts et Metiers",
        "address2": "Saint Denis",
        "city": "Paris",
        "state": "",
        "zipcode": "93200",
        "country": "FR",
        "website": "https://www.digitalrealty.com/data-centers/paris/11-13-avenue-des-arts-et-metiers-saint-denis-paris-france",
        "status": "ok",
        "distance_to_paris_km": 6.45,
        "network_count": 67,
        "ix_count": 2,
        "network_asns": [
          174,
          714,
          1299,
          5400,
          5511,
          6758,
          8069,
          8075,
          8218,
          8220,
          8304,
          8309,
          8426,
          8487,
          8560,
          8723,
          12322,
          16347,
          20565,
          20940,
          21351,
          22697,
          23764,
          25369,
          29075,
          30781,
          30889,
          30972,
          34177,
          35625,
          37649,
          37693,
          39104,
          39801,
          44334,
          45102,
          47127,
          49915,
          49920,
          50858,
          55256,
          57119,
          57811,
          57928,
          60068,
          197033,
          197205,
          197981,
          198335,
          199483,
          202140,
          202673,
          202827,
          203391,
          203537,
          206120,
          212948,
          213382,
          213941,
          213971,
          215035,
          215599,
          215764,
          216302,
          394674,
          395092,
          397032
        ],
        "network_names": [
          "1000mercis",
          "Akamai Technologies",
          "Alibaba",
          "Apple Inc.",
          "Arelion (Twelve99)",
          "BT",
          "Bedrock",
          "CDN77",
          "CELESTE",
          "CTGNet",
          "Canal+ Telecom",
          "Claranet",
          "ClouDNS",
          "Cogent Communications, Inc.",
          "Colt",
          "DIRECT INFO SERVICE",
          "EXAGROUP",
          "Ecritel",
          "Eurofiber France",
          "FAL GROUP",
          "Flowbird",
          "France-IX L3 Services",
          "Free Pro",
          "Free SAS",
          "Hydra Communications Ltd (EU)",
          "IELO",
          "IONOS SE",
          "Integra",
          "InterCloud",
          "KOESIO NETWORKS",
          "KOESIO NETWORKS (KIX)",
          "Kaminot",
          "M6 Distribution Digital",
          "Megaport Global Access",
          "Microsoft",
          "Microsoft AS8069",
          "Monaco Telecom",
          "NAITWAYS SAS",
          "NIRVANET",
          "NVHCloud",
          "NXO France WAN",
          "Netalis",
          "Netskope",
          "OXEVA",
          "Ohz Digital SL",
          "Ooredoo Tunisia",
          "Orange",
          "PEERYX NETWORK SAS",
          "Phibee Telecom",
          "Prodware",
          "ROBLOX",
          "Redge Technologies",
          "SABAONE",
          "SAGA AFRICA",
          "SOLUTIONS INFORMATIQUES SERVICES SAS",
          "SPARKED",
          "Shock Hosting",
          "Sipartech",
          "TELEMAQUE",
          "TRANSATEL EUROPE",
          "Tecurian",
          "Waycom International",
          "Zayo Europe",
          "adista - inherent",
          "v4Guard",
          "★ CONNECT-IX",
          "★ ZKILLU"
        ],
        "ix_names": [
          "Association HwHost",
          "France-IX Paris"
        ],
        "source": "PeeringDB",
        "evidence_type": "PUBLIC_DECLARATION"
      }
    },
    {
      "type": "Feature",
      "id": "peeringdb-fac-498",
      "geometry": {
        "type": "Point",
        "coordinates": [
          2.362398,
          48.914726
        ]
      },
      "properties": {
        "id": 498,
        "node_type": "peering_facility",
        "name": "Digital Realty Paris PAR3",
        "org_id": 8592,
        "org_name": "Digital Realty",
        "address1": "7-9 Avenue des Arts et Métiers",
        "address2": "Saint Denis",
        "city": "Paris",
        "state": "",
        "zipcode": "93200",
        "country": "FR",
        "website": "https://www.digitalrealty.com/data-centers/paris/7-9-avenue-des-arts-et-metiers-saint-denis-paris-france",
        "status": "ok",
        "distance_to_paris_km": 6.51,
        "network_count": 18,
        "ix_count": 0,
        "network_asns": [
          174,
          5511,
          6204,
          8220,
          8304,
          8309,
          20565,
          25428,
          29075,
          29286,
          34177,
          35393,
          39801,
          55256,
          198607,
          215035,
          215599,
          397032
        ],
        "network_names": [
          "CELESTE",
          "Cogent Communications, Inc.",
          "Colruyt Group Services",
          "Colt",
          "Ecritel",
          "Eutelsat - Skylogic",
          "France-IX L3 Services",
          "HaloAgency",
          "IELO",
          "Magic OnLine",
          "Netalis",
          "Netskope",
          "Orange",
          "SPARKED",
          "Sipartech",
          "ZET.NET",
          "★ CONNECT-IX",
          "★ ZKILLU"
        ],
        "ix_names": [],
        "source": "PeeringDB",
        "evidence_type": "PUBLIC_DECLARATION"
      }
    },
    {
      "type": "Feature",
      "id": "peeringdb-fac-1244",
      "geometry": {
        "type": "Point",
        "coordinates": [
          2.412643,
          48.901133
        ]
      },
      "properties": {
        "id": 1244,
        "node_type": "peering_facility",
        "name": "Equinix PA4 - Paris, Pantin",
        "org_id": 2,
        "org_name": "Equinix, Inc.",
        "address1": "Boulevard General Leclerc, 160",
        "address2": "Pantin",
        "city": "Paris",
        "state": "",
        "zipcode": "93500",
        "country": "FR",
        "website": "https://www.equinix.com/locations/france-colocation/paris-data-centers/pa4/",
        "status": "ok",
        "distance_to_paris_km": 6.64,
        "network_count": 54,
        "ix_count": 3,
        "network_asns": [
          174,
          1301,
          4637,
          5511,
          6204,
          6461,
          6507,
          6696,
          8075,
          8218,
          8220,
          8309,
          8487,
          13193,
          15422,
          15580,
          20900,
          25117,
          25358,
          29075,
          34177,
          35280,
          35717,
          36351,
          39104,
          39351,
          42845,
          44356,
          44527,
          47160,
          47600,
          49584,
          50124,
          50624,
          51852,
          53589,
          57976,
          60132,
          62000,
          62856,
          137409,
          197133,
          197981,
          198831,
          200271,
          202276,
          206014,
          206795,
          211113,
          215035,
          215114,
          215359,
          215596,
          216265
        ],
        "network_names": [
          "31173 Services",
          "Allianz Technology",
          "Aristo Networks",
          "BDF",
          "Blizzard Entertainment",
          "Bouygues Telecom Business-Distribution",
          "Bretagne Telecom",
          "CELESTE",
          "Cogent Communications, Inc.",
          "Colt",
          "DOCAPOST",
          "Docusign",
          "EASIO-COM",
          "EASYTEAM (ex DATAXION)",
          "EDF Group",
          "Epsilon",
          "F5 Inc.",
          "Global Secure Layer",
          "Holycloud",
          "IELO",
          "Iguane Solutions FR",
          "InterCloud",
          "InterMeDiaSud",
          "KISSGROUP SAS",
          "Kappalys",
          "L'Odyssee Interactive Jeuxvideo.com",
          "MEDIACTIVE NETWORK FR-EU",
          "Microsoft",
          "NR Consulting SAS",
          "Nerim",
          "Novso",
          "OXEVA",
          "Orange",
          "Outscale",
          "PPR",
          "Phase Layer Global Networks",
          "Phibee Telecom",
          "PlanetHoster",
          "RUBIX DATACENTER",
          "RdemSystems",
          "Riot Games",
          "SLBCLOUD",
          "Sipartech",
          "SoftLayer Technologies, Inc. (an IBM Company)",
          "Telstra (International)",
          "VERIXI",
          "ZET.NET",
          "Zayo",
          "Zayo Europe",
          "Zoréole Group",
          "iboss Europe",
          "moji",
          "moji-netrix edge network",
          "★ CONNECT-IX"
        ],
        "ix_names": [
          "Equinix Paris",
          "nine",
          "nine - six in Paris"
        ],
        "source": "PeeringDB",
        "evidence_type": "PUBLIC_DECLARATION"
      }
    },
    {
      "type": "Feature",
      "id": "peeringdb-fac-306",
      "geometry": {
        "type": "Point",
        "coordinates": [
          2.350664,
          48.927166
        ]
      },
      "properties": {
        "id": 306,
        "node_type": "peering_facility",
        "name": "Equinix PA2 - Paris, Saint-Denis",
        "org_id": 2,
        "org_name": "Equinix, Inc.",
        "address1": "Rue Ambroise Croizat, 114",
        "address2": "Saint-Denis",
        "city": "Paris",
        "state": "",
        "zipcode": "93200",
        "country": "FR",
        "website": "https://www.equinix.com/locations/france-colocation/paris-data-centers/pa2/",
        "status": "ok",
        "distance_to_paris_km": 7.85,
        "network_count": 151,
        "ix_count": 5,
        "network_asns": [
          174,
          714,
          1299,
          1828,
          2635,
          2914,
          3257,
          3920,
          4455,
          5410,
          5511,
          6204,
          6424,
          6453,
          6461,
          6696,
          6718,
          6774,
          6939,
          8218,
          8220,
          8309,
          8368,
          8426,
          8487,
          9002,
          9009,
          9036,
          11179,
          12826,
          12956,
          13335,
          15412,
          15422,
          16347,
          21859,
          24429,
          24482,
          25358,
          25540,
          29075,
          29152,
          29283,
          29467,
          29606,
          29608,
          30081,
          30781,
          30889,
          31167,
          31564,
          32261,
          34019,
          34177,
          35085,
          35217,
          35280,
          35283,
          35393,
          35600,
          35665,
          36351,
          36692,
          36924,
          37451,
          39421,
          39444,
          39855,
          39886,
          39931,
          43445,
          43531,
          44000,
          44097,
          44356,
          44407,
          44494,
          44902,
          47160,
          47548,
          47600,
          47608,
          47631,
          47841,
          48305,
          48504,
          48817,
          48920,
          49191,
          49434,
          49544,
          49594,
          49915,
          50124,
          50309,
          50894,
          50903,
          51335,
          51826,
          52075,
          52580,
          53589,
          54103,
          54994,
          55222,
          56504,
          56665,
          57068,
          57179,
          57463,
          57752,
          57809,
          57855,
          58011,
          60132,
          60350,
          60456,
          60532,
          62000,
          62597,
          137409,
          141383,
          197133,
          197696,
          197981,
          198034,
          198335,
          198545,
          198831,
          199483,
          200077,
          200271,
          200322,
          200780,
          201080,
          201376,
          201896,
          201939,
          202089,
          202140,
          203596,
          205483,
          209815,
          212504,
          215035,
          215114,
          215359,
          215596,
          215955,
          216265,
          399486
        ],
        "network_names": [
          "ACORSO Network",
          "ALTAREA MANAGEMENT",
          "ALTEASYSTEMS",
          "ARCADIZ TELECOM",
          "AdKyNet SAS",
          "Alibaba Cloud CDN",
          "Alphalink",
          "Altitude Infrastructure",
          "Apple Inc.",
          "Arelion (Twelve99)",
          "Aristo Networks",
          "Arkadin",
          "Arte France SA",
          "Aryaka Networks",
          "Automattic",
          "AuvernIX Route Exchange",
          "Axione",
          "Aylo",
          "Azion Technologies",
          "BICS",
          "BSO",
          "Backbone and Communications",
          "Borwood",
          "Bouygues Telecom ISP",
          "CELESTE",
          "CHEOPS TECHNOLOGY FRANCE S.A.",
          "CacheFly",
          "Celya AS203596",
          "Cisco Umbrella",
          "Claranet",
          "Cloudflare",
          "Clément Cavadore",
          "Cogent Communications, Inc.",
          "Colt",
          "Congo Telecom",
          "Covage Networks",
          "Cyllene",
          "DIRECT INFO SERVICE",
          "DSTNY",
          "Decknet",
          "EASIO-COM",
          "EDGOO NETWORKS",
          "Epsilon",
          "Eurofiber France - Appliwave",
          "Evolix",
          "F5 Inc.",
          "FBW Networks",
          "FLAG Telecom",
          "FLEX NETWORK",
          "FLOW LINE SAS",
          "Free Pro",
          "GTT Communications (AS3257)",
          "GVA",
          "Gigalis",
          "Global Secure Layer",
          "Hexaglobe",
          "Hivane",
          "Holycloud",
          "HostCircle AS56504",
          "Hub One SA",
          "Hurricane Electric",
          "IELO",
          "IELO-B",
          "IPTelecom",
          "IX Reach",
          "Iguane Solutions FR",
          "InterCloud",
          "KINDRED FRANCE",
          "KISSGROUP SAS",
          "KPMG",
          "Koesio Corporate Technologies",
          "Linkt",
          "LuxNetwork",
          "M247 Global",
          "MEDIACTIVE 24/7",
          "MEDIACTIVE NETWORK FR-EU",
          "MOD Mission Critical",
          "Magic OnLine",
          "Megaport Global Access",
          "Mod Mission Critical AS39855",
          "NAV Communications",
          "NBS System",
          "NETWORTH TELECOM",
          "NORMHOST",
          "NR Consulting SAS",
          "NSONE",
          "NTT Global IP Network",
          "NXO France WAN",
          "Net1C",
          "NetIX Communications",
          "Netensia",
          "Neuronnexion",
          "Noraina",
          "Novso",
          "OVEA",
          "OVEA (Legacy)",
          "OpenIP",
          "Orange",
          "Owentis",
          "Oxalide",
          "PPR",
          "PRIZZ TELECOM",
          "PUSHPKT-OU",
          "Phibee Telecom",
          "PlanetHoster",
          "Proximus Luxembourg",
          "RETN",
          "REVTELECOM",
          "RUBIX DATACENTER",
          "SCANI",
          "SENSOTELECOM",
          "SG.GS",
          "SIPCOM",
          "SLBCLOUD",
          "SOFTERIUM AS49191",
          "STELOGY",
          "Sapinet",
          "Sipartech",
          "SoftLayer Technologies, Inc. (an IBM Company)",
          "Subspace",
          "TATA Communications Ltd",
          "TRANSATEL EUROPE",
          "TRINAPS",
          "Telxius Cable",
          "Toile-Libre",
          "UNIMEDIA SERVICES SAS",
          "Unitas Global",
          "VERGE CLOUD PRIVATE LIMITED",
          "VERIXI",
          "VIA-NUMERICA",
          "Vedege",
          "Veepee (former VENTE-PRIVEE.COM)",
          "Virtuo.Host (AS399486)",
          "Watchever Group",
          "Waycom International",
          "Wifirst",
          "XANKOM France",
          "ZET.NET",
          "Zayo",
          "Zayo Europe",
          "Zenlayer Edge Cloud Network - AS21859",
          "Zoréole Group",
          "adista - inherent",
          "evroc",
          "i3D.net",
          "meteversecloud",
          "moji",
          "moji-netrix edge network",
          "networksu",
          "unyc",
          "★ CONNECT-IX"
        ],
        "ix_names": [
          "Equinix Paris",
          "Hopus",
          "NetIX",
          "nine",
          "nine - six in Paris"
        ],
        "source": "PeeringDB",
        "evidence_type": "PUBLIC_DECLARATION"
      }
    },
    {
      "type": "Feature",
      "id": "peeringdb-fac-717",
      "geometry": {
        "type": "Point",
        "coordinates": [
          2.350664,
          48.927166
        ]
      },
      "properties": {
        "id": 717,
        "node_type": "peering_facility",
        "name": "Equinix PA3 - Paris, Saint-Denis",
        "org_id": 2,
        "org_name": "Equinix, Inc.",
        "address1": "Rue Ambroise Croizat, 114",
        "address2": "Saint-Denis",
        "city": "Paris",
        "state": "",
        "zipcode": "93200",
        "country": "FR",
        "website": "https://www.equinix.com/locations/france-colocation/paris-data-centers/pa3/",
        "status": "ok",
        "distance_to_paris_km": 7.85,
        "network_count": 130,
        "ix_count": 4,
        "network_asns": [
          174,
          1273,
          1299,
          2914,
          3257,
          3320,
          3920,
          4455,
          5511,
          6204,
          6461,
          6696,
          6762,
          8304,
          8309,
          8368,
          8680,
          9009,
          12008,
          12322,
          12956,
          13193,
          13273,
          15557,
          15580,
          16276,
          16509,
          16552,
          18978,
          19551,
          20326,
          20756,
          20766,
          20917,
          20986,
          25358,
          29075,
          29152,
          29169,
          29246,
          29283,
          29467,
          30058,
          30781,
          30889,
          31564,
          32934,
          33047,
          33353,
          34019,
          34177,
          34659,
          35077,
          35280,
          35426,
          35600,
          35625,
          35793,
          39072,
          39180,
          39421,
          40214,
          41157,
          42687,
          43445,
          43531,
          43858,
          44097,
          44356,
          44494,
          44530,
          44994,
          45102,
          47160,
          47600,
          47841,
          47957,
          48504,
          49028,
          50124,
          50144,
          50489,
          50624,
          50628,
          50858,
          51335,
          56665,
          58453,
          59877,
          59944,
          60032,
          60240,
          60362,
          62000,
          136907,
          137409,
          196773,
          197653,
          197914,
          197981,
          198831,
          199571,
          200271,
          200780,
          202140,
          203062,
          203596,
          204092,
          204902,
          205555,
          205845,
          206002,
          206014,
          206120,
          206610,
          206660,
          207324,
          207910,
          209090,
          210601,
          212504,
          215035,
          215114,
          215359,
          215596,
          215955,
          216265,
          219062,
          395717,
          399486
        ],
        "network_names": [
          "ADAY",
          "ALTEASYSTEMS",
          "Acronis EMEA",
          "AdKyNet SAS",
          "Alcatraz Information Security",
          "Alexandre Roux",
          "Alibaba",
          "Allianz Technology",
          "Alter Way - OPS",
          "Amazon.com",
          "Arelion (Twelve99)",
          "Aristo Networks",
          "Arte France SA",
          "Association Gitoyen",
          "Axess OWS",
          "BSO",
          "Bouygues Telecom Pro KEYYO",
          "CELESTE",
          "Celya AS203596",
          "China Mobile International",
          "Clément Cavadore",
          "Cogent Communications, Inc.",
          "Coriolis",
          "D-LAKE AS49028",
          "DAM64",
          "DIRECT INFO SERVICE",
          "DSTNY",
          "Decknet",
          "Deutsche Telekom",
          "DigiCert DNS",
          "EASIO-COM",
          "EASTER-EGGS",
          "EASYTEAM",
          "Ecritel",
          "Ecritel - Defcon",
          "Enzu Inc.",
          "Epsilon",
          "Eurofiber France",
          "Eurofiber France - Appliwave",
          "F5 Inc.",
          "FDCServers.Net",
          "Fiducial Cloud Network",
          "Free Pro",
          "Free SAS",
          "GRIFON",
          "GTT Communications (AS3257)",
          "Gandi",
          "Global Secure Layer",
          "Groq",
          "Hexaglobe",
          "Hivane",
          "Holycloud",
          "Hopus",
          "Huawei Cloud Global",
          "Hub One SA",
          "IELO",
          "IPeva",
          "IX Reach",
          "Iguane Solutions FR",
          "Ingenico Solutions and Transaction Services",
          "Instart Logic",
          "InterCloud",
          "IzarLink",
          "KISSGROUP SAS",
          "KOESIO NETWORKS (KIX)",
          "LASOTEL",
          "Leonix Telecom",
          "LuxNetwork",
          "Lynqo",
          "M247 Global",
          "MARITIK INFRAS",
          "Meta",
          "Mixvoip AS206610",
          "NBS System",
          "NR Consulting SAS",
          "NTT Global IP Network",
          "Nameshield",
          "Nera",
          "Nerim",
          "Netwo",
          "Nextmap",
          "Novso",
          "OVHcloud",
          "OpenIP",
          "Optilian",
          "Orange",
          "Ori Global Edge",
          "Outscale",
          "Oxalide",
          "PLANISWARE EUROPE",
          "PUSHPKT-OU",
          "Proximus Luxembourg",
          "RUBIX DATACENTER",
          "RdemSystems",
          "SFR Group",
          "SLBCLOUD",
          "SOLUTIONS INFORMATIQUES SERVICES SAS",
          "Sapinet",
          "Scalair SAS",
          "Sipartech",
          "Sony Interactive Entertainment",
          "Stolon",
          "Sure Guernsey Ltd",
          "Telecom Italia Sparkle",
          "Telxius Cable",
          "Teraswitch Inc",
          "Thales/Imperva",
          "Tiersbox",
          "UNIMATRIX-AS",
          "UltraDNS",
          "VA telecom",
          "VERIXI",
          "VIA-NUMERICA",
          "VIAPASS",
          "VSC Technologies",
          "Vedege",
          "Virtuo.Host (AS399486)",
          "Vodafone Global Network",
          "Wasabi Technologies",
          "Waycom International",
          "Webaxys",
          "ZET.NET",
          "Zayo",
          "alwaysdata",
          "moji",
          "moji-netrix edge network",
          "nine Edge Cache",
          "soliano",
          "sphere-telecom",
          "★ CONNECT-IX"
        ],
        "ix_names": [
          "Equinix Paris",
          "Hopus",
          "nine",
          "nine - six in Paris"
        ],
        "source": "PeeringDB",
        "evidence_type": "PUBLIC_DECLARATION"
      }
    },
    {
      "type": "Feature",
      "id": "peeringdb-fac-1010",
      "geometry": {
        "type": "Point",
        "coordinates": [
          2.350664,
          48.927166
        ]
      },
      "properties": {
        "id": 1010,
        "node_type": "peering_facility",
        "name": "Reliance St. Denis",
        "org_id": 11051,
        "org_name": "FLAG Telecom",
        "address1": "114 Rue Ambroise Croizat",
        "address2": "Saint Denis",
        "city": "Paris",
        "state": "",
        "zipcode": "93200",
        "country": "FR",
        "website": "http://www.relianceidc.com/HTML/index.html",
        "status": "ok",
        "distance_to_paris_km": 7.85,
        "network_count": 0,
        "ix_count": 0,
        "network_asns": [],
        "network_names": [],
        "ix_names": [],
        "source": "PeeringDB",
        "evidence_type": "PUBLIC_DECLARATION"
      }
    },
    {
      "type": "Feature",
      "id": "peeringdb-fac-14220",
      "geometry": {
        "type": "Point",
        "coordinates": [
          2.352084,
          48.92817
        ]
      },
      "properties": {
        "id": 14220,
        "node_type": "peering_facility",
        "name": "Equinix PA10 - Paris, Saint-Denis",
        "org_id": 2,
        "org_name": "Equinix, Inc.",
        "address1": "114 Rue Ambroise Croizat",
        "address2": "Saint Denis",
        "city": "Paris",
        "state": "Seine-Saint-Denis",
        "zipcode": "93200",
        "country": "FR",
        "website": "https://www.equinix.com/data-centers/europe-colocation/france-colocation/paris-data-centers/pa10",
        "status": "ok",
        "distance_to_paris_km": 7.96,
        "network_count": 18,
        "ix_count": 3,
        "network_asns": [
          5400,
          6204,
          25358,
          30058,
          30103,
          32934,
          34863,
          50124,
          54113,
          56665,
          137409,
          205845,
          212504,
          215035,
          215114,
          215596,
          216265,
          396986
        ],
        "network_names": [
          "AdKyNet SAS",
          "Aristo Networks",
          "BT",
          "ByteDance",
          "EASIO-COM",
          "FDCServers.Net",
          "Fastly, Inc.",
          "Global Secure Layer",
          "Hexanet",
          "KISSGROUP SAS",
          "Meta",
          "Novso",
          "PLANISWARE EUROPE",
          "Proximus Luxembourg",
          "SLBCLOUD",
          "ZET.NET",
          "Zoom Communications, Inc.",
          "★ CONNECT-IX"
        ],
        "ix_names": [
          "Equinix Paris",
          "nine",
          "nine - six in Paris"
        ],
        "source": "PeeringDB",
        "evidence_type": "PUBLIC_DECLARATION"
      }
    },
    {
      "type": "Feature",
      "id": "peeringdb-fac-856",
      "geometry": {
        "type": "Point",
        "coordinates": [
          2.341221,
          48.927915
        ]
      },
      "properties": {
        "id": 856,
        "node_type": "peering_facility",
        "name": "Ad Valem Technologies - France (Saint-Denis)",
        "org_id": 2633,
        "org_name": "Ad Valem Technologies",
        "address1": "6 boulevard de la libération",
        "address2": "",
        "city": "Saint-Denis",
        "state": "",
        "zipcode": "93200",
        "country": "FR",
        "website": "http://www.advalem.fr",
        "status": "ok",
        "distance_to_paris_km": 7.97,
        "network_count": 2,
        "ix_count": 0,
        "network_asns": [
          8309,
          48528
        ],
        "network_names": [
          "Ad Valem Technologies",
          "Sipartech"
        ],
        "ix_names": [],
        "source": "PeeringDB",
        "evidence_type": "PUBLIC_DECLARATION"
      }
    },
    {
      "type": "Feature",
      "id": "peeringdb-fac-655",
      "geometry": {
        "type": "Point",
        "coordinates": [
          2.411851,
          48.794768
        ]
      },
      "properties": {
        "id": 655,
        "node_type": "peering_facility",
        "name": "OPCORE - DC2 / PAR2",
        "org_id": 7344,
        "org_name": "OPCORE",
        "address1": "29 RUE ÉDITH CAVELL",
        "address2": "",
        "city": "Vitry-sur-Seine",
        "state": "Val-de-Marne",
        "zipcode": "94400",
        "country": "FR",
        "website": "https://www.opcore.com/",
        "status": "ok",
        "distance_to_paris_km": 8.14,
        "network_count": 44,
        "ix_count": 4,
        "network_asns": [
          2027,
          5511,
          8218,
          8309,
          13273,
          16080,
          16101,
          21247,
          29075,
          29152,
          30781,
          31688,
          34019,
          35600,
          35661,
          39605,
          44097,
          44583,
          47160,
          47866,
          48817,
          48920,
          49763,
          50628,
          52075,
          53636,
          57068,
          57811,
          58308,
          59689,
          59842,
          62000,
          62119,
          197133,
          197981,
          199586,
          200780,
          201896,
          203391,
          205801,
          212321,
          213045,
          213432,
          215035
        ],
        "network_names": [
          "Aevoo",
          "Alex Delporte",
          "Alter Way - OPS",
          "Andrexen",
          "Believe Digital",
          "ClouDNS",
          "Clément Cavadore",
          "Code40",
          "Cusae",
          "Dalenys",
          "Decknet",
          "Eurofiber France - Appliwave",
          "Free Pro",
          "Hivane",
          "IELO",
          "IP SYNERGIES",
          "Iguane Solutions",
          "InterCloud",
          "Leboncoin",
          "Leonix Telecom",
          "MA2T",
          "MEDIACTIVE 24/7",
          "MEDIACTIVE NETWORK FR-EU",
          "MilkyWan",
          "ORDIPAT",
          "Orange",
          "PC A LA CARTE",
          "PRIZZ TELECOM",
          "Redge Technologies",
          "Sipartech",
          "Splio",
          "Synalabs",
          "Toile-Libre",
          "VIRTUASYS.EU",
          "Vedege",
          "Watchever Group",
          "Wifirst",
          "Xerio",
          "Zayo Europe",
          "iBrowse SARL",
          "moji",
          "moji-netrix edge network",
          "root.fr",
          "★ CONNECT-IX"
        ],
        "ix_names": [
          "France-IX Paris",
          "Hopus",
          "nine",
          "nine - six in Paris"
        ],
        "source": "PeeringDB",
        "evidence_type": "PUBLIC_DECLARATION"
      }
    },
    {
      "type": "Feature",
      "id": "peeringdb-fac-1536",
      "geometry": {
        "type": "Point",
        "coordinates": [
          2.403,
          48.924907
        ]
      },
      "properties": {
        "id": 1536,
        "node_type": "peering_facility",
        "name": "Digital Realty Paris PAR7",
        "org_id": 8592,
        "org_name": "Digital Realty",
        "address1": "3 Rue Râteau",
        "address2": "La Courneuve",
        "city": "Paris",
        "state": "",
        "zipcode": "93120",
        "country": "FR",
        "website": "https://www.interxion.com/",
        "status": "ok",
        "distance_to_paris_km": 8.45,
        "network_count": 19,
        "ix_count": 0,
        "network_asns": [
          174,
          5511,
          7155,
          8220,
          8309,
          8723,
          12826,
          15169,
          20940,
          29075,
          33930,
          41690,
          43930,
          44444,
          47833,
          55256,
          200356,
          200449,
          397032
        ],
        "network_names": [
          "AGORA CALYCE",
          "Akamai Technologies",
          "Cloud Temple",
          "Cogent Communications, Inc.",
          "Colt",
          "Cyllene",
          "Dailymotion",
          "FTVDN",
          "Forcepoint Cloud",
          "Google LLC",
          "IELO",
          "Iguane Solutions PAR8",
          "Integra",
          "Netskope",
          "Orange",
          "Qrator Labs",
          "SPARKED",
          "Sipartech",
          "ViaSat"
        ],
        "ix_names": [],
        "source": "PeeringDB",
        "evidence_type": "PUBLIC_DECLARATION"
      }
    },
    {
      "type": "Feature",
      "id": "peeringdb-fac-14445",
      "geometry": {
        "type": "Point",
        "coordinates": [
          2.397279,
          48.928564
        ]
      },
      "properties": {
        "id": 14445,
        "node_type": "peering_facility",
        "name": "Digital Realty Paris PAR8",
        "org_id": 8592,
        "org_name": "Digital Realty",
        "address1": "2 av marcel cachin",
        "address2": "",
        "city": "La Courneuve",
        "state": "",
        "zipcode": "93120",
        "country": "FR",
        "website": "https://www.digitalrealty.fr/data-centers/emea/paris/par8",
        "status": "ok",
        "distance_to_paris_km": 8.65,
        "network_count": 6,
        "ix_count": 0,
        "network_asns": [
          5511,
          20940,
          47583,
          49028,
          197883,
          200356
        ],
        "network_names": [
          "Akamai Technologies",
          "D-LAKE AS49028",
          "Hostinger International",
          "Iguane Solutions PAR8",
          "Orange",
          "Serinya Telecom"
        ],
        "ix_names": [],
        "source": "PeeringDB",
        "evidence_type": "PUBLIC_DECLARATION"
      }
    },
    {
      "type": "Feature",
      "id": "peeringdb-fac-72",
      "geometry": {
        "type": "Point",
        "coordinates": [
          2.259202,
          48.904891
        ]
      },
      "properties": {
        "id": 72,
        "node_type": "peering_facility",
        "name": "Equinix PA7 - Paris, Energy Park",
        "org_id": 2,
        "org_name": "Equinix, Inc.",
        "address1": "130-136 Boulevard de Verdun",
        "address2": "Energy Park 9",
        "city": "Paris",
        "state": "",
        "zipcode": "92413",
        "country": "FR",
        "website": "https://www.equinix.com/locations/france-colocation/paris-data-centers/pa7/",
        "status": "ok",
        "distance_to_paris_km": 8.66,
        "network_count": 54,
        "ix_count": 2,
        "network_asns": [
          174,
          1299,
          3257,
          6461,
          6939,
          8218,
          8304,
          8309,
          8399,
          8426,
          8560,
          8565,
          9153,
          16080,
          16128,
          16189,
          21409,
          24776,
          25358,
          29075,
          29152,
          29215,
          30781,
          33891,
          34019,
          34177,
          35070,
          35280,
          39104,
          39781,
          41628,
          49915,
          49920,
          50124,
          50796,
          51269,
          51826,
          54994,
          55195,
          56987,
          60427,
          62000,
          197205,
          197981,
          198831,
          205555,
          206120,
          206342,
          212504,
          215035,
          215114,
          215359,
          215596,
          216239
        ],
        "network_names": [
          "1000mercis",
          "AGARIK",
          "Abaclouda",
          "AdKyNet SAS",
          "Air Liquide IT",
          "Alterway Makers",
          "Arelion (Twelve99)",
          "BlueGIX",
          "Burstfire Networks Ltd",
          "CELESTE",
          "CIRA-CLOUD1",
          "Claranet",
          "Clever Network",
          "Cogent Communications, Inc.",
          "Core-Backbone",
          "Dalenys",
          "Decknet",
          "Diabolocom",
          "Digital Virgo France",
          "EASIO-COM",
          "Ecritel",
          "F5 Inc.",
          "Flowbird",
          "Free Pro",
          "GTT Communications (AS3257)",
          "Hexatom",
          "Hivane",
          "Holycloud",
          "Hurricane Electric",
          "IELO",
          "IONOS SE",
          "Ikoula",
          "Infoclip",
          "InterCloud",
          "KISSGROUP SAS",
          "KLEE",
          "KOESIO NETWORKS (KIX)",
          "Megaport Global Access",
          "NR Consulting SAS",
          "Novso",
          "OXEVA",
          "PRINTEMPS",
          "SLBCLOUD",
          "Sewan SAS",
          "Sipartech",
          "System-Net SAS",
          "V-Com Openpath",
          "VSC Technologies",
          "Zayo",
          "Zayo Europe",
          "evroc",
          "meteversecloud",
          "moji-netrix edge network",
          "★ CONNECT-IX"
        ],
        "ix_names": [
          "Equinix Paris",
          "France-IX Paris"
        ],
        "source": "PeeringDB",
        "evidence_type": "PUBLIC_DECLARATION"
      }
    },
    {
      "type": "Feature",
      "id": "peeringdb-fac-55",
      "geometry": {
        "type": "Point",
        "coordinates": [
          2.257694,
          48.903746
        ]
      },
      "properties": {
        "id": 55,
        "node_type": "peering_facility",
        "name": "UltraEdge Paris - Courbevoie",
        "org_id": 41935,
        "org_name": "UltraEdge",
        "address1": "124 Boulevard de Verdun",
        "address2": "",
        "city": "Paris",
        "state": "",
        "zipcode": "92400",
        "country": "FR",
        "website": "https://www.ultraedge.com",
        "status": "ok",
        "distance_to_paris_km": 8.67,
        "network_count": 41,
        "ix_count": 1,
        "network_asns": [
          174,
          1273,
          1299,
          3257,
          6453,
          6762,
          6774,
          8218,
          8220,
          8309,
          8565,
          8784,
          8839,
          11889,
          12322,
          13193,
          13208,
          15169,
          15557,
          16128,
          16363,
          20917,
          20940,
          25428,
          25540,
          29075,
          29152,
          30781,
          30889,
          33779,
          35184,
          39180,
          39886,
          44297,
          44530,
          48504,
          48920,
          49584,
          49915,
          200780,
          206120
        ],
        "network_names": [
          "AGARIK",
          "Akamai Technologies",
          "Alphalink",
          "Arelion (Twelve99)",
          "Axialys",
          "BICS",
          "BlueGIX",
          "Cogent Communications, Inc.",
          "Colruyt Group Services",
          "Colt",
          "Decknet",
          "EASYTEAM (ex DATAXION)",
          "Eurofiber France - Appliwave",
          "Fiducial Cloud Network",
          "Free Pro",
          "Free SAS",
          "GTT Communications (AS3257)",
          "Google LLC",
          "Hopus",
          "IC Telecom",
          "ICODIA",
          "IELO",
          "IVANET-NYC",
          "KOESIO NETWORKS (KIX)",
          "LASOTEL",
          "Megaport Global Access",
          "Nerim",
          "Newtel",
          "OpenIP",
          "Prosodie Cap Gemini",
          "SFR Group",
          "STELOGY",
          "SdV",
          "Sipartech",
          "TATA Communications Ltd",
          "Telecom Italia Sparkle",
          "Toile-Libre",
          "Vodafone Global Network",
          "Wataniya Telecom Algerie",
          "Waycom International",
          "Zayo Europe"
        ],
        "ix_names": [
          "Hopus"
        ],
        "source": "PeeringDB",
        "evidence_type": "PUBLIC_DECLARATION"
      }
    },
    {
      "type": "Feature",
      "id": "peeringdb-fac-1200",
      "geometry": {
        "type": "Point",
        "coordinates": [
          2.243667,
          48.889321
        ]
      },
      "properties": {
        "id": 1200,
        "node_type": "peering_facility",
        "name": "Completel Val de Reuil",
        "org_id": 5741,
        "org_name": "Completel SAS",
        "address1": "Tour Ariane, 5 place de la Pyramide",
        "address2": "La Défense",
        "city": "Paris",
        "state": "",
        "zipcode": "92088",
        "country": "FR",
        "website": "http://www.completel.fr/",
        "status": "ok",
        "distance_to_paris_km": 8.73,
        "network_count": 2,
        "ix_count": 0,
        "network_asns": [
          44407,
          57752
        ],
        "network_names": [
          "Linkt",
          "NORMHOST"
        ],
        "ix_names": [],
        "source": "PeeringDB",
        "evidence_type": "PUBLIC_DECLARATION"
      }
    },
    {
      "type": "Feature",
      "id": "peeringdb-fac-8674",
      "geometry": {
        "type": "Point",
        "coordinates": [
          2.249377,
          48.897177
        ]
      },
      "properties": {
        "id": 8674,
        "node_type": "peering_facility",
        "name": "Groupe Cyllene - DC - Courbevoie",
        "org_id": 1697,
        "org_name": "Cyllene SAS",
        "address1": "9 RUE PAUL NAPOLÉON ROINARD",
        "address2": "92400 Courbevoie",
        "city": "Courbevoie",
        "state": "Nanterre",
        "zipcode": "92400",
        "country": "FR",
        "website": "https://www.groupe-cyllene.com",
        "status": "ok",
        "distance_to_paris_km": 8.77,
        "network_count": 2,
        "ix_count": 0,
        "network_asns": [
          12826,
          29075
        ],
        "network_names": [
          "Cyllene",
          "IELO"
        ],
        "ix_names": [],
        "source": "PeeringDB",
        "evidence_type": "PUBLIC_DECLARATION"
      }
    },
    {
      "type": "Feature",
      "id": "peeringdb-fac-2191",
      "geometry": {
        "type": "Point",
        "coordinates": [
          2.258464,
          48.90607
        ]
      },
      "properties": {
        "id": 2191,
        "node_type": "peering_facility",
        "name": "Telco Center",
        "org_id": 11484,
        "org_name": "TelcoCenter",
        "address1": "53 AVENUE DE L'EUROPE",
        "address2": "",
        "city": "Courbevoie",
        "state": "Hauts-de-Seine",
        "zipcode": "92400",
        "country": "FR",
        "website": "https://www.alphalink.fr/",
        "status": "ok",
        "distance_to_paris_km": 8.79,
        "network_count": 12,
        "ix_count": 0,
        "network_asns": [
          8368,
          16347,
          25540,
          30889,
          35625,
          48504,
          49584,
          57141,
          197033,
          197036,
          200780,
          206120
        ],
        "network_names": [
          "Alphalink",
          "DSTNY",
          "EASYTEAM (ex DATAXION)",
          "Eurofiber France",
          "Eurofiber France - Appliwave",
          "IPLine",
          "KOESIO NETWORKS",
          "KOESIO NETWORKS (KIX)",
          "OpenIP",
          "TELWAN",
          "Waycom International",
          "adista - inherent"
        ],
        "ix_names": [],
        "source": "PeeringDB",
        "evidence_type": "PUBLIC_DECLARATION"
      }
    },
    {
      "type": "Feature",
      "id": "peeringdb-fac-15446",
      "geometry": {
        "type": "Point",
        "coordinates": [
          2.235044,
          48.836333
        ]
      },
      "properties": {
        "id": 15446,
        "node_type": "peering_facility",
        "name": "BB1",
        "org_id": 9326,
        "org_name": "Sipartech SAS",
        "address1": "150 rue Galliéni",
        "address2": "",
        "city": "Boulogne-Billancourt",
        "state": "",
        "zipcode": "92100",
        "country": "FR",
        "website": "https://www.sipartech.com/",
        "status": "ok",
        "distance_to_paris_km": 8.86,
        "network_count": 0,
        "ix_count": 0,
        "network_asns": [],
        "network_names": [],
        "ix_names": [],
        "source": "PeeringDB",
        "evidence_type": "PUBLIC_DECLARATION"
      }
    },
    {
      "type": "Feature",
      "id": "peeringdb-fac-1402",
      "geometry": {
        "type": "Point",
        "coordinates": [
          2.379971,
          48.775278
        ]
      },
      "properties": {
        "id": 1402,
        "node_type": "peering_facility",
        "name": "OPCORE - DC3 / PAR3",
        "org_id": 7344,
        "org_name": "OPCORE",
        "address1": "61 RUE JULIAN GRIMAU",
        "address2": "",
        "city": "Vitry-sur-Seine",
        "state": "Val-de-Marne",
        "zipcode": "94400",
        "country": "FR",
        "website": "https://www.opcore.com/",
        "status": "ok",
        "distance_to_paris_km": 9.27,
        "network_count": 27,
        "ix_count": 4,
        "network_asns": [
          1299,
          3257,
          5511,
          6762,
          8218,
          8309,
          12322,
          12876,
          29075,
          34019,
          35600,
          39605,
          41690,
          44097,
          44530,
          47160,
          50628,
          57811,
          58308,
          59689,
          60350,
          62000,
          200748,
          200780,
          202140,
          206782,
          215035
        ],
        "network_names": [
          "Arelion (Twelve99)",
          "Clément Cavadore",
          "Code40",
          "Cusae",
          "DIRECT INFO SERVICE",
          "Dailymotion",
          "Eurofiber France - Appliwave",
          "Free SAS",
          "GPLExpert",
          "GTT Communications (AS3257)",
          "Hivane",
          "Hopus",
          "IELO",
          "Iguane Solutions",
          "Leonix Telecom",
          "Orange",
          "Redge Technologies",
          "Scaleway",
          "Sipartech",
          "Telecom Italia Sparkle",
          "Vedege",
          "Veepee (former VENTE-PRIVEE.COM)",
          "Zayo Europe",
          "grandorlyseinebievre",
          "moji",
          "moji-netrix edge network",
          "★ CONNECT-IX"
        ],
        "ix_names": [
          "France-IX Paris",
          "Hopus",
          "nine",
          "nine - six in Paris"
        ],
        "source": "PeeringDB",
        "evidence_type": "PUBLIC_DECLARATION"
      }
    },
    {
      "type": "Feature",
      "id": "peeringdb-fac-723",
      "geometry": {
        "type": "Point",
        "coordinates": [
          2.241557,
          48.907073
        ]
      },
      "properties": {
        "id": 723,
        "node_type": "peering_facility",
        "name": "Cogent Paris",
        "org_id": 365,
        "org_name": "Cogent Communications, Inc.",
        "address1": "77 boulevard de la République",
        "address2": "",
        "city": "La Garenne Colombes",
        "state": "",
        "zipcode": "92250",
        "country": "FR",
        "website": "http://www.cogentco.com/fr/network_datacenters.php",
        "status": "ok",
        "distance_to_paris_km": 9.85,
        "network_count": 3,
        "ix_count": 1,
        "network_asns": [
          174,
          52025,
          215955
        ],
        "network_names": [
          "ALTEASYSTEMS",
          "Cogent Communications, Inc.",
          "ParadoxNetworks Limited"
        ],
        "ix_names": [
          "Global Peer Exchange"
        ],
        "source": "PeeringDB",
        "evidence_type": "PUBLIC_DECLARATION"
      }
    },
    {
      "type": "Feature",
      "id": "peeringdb-fac-6112",
      "geometry": {
        "type": "Point",
        "coordinates": [
          2.21914,
          48.880773
        ]
      },
      "properties": {
        "id": 6112,
        "node_type": "peering_facility",
        "name": "moji1",
        "org_id": 14446,
        "org_name": "moji",
        "address1": "189 rue de Suresnes",
        "address2": "",
        "city": "Nanterre",
        "state": "Hauts-de-Seine",
        "zipcode": "92000",
        "country": "FR",
        "website": "https://moji.fr",
        "status": "ok",
        "distance_to_paris_km": 10.1,
        "network_count": 9,
        "ix_count": 2,
        "network_asns": [
          39421,
          47160,
          62443,
          203062,
          205413,
          207849,
          214390,
          215248,
          215296
        ],
        "network_names": [
          "215248 - Bastiaan Mathijs Brink",
          "Alexandre Roux",
          "DIGITALWEBWORKS",
          "Gofile",
          "LowPing NL",
          "OpenGate",
          "Sapinet",
          "akwa.fr",
          "moji"
        ],
        "ix_names": [
          "nine",
          "nine - six in Paris"
        ],
        "source": "PeeringDB",
        "evidence_type": "PUBLIC_DECLARATION"
      }
    },
    {
      "type": "Feature",
      "id": "peeringdb-fac-8673",
      "geometry": {
        "type": "Point",
        "coordinates": [
          2.229751,
          48.902913
        ]
      },
      "properties": {
        "id": 8673,
        "node_type": "peering_facility",
        "name": "Groupe Cyllene - DC - Nanterre",
        "org_id": 1697,
        "org_name": "Cyllene SAS",
        "address1": "93-105 RUE VEUVE LACROIX",
        "address2": "92000 Nanterre",
        "city": "Nanterre",
        "state": "Nanterre",
        "zipcode": "92000",
        "country": "FR",
        "website": "https://www.groupe-cyllene.com/",
        "status": "ok",
        "distance_to_paris_km": 10.33,
        "network_count": 2,
        "ix_count": 0,
        "network_asns": [
          12826,
          29075
        ],
        "network_names": [
          "Cyllene",
          "IELO"
        ],
        "ix_names": [],
        "source": "PeeringDB",
        "evidence_type": "PUBLIC_DECLARATION"
      }
    },
    {
      "type": "Feature",
      "id": "peeringdb-fac-112",
      "geometry": {
        "type": "Point",
        "coordinates": [
          2.21513,
          48.887694
        ]
      },
      "properties": {
        "id": 112,
        "node_type": "peering_facility",
        "name": "Level(3) Paris (Le Capitole)",
        "org_id": 118,
        "org_name": "Colt Technology Services Group",
        "address1": "55 Avenue des Champs Pierreux",
        "address2": "",
        "city": "Paris",
        "state": "",
        "zipcode": "92000",
        "country": "FR",
        "website": "https://www.colt.net",
        "status": "ok",
        "distance_to_paris_km": 10.6,
        "network_count": 11,
        "ix_count": 0,
        "network_asns": [
          8218,
          8309,
          29152,
          29608,
          35217,
          47160,
          47866,
          62000,
          199248,
          205344,
          206804
        ],
        "network_names": [
          "Decknet",
          "EstNOC",
          "NUMLOG",
          "OVEA",
          "OVEA (Legacy)",
          "Sipartech",
          "Unixo",
          "Zayo Europe",
          "iBrowse SARL",
          "moji",
          "moji-netrix edge network"
        ],
        "ix_names": [],
        "source": "PeeringDB",
        "evidence_type": "PUBLIC_DECLARATION"
      }
    },
    {
      "type": "Feature",
      "id": "peeringdb-fac-7692",
      "geometry": {
        "type": "Point",
        "coordinates": [
          2.221522,
          48.897921
        ]
      },
      "properties": {
        "id": 7692,
        "node_type": "peering_facility",
        "name": "dc2scale Nanterre",
        "org_id": 25714,
        "org_name": "dc2scale SAS",
        "address1": "3 boulevard des bouvets",
        "address2": "",
        "city": "Nanterre",
        "state": "Ile de France",
        "zipcode": "92000",
        "country": "FR",
        "website": "https://dc2scale.fr",
        "status": "ok",
        "distance_to_paris_km": 10.6,
        "network_count": 0,
        "ix_count": 0,
        "network_asns": [],
        "network_names": [],
        "ix_names": [],
        "source": "PeeringDB",
        "evidence_type": "PUBLIC_DECLARATION"
      }
    },
    {
      "type": "Feature",
      "id": "peeringdb-fac-6267",
      "geometry": {
        "type": "Point",
        "coordinates": [
          2.214512,
          48.887283
        ]
      },
      "properties": {
        "id": 6267,
        "node_type": "peering_facility",
        "name": "Green Data - Nanterre",
        "org_id": 37192,
        "org_name": "GREEN DATA SAS",
        "address1": "55 avenue des Champs Pierreux",
        "address2": "",
        "city": "Nanterre",
        "state": "Hauts-de-Seine",
        "zipcode": "92000",
        "country": "FR",
        "website": "https://greendata.fr",
        "status": "ok",
        "distance_to_paris_km": 10.63,
        "network_count": 6,
        "ix_count": 0,
        "network_asns": [
          35625,
          48817,
          49584,
          51269,
          62000,
          198053
        ],
        "network_names": [
          "EASYTEAM (ex DATAXION)",
          "Eurofiber France",
          "Green Data",
          "Hexatom",
          "PRIZZ TELECOM",
          "moji-netrix edge network"
        ],
        "ix_names": [],
        "source": "PeeringDB",
        "evidence_type": "PUBLIC_DECLARATION"
      }
    },
    {
      "type": "Feature",
      "id": "peeringdb-fac-15257",
      "geometry": {
        "type": "Point",
        "coordinates": [
          2.416659,
          48.753211
        ]
      },
      "properties": {
        "id": 15257,
        "node_type": "peering_facility",
        "name": "MEDIACTIVE MN3",
        "org_id": 5087,
        "org_name": "MEDIACTIVE GROUP",
        "address1": "Rue Christophe Colomb",
        "address2": "",
        "city": "Choisy-le-Roi",
        "state": "IDF",
        "zipcode": "94600",
        "country": "FR",
        "website": "https://mediactive-network.net",
        "status": "ok",
        "distance_to_paris_km": 12.43,
        "network_count": 3,
        "ix_count": 0,
        "network_asns": [
          60132,
          197133,
          201896
        ],
        "network_names": [
          "MEDIACTIVE 24/7",
          "MEDIACTIVE NETWORK FR-EU",
          "Zoréole Group"
        ],
        "ix_names": [],
        "source": "PeeringDB",
        "evidence_type": "PUBLIC_DECLARATION"
      }
    },
    {
      "type": "Feature",
      "id": "peeringdb-fac-15394",
      "geometry": {
        "type": "Point",
        "coordinates": [
          2.219393,
          48.786855
        ]
      },
      "properties": {
        "id": 15394,
        "node_type": "peering_facility",
        "name": "dc2scale PAR4x (Meudon)",
        "org_id": 25714,
        "org_name": "dc2scale SAS",
        "address1": "24 avenue du Maréchal Juin",
        "address2": "",
        "city": "Meudon",
        "state": "Ile de France",
        "zipcode": "92360",
        "country": "FR",
        "website": "https://dc2scale.fr",
        "status": "ok",
        "distance_to_paris_km": 12.44,
        "network_count": 1,
        "ix_count": 0,
        "network_asns": [
          212815
        ],
        "network_names": [
          "★ Dyjix SAS"
        ],
        "ix_names": [],
        "source": "PeeringDB",
        "evidence_type": "PUBLIC_DECLARATION"
      }
    },
    {
      "type": "Feature",
      "id": "peeringdb-fac-14214",
      "geometry": {
        "type": "Point",
        "coordinates": [
          2.217476,
          48.780725
        ]
      },
      "properties": {
        "id": 14214,
        "node_type": "peering_facility",
        "name": "ETIX Paris #3",
        "org_id": 26110,
        "org_name": "Etix Everywhere",
        "address1": "16-18 Avenue de l'Europe",
        "address2": "",
        "city": "Vélizy-Villacoublay",
        "state": "",
        "zipcode": "78140",
        "country": "FR",
        "website": "http://www.etixeverywhere.com",
        "status": "ok",
        "distance_to_paris_km": 12.98,
        "network_count": 7,
        "ix_count": 0,
        "network_asns": [
          174,
          4455,
          8218,
          8220,
          8309,
          29075,
          199571
        ],
        "network_names": [
          "BSO",
          "Cogent Communications, Inc.",
          "Colt",
          "EASTER-EGGS",
          "IELO",
          "Sipartech",
          "Zayo Europe"
        ],
        "ix_names": [],
        "source": "PeeringDB",
        "evidence_type": "PUBLIC_DECLARATION"
      }
    },
    {
      "type": "Feature",
      "id": "peeringdb-fac-231",
      "geometry": {
        "type": "Point",
        "coordinates": [
          2.209917,
          48.785043
        ]
      },
      "properties": {
        "id": 231,
        "node_type": "peering_facility",
        "name": "Multicoms Paris (Velizy)",
        "org_id": 399,
        "org_name": "MULTICOMS FACILITIES MANAGEMENT",
        "address1": "6 Allée Latécoère",
        "address2": "",
        "city": "Paris",
        "state": "",
        "zipcode": "78147",
        "country": "FR",
        "website": "http://www.multicoms.net/content/view/12/58/",
        "status": "ok",
        "distance_to_paris_km": 13.11,
        "network_count": 1,
        "ix_count": 0,
        "network_asns": [
          29215
        ],
        "network_names": [
          "V-Com Openpath"
        ],
        "ix_names": [],
        "source": "PeeringDB",
        "evidence_type": "PUBLIC_DECLARATION"
      }
    },
    {
      "type": "Feature",
      "id": "peeringdb-fac-14392",
      "geometry": {
        "type": "Point",
        "coordinates": [
          2.209191,
          48.78425
        ]
      },
      "properties": {
        "id": 14392,
        "node_type": "peering_facility",
        "name": "dc2scale PAR3 (Vélizy-Villacoublay)",
        "org_id": 25714,
        "org_name": "dc2scale SAS",
        "address1": "10 allée Latécoère",
        "address2": "",
        "city": "Vélizy-Villacoublay",
        "state": "Ile de France",
        "zipcode": "78140",
        "country": "FR",
        "website": "https://dc2scale.fr",
        "status": "ok",
        "distance_to_paris_km": 13.2,
        "network_count": 11,
        "ix_count": 0,
        "network_asns": [
          19879,
          29075,
          49434,
          52053,
          52073,
          57043,
          199415,
          212815,
          213599,
          215596,
          216117
        ],
        "network_names": [
          "Association CLIENTXCMS",
          "FBW Networks",
          "HOSTKEY B.V.",
          "I2SNetwork",
          "IELO",
          "KISSGROUP SAS",
          "Propel",
          "REDHEBERG SAS",
          "RHONET",
          "YORKHOST",
          "★ Dyjix SAS"
        ],
        "ix_names": [],
        "source": "PeeringDB",
        "evidence_type": "PUBLIC_DECLARATION"
      }
    },
    {
      "type": "Feature",
      "id": "peeringdb-fac-1931",
      "geometry": {
        "type": "Point",
        "coordinates": [
          2.227899,
          48.769749
        ]
      },
      "properties": {
        "id": 1931,
        "node_type": "peering_facility",
        "name": "Cloudata",
        "org_id": 7602,
        "org_name": "Cloudata",
        "address1": "1 Chemin du chene rond",
        "address2": "",
        "city": "Bievres",
        "state": "Essonne",
        "zipcode": "91570",
        "country": "FR",
        "website": "http://www.cloudata.fr",
        "status": "ok",
        "distance_to_paris_km": 13.27,
        "network_count": 0,
        "ix_count": 0,
        "network_asns": [],
        "network_names": [],
        "ix_names": [],
        "source": "PeeringDB",
        "evidence_type": "PUBLIC_DECLARATION"
      }
    },
    {
      "type": "Feature",
      "id": "peeringdb-fac-15492",
      "geometry": {
        "type": "Point",
        "coordinates": [
          2.214813,
          48.778615
        ]
      },
      "properties": {
        "id": 15492,
        "node_type": "peering_facility",
        "name": "dc2scale PAR5 (Vélizy-Villacoublay)",
        "org_id": 25714,
        "org_name": "dc2scale SAS",
        "address1": "45 avenue de l'Europe",
        "address2": "",
        "city": "Vélizy-Villacoublay",
        "state": "Ile de France",
        "zipcode": "78140",
        "country": "FR",
        "website": "https://dc2scale.fr",
        "status": "ok",
        "distance_to_paris_km": 13.28,
        "network_count": 3,
        "ix_count": 0,
        "network_asns": [
          29075,
          49434,
          212815
        ],
        "network_names": [
          "FBW Networks",
          "IELO",
          "★ Dyjix SAS"
        ],
        "ix_names": [],
        "source": "PeeringDB",
        "evidence_type": "PUBLIC_DECLARATION"
      }
    },
    {
      "type": "Feature",
      "id": "peeringdb-fac-731",
      "geometry": {
        "type": "Point",
        "coordinates": [
          2.208055,
          48.783682
        ]
      },
      "properties": {
        "id": 731,
        "node_type": "peering_facility",
        "name": "Cogent Velizy",
        "org_id": 365,
        "org_name": "Cogent Communications, Inc.",
        "address1": "16 rue Grange Damerose",
        "address2": "",
        "city": "Vélizy-Villacoublay",
        "state": "",
        "zipcode": "78140",
        "country": "FR",
        "website": "http://www.cogentco.com/fr/network_datacenters.php",
        "status": "ok",
        "distance_to_paris_km": 13.31,
        "network_count": 9,
        "ix_count": 1,
        "network_asns": [
          174,
          20546,
          29075,
          49434,
          199248,
          212815,
          214432,
          215035,
          215955
        ],
        "network_names": [
          "ALTEASYSTEMS",
          "Cogent Communications, Inc.",
          "FBW Networks",
          "IELO",
          "NUMLOG",
          "SOPRADO GmbH",
          "Zhilian Technology CO., LTD.",
          "★ CONNECT-IX",
          "★ Dyjix SAS"
        ],
        "ix_names": [
          "Global Peer Exchange"
        ],
        "source": "PeeringDB",
        "evidence_type": "PUBLIC_DECLARATION"
      }
    },
    {
      "type": "Feature",
      "id": "peeringdb-fac-8406",
      "geometry": {
        "type": "Point",
        "coordinates": [
          2.208056,
          48.783672
        ]
      },
      "properties": {
        "id": 8406,
        "node_type": "peering_facility",
        "name": "dc2scale PAR2 (Vélizy-Villacoublay)",
        "org_id": 25714,
        "org_name": "dc2scale SAS",
        "address1": "16 rue Grange Dame Rose",
        "address2": "",
        "city": "Vélizy-Villacoublay",
        "state": "",
        "zipcode": "78140",
        "country": "FR",
        "website": "https://dc2scale.fr",
        "status": "ok",
        "distance_to_paris_km": 13.31,
        "network_count": 21,
        "ix_count": 0,
        "network_asns": [
          2027,
          34019,
          35625,
          49434,
          52053,
          52073,
          197179,
          197676,
          199415,
          200056,
          200780,
          209428,
          211448,
          211615,
          211868,
          212815,
          212844,
          212895,
          215596,
          215727,
          216190
        ],
        "network_names": [
          "DSCW",
          "Eurofiber France",
          "Eurofiber France - Appliwave",
          "FBW Networks",
          "Hivane",
          "I2SNetwork",
          "INFRARINOX",
          "KISSGROUP SAS",
          "Matis GAGNEUX",
          "MilkyWan",
          "NODREX Cloud",
          "NS Worldwide SA",
          "Netaris SAS",
          "OCASDEV",
          "OCASDEV - AIPB44-AD",
          "Quentin Dacquet",
          "REDHEBERG SAS",
          "ROUTE64.ORG",
          "WEBCONEX",
          "YORKHOST",
          "★ Dyjix SAS"
        ],
        "ix_names": [],
        "source": "PeeringDB",
        "evidence_type": "PUBLIC_DECLARATION"
      }
    },
    {
      "type": "Feature",
      "id": "peeringdb-fac-9028",
      "geometry": {
        "type": "Point",
        "coordinates": [
          2.208056,
          48.783672
        ]
      },
      "properties": {
        "id": 9028,
        "node_type": "peering_facility",
        "name": "Dyjix",
        "org_id": 26925,
        "org_name": "★ Dyjix SAS",
        "address1": "16 RUE GRANGE DAME ROSE",
        "address2": "78140 Vélizy-Villacoublay",
        "city": "Vélizy-Villacoublay",
        "state": "",
        "zipcode": "78140",
        "country": "FR",
        "website": "https://dyjix.eu",
        "status": "ok",
        "distance_to_paris_km": 13.31,
        "network_count": 5,
        "ix_count": 0,
        "network_asns": [
          57080,
          200056,
          205021,
          211448,
          212815
        ],
        "network_names": [
          "INFRARINOX",
          "Shiftek-Hosting",
          "WEBCONEX",
          "Yohan FRESNEAU",
          "★ Dyjix SAS"
        ],
        "ix_names": [],
        "source": "PeeringDB",
        "evidence_type": "PUBLIC_DECLARATION"
      }
    },
    {
      "type": "Feature",
      "id": "peeringdb-fac-52",
      "geometry": {
        "type": "Point",
        "coordinates": [
          2.208747,
          48.782499
        ]
      },
      "properties": {
        "id": 52,
        "node_type": "peering_facility",
        "name": "UltraEdge Velizy",
        "org_id": 41935,
        "org_name": "UltraEdge",
        "address1": "6 Rue Nieuport",
        "address2": "",
        "city": "Paris",
        "state": "",
        "zipcode": "78140",
        "country": "FR",
        "website": "https://www.ultraedge.com",
        "status": "ok",
        "distance_to_paris_km": 13.35,
        "network_count": 0,
        "ix_count": 0,
        "network_asns": [],
        "network_names": [],
        "ix_names": [],
        "source": "PeeringDB",
        "evidence_type": "PUBLIC_DECLARATION"
      }
    },
    {
      "type": "Feature",
      "id": "peeringdb-fac-2741",
      "geometry": {
        "type": "Point",
        "coordinates": [
          2.184571,
          48.942653
        ]
      },
      "properties": {
        "id": 2741,
        "node_type": "peering_facility",
        "name": "MENGINE",
        "org_id": 13956,
        "org_name": "MENGINE",
        "address1": "5, rue Jussieu",
        "address2": "",
        "city": "Sartrouville",
        "state": "Yvelines",
        "zipcode": "78500",
        "country": "FR",
        "website": "http://www.mengine.fr",
        "status": "ok",
        "distance_to_paris_km": 15.55,
        "network_count": 0,
        "ix_count": 0,
        "network_asns": [],
        "network_names": [],
        "ix_names": [],
        "source": "PeeringDB",
        "evidence_type": "PUBLIC_DECLARATION"
      }
    },
    {
      "type": "Feature",
      "id": "peeringdb-fac-8528",
      "geometry": {
        "type": "Point",
        "coordinates": [
          2.587752,
          48.835224
        ]
      },
      "properties": {
        "id": 8528,
        "node_type": "peering_facility",
        "name": "Celeste Marilyn",
        "org_id": 1865,
        "org_name": "Celeste SAS",
        "address1": "20 Rue Albert Einstein",
        "address2": "",
        "city": "Champs-sur-Marne",
        "state": "Île-de-France",
        "zipcode": "77420",
        "country": "FR",
        "website": "https://www.marilyn-datacenter.com/",
        "status": "ok",
        "distance_to_paris_km": 17.4,
        "network_count": 2,
        "ix_count": 0,
        "network_asns": [
          34177,
          200780
        ],
        "network_names": [
          "CELESTE",
          "Eurofiber France - Appliwave"
        ],
        "ix_names": [],
        "source": "PeeringDB",
        "evidence_type": "PUBLIC_DECLARATION"
      }
    },
    {
      "type": "Feature",
      "id": "peeringdb-fac-16963",
      "geometry": {
        "type": "Point",
        "coordinates": [
          2.587319,
          48.829265
        ]
      },
      "properties": {
        "id": 16963,
        "node_type": "peering_facility",
        "name": "nLighten Paris PAR3",
        "org_id": 17600,
        "org_name": "nLighten HQ BV",
        "address1": "12 Rue Vladimir Jankelevitch",
        "address2": "",
        "city": "Paris",
        "state": "",
        "zipcode": "77184 Emerainville",
        "country": "FR",
        "website": "https://www.nlighten.com/en/edge-location/paris-3/",
        "status": "ok",
        "distance_to_paris_km": 17.47,
        "network_count": 0,
        "ix_count": 0,
        "network_asns": [],
        "network_names": [],
        "ix_names": [],
        "source": "PeeringDB",
        "evidence_type": "PUBLIC_DECLARATION"
      }
    },
    {
      "type": "Feature",
      "id": "peeringdb-fac-229",
      "geometry": {
        "type": "Point",
        "coordinates": [
          2.507095,
          48.983691
        ]
      },
      "properties": {
        "id": 229,
        "node_type": "peering_facility",
        "name": "Equinix PA1 - Paris, Roissy",
        "org_id": 2,
        "org_name": "Equinix, Inc.",
        "address1": "Rue de la Belle Etoile, 167",
        "address2": "Paris Nord 2",
        "city": "Roissy-en-France",
        "state": "Paris",
        "zipcode": "95948",
        "country": "FR",
        "website": "https://www.equinix.com/locations/france-colocation/paris-data-centers/pa1/",
        "status": "ok",
        "distance_to_paris_km": 18.11,
        "network_count": 7,
        "ix_count": 0,
        "network_asns": [
          8218,
          8220,
          47841,
          58453,
          64476,
          140883,
          205483
        ],
        "network_names": [
          "China Mobile International",
          "Colt",
          "Hong Kong Zeyond Technology AS140883",
          "KPMG",
          "Oxalide",
          "Shadow EU",
          "Zayo Europe"
        ],
        "ix_names": [],
        "source": "PeeringDB",
        "evidence_type": "PUBLIC_DECLARATION"
      }
    },
    {
      "type": "Feature",
      "id": "peeringdb-fac-13191",
      "geometry": {
        "type": "Point",
        "coordinates": [
          2.630371,
          48.839125
        ]
      },
      "properties": {
        "id": 13191,
        "node_type": "peering_facility",
        "name": "nLighten Paris PAR1",
        "org_id": 17600,
        "org_name": "nLighten HQ BV",
        "address1": "NEWTON A",
        "address2": "3-5 mail Barthélémy Thimonnier",
        "city": "Lognes",
        "state": "",
        "zipcode": "77185",
        "country": "FR",
        "website": "https://www.nlighten.com/fr/france-centres-de-donnees/paris-1/",
        "status": "ok",
        "distance_to_paris_km": 20.45,
        "network_count": 2,
        "ix_count": 0,
        "network_asns": [
          47160,
          48817
        ],
        "network_names": [
          "PRIZZ TELECOM",
          "moji"
        ],
        "ix_names": [],
        "source": "PeeringDB",
        "evidence_type": "PUBLIC_DECLARATION"
      }
    },
    {
      "type": "Feature",
      "id": "peeringdb-fac-1785",
      "geometry": {
        "type": "Point",
        "coordinates": [
          2.641417,
          48.836897
        ]
      },
      "properties": {
        "id": 1785,
        "node_type": "peering_facility",
        "name": "Penta Infra Paris PAR01",
        "org_id": 32785,
        "org_name": "Penta C.V.",
        "address1": "93 Cours des Petites Ecuries",
        "address2": "",
        "city": "Lognes",
        "state": "Seine-et-Marne",
        "zipcode": "77185",
        "country": "FR",
        "website": "https://penta-infra.com/data-centers/paris",
        "status": "ok",
        "distance_to_paris_km": 21.28,
        "network_count": 12,
        "ix_count": 0,
        "network_asns": [
          1828,
          8218,
          8309,
          8455,
          16347,
          29075,
          34766,
          35625,
          49915,
          200023,
          200780,
          215596
        ],
        "network_names": [
          "Eurofiber France",
          "Eurofiber France - Appliwave",
          "IELO",
          "KISSGROUP SAS",
          "Layer23 BV",
          "Megaport Global Access",
          "Qonnected",
          "Sipartech",
          "Unitas Global",
          "Zayo Europe",
          "adista - inherent",
          "atom86"
        ],
        "ix_names": [],
        "source": "PeeringDB",
        "evidence_type": "PUBLIC_DECLARATION"
      }
    },
    {
      "type": "Feature",
      "id": "peeringdb-fac-821",
      "geometry": {
        "type": "Point",
        "coordinates": [
          2.212531,
          48.68827
        ]
      },
      "properties": {
        "id": 821,
        "node_type": "peering_facility",
        "name": "Alionis VBO",
        "org_id": 1313,
        "org_name": "Alionis",
        "address1": "14 avenue du Québec",
        "address2": "",
        "city": "Villebon-sur-Yvette",
        "state": "",
        "zipcode": "91140",
        "country": "FR",
        "website": "http://www.alionis.net",
        "status": "ok",
        "distance_to_paris_km": 21.33,
        "network_count": 0,
        "ix_count": 0,
        "network_asns": [],
        "network_names": [],
        "ix_names": [],
        "source": "PeeringDB",
        "evidence_type": "PUBLIC_DECLARATION"
      }
    },
    {
      "type": "Feature",
      "id": "peeringdb-fac-5141",
      "geometry": {
        "type": "Point",
        "coordinates": [
          2.641987,
          48.82287
        ]
      },
      "properties": {
        "id": 5141,
        "node_type": "peering_facility",
        "name": "APPLIWAVE - CBO",
        "org_id": 2018,
        "org_name": "Eurofiber France",
        "address1": "3 rue des vieilles vignes",
        "address2": "",
        "city": "Croissy Beaubourg",
        "state": "",
        "zipcode": "77183",
        "country": "FR",
        "website": "http://www.appliwave.com",
        "status": "ok",
        "distance_to_paris_km": 21.54,
        "network_count": 3,
        "ix_count": 0,
        "network_asns": [
          2027,
          200780,
          209815
        ],
        "network_names": [
          "ALTAREA MANAGEMENT",
          "Eurofiber France - Appliwave",
          "MilkyWan"
        ],
        "ix_names": [],
        "source": "PeeringDB",
        "evidence_type": "PUBLIC_DECLARATION"
      }
    },
    {
      "type": "Feature",
      "id": "peeringdb-fac-15448",
      "geometry": {
        "type": "Point",
        "coordinates": [
          2.203185,
          48.675347
        ]
      },
      "properties": {
        "id": 15448,
        "node_type": "peering_facility",
        "name": "Digital Realty Paris PAR13",
        "org_id": 8592,
        "org_name": "Digital Realty",
        "address1": "14 rue de l'Orme à Moineaux",
        "address2": "",
        "city": "Les Ulis",
        "state": "",
        "zipcode": "91940",
        "country": "FR",
        "website": "https://www.digitalrealty.fr/data-centers/emea/paris/par13",
        "status": "ok",
        "distance_to_paris_km": 22.92,
        "network_count": 0,
        "ix_count": 0,
        "network_asns": [],
        "network_names": [],
        "ix_names": [],
        "source": "PeeringDB",
        "evidence_type": "PUBLIC_DECLARATION"
      }
    },
    {
      "type": "Feature",
      "id": "peeringdb-fac-8448",
      "geometry": {
        "type": "Point",
        "coordinates": [
          2.197239,
          48.675525
        ]
      },
      "properties": {
        "id": 8448,
        "node_type": "peering_facility",
        "name": "COLT DC Paris SouthWest",
        "org_id": 118,
        "org_name": "Colt Technology Services Group",
        "address1": "15, Avenue du Cap Horn, Les Ulis",
        "address2": "",
        "city": "Paris",
        "state": "",
        "zipcode": "91940",
        "country": "FR",
        "website": "https://www.colt.net",
        "status": "ok",
        "distance_to_paris_km": 23.12,
        "network_count": 1,
        "ix_count": 0,
        "network_asns": [
          8220
        ],
        "network_names": [
          "Colt"
        ],
        "ix_names": [],
        "source": "PeeringDB",
        "evidence_type": "PUBLIC_DECLARATION"
      }
    },
    {
      "type": "Feature",
      "id": "peeringdb-fac-4075",
      "geometry": {
        "type": "Point",
        "coordinates": [
          2.195475,
          48.675058
        ]
      },
      "properties": {
        "id": 4075,
        "node_type": "peering_facility",
        "name": "COLT DC Paris II",
        "org_id": 118,
        "org_name": "Colt Technology Services Group",
        "address1": "15 Avenue du Cap Horn, Les Ulis",
        "address2": "",
        "city": "Paris",
        "state": "",
        "zipcode": "91940",
        "country": "FR",
        "website": "https://www.colt.net",
        "status": "ok",
        "distance_to_paris_km": 23.23,
        "network_count": 3,
        "ix_count": 0,
        "network_asns": [
          174,
          8220,
          34177
        ],
        "network_names": [
          "CELESTE",
          "Cogent Communications, Inc.",
          "Colt"
        ],
        "ix_names": [],
        "source": "PeeringDB",
        "evidence_type": "PUBLIC_DECLARATION"
      }
    },
    {
      "type": "Feature",
      "id": "peeringdb-fac-10647",
      "geometry": {
        "type": "Point",
        "coordinates": [
          2.212298,
          48.663145
        ]
      },
      "properties": {
        "id": 10647,
        "node_type": "peering_facility",
        "name": "DATA4 Paris Marcoussis PAR2",
        "org_id": 15338,
        "org_name": "DATA4 s.a r.l",
        "address1": "PARC D'ACTIVITES DE LA FONTAINE DE JOUVENCE",
        "address2": "",
        "city": "Marcoussis",
        "state": "Essonne",
        "zipcode": "91460",
        "country": "FR",
        "website": "https://www.data4group.com/data-center-paris-france/",
        "status": "ok",
        "distance_to_paris_km": 23.83,
        "network_count": 3,
        "ix_count": 0,
        "network_asns": [
          16347,
          29075,
          197981
        ],
        "network_names": [
          "IELO",
          "InterCloud",
          "adista - inherent"
        ],
        "ix_names": [],
        "source": "PeeringDB",
        "evidence_type": "PUBLIC_DECLARATION"
      }
    },
    {
      "type": "Feature",
      "id": "peeringdb-fac-636",
      "geometry": {
        "type": "Point",
        "coordinates": [
          2.081473,
          48.726927
        ]
      },
      "properties": {
        "id": 636,
        "node_type": "peering_facility",
        "name": "Telehouse - Paris 3 (Magny)",
        "org_id": 7,
        "org_name": "Telehouse - Global Data Centers",
        "address1": "1 Rue Pablo Picasso",
        "address2": "",
        "city": "Magny-les-Hameaux",
        "state": "",
        "zipcode": "78114",
        "country": "FR",
        "website": "http://www.telehouse.fr",
        "status": "ok",
        "distance_to_paris_km": 24.52,
        "network_count": 50,
        "ix_count": 4,
        "network_asns": [
          174,
          2484,
          2485,
          3215,
          5405,
          8218,
          8304,
          8309,
          8426,
          10122,
          14537,
          16347,
          20565,
          20773,
          25540,
          29075,
          29104,
          30781,
          30889,
          33930,
          34019,
          34177,
          35600,
          36864,
          44097,
          44273,
          47957,
          48305,
          49915,
          50624,
          51326,
          57928,
          59842,
          60032,
          60132,
          62000,
          62044,
          198335,
          199116,
          199483,
          199660,
          199870,
          200653,
          205698,
          206310,
          212579,
          215035,
          215596,
          215955,
          216265
        ],
        "network_names": [
          "AFNIC Offices",
          "ALTEASYSTEMS",
          "Afribone Mali",
          "Alphalink",
          "Aristo Networks",
          "Believe Digital",
          "CELESTE",
          "Claranet",
          "Cloud Temple",
          "Cloudata",
          "Clément Cavadore",
          "Cogent Communications, Inc.",
          "Continent 8 Technologies",
          "Coriolis",
          "ERA-IX Route Servers Paris",
          "Ecritel",
          "FR-NIC-DNS-ANYCAST (AFNIC > NIC-FR > Anycast DNS)",
          "Free Pro",
          "GoDaddy DNS",
          "Hivane",
          "Host Europe GmbH",
          "IELO",
          "IPEXIA",
          "Ingenico Solutions and Transaction Services",
          "Inter.link",
          "KISSGROUP SAS",
          "Megaport Global Access",
          "NETSTAR",
          "NXO France WAN",
          "Netalis",
          "Noraina",
          "Orange France",
          "Outscale",
          "PROVECTIO",
          "Prodware",
          "REZEL",
          "Sipartech",
          "TRANSATEL EUROPE",
          "Thales Services Numériques",
          "Vedege",
          "W3TEL",
          "WAXX AS205698",
          "WAXX AS206310",
          "Waycom International",
          "Zayo Europe",
          "Zoréole Group",
          "Zscaler AS62044",
          "adista - inherent",
          "moji-netrix edge network",
          "★ CONNECT-IX"
        ],
        "ix_names": [
          "ERA-IX Paris",
          "France-IX Paris",
          "nine",
          "nine - six in Paris"
        ],
        "source": "PeeringDB",
        "evidence_type": "PUBLIC_DECLARATION"
      }
    },
    {
      "type": "Feature",
      "id": "peeringdb-fac-12780",
      "geometry": {
        "type": "Point",
        "coordinates": [
          2.018664,
          48.774932
        ]
      },
      "properties": {
        "id": 12780,
        "node_type": "peering_facility",
        "name": "Groupe Cyllene - DC - Montigny les Bretonneux",
        "org_id": 1697,
        "org_name": "Cyllene SAS",
        "address1": "8 AVENUE DES 3 PEUPLES",
        "address2": "78180 Montigny-le-Bretonneux",
        "city": "Montigny-le-Bretonneux",
        "state": "Versailles",
        "zipcode": "78180",
        "country": "FR",
        "website": "https://www.groupe-cyllene.com",
        "status": "ok",
        "distance_to_paris_km": 26.06,
        "network_count": 2,
        "ix_count": 0,
        "network_asns": [
          12826,
          29075
        ],
        "network_names": [
          "Cyllene",
          "IELO"
        ],
        "ix_names": [],
        "source": "PeeringDB",
        "evidence_type": "PUBLIC_DECLARATION"
      }
    },
    {
      "type": "Feature",
      "id": "peeringdb-fac-7180",
      "geometry": {
        "type": "Point",
        "coordinates": [
          2.137936,
          49.053744
        ]
      },
      "properties": {
        "id": 7180,
        "node_type": "peering_facility",
        "name": "OPCORE - DC5 / PAR5",
        "org_id": 7344,
        "org_name": "OPCORE",
        "address1": "25, AVENUE DE L'EGUILLETTE",
        "address2": "ZI du Vert Galant",
        "city": "Saint-Ouen-l'Aumône",
        "state": "Val-d'Oise",
        "zipcode": "95310",
        "country": "FR",
        "website": "https://www.opcore.com/",
        "status": "ok",
        "distance_to_paris_km": 26.93,
        "network_count": 5,
        "ix_count": 0,
        "network_asns": [
          12322,
          12876,
          20940,
          29075,
          35625
        ],
        "network_names": [
          "Akamai Technologies",
          "Eurofiber France",
          "Free SAS",
          "IELO",
          "Scaleway"
        ],
        "ix_names": [],
        "source": "PeeringDB",
        "evidence_type": "PUBLIC_DECLARATION"
      }
    },
    {
      "type": "Feature",
      "id": "peeringdb-fac-15447",
      "geometry": {
        "type": "Point",
        "coordinates": [
          2.722201,
          48.823273
        ]
      },
      "properties": {
        "id": 15447,
        "node_type": "peering_facility",
        "name": "Digital Realty Paris PAR12",
        "org_id": 8592,
        "org_name": "Digital Realty",
        "address1": "16 Avenue Joseph Froelicher",
        "address2": "",
        "city": "Ferrières-en-Brie",
        "state": "",
        "zipcode": "77164",
        "country": "FR",
        "website": "https://www.digitalrealty.fr/data-centers/emea/paris/par12",
        "status": "ok",
        "distance_to_paris_km": 27.33,
        "network_count": 1,
        "ix_count": 0,
        "network_asns": [
          7492
        ],
        "network_names": [
          "NEXON GLOBAL"
        ],
        "ix_names": [],
        "source": "PeeringDB",
        "evidence_type": "PUBLIC_DECLARATION"
      }
    },
    {
      "type": "Feature",
      "id": "peeringdb-fac-7775",
      "geometry": {
        "type": "Point",
        "coordinates": [
          1.98491,
          48.796534
        ]
      },
      "properties": {
        "id": 7775,
        "node_type": "peering_facility",
        "name": "Dataxion France DTX01",
        "org_id": 21491,
        "org_name": "EASYTEAM (ex DATAXION)",
        "address1": "16 avenue Jean d'Alembert",
        "address2": "",
        "city": "Trappes",
        "state": "",
        "zipcode": "78190",
        "country": "FR",
        "website": "https://www.dataxion-france.fr",
        "status": "ok",
        "distance_to_paris_km": 27.7,
        "network_count": 1,
        "ix_count": 0,
        "network_asns": [
          49584
        ],
        "network_names": [
          "EASYTEAM (ex DATAXION)"
        ],
        "ix_names": [],
        "source": "PeeringDB",
        "evidence_type": "PUBLIC_DECLARATION"
      }
    }
  ]
}