{
  "type": "FeatureCollection",
  "name": "NetGuardian Paris RIPE Atlas",
  "metadata": {
    "project": "NetGuardian Paris",
    "source": "RIPE Atlas",
    "retrieved_at": "2026-10-07T13:32:09.995145+00:00",
    "radius_km": 20,
    "feature_count": 306,
    "note": "RIPE Atlas probe locations are intentionally obfuscated."
  },
  "features": [
    {
      "type": "Feature",
      "id": "ripe-probe-439",
      "geometry": {
        "type": "Point",
        "coordinates": [
          2.3585,
          48.8315
        ]
      },
      "properties": {
        "id": "ripe-probe-439",
        "probe_id": 439,
        "node_type": "ripe_atlas_probe",
        "description": "Free",
        "country_code": "FR",
        "asn_v4": 12322,
        "asn_v6": 12322,
        "prefix_v4": "82.64.0.0/14",
        "prefix_v6": "2a01:e0a:fe0::/45",
        "status_id": 1,
        "status": "Connected",
        "is_public": true,
        "is_anchor": false,
        "tags": [
          "Fibre",
          "Free",
          "Home",
          "IPv4",
          "IPv6",
          "NAT",
          "system: IPv4 Capable",
          "system: IPv4 RFC1918",
          "system: IPv4 Stable 1d",
          "system: IPv4 Stable 30d",
          "system: IPv4 Stable 90d",
          "system: IPv4 Works",
          "system: IPv6 Capable",
          "system: IPv6 Stable 1d",
          "system: IPv6 Stable 30d",
          "system: IPv6 Stable 90d",
          "system: IPv6 Works",
          "system: V1"
        ],
        "first_connected": 1290242644,
        "last_connected": 1791379929,
        "source": "RIPE Atlas",
        "evidence_type": "OBSERVED",
        "location_accuracy": "OBFUSCATED"
      }
    },
    {
      "type": "Feature",
      "id": "ripe-probe-898",
      "geometry": {
        "type": "Point",
        "coordinates": [
          2.3215,
          48.8315
        ]
      },
      "properties": {
        "id": "ripe-probe-898",
        "probe_id": 898,
        "node_type": "ripe_atlas_probe",
        "description": "AS44097 - Paris",
        "country_code": "FR",
        "asn_v4": 44097,
        "asn_v6": 44097,
        "prefix_v4": "193.43.214.0/24",
        "prefix_v6": "2001:67c:ec::/48",
        "status_id": 1,
        "status": "Connected",
        "is_public": true,
        "is_anchor": false,
        "tags": [
          "Fibre",
          "IPv4",
          "IPv6",
          "Native IPv4",
          "Native IPv6",
          "No NAT",
          "Office",
          "dual-stack",
          "system: IPv4 Capable",
          "system: IPv4 Stable 1d",
          "system: IPv4 Stable 30d",
          "system: IPv4 Works",
          "system: IPv6 Capable",
          "system: IPv6 Stable 1d",
          "system: IPv6 Stable 30d",
          "system: IPv6 Works",
          "system: Resolves A Correctly",
          "system: Resolves AAAA Correctly",
          "system: V1"
        ],
        "first_connected": 1312303804,
        "last_connected": 1791379929,
        "source": "RIPE Atlas",
        "evidence_type": "OBSERVED",
        "location_accuracy": "OBFUSCATED"
      }
    },
    {
      "type": "Feature",
      "id": "ripe-probe-1428",
      "geometry": {
        "type": "Point",
        "coordinates": [
          2.1485,
          48.8915
        ]
      },
      "properties": {
        "id": "ripe-probe-1428",
        "probe_id": 1428,
        "node_type": "ripe_atlas_probe",
        "description": "Free FTTH",
        "country_code": "FR",
        "asn_v4": 12322,
        "asn_v6": null,
        "prefix_v4": "82.64.0.0/14",
        "prefix_v6": null,
        "status_id": 1,
        "status": "Connected",
        "is_public": true,
        "is_anchor": false,
        "tags": [
          "Fibre",
          "IPv4",
          "NAT",
          "Office",
          "system: IPv4 Capable",
          "system: IPv4 RFC1918",
          "system: IPv4 Stable 1d",
          "system: IPv4 Stable 30d",
          "system: IPv4 Stable 90d",
          "system: IPv4 Works",
          "system: Resolves A Correctly",
          "system: Resolves AAAA Correctly",
          "system: V1"
        ],
        "first_connected": 1319706297,
        "last_connected": 1791379929,
        "source": "RIPE Atlas",
        "evidence_type": "OBSERVED",
        "location_accuracy": "OBFUSCATED"
      }
    },
    {
      "type": "Feature",
      "id": "ripe-probe-1498",
      "geometry": {
        "type": "Point",
        "coordinates": [
          2.1215,
          48.8915
        ]
      },
      "properties": {
        "id": "ripe-probe-1498",
        "probe_id": 1498,
        "node_type": "ripe_atlas_probe",
        "description": "Free FTTH",
        "country_code": "FR",
        "asn_v4": 12322,
        "asn_v6": null,
        "prefix_v4": "82.64.0.0/14",
        "prefix_v6": null,
        "status_id": 1,
        "status": "Connected",
        "is_public": true,
        "is_anchor": false,
        "tags": [
          "Fibre",
          "Home",
          "IPv4",
          "IPv6",
          "NAT",
          "system: IPv4 Capable",
          "system: IPv4 RFC1918",
          "system: IPv4 Stable 1d",
          "system: IPv4 Stable 30d",
          "system: IPv4 Works",
          "system: V1"
        ],
        "first_connected": 1319706404,
        "last_connected": 1791379929,
        "source": "RIPE Atlas",
        "evidence_type": "OBSERVED",
        "location_accuracy": "OBFUSCATED"
      }
    },
    {
      "type": "Feature",
      "id": "ripe-probe-2474",
      "geometry": {
        "type": "Point",
        "coordinates": [
          2.3505,
          48.8595
        ]
      },
      "properties": {
        "id": "ripe-probe-2474",
        "probe_id": 2474,
        "node_type": "ripe_atlas_probe",
        "description": "Ionut Probe 1",
        "country_code": "FR",
        "asn_v4": 3215,
        "asn_v6": 3215,
        "prefix_v4": "90.26.0.0/17",
        "prefix_v6": "2a01:cb00::/30",
        "status_id": 1,
        "status": "Connected",
        "is_public": false,
        "is_anchor": false,
        "tags": [
          "Fibre",
          "Home",
          "NAT",
          "Orange",
          "stcloud",
          "system: IPv4 Capable",
          "system: IPv4 RFC1918",
          "system: IPv6 Capable",
          "system: V2"
        ],
        "first_connected": 1330071681,
        "last_connected": 1791379929,
        "source": "RIPE Atlas",
        "evidence_type": "OBSERVED",
        "location_accuracy": "OBFUSCATED"
      }
    },
    {
      "type": "Feature",
      "id": "ripe-probe-2783",
      "geometry": {
        "type": "Point",
        "coordinates": [
          2.2715,
          48.7785
        ]
      },
      "properties": {
        "id": "ripe-probe-2783",
        "probe_id": 2783,
        "node_type": "ripe_atlas_probe",
        "description": "",
        "country_code": "FR",
        "asn_v4": 3215,
        "asn_v6": 3215,
        "prefix_v4": "90.91.0.0/16",
        "prefix_v6": "2a01:cb00::/30",
        "status_id": 1,
        "status": "Connected",
        "is_public": false,
        "is_anchor": false,
        "tags": [
          "Home",
          "NAT",
          "system: IPv4 Capable",
          "system: IPv4 RFC1918",
          "system: IPv6 Capable",
          "system: V2"
        ],
        "first_connected": 1333567514,
        "last_connected": 1791379929,
        "source": "RIPE Atlas",
        "evidence_type": "OBSERVED",
        "location_accuracy": "OBFUSCATED"
      }
    },
    {
      "type": "Feature",
      "id": "ripe-probe-6333",
      "geometry": {
        "type": "Point",
        "coordinates": [
          2.3785,
          48.8585
        ]
      },
      "properties": {
        "id": "ripe-probe-6333",
        "probe_id": 6333,
        "node_type": "ripe_atlas_probe",
        "description": "Association Gitoyen",
        "country_code": "FR",
        "asn_v4": 20766,
        "asn_v6": 20766,
        "prefix_v4": "80.67.160.0/19",
        "prefix_v6": "2001:910::/32",
        "status_id": 1,
        "status": "Connected",
        "is_public": true,
        "is_anchor": true,
        "tags": [
          "Datacentre",
          "Fibre",
          "IPv4",
          "IPv6",
          "Multihomed",
          "Native IPv4",
          "Native IPv6",
          "No NAT",
          "probe v3",
          "system: Anchor",
          "system: IPv4 Capable",
          "system: IPv4 Stable 1d",
          "system: IPv4 Stable 30d",
          "system: IPv4 Stable 90d",
          "system: IPv4 Works",
          "system: IPv6 Capable",
          "system: IPv6 Stable 1d",
          "system: IPv6 Stable 30d",
          "system: IPv6 Stable 90d",
          "system: IPv6 Works",
          "system: Resolves A Correctly",
          "system: Resolves AAAA Correctly",
          "system: V3 PC Engines"
        ],
        "first_connected": 1516013713,
        "last_connected": 1791379929,
        "source": "RIPE Atlas",
        "evidence_type": "OBSERVED",
        "location_accuracy": "OBFUSCATED"
      }
    },
    {
      "type": "Feature",
      "id": "ripe-probe-6363",
      "geometry": {
        "type": "Point",
        "coordinates": [
          2.3505,
          48.9285
        ]
      },
      "properties": {
        "id": "ripe-probe-6363",
        "probe_id": 6363,
        "node_type": "ripe_atlas_probe",
        "description": "Gandi SAS",
        "country_code": "FR",
        "asn_v4": 29169,
        "asn_v6": 29169,
        "prefix_v4": "217.70.176.0/20",
        "prefix_v6": "2001:4b98::/32",
        "status_id": 1,
        "status": "Connected",
        "is_public": true,
        "is_anchor": true,
        "tags": [
          "Core",
          "Datacentre",
          "Fibre",
          "IPv4",
          "IPv6",
          "NOC",
          "Native IPv6",
          "No NAT",
          "iwantbcp38compliancetesting",
          "system: Anchor",
          "system: IPv4 Capable",
          "system: IPv4 Stable 1d",
          "system: IPv4 Stable 30d",
          "system: IPv4 Stable 90d",
          "system: IPv4 Works",
          "system: IPv6 Capable",
          "system: IPv6 Stable 1d",
          "system: IPv6 Stable 30d",
          "system: IPv6 Stable 90d",
          "system: IPv6 Works",
          "system: Resolves A Correctly",
          "system: Resolves AAAA Correctly",
          "system: V3 PC Engines"
        ],
        "first_connected": 1528794889,
        "last_connected": 1791379929,
        "source": "RIPE Atlas",
        "evidence_type": "OBSERVED",
        "location_accuracy": "OBFUSCATED"
      }
    },
    {
      "type": "Feature",
      "id": "ripe-probe-6513",
      "geometry": {
        "type": "Point",
        "coordinates": [
          2.2075,
          48.8885
        ]
      },
      "properties": {
        "id": "ripe-probe-6513",
        "probe_id": 6513,
        "node_type": "ripe_atlas_probe",
        "description": "Netrix SAS",
        "country_code": "FR",
        "asn_v4": 62000,
        "asn_v6": 62000,
        "prefix_v4": "89.234.180.0/22",
        "prefix_v6": "2a07:abc0::/29",
        "status_id": 1,
        "status": "Connected",
        "is_public": true,
        "is_anchor": true,
        "tags": [
          "system: Anchor",
          "system: IPv4 Capable",
          "system: IPv4 Stable 1d",
          "system: IPv4 Stable 30d",
          "system: IPv4 Stable 90d",
          "system: IPv4 Works",
          "system: IPv6 Capable",
          "system: IPv6 Stable 1d",
          "system: IPv6 Stable 30d",
          "system: IPv6 Stable 90d",
          "system: IPv6 Works",
          "system: Resolves A Correctly",
          "system: Resolves AAAA Correctly",
          "system: Virtual"
        ],
        "first_connected": 1551803134,
        "last_connected": 1791379929,
        "source": "RIPE Atlas",
        "evidence_type": "OBSERVED",
        "location_accuracy": "OBFUSCATED"
      }
    },
    {
      "type": "Feature",
      "id": "ripe-probe-6564",
      "geometry": {
        "type": "Point",
        "coordinates": [
          2.3705,
          48.9095
        ]
      },
      "properties": {
        "id": "ripe-probe-6564",
        "probe_id": 6564,
        "node_type": "ripe_atlas_probe",
        "description": "Vultr LLC",
        "country_code": "FR",
        "asn_v4": 20473,
        "asn_v6": 20473,
        "prefix_v4": "199.247.8.0/21",
        "prefix_v6": "2a05:f480:1c00::/38",
        "status_id": 1,
        "status": "Connected",
        "is_public": true,
        "is_anchor": true,
        "tags": [
          "system: Anchor",
          "system: IPv4 Capable",
          "system: IPv4 Stable 1d",
          "system: IPv4 Stable 30d",
          "system: IPv4 Stable 90d",
          "system: IPv4 Works",
          "system: IPv6 Capable",
          "system: IPv6 Stable 1d",
          "system: IPv6 Stable 30d",
          "system: IPv6 Stable 90d",
          "system: IPv6 Works",
          "system: Resolves A Correctly",
          "system: Resolves AAAA Correctly",
          "system: Virtual"
        ],
        "first_connected": 1560458146,
        "last_connected": 1791379929,
        "source": "RIPE Atlas",
        "evidence_type": "OBSERVED",
        "location_accuracy": "OBFUSCATED"
      }
    },
    {
      "type": "Feature",
      "id": "ripe-probe-6666",
      "geometry": {
        "type": "Point",
        "coordinates": [
          2.3605,
          48.8805
        ]
      },
      "properties": {
        "id": "ripe-probe-6666",
        "probe_id": 6666,
        "node_type": "ripe_atlas_probe",
        "description": "G-Core Labs S.A.",
        "country_code": "FR",
        "asn_v4": 202422,
        "asn_v6": 199524,
        "prefix_v4": "5.188.93.0/24",
        "prefix_v6": "2a03:90c0:1d0::/44",
        "status_id": 1,
        "status": "Connected",
        "is_public": true,
        "is_anchor": true,
        "tags": [
          "system: Anchor",
          "system: IPv4 Capable",
          "system: IPv4 Stable 1d",
          "system: IPv4 Stable 30d",
          "system: IPv4 Stable 90d",
          "system: IPv4 Works",
          "system: IPv6 Capable",
          "system: IPv6 Stable 1d",
          "system: IPv6 Stable 30d",
          "system: IPv6 Stable 90d",
          "system: IPv6 Works",
          "system: Resolves A Correctly",
          "system: Resolves AAAA Correctly",
          "system: Virtual"
        ],
        "first_connected": 1574526870,
        "last_connected": 1791379929,
        "source": "RIPE Atlas",
        "evidence_type": "OBSERVED",
        "location_accuracy": "OBFUSCATED"
      }
    },
    {
      "type": "Feature",
      "id": "ripe-probe-6728",
      "geometry": {
        "type": "Point",
        "coordinates": [
          2.3985,
          48.8215
        ]
      },
      "properties": {
        "id": "ripe-probe-6728",
        "probe_id": 6728,
        "node_type": "ripe_atlas_probe",
        "description": "Hivane",
        "country_code": "FR",
        "asn_v4": 34019,
        "asn_v6": 34019,
        "prefix_v4": "193.17.192.0/24",
        "prefix_v6": "2001:67c:1740::/48",
        "status_id": 1,
        "status": "Connected",
        "is_public": true,
        "is_anchor": true,
        "tags": [
          "Core",
          "Datacentre",
          "IPv4",
          "IPv6",
          "ISP",
          "Multihomed",
          "Native IPv4",
          "Native IPv6",
          "No NAT",
          "dual-stack",
          "system: Anchor",
          "system: IPv4 Capable",
          "system: IPv4 Stable 1d",
          "system: IPv4 Stable 30d",
          "system: IPv4 Stable 90d",
          "system: IPv4 Works",
          "system: IPv6 Capable",
          "system: IPv6 Stable 1d",
          "system: IPv6 Stable 30d",
          "system: IPv6 Stable 90d",
          "system: IPv6 Works",
          "system: Resolves A Correctly",
          "system: Resolves AAAA Correctly",
          "system: Virtual"
        ],
        "first_connected": 1580214324,
        "last_connected": 1791379929,
        "source": "RIPE Atlas",
        "evidence_type": "OBSERVED",
        "location_accuracy": "OBFUSCATED"
      }
    },
    {
      "type": "Feature",
      "id": "ripe-probe-6817",
      "geometry": {
        "type": "Point",
        "coordinates": [
          2.4075,
          48.7905
        ]
      },
      "properties": {
        "id": "ripe-probe-6817",
        "probe_id": 6817,
        "node_type": "ripe_atlas_probe",
        "description": "online.net",
        "country_code": "FR",
        "asn_v4": 12876,
        "asn_v6": 12876,
        "prefix_v4": "51.158.0.0/15",
        "prefix_v6": "2001:bc8::/32",
        "status_id": 1,
        "status": "Connected",
        "is_public": true,
        "is_anchor": true,
        "tags": [
          "Datacentre",
          "Fibre",
          "IPv4",
          "IPv6",
          "Multihomed",
          "No NAT",
          "dual-stack",
          "system: Anchor",
          "system: IPv4 Capable",
          "system: IPv4 Stable 1d",
          "system: IPv4 Stable 30d",
          "system: IPv4 Stable 90d",
          "system: IPv4 Works",
          "system: IPv6 Capable",
          "system: IPv6 Stable 1d",
          "system: IPv6 Stable 30d",
          "system: IPv6 Stable 90d",
          "system: IPv6 Works",
          "system: Resolves A Correctly",
          "system: Resolves AAAA Correctly",
          "system: Virtual"
        ],
        "first_connected": 1593562950,
        "last_connected": 1791379929,
        "source": "RIPE Atlas",
        "evidence_type": "OBSERVED",
        "location_accuracy": "OBFUSCATED"
      }
    },
    {
      "type": "Feature",
      "id": "ripe-probe-6830",
      "geometry": {
        "type": "Point",
        "coordinates": [
          2.3785,
          48.8575
        ]
      },
      "properties": {
        "id": "ripe-probe-6830",
        "probe_id": 6830,
        "node_type": "ripe_atlas_probe",
        "description": "AFNIC",
        "country_code": "FR",
        "asn_v4": 2486,
        "asn_v6": 2486,
        "prefix_v4": "192.134.0.0/22",
        "prefix_v6": "2001:67c:217c::/48",
        "status_id": 1,
        "status": "Connected",
        "is_public": true,
        "is_anchor": true,
        "tags": [
          "Academic",
          "Datacentre",
          "Fibre",
          "IPv4",
          "IPv6",
          "IXP",
          "Native IPv4",
          "Native IPv6",
          "probe v3",
          "system: Anchor",
          "system: IPv4 Capable",
          "system: IPv4 Stable 1d",
          "system: IPv4 Stable 30d",
          "system: IPv4 Stable 90d",
          "system: IPv4 Works",
          "system: IPv6 Capable",
          "system: IPv6 Stable 1d",
          "system: IPv6 Stable 30d",
          "system: IPv6 Stable 90d",
          "system: IPv6 Works",
          "system: Resolves A Correctly",
          "system: Resolves AAAA Correctly",
          "system: V3 PC Engines"
        ],
        "first_connected": 1595607737,
        "last_connected": 1791379929,
        "source": "RIPE Atlas",
        "evidence_type": "OBSERVED",
        "location_accuracy": "OBFUSCATED"
      }
    },
    {
      "type": "Feature",
      "id": "ripe-probe-6846",
      "geometry": {
        "type": "Point",
        "coordinates": [
          2.3495,
          48.9305
        ]
      },
      "properties": {
        "id": "ripe-probe-6846",
        "probe_id": 6846,
        "node_type": "ripe_atlas_probe",
        "description": "Claranet",
        "country_code": "FR",
        "asn_v4": 8426,
        "asn_v6": 8426,
        "prefix_v4": "89.185.32.0/19",
        "prefix_v6": "2001:a70::/32",
        "status_id": 1,
        "status": "Connected",
        "is_public": true,
        "is_anchor": true,
        "tags": [
          "system: Anchor",
          "system: IPv4 Capable",
          "system: IPv4 Stable 1d",
          "system: IPv4 Stable 30d",
          "system: IPv4 Stable 90d",
          "system: IPv4 Works",
          "system: IPv6 Capable",
          "system: IPv6 Stable 1d",
          "system: IPv6 Stable 30d",
          "system: IPv6 Stable 90d",
          "system: IPv6 Works",
          "system: Resolves A Correctly",
          "system: Resolves AAAA Correctly",
          "system: V3 PC Engines"
        ],
        "first_connected": 1598358056,
        "last_connected": 1791379929,
        "source": "RIPE Atlas",
        "evidence_type": "OBSERVED",
        "location_accuracy": "OBFUSCATED"
      }
    },
    {
      "type": "Feature",
      "id": "ripe-probe-6874",
      "geometry": {
        "type": "Point",
        "coordinates": [
          2.2905,
          48.8695
        ]
      },
      "properties": {
        "id": "ripe-probe-6874",
        "probe_id": 6874,
        "node_type": "ripe_atlas_probe",
        "description": "GEANT",
        "country_code": "FR",
        "asn_v4": 20965,
        "asn_v6": 20965,
        "prefix_v4": "83.97.92.0/22",
        "prefix_v6": "2001:798::/32",
        "status_id": 1,
        "status": "Connected",
        "is_public": true,
        "is_anchor": true,
        "tags": [
          "system: Anchor",
          "system: IPv4 Capable",
          "system: IPv4 Stable 1d",
          "system: IPv4 Stable 30d",
          "system: IPv4 Stable 90d",
          "system: IPv4 Works",
          "system: IPv6 Capable",
          "system: IPv6 Stable 1d",
          "system: IPv6 Stable 30d",
          "system: IPv6 Stable 90d",
          "system: IPv6 Works",
          "system: Resolves A Correctly",
          "system: Resolves AAAA Correctly",
          "system: Virtual"
        ],
        "first_connected": 1601915021,
        "last_connected": 1791379929,
        "source": "RIPE Atlas",
        "evidence_type": "OBSERVED",
        "location_accuracy": "OBFUSCATED"
      }
    },
    {
      "type": "Feature",
      "id": "ripe-probe-6921",
      "geometry": {
        "type": "Point",
        "coordinates": [
          2.3485,
          48.9275
        ]
      },
      "properties": {
        "id": "ripe-probe-6921",
        "probe_id": 6921,
        "node_type": "ripe_atlas_probe",
        "description": "Gandi SAS",
        "country_code": "FR",
        "asn_v4": 203476,
        "asn_v6": 29169,
        "prefix_v4": "92.243.0.0/19",
        "prefix_v6": "2001:4b98::/32",
        "status_id": 1,
        "status": "Connected",
        "is_public": true,
        "is_anchor": true,
        "tags": [
          "system: Anchor",
          "system: IPv4 Capable",
          "system: IPv4 Stable 1d",
          "system: IPv4 Stable 30d",
          "system: IPv4 Stable 90d",
          "system: IPv4 Works",
          "system: IPv6 Capable",
          "system: IPv6 Stable 1d",
          "system: IPv6 Stable 30d",
          "system: IPv6 Stable 90d",
          "system: IPv6 Works",
          "system: Resolves A Correctly",
          "system: Resolves AAAA Correctly",
          "system: V3 PC Engines"
        ],
        "first_connected": 1608675951,
        "last_connected": 1791379929,
        "source": "RIPE Atlas",
        "evidence_type": "OBSERVED",
        "location_accuracy": "OBFUSCATED"
      }
    },
    {
      "type": "Feature",
      "id": "ripe-probe-6960",
      "geometry": {
        "type": "Point",
        "coordinates": [
          2.3505,
          48.9275
        ]
      },
      "properties": {
        "id": "ripe-probe-6960",
        "probe_id": 6960,
        "node_type": "ripe_atlas_probe",
        "description": "DECKNET S.A.R.L.",
        "country_code": "FR",
        "asn_v4": 29152,
        "asn_v6": 29152,
        "prefix_v4": "195.80.157.0/24",
        "prefix_v6": "2a00:1b11:116::/48",
        "status_id": 1,
        "status": "Connected",
        "is_public": true,
        "is_anchor": true,
        "tags": [
          "system: Anchor",
          "system: IPv4 Capable",
          "system: IPv4 Stable 1d",
          "system: IPv4 Stable 30d",
          "system: IPv4 Stable 90d",
          "system: IPv4 Works",
          "system: IPv6 Capable",
          "system: IPv6 Stable 1d",
          "system: IPv6 Stable 30d",
          "system: IPv6 Stable 90d",
          "system: IPv6 Works",
          "system: Resolves A Correctly",
          "system: Resolves AAAA Correctly",
          "system: V3 PC Engines"
        ],
        "first_connected": 1616883784,
        "last_connected": 1791379929,
        "source": "RIPE Atlas",
        "evidence_type": "OBSERVED",
        "location_accuracy": "OBFUSCATED"
      }
    },
    {
      "type": "Feature",
      "id": "ripe-probe-6981",
      "geometry": {
        "type": "Point",
        "coordinates": [
          2.3515,
          48.9275
        ]
      },
      "properties": {
        "id": "ripe-probe-6981",
        "probe_id": 6981,
        "node_type": "ripe_atlas_probe",
        "description": "DigiCert",
        "country_code": "FR",
        "asn_v4": 16552,
        "asn_v6": 16552,
        "prefix_v4": "156.154.78.0/24",
        "prefix_v6": "2610:a1:3030::/48",
        "status_id": 1,
        "status": "Connected",
        "is_public": true,
        "is_anchor": true,
        "tags": [
          "system: Anchor",
          "system: IPv4 Capable",
          "system: IPv4 Stable 1d",
          "system: IPv4 Stable 30d",
          "system: IPv4 Stable 90d",
          "system: IPv4 Works",
          "system: IPv6 Capable",
          "system: IPv6 Doesn't Work",
          "system: IPv6 Stable 1d",
          "system: IPv6 Stable 30d",
          "system: IPv6 Stable 90d",
          "system: Resolves A Correctly",
          "system: Resolves AAAA Correctly",
          "system: Virtual"
        ],
        "first_connected": 1618719767,
        "last_connected": 1791379929,
        "source": "RIPE Atlas",
        "evidence_type": "OBSERVED",
        "location_accuracy": "OBFUSCATED"
      }
    },
    {
      "type": "Feature",
      "id": "ripe-probe-7042",
      "geometry": {
        "type": "Point",
        "coordinates": [
          2.3695,
          48.9085
        ]
      },
      "properties": {
        "id": "ripe-probe-7042",
        "probe_id": 7042,
        "node_type": "ripe_atlas_probe",
        "description": "Infoclip",
        "country_code": "FR",
        "asn_v4": 24776,
        "asn_v6": 24776,
        "prefix_v4": "217.25.176.0/20",
        "prefix_v6": "2001:1650::/29",
        "status_id": 1,
        "status": "Connected",
        "is_public": true,
        "is_anchor": true,
        "tags": [
          "system: Anchor",
          "system: IPv4 Capable",
          "system: IPv4 Stable 1d",
          "system: IPv4 Stable 30d",
          "system: IPv4 Stable 90d",
          "system: IPv4 Works",
          "system: IPv6 Capable",
          "system: IPv6 Stable 1d",
          "system: IPv6 Stable 30d",
          "system: IPv6 Stable 90d",
          "system: IPv6 Works",
          "system: Resolves A Correctly",
          "system: Resolves AAAA Correctly",
          "system: V3 PC Engines"
        ],
        "first_connected": 1635265267,
        "last_connected": 1791379929,
        "source": "RIPE Atlas",
        "evidence_type": "OBSERVED",
        "location_accuracy": "OBFUSCATED"
      }
    },
    {
      "type": "Feature",
      "id": "ripe-probe-7067",
      "geometry": {
        "type": "Point",
        "coordinates": [
          2.3505,
          48.9305
        ]
      },
      "properties": {
        "id": "ripe-probe-7067",
        "probe_id": 7067,
        "node_type": "ripe_atlas_probe",
        "description": "Celya",
        "country_code": "FR",
        "asn_v4": 203596,
        "asn_v6": 203596,
        "prefix_v4": "185.122.101.0/24",
        "prefix_v6": "2a06:a400::/29",
        "status_id": 1,
        "status": "Connected",
        "is_public": true,
        "is_anchor": true,
        "tags": [
          "system: Anchor",
          "system: IPv4 Capable",
          "system: IPv4 Stable 1d",
          "system: IPv4 Stable 30d",
          "system: IPv4 Stable 90d",
          "system: IPv4 Works",
          "system: IPv6 Capable",
          "system: IPv6 Stable 1d",
          "system: IPv6 Stable 30d",
          "system: IPv6 Stable 90d",
          "system: IPv6 Works",
          "system: Resolves A Correctly",
          "system: Resolves AAAA Correctly",
          "system: Virtual"
        ],
        "first_connected": 1643739712,
        "last_connected": 1791379929,
        "source": "RIPE Atlas",
        "evidence_type": "OBSERVED",
        "location_accuracy": "OBFUSCATED"
      }
    },
    {
      "type": "Feature",
      "id": "ripe-probe-7134",
      "geometry": {
        "type": "Point",
        "coordinates": [
          2.3685,
          48.9095
        ]
      },
      "properties": {
        "id": "ripe-probe-7134",
        "probe_id": 7134,
        "node_type": "ripe_atlas_probe",
        "description": "Enix",
        "country_code": "FR",
        "asn_v4": 48813,
        "asn_v6": 48813,
        "prefix_v4": "193.19.208.0/22",
        "prefix_v6": "2a07:4b00::/29",
        "status_id": 1,
        "status": "Connected",
        "is_public": true,
        "is_anchor": true,
        "tags": [
          "system: Anchor",
          "system: IPv4 Capable",
          "system: IPv4 Stable 1d",
          "system: IPv4 Stable 30d",
          "system: IPv4 Stable 90d",
          "system: IPv4 Works",
          "system: IPv6 Capable",
          "system: IPv6 Stable 1d",
          "system: IPv6 Stable 30d",
          "system: IPv6 Stable 90d",
          "system: IPv6 Works",
          "system: Resolves A Correctly",
          "system: Resolves AAAA Correctly",
          "system: Virtual"
        ],
        "first_connected": 1663683649,
        "last_connected": 1791379929,
        "source": "RIPE Atlas",
        "evidence_type": "OBSERVED",
        "location_accuracy": "OBFUSCATED"
      }
    },
    {
      "type": "Feature",
      "id": "ripe-probe-7146",
      "geometry": {
        "type": "Point",
        "coordinates": [
          2.3795,
          48.7805
        ]
      },
      "properties": {
        "id": "ripe-probe-7146",
        "probe_id": 7146,
        "node_type": "ripe_atlas_probe",
        "description": "IELO-Liazo services",
        "country_code": "FR",
        "asn_v4": 29075,
        "asn_v6": 29075,
        "prefix_v4": "85.118.32.0/19",
        "prefix_v6": "2a00:1b88::/32",
        "status_id": 1,
        "status": "Connected",
        "is_public": true,
        "is_anchor": true,
        "tags": [
          "Datacentre",
          "Fibre",
          "IPv4",
          "IPv6",
          "ISP",
          "Multihomed",
          "No NAT",
          "dual-stack",
          "system: Anchor",
          "system: IPv4 Capable",
          "system: IPv4 Stable 1d",
          "system: IPv4 Stable 30d",
          "system: IPv4 Stable 90d",
          "system: IPv4 Works",
          "system: IPv6 Capable",
          "system: IPv6 Stable 1d",
          "system: IPv6 Stable 30d",
          "system: IPv6 Stable 90d",
          "system: IPv6 Works",
          "system: Resolves A Correctly",
          "system: Resolves AAAA Correctly",
          "system: Virtual"
        ],
        "first_connected": 1667398832,
        "last_connected": 1791379929,
        "source": "RIPE Atlas",
        "evidence_type": "OBSERVED",
        "location_accuracy": "OBFUSCATED"
      }
    },
    {
      "type": "Feature",
      "id": "ripe-probe-7202",
      "geometry": {
        "type": "Point",
        "coordinates": [
          2.3875,
          48.8585
        ]
      },
      "properties": {
        "id": "ripe-probe-7202",
        "probe_id": 7202,
        "node_type": "ripe_atlas_probe",
        "description": "Criteo",
        "country_code": "FR",
        "asn_v4": 44788,
        "asn_v6": 44788,
        "prefix_v4": "178.250.7.0/24",
        "prefix_v6": "2a02:2638:d::/48",
        "status_id": 1,
        "status": "Connected",
        "is_public": true,
        "is_anchor": true,
        "tags": [
          "system: Anchor",
          "system: IPv4 Capable",
          "system: IPv4 Stable 1d",
          "system: IPv4 Stable 30d",
          "system: IPv4 Stable 90d",
          "system: IPv4 Works",
          "system: IPv6 Capable",
          "system: IPv6 Stable 1d",
          "system: IPv6 Stable 30d",
          "system: IPv6 Stable 90d",
          "system: IPv6 Works",
          "system: Resolves A Correctly",
          "system: Resolves AAAA Correctly",
          "system: Virtual"
        ],
        "first_connected": 1680647629,
        "last_connected": 1791379929,
        "source": "RIPE Atlas",
        "evidence_type": "OBSERVED",
        "location_accuracy": "OBFUSCATED"
      }
    },
    {
      "type": "Feature",
      "id": "ripe-probe-7286",
      "geometry": {
        "type": "Point",
        "coordinates": [
          2.2115,
          48.7905
        ]
      },
      "properties": {
        "id": "ripe-probe-7286",
        "probe_id": 7286,
        "node_type": "ripe_atlas_probe",
        "description": "DSCW",
        "country_code": "FR",
        "asn_v4": 209428,
        "asn_v6": 209428,
        "prefix_v4": "91.206.229.0/24",
        "prefix_v6": "2a09:5ec0::/29",
        "status_id": 1,
        "status": "Connected",
        "is_public": true,
        "is_anchor": true,
        "tags": [
          "system: Anchor",
          "system: IPv4 Capable",
          "system: IPv4 Stable 1d",
          "system: IPv4 Stable 30d",
          "system: IPv4 Stable 90d",
          "system: IPv4 Works",
          "system: IPv6 Capable",
          "system: IPv6 Stable 1d",
          "system: IPv6 Stable 30d",
          "system: IPv6 Stable 90d",
          "system: IPv6 Works",
          "system: Resolves A Correctly",
          "system: Resolves AAAA Correctly",
          "system: Virtual"
        ],
        "first_connected": 1699626258,
        "last_connected": 1791379929,
        "source": "RIPE Atlas",
        "evidence_type": "OBSERVED",
        "location_accuracy": "OBFUSCATED"
      }
    },
    {
      "type": "Feature",
      "id": "ripe-probe-7497",
      "geometry": {
        "type": "Point",
        "coordinates": [
          2.4215,
          48.9005
        ]
      },
      "properties": {
        "id": "ripe-probe-7497",
        "probe_id": 7497,
        "node_type": "ripe_atlas_probe",
        "description": "Computacenter France",
        "country_code": "FR",
        "asn_v4": 5436,
        "asn_v6": null,
        "prefix_v4": "212.121.160.0/19",
        "prefix_v6": null,
        "status_id": 1,
        "status": "Connected",
        "is_public": true,
        "is_anchor": true,
        "tags": [
          "system: Anchor",
          "system: IPv4 Capable",
          "system: IPv4 Stable 1d",
          "system: IPv4 Stable 30d",
          "system: IPv4 Stable 90d",
          "system: IPv4 Works",
          "system: Resolves A Correctly",
          "system: Resolves AAAA Correctly",
          "system: Virtual"
        ],
        "first_connected": 1742552524,
        "last_connected": 1791379929,
        "source": "RIPE Atlas",
        "evidence_type": "OBSERVED",
        "location_accuracy": "OBFUSCATED"
      }
    },
    {
      "type": "Feature",
      "id": "ripe-probe-7598",
      "geometry": {
        "type": "Point",
        "coordinates": [
          2.3515,
          48.9315
        ]
      },
      "properties": {
        "id": "ripe-probe-7598",
        "probe_id": 7598,
        "node_type": "ripe_atlas_probe",
        "description": "Keyyo",
        "country_code": "FR",
        "asn_v4": 34659,
        "asn_v6": 34659,
        "prefix_v4": "83.136.160.0/21",
        "prefix_v6": "2a00:1db8::/29",
        "status_id": 1,
        "status": "Connected",
        "is_public": true,
        "is_anchor": true,
        "tags": [
          "system: Anchor",
          "system: IPv4 Capable",
          "system: IPv4 Stable 1d",
          "system: IPv4 Stable 30d",
          "system: IPv4 Stable 90d",
          "system: IPv4 Works",
          "system: IPv6 Capable",
          "system: IPv6 Stable 1d",
          "system: IPv6 Stable 30d",
          "system: IPv6 Stable 90d",
          "system: IPv6 Works",
          "system: Resolves A Correctly",
          "system: Resolves AAAA Correctly",
          "system: Virtual"
        ],
        "first_connected": 1756830072,
        "last_connected": 1791379929,
        "source": "RIPE Atlas",
        "evidence_type": "OBSERVED",
        "location_accuracy": "OBFUSCATED"
      }
    },
    {
      "type": "Feature",
      "id": "ripe-probe-7601",
      "geometry": {
        "type": "Point",
        "coordinates": [
          2.3475,
          48.9275
        ]
      },
      "properties": {
        "id": "ripe-probe-7601",
        "probe_id": 7601,
        "node_type": "ripe_atlas_probe",
        "description": "SAS SOLUTIONS INFORMATIQUES SERVICES",
        "country_code": "FR",
        "asn_v4": 50858,
        "asn_v6": 50858,
        "prefix_v4": "178.22.128.0/21",
        "prefix_v6": "2a00:1e70::/32",
        "status_id": 1,
        "status": "Connected",
        "is_public": true,
        "is_anchor": true,
        "tags": [
          "system: Anchor",
          "system: IPv4 Capable",
          "system: IPv4 Stable 1d",
          "system: IPv4 Stable 30d",
          "system: IPv4 Stable 90d",
          "system: IPv4 Works",
          "system: IPv6 Capable",
          "system: IPv6 Stable 1d",
          "system: IPv6 Stable 30d",
          "system: IPv6 Stable 90d",
          "system: IPv6 Works",
          "system: Resolves A Correctly",
          "system: Resolves AAAA Correctly",
          "system: Virtual"
        ],
        "first_connected": 1757686884,
        "last_connected": 1791379929,
        "source": "RIPE Atlas",
        "evidence_type": "OBSERVED",
        "location_accuracy": "OBFUSCATED"
      }
    },
    {
      "type": "Feature",
      "id": "ripe-probe-7604",
      "geometry": {
        "type": "Point",
        "coordinates": [
          2.3575,
          48.9095
        ]
      },
      "properties": {
        "id": "ripe-probe-7604",
        "probe_id": 7604,
        "node_type": "ripe_atlas_probe",
        "description": "Naitways",
        "country_code": "FR",
        "asn_v4": 57119,
        "asn_v6": 57119,
        "prefix_v4": "149.62.152.0/21",
        "prefix_v6": "2a02:7680::/32",
        "status_id": 1,
        "status": "Connected",
        "is_public": true,
        "is_anchor": true,
        "tags": [
          "system: Anchor",
          "system: IPv4 Capable",
          "system: IPv4 Stable 1d",
          "system: IPv4 Stable 30d",
          "system: IPv4 Stable 90d",
          "system: IPv4 Works",
          "system: IPv6 Capable",
          "system: IPv6 Stable 1d",
          "system: IPv6 Stable 30d",
          "system: IPv6 Stable 90d",
          "system: IPv6 Works",
          "system: Resolves A Correctly",
          "system: Resolves AAAA Correctly",
          "system: Virtual"
        ],
        "first_connected": 1757960567,
        "last_connected": 1791379929,
        "source": "RIPE Atlas",
        "evidence_type": "OBSERVED",
        "location_accuracy": "OBFUSCATED"
      }
    },
    {
      "type": "Feature",
      "id": "ripe-probe-7671",
      "geometry": {
        "type": "Point",
        "coordinates": [
          2.2605,
          48.8975
        ]
      },
      "properties": {
        "id": "ripe-probe-7671",
        "probe_id": 7671,
        "node_type": "ripe_atlas_probe",
        "description": "SEWAN",
        "country_code": "FR",
        "asn_v4": 8399,
        "asn_v6": 8399,
        "prefix_v4": "217.74.96.0/20",
        "prefix_v6": "2a02:c440::/29",
        "status_id": 1,
        "status": "Connected",
        "is_public": true,
        "is_anchor": true,
        "tags": [
          "system: Anchor",
          "system: IPv4 Capable",
          "system: IPv4 Stable 1d",
          "system: IPv4 Stable 30d",
          "system: IPv4 Stable 90d",
          "system: IPv4 Works",
          "system: IPv6 Capable",
          "system: IPv6 Stable 1d",
          "system: IPv6 Stable 30d",
          "system: IPv6 Stable 90d",
          "system: IPv6 Works",
          "system: Resolves A Correctly",
          "system: Resolves AAAA Correctly",
          "system: Virtual"
        ],
        "first_connected": 1765794113,
        "last_connected": 1791379929,
        "source": "RIPE Atlas",
        "evidence_type": "OBSERVED",
        "location_accuracy": "OBFUSCATED"
      }
    },
    {
      "type": "Feature",
      "id": "ripe-probe-7676",
      "geometry": {
        "type": "Point",
        "coordinates": [
          2.3105,
          48.8605
        ]
      },
      "properties": {
        "id": "ripe-probe-7676",
        "probe_id": 7676,
        "node_type": "ripe_atlas_probe",
        "description": "The American University of Paris",
        "country_code": "FR",
        "asn_v4": 200259,
        "asn_v6": 200259,
        "prefix_v4": "195.189.176.0/24",
        "prefix_v6": "2001:67c:2ebc::/48",
        "status_id": 1,
        "status": "Connected",
        "is_public": true,
        "is_anchor": true,
        "tags": [
          "Fibre",
          "IPv4",
          "IPv6",
          "Multihomed",
          "Native IPv4",
          "Native IPv6",
          "No NAT",
          "UPS",
          "dual-stack",
          "system: Anchor",
          "system: IPv4 Capable",
          "system: IPv4 Stable 1d",
          "system: IPv4 Stable 30d",
          "system: IPv4 Stable 90d",
          "system: IPv4 Works",
          "system: IPv6 Capable",
          "system: IPv6 Stable 1d",
          "system: IPv6 Stable 30d",
          "system: IPv6 Stable 90d",
          "system: IPv6 Works",
          "system: Resolves A Correctly",
          "system: Resolves AAAA Correctly",
          "system: Virtual"
        ],
        "first_connected": 1766506926,
        "last_connected": 1791379929,
        "source": "RIPE Atlas",
        "evidence_type": "OBSERVED",
        "location_accuracy": "OBFUSCATED"
      }
    },
    {
      "type": "Feature",
      "id": "ripe-probe-7796",
      "geometry": {
        "type": "Point",
        "coordinates": [
          2.3115,
          48.8505
        ]
      },
      "properties": {
        "id": "ripe-probe-7796",
        "probe_id": 7796,
        "node_type": "ripe_atlas_probe",
        "description": "Packet Clearing House",
        "country_code": "FR",
        "asn_v4": 12322,
        "asn_v6": 12322,
        "prefix_v4": "82.64.0.0/14",
        "prefix_v6": "2a01:e0a:f20::/45",
        "status_id": 1,
        "status": "Connected",
        "is_public": true,
        "is_anchor": true,
        "tags": [
          "system: Anchor",
          "system: IPv4 Capable",
          "system: IPv4 Stable 1d",
          "system: IPv4 Stable 30d",
          "system: IPv4 Works",
          "system: IPv6 Capable",
          "system: IPv6 Stable 1d",
          "system: IPv6 Stable 30d",
          "system: IPv6 Works",
          "system: Resolves A Correctly",
          "system: Resolves AAAA Correctly"
        ],
        "first_connected": 1787588507,
        "last_connected": 1791379929,
        "source": "RIPE Atlas",
        "evidence_type": "OBSERVED",
        "location_accuracy": "OBFUSCATED"
      }
    },
    {
      "type": "Feature",
      "id": "ripe-probe-10797",
      "geometry": {
        "type": "Point",
        "coordinates": [
          2.3715,
          48.9105
        ]
      },
      "properties": {
        "id": "ripe-probe-10797",
        "probe_id": 10797,
        "node_type": "ripe_atlas_probe",
        "description": "Iguane Solutions PA6",
        "country_code": "FR",
        "asn_v4": 200271,
        "asn_v6": null,
        "prefix_v4": "185.255.84.0/22",
        "prefix_v6": null,
        "status_id": 1,
        "status": "Connected",
        "is_public": true,
        "is_anchor": false,
        "tags": [
          "Datacentre",
          "IPv4",
          "Multihomed",
          "NAT",
          "system: IPv4 Capable",
          "system: IPv4 RFC1918",
          "system: IPv4 Stable 1d",
          "system: IPv4 Stable 30d",
          "system: IPv4 Stable 90d",
          "system: IPv4 Works",
          "system: Resolves A Correctly",
          "system: Resolves AAAA Correctly",
          "system: V3"
        ],
        "first_connected": 1423590430,
        "last_connected": 1791379929,
        "source": "RIPE Atlas",
        "evidence_type": "OBSERVED",
        "location_accuracy": "OBFUSCATED"
      }
    },
    {
      "type": "Feature",
      "id": "ripe-probe-11227",
      "geometry": {
        "type": "Point",
        "coordinates": [
          2.3785,
          48.7805
        ]
      },
      "properties": {
        "id": "ripe-probe-11227",
        "probe_id": 11227,
        "node_type": "ripe_atlas_probe",
        "description": "",
        "country_code": "FR",
        "asn_v4": 41690,
        "asn_v6": null,
        "prefix_v4": "188.65.120.0/21",
        "prefix_v6": null,
        "status_id": 1,
        "status": "Connected",
        "is_public": true,
        "is_anchor": false,
        "tags": [
          "IPv4",
          "NAT",
          "system: IPv4 Capable",
          "system: IPv4 Stable 1d",
          "system: IPv4 Stable 30d",
          "system: IPv4 Stable 90d",
          "system: IPv4 Works",
          "system: Resolves A Correctly",
          "system: Resolves AAAA Correctly",
          "system: V3"
        ],
        "first_connected": 1371475573,
        "last_connected": 1791379929,
        "source": "RIPE Atlas",
        "evidence_type": "OBSERVED",
        "location_accuracy": "OBFUSCATED"
      }
    },
    {
      "type": "Feature",
      "id": "ripe-probe-11617",
      "geometry": {
        "type": "Point",
        "coordinates": [
          2.4075,
          48.7905
        ]
      },
      "properties": {
        "id": "ripe-probe-11617",
        "probe_id": 11617,
        "node_type": "ripe_atlas_probe",
        "description": "Keyade, OpCore DC2 (physique)",
        "country_code": "FR",
        "asn_v4": 59689,
        "asn_v6": null,
        "prefix_v4": "185.3.128.0/22",
        "prefix_v6": null,
        "status_id": 1,
        "status": "Connected",
        "is_public": true,
        "is_anchor": false,
        "tags": [
          "Core",
          "Datacentre",
          "Fibre",
          "Native IPv4",
          "Native IPv6",
          "No NAT",
          "dual-stack",
          "system: IPv4 Capable",
          "system: IPv4 Stable 1d",
          "system: IPv4 Stable 30d",
          "system: IPv4 Stable 90d",
          "system: IPv4 Works",
          "system: Resolves A Correctly",
          "system: Resolves AAAA Correctly",
          "system: V3"
        ],
        "first_connected": 1389896223,
        "last_connected": 1791379929,
        "source": "RIPE Atlas",
        "evidence_type": "OBSERVED",
        "location_accuracy": "OBFUSCATED"
      }
    },
    {
      "type": "Feature",
      "id": "ripe-probe-11621",
      "geometry": {
        "type": "Point",
        "coordinates": [
          2.4085,
          48.7875
        ]
      },
      "properties": {
        "id": "ripe-probe-11621",
        "probe_id": 11621,
        "node_type": "ripe_atlas_probe",
        "description": "Cusae, Iliad DC2",
        "country_code": "FR",
        "asn_v4": 58308,
        "asn_v6": 58308,
        "prefix_v4": "91.109.120.0/21",
        "prefix_v6": "2a01:66c0::/32",
        "status_id": 1,
        "status": "Connected",
        "is_public": true,
        "is_anchor": false,
        "tags": [
          "Core",
          "Datacentre",
          "Fibre",
          "Native IPv4",
          "Native IPv6",
          "No NAT",
          "dual-stack",
          "system: IPv4 Capable",
          "system: IPv4 Stable 1d",
          "system: IPv4 Stable 30d",
          "system: IPv4 Stable 90d",
          "system: IPv4 Works",
          "system: IPv6 Capable",
          "system: IPv6 Doesn't Work",
          "system: IPv6 Stable 1d",
          "system: IPv6 Stable 30d",
          "system: IPv6 Stable 90d",
          "system: Resolves A Correctly",
          "system: Resolves AAAA Correctly",
          "system: V3"
        ],
        "first_connected": 1390238931,
        "last_connected": 1791379929,
        "source": "RIPE Atlas",
        "evidence_type": "OBSERVED",
        "location_accuracy": "OBFUSCATED"
      }
    },
    {
      "type": "Feature",
      "id": "ripe-probe-12360",
      "geometry": {
        "type": "Point",
        "coordinates": [
          2.3005,
          48.7475
        ]
      },
      "properties": {
        "id": "ripe-probe-12360",
        "probe_id": 12360,
        "node_type": "ripe_atlas_probe",
        "description": "",
        "country_code": "FR",
        "asn_v4": 12322,
        "asn_v6": 12322,
        "prefix_v4": "82.64.0.0/14",
        "prefix_v6": "2a01:e0a:1138::/45",
        "status_id": 1,
        "status": "Connected",
        "is_public": true,
        "is_anchor": false,
        "tags": [
          "DSL",
          "Free",
          "Home",
          "IPv4",
          "IPv6",
          "NAT",
          "Native IPv4",
          "Native IPv6",
          "VDSL",
          "VDSL2",
          "dual-stack",
          "system: IPv4 Capable",
          "system: IPv4 RFC1918",
          "system: IPv4 Stable 1d",
          "system: IPv4 Stable 30d",
          "system: IPv4 Stable 90d",
          "system: IPv4 Works",
          "system: IPv6 Capable",
          "system: IPv6 Stable 1d",
          "system: IPv6 Stable 30d",
          "system: IPv6 Stable 90d",
          "system: IPv6 Works",
          "system: Resolves A Correctly",
          "system: Resolves AAAA Correctly",
          "system: V3"
        ],
        "first_connected": 1379663227,
        "last_connected": 1791379929,
        "source": "RIPE Atlas",
        "evidence_type": "OBSERVED",
        "location_accuracy": "OBFUSCATED"
      }
    },
    {
      "type": "Feature",
      "id": "ripe-probe-13018",
      "geometry": {
        "type": "Point",
        "coordinates": [
          2.2675,
          48.8215
        ]
      },
      "properties": {
        "id": "ripe-probe-13018",
        "probe_id": 13018,
        "node_type": "ripe_atlas_probe",
        "description": "",
        "country_code": "FR",
        "asn_v4": 5410,
        "asn_v6": 5410,
        "prefix_v4": "176.128.0.0/10",
        "prefix_v6": "2001:860::/29",
        "status_id": 1,
        "status": "Connected",
        "is_public": true,
        "is_anchor": false,
        "tags": [
          "NAT",
          "system: IPv4 Capable",
          "system: IPv4 RFC1918",
          "system: IPv4 Stable 1d",
          "system: IPv4 Stable 30d",
          "system: IPv4 Works",
          "system: IPv6 Capable",
          "system: IPv6 Stable 1d",
          "system: IPv6 Stable 30d",
          "system: IPv6 Works",
          "system: Resolves A Correctly",
          "system: Resolves AAAA Correctly",
          "system: V3"
        ],
        "first_connected": 1385213188,
        "last_connected": 1791379929,
        "source": "RIPE Atlas",
        "evidence_type": "OBSERVED",
        "location_accuracy": "OBFUSCATED"
      }
    },
    {
      "type": "Feature",
      "id": "ripe-probe-13210",
      "geometry": {
        "type": "Point",
        "coordinates": [
          2.3975,
          48.8175
        ]
      },
      "properties": {
        "id": "ripe-probe-13210",
        "probe_id": 13210,
        "node_type": "ripe_atlas_probe",
        "description": "Vedege Probe (AS35600)",
        "country_code": "FR",
        "asn_v4": 35600,
        "asn_v6": 35600,
        "prefix_v4": "185.56.176.0/22",
        "prefix_v6": "2a02:5520::/32",
        "status_id": 1,
        "status": "Connected",
        "is_public": true,
        "is_anchor": false,
        "tags": [
          "Datacentre",
          "IPv4",
          "IPv6",
          "Multihomed",
          "Native IPv4",
          "Native IPv6",
          "No NAT",
          "dual-stack",
          "system: IPv4 Capable",
          "system: IPv4 Stable 1d",
          "system: IPv4 Stable 30d",
          "system: IPv4 Stable 90d",
          "system: IPv4 Works",
          "system: IPv6 Capable",
          "system: IPv6 Stable 1d",
          "system: IPv6 Stable 30d",
          "system: IPv6 Stable 90d",
          "system: IPv6 Works",
          "system: Resolves A Correctly",
          "system: Resolves AAAA Correctly",
          "system: V3"
        ],
        "first_connected": 1384205951,
        "last_connected": 1791379929,
        "source": "RIPE Atlas",
        "evidence_type": "OBSERVED",
        "location_accuracy": "OBFUSCATED"
      }
    },
    {
      "type": "Feature",
      "id": "ripe-probe-13411",
      "geometry": {
        "type": "Point",
        "coordinates": [
          2.3575,
          48.9075
        ]
      },
      "properties": {
        "id": "ripe-probe-13411",
        "probe_id": 13411,
        "node_type": "ripe_atlas_probe",
        "description": "Adista AS16347 @Interxion PAR5",
        "country_code": "FR",
        "asn_v4": 16347,
        "asn_v6": null,
        "prefix_v4": "194.177.32.0/19",
        "prefix_v6": null,
        "status_id": 1,
        "status": "Connected",
        "is_public": true,
        "is_anchor": false,
        "tags": [
          "Datacentre",
          "IPv4",
          "IPv6",
          "Native IPv6",
          "No NAT",
          "system: IPv4 Capable",
          "system: IPv4 Stable 1d",
          "system: IPv4 Stable 30d",
          "system: IPv4 Stable 90d",
          "system: IPv4 Works",
          "system: Resolves A Correctly",
          "system: Resolves AAAA Correctly",
          "system: V3"
        ],
        "first_connected": 1385638944,
        "last_connected": 1791379929,
        "source": "RIPE Atlas",
        "evidence_type": "OBSERVED",
        "location_accuracy": "OBFUSCATED"
      }
    },
    {
      "type": "Feature",
      "id": "ripe-probe-13413",
      "geometry": {
        "type": "Point",
        "coordinates": [
          2.2175,
          48.8685
        ]
      },
      "properties": {
        "id": "ripe-probe-13413",
        "probe_id": 13413,
        "node_type": "ripe_atlas_probe",
        "description": "Adista AS16347 (Waiting for relocation)",
        "country_code": "FR",
        "asn_v4": 16347,
        "asn_v6": null,
        "prefix_v4": "195.214.240.0/21",
        "prefix_v6": null,
        "status_id": 1,
        "status": "Connected",
        "is_public": true,
        "is_anchor": false,
        "tags": [
          "NAT",
          "system: IPv4 Capable",
          "system: IPv4 RFC1918",
          "system: IPv4 Stable 1d",
          "system: IPv4 Stable 30d",
          "system: IPv4 Stable 90d",
          "system: IPv4 Works",
          "system: Resolves A Correctly",
          "system: Resolves AAAA Correctly",
          "system: V3"
        ],
        "first_connected": 1383151460,
        "last_connected": 1791379929,
        "source": "RIPE Atlas",
        "evidence_type": "OBSERVED",
        "location_accuracy": "OBFUSCATED"
      }
    },
    {
      "type": "Feature",
      "id": "ripe-probe-13497",
      "geometry": {
        "type": "Point",
        "coordinates": [
          2.4015,
          48.7605
        ]
      },
      "properties": {
        "id": "ripe-probe-13497",
        "probe_id": 13497,
        "node_type": "ripe_atlas_probe",
        "description": "",
        "country_code": "FR",
        "asn_v4": 12322,
        "asn_v6": 12322,
        "prefix_v4": "82.64.0.0/14",
        "prefix_v6": "2a01:e0a:1148::/45",
        "status_id": 1,
        "status": "Connected",
        "is_public": true,
        "is_anchor": false,
        "tags": [
          "Fibre",
          "Free",
          "Home",
          "NAT",
          "system: IPv4 Capable",
          "system: IPv4 RFC1918",
          "system: IPv4 Stable 1d",
          "system: IPv4 Stable 30d",
          "system: IPv4 Works",
          "system: IPv6 Capable",
          "system: IPv6 Stable 1d",
          "system: IPv6 Stable 30d",
          "system: IPv6 Works",
          "system: Resolves A Correctly",
          "system: Resolves AAAA Correctly",
          "system: V3"
        ],
        "first_connected": 1384537604,
        "last_connected": 1791379929,
        "source": "RIPE Atlas",
        "evidence_type": "OBSERVED",
        "location_accuracy": "OBFUSCATED"
      }
    },
    {
      "type": "Feature",
      "id": "ripe-probe-13605",
      "geometry": {
        "type": "Point",
        "coordinates": [
          2.4475,
          48.8995
        ]
      },
      "properties": {
        "id": "ripe-probe-13605",
        "probe_id": 13605,
        "node_type": "ripe_atlas_probe",
        "description": "EtherActis - Free FTTH ISP",
        "country_code": "FR",
        "asn_v4": 12322,
        "asn_v6": null,
        "prefix_v4": "78.192.0.0/11",
        "prefix_v6": null,
        "status_id": 1,
        "status": "Connected",
        "is_public": true,
        "is_anchor": false,
        "tags": [
          "system: IPv4 Capable",
          "system: IPv4 RFC1918",
          "system: IPv4 Stable 1d",
          "system: IPv4 Stable 30d",
          "system: IPv4 Stable 90d",
          "system: IPv4 Works",
          "system: Resolves A Correctly",
          "system: Resolves AAAA Correctly",
          "system: V3"
        ],
        "first_connected": 1385857377,
        "last_connected": 1791379929,
        "source": "RIPE Atlas",
        "evidence_type": "OBSERVED",
        "location_accuracy": "OBFUSCATED"
      }
    },
    {
      "type": "Feature",
      "id": "ripe-probe-14035",
      "geometry": {
        "type": "Point",
        "coordinates": [
          2.3885,
          48.8095
        ]
      },
      "properties": {
        "id": "ripe-probe-14035",
        "probe_id": 14035,
        "node_type": "ripe_atlas_probe",
        "description": "Free/ILIAD Ivry-sur-Seine France",
        "country_code": "FR",
        "asn_v4": 12322,
        "asn_v6": 12322,
        "prefix_v4": "82.64.0.0/14",
        "prefix_v6": "2a01:e0a:b68::/45",
        "status_id": 1,
        "status": "Connected",
        "is_public": true,
        "is_anchor": false,
        "tags": [
          "DSL",
          "FreeBox en mode transparent",
          "Home",
          "NAT",
          "system: IPv4 Capable",
          "system: IPv4 RFC1918",
          "system: IPv4 Stable 1d",
          "system: IPv4 Stable 30d",
          "system: IPv4 Stable 90d",
          "system: IPv4 Works",
          "system: IPv6 Capable",
          "system: IPv6 Stable 1d",
          "system: IPv6 Stable 30d",
          "system: IPv6 Stable 90d",
          "system: IPv6 Works",
          "system: Resolves A Correctly",
          "system: Resolves AAAA Correctly",
          "system: V3"
        ],
        "first_connected": 1396804229,
        "last_connected": 1791379929,
        "source": "RIPE Atlas",
        "evidence_type": "OBSERVED",
        "location_accuracy": "OBFUSCATED"
      }
    },
    {
      "type": "Feature",
      "id": "ripe-probe-14037",
      "geometry": {
        "type": "Point",
        "coordinates": [
          2.2585,
          48.8005
        ]
      },
      "properties": {
        "id": "ripe-probe-14037",
        "probe_id": 14037,
        "node_type": "ripe_atlas_probe",
        "description": "FTTH/Orange/Clamart",
        "country_code": "FR",
        "asn_v4": 3215,
        "asn_v6": 3215,
        "prefix_v4": "90.90.0.0/16",
        "prefix_v6": "2a01:cb00::/30",
        "status_id": 1,
        "status": "Connected",
        "is_public": true,
        "is_anchor": false,
        "tags": [
          "FTTH",
          "Fibre",
          "Home",
          "IPv4",
          "IPv6",
          "NAT",
          "Native IPv6",
          "Orange",
          "dual-stack",
          "system: IPv4 Capable",
          "system: IPv4 RFC1918",
          "system: IPv4 Stable 1d",
          "system: IPv4 Stable 30d",
          "system: IPv4 Stable 90d",
          "system: IPv4 Works",
          "system: IPv6 Capable",
          "system: IPv6 Stable 1d",
          "system: IPv6 Stable 30d",
          "system: IPv6 Stable 90d",
          "system: IPv6 Works",
          "system: Resolves A Correctly",
          "system: Resolves AAAA Correctly",
          "system: V3"
        ],
        "first_connected": 1389827931,
        "last_connected": 1791379929,
        "source": "RIPE Atlas",
        "evidence_type": "OBSERVED",
        "location_accuracy": "OBFUSCATED"
      }
    },
    {
      "type": "Feature",
      "id": "ripe-probe-14038",
      "geometry": {
        "type": "Point",
        "coordinates": [
          2.3385,
          48.7715
        ]
      },
      "properties": {
        "id": "ripe-probe-14038",
        "probe_id": 14038,
        "node_type": "ripe_atlas_probe",
        "description": "",
        "country_code": "FR",
        "asn_v4": 20766,
        "asn_v6": null,
        "prefix_v4": "80.67.160.0/19",
        "prefix_v6": null,
        "status_id": 1,
        "status": "Connected",
        "is_public": true,
        "is_anchor": false,
        "tags": [
          "FDN",
          "FTTH",
          "Fibre",
          "Home",
          "IPv4",
          "NAT",
          "Native IPv4",
          "PPPoE",
          "probe v3",
          "system: IPv4 Capable",
          "system: IPv4 RFC1918",
          "system: IPv4 Stable 1d",
          "system: IPv4 Stable 30d",
          "system: IPv4 Stable 90d",
          "system: IPv4 Works",
          "system: Resolves A Correctly",
          "system: Resolves AAAA Correctly",
          "system: V3"
        ],
        "first_connected": 1390586224,
        "last_connected": 1791379929,
        "source": "RIPE Atlas",
        "evidence_type": "OBSERVED",
        "location_accuracy": "OBFUSCATED"
      }
    },
    {
      "type": "Feature",
      "id": "ripe-probe-15747",
      "geometry": {
        "type": "Point",
        "coordinates": [
          2.2695,
          48.8205
        ]
      },
      "properties": {
        "id": "ripe-probe-15747",
        "probe_id": 15747,
        "node_type": "ripe_atlas_probe",
        "description": "Free Fibre",
        "country_code": "FR",
        "asn_v4": 12322,
        "asn_v6": 12322,
        "prefix_v4": "82.64.0.0/14",
        "prefix_v6": "2a01:e0a:ac0::/45",
        "status_id": 1,
        "status": "Connected",
        "is_public": true,
        "is_anchor": false,
        "tags": [
          "Fibre",
          "Free",
          "IPv4",
          "IPv6",
          "system: IPv4 Capable",
          "system: IPv4 RFC1918",
          "system: IPv4 Stable 1d",
          "system: IPv4 Stable 30d",
          "system: IPv4 Stable 90d",
          "system: IPv4 Works",
          "system: IPv6 Capable",
          "system: IPv6 Stable 1d",
          "system: IPv6 Stable 30d",
          "system: IPv6 Stable 90d",
          "system: IPv6 Works",
          "system: Resolves A Correctly",
          "system: Resolves AAAA Correctly",
          "system: V3"
        ],
        "first_connected": 1405235293,
        "last_connected": 1791379929,
        "source": "RIPE Atlas",
        "evidence_type": "OBSERVED",
        "location_accuracy": "OBFUSCATED"
      }
    },
    {
      "type": "Feature",
      "id": "ripe-probe-15973",
      "geometry": {
        "type": "Point",
        "coordinates": [
          2.3605,
          48.8885
        ]
      },
      "properties": {
        "id": "ripe-probe-15973",
        "probe_id": 15973,
        "node_type": "ripe_atlas_probe",
        "description": null,
        "country_code": "FR",
        "asn_v4": 12322,
        "asn_v6": 12322,
        "prefix_v4": "88.163.64.0/19",
        "prefix_v6": "2a01:e0a:8d0::/45",
        "status_id": 1,
        "status": "Connected",
        "is_public": false,
        "is_anchor": false,
        "tags": [
          "system: IPv4 Capable",
          "system: IPv4 RFC1918",
          "system: IPv4 Stable 1d",
          "system: IPv4 Stable 30d",
          "system: IPv4 Works",
          "system: IPv6 Capable",
          "system: IPv6 Stable 1d",
          "system: IPv6 Stable 30d",
          "system: IPv6 Works",
          "system: Resolves A Correctly",
          "system: Resolves AAAA Correctly",
          "system: V3"
        ],
        "first_connected": 1400604865,
        "last_connected": 1791379929,
        "source": "RIPE Atlas",
        "evidence_type": "OBSERVED",
        "location_accuracy": "OBFUSCATED"
      }
    },
    {
      "type": "Feature",
      "id": "ripe-probe-16007",
      "geometry": {
        "type": "Point",
        "coordinates": [
          2.3275,
          48.8405
        ]
      },
      "properties": {
        "id": "ripe-probe-16007",
        "probe_id": 16007,
        "node_type": "ripe_atlas_probe",
        "description": "yantreizh.0x00ff00ff.com",
        "country_code": "FR",
        "asn_v4": 15557,
        "asn_v6": null,
        "prefix_v4": "79.80.0.0/12",
        "prefix_v6": null,
        "status_id": 1,
        "status": "Connected",
        "is_public": true,
        "is_anchor": false,
        "tags": [
          "Fibre",
          "system: IPv4 Capable",
          "system: IPv4 RFC1918",
          "system: IPv4 Stable 1d",
          "system: IPv4 Stable 30d",
          "system: IPv4 Stable 90d",
          "system: IPv4 Works",
          "system: Resolves A Correctly",
          "system: Resolves AAAA Correctly",
          "system: V3"
        ],
        "first_connected": 1399931480,
        "last_connected": 1791379929,
        "source": "RIPE Atlas",
        "evidence_type": "OBSERVED",
        "location_accuracy": "OBFUSCATED"
      }
    },
    {
      "type": "Feature",
      "id": "ripe-probe-16020",
      "geometry": {
        "type": "Point",
        "coordinates": [
          2.4285,
          48.8475
        ]
      },
      "properties": {
        "id": "ripe-probe-16020",
        "probe_id": 16020,
        "node_type": "ripe_atlas_probe",
        "description": "",
        "country_code": "FR",
        "asn_v4": 12322,
        "asn_v6": 12322,
        "prefix_v4": "82.64.0.0/14",
        "prefix_v6": "2a01:e0a:1300::/45",
        "status_id": 1,
        "status": "Connected",
        "is_public": true,
        "is_anchor": false,
        "tags": [
          "Fibre",
          "Free SAS",
          "system: IPv4 Capable",
          "system: IPv4 RFC1918",
          "system: IPv4 Stable 1d",
          "system: IPv4 Stable 30d",
          "system: IPv4 Stable 90d",
          "system: IPv4 Works",
          "system: IPv6 Capable",
          "system: IPv6 Stable 1d",
          "system: IPv6 Stable 30d",
          "system: IPv6 Stable 90d",
          "system: IPv6 Works",
          "system: Resolves A Correctly",
          "system: Resolves AAAA Correctly",
          "system: V3"
        ],
        "first_connected": 1400103884,
        "last_connected": 1791379929,
        "source": "RIPE Atlas",
        "evidence_type": "OBSERVED",
        "location_accuracy": "OBFUSCATED"
      }
    },
    {
      "type": "Feature",
      "id": "ripe-probe-16834",
      "geometry": {
        "type": "Point",
        "coordinates": [
          2.4285,
          48.7995
        ]
      },
      "properties": {
        "id": "ripe-probe-16834",
        "probe_id": 16834,
        "node_type": "ripe_atlas_probe",
        "description": "Home BT",
        "country_code": "FR",
        "asn_v4": 5410,
        "asn_v6": 5410,
        "prefix_v4": "176.128.0.0/10",
        "prefix_v6": "2001:860::/29",
        "status_id": 1,
        "status": "Connected",
        "is_public": true,
        "is_anchor": false,
        "tags": [
          "FTTH",
          "Fibre",
          "Home",
          "IPv4",
          "NAT",
          "system: IPv4 Capable",
          "system: IPv4 RFC1918",
          "system: IPv6 Capable",
          "system: V3"
        ],
        "first_connected": 1401108893,
        "last_connected": 1791379929,
        "source": "RIPE Atlas",
        "evidence_type": "OBSERVED",
        "location_accuracy": "OBFUSCATED"
      }
    },
    {
      "type": "Feature",
      "id": "ripe-probe-16914",
      "geometry": {
        "type": "Point",
        "coordinates": [
          2.1475,
          48.8995
        ]
      },
      "properties": {
        "id": "ripe-probe-16914",
        "probe_id": 16914,
        "node_type": "ripe_atlas_probe",
        "description": "24BB",
        "country_code": "FR",
        "asn_v4": 3215,
        "asn_v6": 3215,
        "prefix_v4": "83.204.128.0/17",
        "prefix_v6": "2a01:cb00::/30",
        "status_id": 1,
        "status": "Connected",
        "is_public": false,
        "is_anchor": false,
        "tags": [
          "Fibre",
          "Home",
          "Orange",
          "system: IPv4 Capable",
          "system: IPv4 RFC1918",
          "system: IPv4 Stable 1d",
          "system: IPv4 Stable 30d",
          "system: IPv4 Stable 90d",
          "system: IPv4 Works",
          "system: IPv6 Capable",
          "system: IPv6 Stable 1d",
          "system: IPv6 Stable 30d",
          "system: IPv6 Stable 90d",
          "system: IPv6 Works",
          "system: Resolves A Correctly",
          "system: Resolves AAAA Correctly",
          "system: V3"
        ],
        "first_connected": 1400074492,
        "last_connected": 1791379929,
        "source": "RIPE Atlas",
        "evidence_type": "OBSERVED",
        "location_accuracy": "OBFUSCATED"
      }
    },
    {
      "type": "Feature",
      "id": "ripe-probe-16924",
      "geometry": {
        "type": "Point",
        "coordinates": [
          2.2785,
          48.8295
        ]
      },
      "properties": {
        "id": "ripe-probe-16924",
        "probe_id": 16924,
        "node_type": "ripe_atlas_probe",
        "description": "jdecastr",
        "country_code": "FR",
        "asn_v4": 5410,
        "asn_v6": 5410,
        "prefix_v4": "176.128.0.0/10",
        "prefix_v6": "2001:860::/29",
        "status_id": 1,
        "status": "Connected",
        "is_public": true,
        "is_anchor": false,
        "tags": [
          "Fibre",
          "Home",
          "IPv4",
          "NAT",
          "system: IPv4 Capable",
          "system: IPv4 RFC1918",
          "system: IPv4 Stable 1d",
          "system: IPv4 Stable 30d",
          "system: IPv4 Stable 90d",
          "system: IPv4 Works",
          "system: IPv6 Capable",
          "system: IPv6 Stable 1d",
          "system: IPv6 Stable 30d",
          "system: IPv6 Stable 90d",
          "system: IPv6 Works",
          "system: Resolves A Correctly",
          "system: Resolves AAAA Correctly",
          "system: V3"
        ],
        "first_connected": 1401137450,
        "last_connected": 1791379929,
        "source": "RIPE Atlas",
        "evidence_type": "OBSERVED",
        "location_accuracy": "OBFUSCATED"
      }
    },
    {
      "type": "Feature",
      "id": "ripe-probe-16971",
      "geometry": {
        "type": "Point",
        "coordinates": [
          2.5005,
          48.9475
        ]
      },
      "properties": {
        "id": "ripe-probe-16971",
        "probe_id": 16971,
        "node_type": "ripe_atlas_probe",
        "description": "Bruno Neveu",
        "country_code": "FR",
        "asn_v4": 12322,
        "asn_v6": 12322,
        "prefix_v4": "82.64.0.0/14",
        "prefix_v6": "2a01:e0a:8a8::/45",
        "status_id": 1,
        "status": "Connected",
        "is_public": false,
        "is_anchor": false,
        "tags": [
          "Fibre",
          "Home",
          "IPv4",
          "IPv6",
          "NAT",
          "system: IPv4 Capable",
          "system: IPv4 RFC1918",
          "system: IPv4 Stable 1d",
          "system: IPv4 Stable 30d",
          "system: IPv4 Stable 90d",
          "system: IPv4 Works",
          "system: IPv6 Capable",
          "system: IPv6 Stable 1d",
          "system: IPv6 Stable 30d",
          "system: IPv6 Stable 90d",
          "system: IPv6 ULA",
          "system: IPv6 Works",
          "system: Resolves A Correctly",
          "system: Resolves AAAA Correctly",
          "system: V3"
        ],
        "first_connected": 1401102053,
        "last_connected": 1791379929,
        "source": "RIPE Atlas",
        "evidence_type": "OBSERVED",
        "location_accuracy": "OBFUSCATED"
      }
    },
    {
      "type": "Feature",
      "id": "ripe-probe-17025",
      "geometry": {
        "type": "Point",
        "coordinates": [
          2.4085,
          48.8195
        ]
      },
      "properties": {
        "id": "ripe-probe-17025",
        "probe_id": 17025,
        "node_type": "ripe_atlas_probe",
        "description": "CHARENTON-FREE",
        "country_code": "FR",
        "asn_v4": 12322,
        "asn_v6": null,
        "prefix_v4": "82.64.0.0/14",
        "prefix_v6": null,
        "status_id": 1,
        "status": "Connected",
        "is_public": true,
        "is_anchor": false,
        "tags": [
          "Fibre",
          "Home",
          "Known IPv6 issues",
          "system: IPv4 Capable",
          "system: IPv4 RFC1918",
          "system: IPv4 Stable 1d",
          "system: IPv4 Stable 30d",
          "system: IPv4 Stable 90d",
          "system: IPv4 Works",
          "system: Resolves A Correctly",
          "system: Resolves AAAA Correctly",
          "system: V3"
        ],
        "first_connected": 1401404843,
        "last_connected": 1791379929,
        "source": "RIPE Atlas",
        "evidence_type": "OBSERVED",
        "location_accuracy": "OBFUSCATED"
      }
    },
    {
      "type": "Feature",
      "id": "ripe-probe-17036",
      "geometry": {
        "type": "Point",
        "coordinates": [
          2.1785,
          48.9705
        ]
      },
      "properties": {
        "id": "ripe-probe-17036",
        "probe_id": 17036,
        "node_type": "ripe_atlas_probe",
        "description": "Free FTTH 8Gbps / Bouygues Telecom 5G NR (Hardware)",
        "country_code": "FR",
        "asn_v4": 12322,
        "asn_v6": null,
        "prefix_v4": "82.225.32.0/19",
        "prefix_v6": null,
        "status_id": 1,
        "status": "Connected",
        "is_public": true,
        "is_anchor": false,
        "tags": [
          "DOCSIS3",
          "FTTH",
          "Fibre",
          "Home",
          "IPv4",
          "Multihomed",
          "NAT",
          "Native IPv4",
          "No IPv6",
          "probe v3",
          "system: IPv4 Capable",
          "system: IPv4 RFC1918",
          "system: IPv4 Stable 1d",
          "system: IPv4 Stable 30d",
          "system: IPv4 Works",
          "system: Resolves A Correctly",
          "system: Resolves AAAA Correctly",
          "system: V3"
        ],
        "first_connected": 1400929746,
        "last_connected": 1791379929,
        "source": "RIPE Atlas",
        "evidence_type": "OBSERVED",
        "location_accuracy": "OBFUSCATED"
      }
    },
    {
      "type": "Feature",
      "id": "ripe-probe-17038",
      "geometry": {
        "type": "Point",
        "coordinates": [
          2.2385,
          48.8415
        ]
      },
      "properties": {
        "id": "ripe-probe-17038",
        "probe_id": 17038,
        "node_type": "ripe_atlas_probe",
        "description": "Greg IO",
        "country_code": "FR",
        "asn_v4": 12322,
        "asn_v6": null,
        "prefix_v4": "82.64.0.0/14",
        "prefix_v6": null,
        "status_id": 1,
        "status": "Connected",
        "is_public": true,
        "is_anchor": false,
        "tags": [
          "Cable",
          "Home",
          "NAT",
          "system: IPv4 Capable",
          "system: IPv4 RFC1918",
          "system: IPv4 Stable 1d",
          "system: IPv4 Stable 30d",
          "system: IPv4 Stable 90d",
          "system: IPv4 Works",
          "system: IPv6 Capable",
          "system: IPv6 Doesn't Work",
          "system: IPv6 Stable 1d",
          "system: IPv6 Stable 30d",
          "system: IPv6 Stable 90d",
          "system: IPv6 ULA",
          "system: Resolves A Correctly",
          "system: Resolves AAAA Correctly",
          "system: V3"
        ],
        "first_connected": 1401425214,
        "last_connected": 1791379929,
        "source": "RIPE Atlas",
        "evidence_type": "OBSERVED",
        "location_accuracy": "OBFUSCATED"
      }
    },
    {
      "type": "Feature",
      "id": "ripe-probe-17039",
      "geometry": {
        "type": "Point",
        "coordinates": [
          2.1985,
          48.8615
        ]
      },
      "properties": {
        "id": "ripe-probe-17039",
        "probe_id": 17039,
        "node_type": "ripe_atlas_probe",
        "description": "",
        "country_code": "FR",
        "asn_v4": 3215,
        "asn_v6": 3215,
        "prefix_v4": "90.79.0.0/16",
        "prefix_v6": "2a01:cb00::/30",
        "status_id": 1,
        "status": "Connected",
        "is_public": true,
        "is_anchor": false,
        "tags": [
          "system: IPv4 Capable",
          "system: IPv4 RFC1918",
          "system: IPv4 Stable 1d",
          "system: IPv4 Works",
          "system: IPv6 Capable",
          "system: IPv6 Stable 1d",
          "system: IPv6 Works",
          "system: Resolves A Correctly",
          "system: Resolves AAAA Correctly",
          "system: V3"
        ],
        "first_connected": 1401695673,
        "last_connected": 1791379929,
        "source": "RIPE Atlas",
        "evidence_type": "OBSERVED",
        "location_accuracy": "OBFUSCATED"
      }
    },
    {
      "type": "Feature",
      "id": "ripe-probe-17048",
      "geometry": {
        "type": "Point",
        "coordinates": [
          2.4295,
          48.8015
        ]
      },
      "properties": {
        "id": "ripe-probe-17048",
        "probe_id": 17048,
        "node_type": "ripe_atlas_probe",
        "description": "LM probe",
        "country_code": "FR",
        "asn_v4": 12322,
        "asn_v6": 12322,
        "prefix_v4": "82.64.0.0/14",
        "prefix_v6": "2a01:e0a:9d0::/45",
        "status_id": 1,
        "status": "Connected",
        "is_public": true,
        "is_anchor": false,
        "tags": [
          "FTTH",
          "Fibre",
          "Free",
          "Home",
          "IPv4",
          "IPv6",
          "NAT",
          "Native IPv6",
          "dual-stack",
          "system: IPv4 Capable",
          "system: IPv4 RFC1918",
          "system: IPv4 Stable 1d",
          "system: IPv4 Stable 30d",
          "system: IPv4 Stable 90d",
          "system: IPv4 Works",
          "system: IPv6 Capable",
          "system: IPv6 Stable 1d",
          "system: IPv6 Stable 30d",
          "system: IPv6 Stable 90d",
          "system: IPv6 Works",
          "system: Resolves A Correctly",
          "system: Resolves AAAA Correctly",
          "system: V3"
        ],
        "first_connected": 1401215369,
        "last_connected": 1791379929,
        "source": "RIPE Atlas",
        "evidence_type": "OBSERVED",
        "location_accuracy": "OBFUSCATED"
      }
    },
    {
      "type": "Feature",
      "id": "ripe-probe-17066",
      "geometry": {
        "type": "Point",
        "coordinates": [
          2.2805,
          48.9005
        ]
      },
      "properties": {
        "id": "ripe-probe-17066",
        "probe_id": 17066,
        "node_type": "ripe_atlas_probe",
        "description": "unixhome",
        "country_code": "FR",
        "asn_v4": 15557,
        "asn_v6": null,
        "prefix_v4": "77.128.0.0/13",
        "prefix_v6": null,
        "status_id": 1,
        "status": "Connected",
        "is_public": true,
        "is_anchor": false,
        "tags": [
          "FTTH",
          "Fibre",
          "Native IPv4",
          "SFR",
          "system: IPv4 Capable",
          "system: IPv4 RFC1918",
          "system: IPv4 Stable 1d",
          "system: IPv4 Stable 30d",
          "system: IPv4 Stable 90d",
          "system: IPv4 Works",
          "system: Resolves A Correctly",
          "system: Resolves AAAA Correctly",
          "system: V3"
        ],
        "first_connected": 1400927246,
        "last_connected": 1791379929,
        "source": "RIPE Atlas",
        "evidence_type": "OBSERVED",
        "location_accuracy": "OBFUSCATED"
      }
    },
    {
      "type": "Feature",
      "id": "ripe-probe-17214",
      "geometry": {
        "type": "Point",
        "coordinates": [
          2.6075,
          48.7995
        ]
      },
      "properties": {
        "id": "ripe-probe-17214",
        "probe_id": 17214,
        "node_type": "ripe_atlas_probe",
        "description": "",
        "country_code": "FR",
        "asn_v4": 12322,
        "asn_v6": 12322,
        "prefix_v4": "82.64.0.0/14",
        "prefix_v6": "2a01:e0a:1048::/45",
        "status_id": 1,
        "status": "Connected",
        "is_public": true,
        "is_anchor": false,
        "tags": [
          "Fibre",
          "Free",
          "Home",
          "IPv4",
          "IPv6",
          "NAT",
          "system: IPv4 Capable",
          "system: IPv4 RFC1918",
          "system: IPv4 Stable 1d",
          "system: IPv4 Stable 30d",
          "system: IPv4 Stable 90d",
          "system: IPv4 Works",
          "system: IPv6 Capable",
          "system: IPv6 Stable 1d",
          "system: IPv6 Stable 30d",
          "system: IPv6 Stable 90d",
          "system: IPv6 Works",
          "system: Resolves A Correctly",
          "system: Resolves AAAA Correctly",
          "system: V3"
        ],
        "first_connected": 1401128502,
        "last_connected": 1791379929,
        "source": "RIPE Atlas",
        "evidence_type": "OBSERVED",
        "location_accuracy": "OBFUSCATED"
      }
    },
    {
      "type": "Feature",
      "id": "ripe-probe-17276",
      "geometry": {
        "type": "Point",
        "coordinates": [
          2.2705,
          48.9105
        ]
      },
      "properties": {
        "id": "ripe-probe-17276",
        "probe_id": 17276,
        "node_type": "ripe_atlas_probe",
        "description": "",
        "country_code": "FR",
        "asn_v4": 3215,
        "asn_v6": null,
        "prefix_v4": "92.151.0.0/17",
        "prefix_v6": null,
        "status_id": 1,
        "status": "Connected",
        "is_public": true,
        "is_anchor": false,
        "tags": [
          "Fibre",
          "system: IPv4 Capable",
          "system: IPv4 RFC1918",
          "system: IPv4 Stable 1d",
          "system: IPv4 Stable 30d",
          "system: IPv4 Stable 90d",
          "system: IPv4 Works",
          "system: Resolves A Correctly",
          "system: Resolves AAAA Correctly",
          "system: V3"
        ],
        "first_connected": 1401129935,
        "last_connected": 1791379929,
        "source": "RIPE Atlas",
        "evidence_type": "OBSERVED",
        "location_accuracy": "OBFUSCATED"
      }
    },
    {
      "type": "Feature",
      "id": "ripe-probe-17330",
      "geometry": {
        "type": "Point",
        "coordinates": [
          2.3185,
          48.8375
        ]
      },
      "properties": {
        "id": "ripe-probe-17330",
        "probe_id": 17330,
        "node_type": "ripe_atlas_probe",
        "description": "SFR",
        "country_code": "FR",
        "asn_v4": 15557,
        "asn_v6": 15557,
        "prefix_v4": "37.64.0.0/13",
        "prefix_v6": "2a02:8400::/25",
        "status_id": 1,
        "status": "Connected",
        "is_public": false,
        "is_anchor": false,
        "tags": [
          "FTTH",
          "Fibre",
          "GPON",
          "Home",
          "IPv4",
          "IPv6",
          "NAT",
          "SFR",
          "system: IPv4 Capable",
          "system: IPv4 RFC1918",
          "system: IPv4 Stable 1d",
          "system: IPv4 Stable 30d",
          "system: IPv4 Stable 90d",
          "system: IPv4 Works",
          "system: IPv6 Capable",
          "system: IPv6 Stable 1d",
          "system: IPv6 Stable 30d",
          "system: IPv6 Stable 90d",
          "system: IPv6 Works",
          "system: Resolves A Correctly",
          "system: Resolves AAAA Correctly",
          "system: V3"
        ],
        "first_connected": 1400999714,
        "last_connected": 1791379929,
        "source": "RIPE Atlas",
        "evidence_type": "OBSERVED",
        "location_accuracy": "OBFUSCATED"
      }
    },
    {
      "type": "Feature",
      "id": "ripe-probe-17438",
      "geometry": {
        "type": "Point",
        "coordinates": [
          2.3685,
          48.8115
        ]
      },
      "properties": {
        "id": "ripe-probe-17438",
        "probe_id": 17438,
        "node_type": "ripe_atlas_probe",
        "description": "",
        "country_code": "FR",
        "asn_v4": 12322,
        "asn_v6": 12322,
        "prefix_v4": "82.64.0.0/14",
        "prefix_v6": "2a01:e0a:f00::/45",
        "status_id": 1,
        "status": "Connected",
        "is_public": true,
        "is_anchor": false,
        "tags": [
          "system: IPv4 Capable",
          "system: IPv4 RFC1918",
          "system: IPv4 Stable 1d",
          "system: IPv4 Stable 30d",
          "system: IPv4 Stable 90d",
          "system: IPv4 Works",
          "system: IPv6 Capable",
          "system: IPv6 Stable 1d",
          "system: IPv6 Stable 30d",
          "system: IPv6 Stable 90d",
          "system: IPv6 Works",
          "system: Resolves A Correctly",
          "system: Resolves AAAA Correctly",
          "system: V3"
        ],
        "first_connected": 1404139489,
        "last_connected": 1791379929,
        "source": "RIPE Atlas",
        "evidence_type": "OBSERVED",
        "location_accuracy": "OBFUSCATED"
      }
    },
    {
      "type": "Feature",
      "id": "ripe-probe-17555",
      "geometry": {
        "type": "Point",
        "coordinates": [
          2.4995,
          48.8195
        ]
      },
      "properties": {
        "id": "ripe-probe-17555",
        "probe_id": 17555,
        "node_type": "ripe_atlas_probe",
        "description": "@Verite",
        "country_code": "FR",
        "asn_v4": 5410,
        "asn_v6": 5410,
        "prefix_v4": "62.34.0.0/15",
        "prefix_v6": "2001:860::/29",
        "status_id": 1,
        "status": "Connected",
        "is_public": true,
        "is_anchor": false,
        "tags": [
          "FTTH",
          "Fibre",
          "Home",
          "NAT",
          "system: IPv4 Capable",
          "system: IPv4 RFC1918",
          "system: IPv4 Stable 1d",
          "system: IPv4 Stable 30d",
          "system: IPv4 Stable 90d",
          "system: IPv4 Works",
          "system: IPv6 Capable",
          "system: IPv6 Stable 1d",
          "system: IPv6 Stable 30d",
          "system: IPv6 Stable 90d",
          "system: IPv6 Works",
          "system: Resolves A Correctly",
          "system: Resolves AAAA Correctly",
          "system: V3"
        ],
        "first_connected": 1399233079,
        "last_connected": 1791379929,
        "source": "RIPE Atlas",
        "evidence_type": "OBSERVED",
        "location_accuracy": "OBFUSCATED"
      }
    },
    {
      "type": "Feature",
      "id": "ripe-probe-17566",
      "geometry": {
        "type": "Point",
        "coordinates": [
          2.3005,
          48.9005
        ]
      },
      "properties": {
        "id": "ripe-probe-17566",
        "probe_id": 17566,
        "node_type": "ripe_atlas_probe",
        "description": "Orange Fibre",
        "country_code": "FR",
        "asn_v4": 3215,
        "asn_v6": 3215,
        "prefix_v4": "82.125.128.0/17",
        "prefix_v6": "2a01:cb00::/30",
        "status_id": 1,
        "status": "Connected",
        "is_public": true,
        "is_anchor": false,
        "tags": [
          "FTTH",
          "Fibre",
          "Home",
          "IPv4",
          "IPv6",
          "NAT",
          "Native IPv6",
          "Orange",
          "dual-stack",
          "system: IPv4 Capable",
          "system: IPv4 RFC1918",
          "system: IPv4 Stable 1d",
          "system: IPv4 Stable 30d",
          "system: IPv4 Works",
          "system: IPv6 Capable",
          "system: IPv6 Stable 1d",
          "system: IPv6 Stable 30d",
          "system: IPv6 Works",
          "system: Resolves A Correctly",
          "system: Resolves AAAA Correctly",
          "system: V3"
        ],
        "first_connected": 1400941628,
        "last_connected": 1791379929,
        "source": "RIPE Atlas",
        "evidence_type": "OBSERVED",
        "location_accuracy": "OBFUSCATED"
      }
    },
    {
      "type": "Feature",
      "id": "ripe-probe-18378",
      "geometry": {
        "type": "Point",
        "coordinates": [
          2.3705,
          48.9115
        ]
      },
      "properties": {
        "id": "ripe-probe-18378",
        "probe_id": 18378,
        "node_type": "ripe_atlas_probe",
        "description": "Equinix PA6",
        "country_code": "FR",
        "asn_v4": 8426,
        "asn_v6": 8426,
        "prefix_v4": "46.18.128.0/21",
        "prefix_v6": "2a01:4580::/29",
        "status_id": 1,
        "status": "Connected",
        "is_public": true,
        "is_anchor": false,
        "tags": [
          "Datacentre",
          "IPv4",
          "IPv6",
          "dual-stack",
          "system: IPv4 Capable",
          "system: IPv4 Stable 1d",
          "system: IPv4 Stable 30d",
          "system: IPv4 Stable 90d",
          "system: IPv4 Works",
          "system: IPv6 Capable",
          "system: IPv6 Stable 1d",
          "system: IPv6 Stable 30d",
          "system: IPv6 Stable 90d",
          "system: IPv6 Works",
          "system: Resolves A Correctly",
          "system: Resolves AAAA Correctly",
          "system: V3"
        ],
        "first_connected": 1409835105,
        "last_connected": 1791379929,
        "source": "RIPE Atlas",
        "evidence_type": "OBSERVED",
        "location_accuracy": "OBFUSCATED"
      }
    },
    {
      "type": "Feature",
      "id": "ripe-probe-18572",
      "geometry": {
        "type": "Point",
        "coordinates": [
          2.1305,
          48.7985
        ]
      },
      "properties": {
        "id": "ripe-probe-18572",
        "probe_id": 18572,
        "node_type": "ripe_atlas_probe",
        "description": "FTTH",
        "country_code": "FR",
        "asn_v4": 15557,
        "asn_v6": 15557,
        "prefix_v4": "81.64.0.0/14",
        "prefix_v6": "2a02:8400::/25",
        "status_id": 1,
        "status": "Connected",
        "is_public": true,
        "is_anchor": false,
        "tags": [
          "system: IPv4 Capable",
          "system: IPv4 RFC1918",
          "system: IPv4 Stable 1d",
          "system: IPv4 Stable 30d",
          "system: IPv4 Stable 90d",
          "system: IPv4 Works",
          "system: IPv6 Capable",
          "system: IPv6 Stable 1d",
          "system: IPv6 Stable 30d",
          "system: IPv6 Stable 90d",
          "system: IPv6 Works",
          "system: Resolves A Correctly",
          "system: Resolves AAAA Correctly",
          "system: V3"
        ],
        "first_connected": 1413474143,
        "last_connected": 1791379929,
        "source": "RIPE Atlas",
        "evidence_type": "OBSERVED",
        "location_accuracy": "OBFUSCATED"
      }
    },
    {
      "type": "Feature",
      "id": "ripe-probe-18601",
      "geometry": {
        "type": "Point",
        "coordinates": [
          2.3175,
          48.8775
        ]
      },
      "properties": {
        "id": "ripe-probe-18601",
        "probe_id": 18601,
        "node_type": "ripe_atlas_probe",
        "description": "Global SP Atlas Probe",
        "country_code": "FR",
        "asn_v4": 34749,
        "asn_v6": null,
        "prefix_v4": "93.94.160.0/21",
        "prefix_v6": null,
        "status_id": 1,
        "status": "Connected",
        "is_public": true,
        "is_anchor": false,
        "tags": [
          "Datacentre",
          "Fibre",
          "No NAT",
          "system: IPv4 Capable",
          "system: IPv4 Stable 1d",
          "system: IPv4 Stable 30d",
          "system: IPv4 Stable 90d",
          "system: IPv4 Works",
          "system: Resolves A Correctly",
          "system: Resolves AAAA Correctly",
          "system: V3"
        ],
        "first_connected": 1409565075,
        "last_connected": 1791379929,
        "source": "RIPE Atlas",
        "evidence_type": "OBSERVED",
        "location_accuracy": "OBFUSCATED"
      }
    },
    {
      "type": "Feature",
      "id": "ripe-probe-19032",
      "geometry": {
        "type": "Point",
        "coordinates": [
          2.3585,
          48.8085
        ]
      },
      "properties": {
        "id": "ripe-probe-19032",
        "probe_id": 19032,
        "node_type": "ripe_atlas_probe",
        "description": "",
        "country_code": "FR",
        "asn_v4": 12322,
        "asn_v6": 12322,
        "prefix_v4": "82.64.0.0/14",
        "prefix_v6": "2a01:e0a:1040::/45",
        "status_id": 1,
        "status": "Connected",
        "is_public": true,
        "is_anchor": false,
        "tags": [
          "system: IPv4 Capable",
          "system: IPv4 RFC1918",
          "system: IPv4 Stable 1d",
          "system: IPv4 Stable 30d",
          "system: IPv4 Stable 90d",
          "system: IPv4 Works",
          "system: IPv6 Capable",
          "system: IPv6 Stable 1d",
          "system: IPv6 Stable 30d",
          "system: IPv6 Stable 90d",
          "system: IPv6 Works",
          "system: Resolves A Correctly",
          "system: Resolves AAAA Correctly",
          "system: V3"
        ],
        "first_connected": 1461762131,
        "last_connected": 1791379929,
        "source": "RIPE Atlas",
        "evidence_type": "OBSERVED",
        "location_accuracy": "OBFUSCATED"
      }
    },
    {
      "type": "Feature",
      "id": "ripe-probe-20480",
      "geometry": {
        "type": "Point",
        "coordinates": [
          2.4215,
          48.8075
        ]
      },
      "properties": {
        "id": "ripe-probe-20480",
        "probe_id": 20480,
        "node_type": "ripe_atlas_probe",
        "description": "",
        "country_code": "FR",
        "asn_v4": 3215,
        "asn_v6": 3215,
        "prefix_v4": "92.146.128.0/18",
        "prefix_v6": "2a01:cb04::/30",
        "status_id": 1,
        "status": "Connected",
        "is_public": true,
        "is_anchor": false,
        "tags": [
          "FTTH",
          "Fibre",
          "Home",
          "IPv4",
          "IPv6",
          "NAT",
          "Native IPv6",
          "Orange",
          "dual-stack",
          "probe v3",
          "system: IPv4 Capable",
          "system: IPv4 RFC1918",
          "system: IPv4 Stable 1d",
          "system: IPv4 Stable 30d",
          "system: IPv4 Works",
          "system: IPv6 Capable",
          "system: IPv6 Stable 1d",
          "system: IPv6 Stable 30d",
          "system: IPv6 Works",
          "system: Resolves A Correctly",
          "system: Resolves AAAA Correctly",
          "system: V3"
        ],
        "first_connected": 1409159386,
        "last_connected": 1791379929,
        "source": "RIPE Atlas",
        "evidence_type": "OBSERVED",
        "location_accuracy": "OBFUSCATED"
      }
    },
    {
      "type": "Feature",
      "id": "ripe-probe-21517",
      "geometry": {
        "type": "Point",
        "coordinates": [
          2.3375,
          48.8805
        ]
      },
      "properties": {
        "id": "ripe-probe-21517",
        "probe_id": 21517,
        "node_type": "ripe_atlas_probe",
        "description": "",
        "country_code": "FR",
        "asn_v4": 3215,
        "asn_v6": 3215,
        "prefix_v4": "82.124.0.0/16",
        "prefix_v6": "2a01:cb00::/30",
        "status_id": 1,
        "status": "Connected",
        "is_public": true,
        "is_anchor": false,
        "tags": [
          "Fibre",
          "Home",
          "system: IPv4 Capable",
          "system: IPv4 RFC1918",
          "system: IPv4 Stable 1d",
          "system: IPv4 Works",
          "system: IPv6 Capable",
          "system: IPv6 Stable 1d",
          "system: IPv6 Works",
          "system: Resolves A Correctly",
          "system: Resolves AAAA Correctly",
          "system: V3"
        ],
        "first_connected": 1418672380,
        "last_connected": 1791379929,
        "source": "RIPE Atlas",
        "evidence_type": "OBSERVED",
        "location_accuracy": "OBFUSCATED"
      }
    },
    {
      "type": "Feature",
      "id": "ripe-probe-21543",
      "geometry": {
        "type": "Point",
        "coordinates": [
          2.2595,
          48.8185
        ]
      },
      "properties": {
        "id": "ripe-probe-21543",
        "probe_id": 21543,
        "node_type": "ripe_atlas_probe",
        "description": "",
        "country_code": "FR",
        "asn_v4": 5410,
        "asn_v6": 5410,
        "prefix_v4": "176.128.0.0/10",
        "prefix_v6": "2001:860::/29",
        "status_id": 1,
        "status": "Connected",
        "is_public": true,
        "is_anchor": false,
        "tags": [
          "system: IPv4 Capable",
          "system: IPv4 RFC1918",
          "system: IPv4 Stable 1d",
          "system: IPv4 Stable 30d",
          "system: IPv4 Stable 90d",
          "system: IPv4 Works",
          "system: IPv6 Capable",
          "system: IPv6 Stable 1d",
          "system: IPv6 Stable 30d",
          "system: IPv6 Stable 90d",
          "system: IPv6 Works",
          "system: Resolves A Correctly",
          "system: Resolves AAAA Correctly",
          "system: V3"
        ],
        "first_connected": 1418887926,
        "last_connected": 1791379929,
        "source": "RIPE Atlas",
        "evidence_type": "OBSERVED",
        "location_accuracy": "OBFUSCATED"
      }
    },
    {
      "type": "Feature",
      "id": "ripe-probe-21873",
      "geometry": {
        "type": "Point",
        "coordinates": [
          2.3005,
          48.7585
        ]
      },
      "properties": {
        "id": "ripe-probe-21873",
        "probe_id": 21873,
        "node_type": "ripe_atlas_probe",
        "description": "",
        "country_code": "FR",
        "asn_v4": 3215,
        "asn_v6": null,
        "prefix_v4": "90.79.0.0/16",
        "prefix_v6": null,
        "status_id": 1,
        "status": "Connected",
        "is_public": false,
        "is_anchor": false,
        "tags": [
          "system: IPv4 Capable",
          "system: IPv4 RFC1918",
          "system: IPv4 Works",
          "system: Resolves A Correctly",
          "system: Resolves AAAA Correctly",
          "system: V3"
        ],
        "first_connected": 1438108500,
        "last_connected": 1791379929,
        "source": "RIPE Atlas",
        "evidence_type": "OBSERVED",
        "location_accuracy": "OBFUSCATED"
      }
    },
    {
      "type": "Feature",
      "id": "ripe-probe-22370",
      "geometry": {
        "type": "Point",
        "coordinates": [
          2.3605,
          48.8575
        ]
      },
      "properties": {
        "id": "ripe-probe-22370",
        "probe_id": 22370,
        "node_type": "ripe_atlas_probe",
        "description": "",
        "country_code": "FR",
        "asn_v4": 12322,
        "asn_v6": null,
        "prefix_v4": "82.64.0.0/14",
        "prefix_v6": null,
        "status_id": 1,
        "status": "Connected",
        "is_public": true,
        "is_anchor": false,
        "tags": [
          "system: IPv4 Capable",
          "system: IPv4 RFC1918",
          "system: IPv4 Stable 1d",
          "system: IPv4 Stable 30d",
          "system: IPv4 Stable 90d",
          "system: IPv4 Works",
          "system: Resolves A Correctly",
          "system: Resolves AAAA Correctly",
          "system: V3"
        ],
        "first_connected": 1428423443,
        "last_connected": 1791379929,
        "source": "RIPE Atlas",
        "evidence_type": "OBSERVED",
        "location_accuracy": "OBFUSCATED"
      }
    },
    {
      "type": "Feature",
      "id": "ripe-probe-23210",
      "geometry": {
        "type": "Point",
        "coordinates": [
          2.2275,
          48.9975
        ]
      },
      "properties": {
        "id": "ripe-probe-23210",
        "probe_id": 23210,
        "node_type": "ripe_atlas_probe",
        "description": "Orange Residential Optic Fiber",
        "country_code": "FR",
        "asn_v4": 3215,
        "asn_v6": 3215,
        "prefix_v4": "86.195.0.0/17",
        "prefix_v6": "2a01:cb00::/30",
        "status_id": 1,
        "status": "Connected",
        "is_public": true,
        "is_anchor": false,
        "tags": [
          "Fibre",
          "Home",
          "IPv6",
          "NAT",
          "system: IPv4 Capable",
          "system: IPv4 RFC1918",
          "system: IPv4 Stable 1d",
          "system: IPv4 Stable 30d",
          "system: IPv4 Stable 90d",
          "system: IPv4 Works",
          "system: IPv6 Capable",
          "system: IPv6 Stable 1d",
          "system: IPv6 Stable 30d",
          "system: IPv6 Stable 90d",
          "system: IPv6 Works",
          "system: Resolves A Correctly",
          "system: Resolves AAAA Correctly",
          "system: V3"
        ],
        "first_connected": 1430914279,
        "last_connected": 1791379929,
        "source": "RIPE Atlas",
        "evidence_type": "OBSERVED",
        "location_accuracy": "OBFUSCATED"
      }
    },
    {
      "type": "Feature",
      "id": "ripe-probe-23895",
      "geometry": {
        "type": "Point",
        "coordinates": [
          2.3315,
          48.8195
        ]
      },
      "properties": {
        "id": "ripe-probe-23895",
        "probe_id": 23895,
        "node_type": "ripe_atlas_probe",
        "description": "Wangarden Office Freebox",
        "country_code": "FR",
        "asn_v4": 12322,
        "asn_v6": null,
        "prefix_v4": "78.192.0.0/11",
        "prefix_v6": null,
        "status_id": 1,
        "status": "Connected",
        "is_public": false,
        "is_anchor": false,
        "tags": [
          "Fibre",
          "Free",
          "NAT",
          "No IPv6",
          "system: IPv4 Capable",
          "system: IPv4 RFC1918",
          "system: IPv4 Stable 1d",
          "system: IPv4 Works",
          "system: Resolves A Correctly",
          "system: Resolves AAAA Correctly",
          "system: V3"
        ],
        "first_connected": 1439225135,
        "last_connected": 1791379929,
        "source": "RIPE Atlas",
        "evidence_type": "OBSERVED",
        "location_accuracy": "OBFUSCATED"
      }
    },
    {
      "type": "Feature",
      "id": "ripe-probe-24400",
      "geometry": {
        "type": "Point",
        "coordinates": [
          2.3175,
          48.8675
        ]
      },
      "properties": {
        "id": "ripe-probe-24400",
        "probe_id": 24400,
        "node_type": "ripe_atlas_probe",
        "description": "Equinix PA7",
        "country_code": "FR",
        "asn_v4": 8426,
        "asn_v6": 8426,
        "prefix_v4": "89.185.32.0/19",
        "prefix_v6": "2001:a70::/32",
        "status_id": 1,
        "status": "Connected",
        "is_public": true,
        "is_anchor": false,
        "tags": [
          "Datacentre",
          "IPv4",
          "IPv6",
          "Native IPv4",
          "Native IPv6",
          "No NAT",
          "dual-stack",
          "system: IPv4 Capable",
          "system: IPv4 Stable 1d",
          "system: IPv4 Stable 30d",
          "system: IPv4 Stable 90d",
          "system: IPv4 Works",
          "system: IPv6 Capable",
          "system: IPv6 Stable 1d",
          "system: IPv6 Stable 30d",
          "system: IPv6 Stable 90d",
          "system: IPv6 Works",
          "system: Resolves A Correctly",
          "system: Resolves AAAA Correctly",
          "system: V3"
        ],
        "first_connected": 1445443854,
        "last_connected": 1791379929,
        "source": "RIPE Atlas",
        "evidence_type": "OBSERVED",
        "location_accuracy": "OBFUSCATED"
      }
    },
    {
      "type": "Feature",
      "id": "ripe-probe-24902",
      "geometry": {
        "type": "Point",
        "coordinates": [
          2.3775,
          48.8585
        ]
      },
      "properties": {
        "id": "ripe-probe-24902",
        "probe_id": 24902,
        "node_type": "ripe_atlas_probe",
        "description": "Telehouse 2",
        "country_code": "FR",
        "asn_v4": 8426,
        "asn_v6": null,
        "prefix_v4": "62.240.224.0/19",
        "prefix_v6": null,
        "status_id": 1,
        "status": "Connected",
        "is_public": true,
        "is_anchor": false,
        "tags": [
          "Datacentre",
          "system: IPv4 Capable",
          "system: IPv4 RFC1918",
          "system: IPv4 Stable 1d",
          "system: IPv4 Works",
          "system: Resolves A Correctly",
          "system: Resolves AAAA Correctly",
          "system: V3"
        ],
        "first_connected": 1447061059,
        "last_connected": 1791379929,
        "source": "RIPE Atlas",
        "evidence_type": "OBSERVED",
        "location_accuracy": "OBFUSCATED"
      }
    },
    {
      "type": "Feature",
      "id": "ripe-probe-24988",
      "geometry": {
        "type": "Point",
        "coordinates": [
          2.3915,
          48.8215
        ]
      },
      "properties": {
        "id": "ripe-probe-24988",
        "probe_id": 24988,
        "node_type": "ripe_atlas_probe",
        "description": "",
        "country_code": "FR",
        "asn_v4": 41653,
        "asn_v6": 41653,
        "prefix_v4": "95.128.40.0/21",
        "prefix_v6": "2a02:ec0::/32",
        "status_id": 1,
        "status": "Connected",
        "is_public": true,
        "is_anchor": false,
        "tags": [
          "system: IPv4 Capable",
          "system: IPv4 Stable 1d",
          "system: IPv4 Stable 30d",
          "system: IPv4 Stable 90d",
          "system: IPv4 Works",
          "system: IPv6 Capable",
          "system: IPv6 Stable 1d",
          "system: IPv6 Stable 30d",
          "system: IPv6 Stable 90d",
          "system: IPv6 Works",
          "system: Resolves A Correctly",
          "system: Resolves AAAA Correctly",
          "system: V3"
        ],
        "first_connected": 1445536915,
        "last_connected": 1791379929,
        "source": "RIPE Atlas",
        "evidence_type": "OBSERVED",
        "location_accuracy": "OBFUSCATED"
      }
    },
    {
      "type": "Feature",
      "id": "ripe-probe-26145",
      "geometry": {
        "type": "Point",
        "coordinates": [
          2.2995,
          48.8695
        ]
      },
      "properties": {
        "id": "ripe-probe-26145",
        "probe_id": 26145,
        "node_type": "ripe_atlas_probe",
        "description": "Angel",
        "country_code": "FR",
        "asn_v4": 5410,
        "asn_v6": 5410,
        "prefix_v4": "89.80.0.0/12",
        "prefix_v6": "2001:860::/29",
        "status_id": 1,
        "status": "Connected",
        "is_public": true,
        "is_anchor": false,
        "tags": [
          "system: IPv4 Capable",
          "system: IPv4 RFC1918",
          "system: IPv4 Stable 1d",
          "system: IPv4 Stable 30d",
          "system: IPv4 Stable 90d",
          "system: IPv4 Works",
          "system: IPv6 Capable",
          "system: IPv6 Doesn't Work",
          "system: IPv6 Stable 1d",
          "system: IPv6 Stable 30d",
          "system: IPv6 Stable 90d",
          "system: Resolves A Correctly",
          "system: Resolves AAAA Correctly",
          "system: V3"
        ],
        "first_connected": 1462036032,
        "last_connected": 1791379929,
        "source": "RIPE Atlas",
        "evidence_type": "OBSERVED",
        "location_accuracy": "OBFUSCATED"
      }
    },
    {
      "type": "Feature",
      "id": "ripe-probe-27262",
      "geometry": {
        "type": "Point",
        "coordinates": [
          2.3305,
          48.8285
        ]
      },
      "properties": {
        "id": "ripe-probe-27262",
        "probe_id": 27262,
        "node_type": "ripe_atlas_probe",
        "description": "",
        "country_code": "FR",
        "asn_v4": 12322,
        "asn_v6": 12322,
        "prefix_v4": "82.64.0.0/14",
        "prefix_v6": "2a01:e0a:d18::/45",
        "status_id": 1,
        "status": "Connected",
        "is_public": true,
        "is_anchor": false,
        "tags": [
          "FTTH",
          "Free",
          "Home",
          "IPv4",
          "IPv6",
          "NAT",
          "system: IPv4 Capable",
          "system: IPv4 RFC1918",
          "system: IPv4 Stable 1d",
          "system: IPv4 Stable 30d",
          "system: IPv4 Stable 90d",
          "system: IPv4 Works",
          "system: IPv6 Capable",
          "system: IPv6 Stable 1d",
          "system: IPv6 Stable 30d",
          "system: IPv6 Stable 90d",
          "system: IPv6 Works",
          "system: Resolves A Correctly",
          "system: Resolves AAAA Correctly",
          "system: V3"
        ],
        "first_connected": 1460402745,
        "last_connected": 1791379929,
        "source": "RIPE Atlas",
        "evidence_type": "OBSERVED",
        "location_accuracy": "OBFUSCATED"
      }
    },
    {
      "type": "Feature",
      "id": "ripe-probe-27289",
      "geometry": {
        "type": "Point",
        "coordinates": [
          2.3115,
          48.8115
        ]
      },
      "properties": {
        "id": "ripe-probe-27289",
        "probe_id": 27289,
        "node_type": "ripe_atlas_probe",
        "description": "Fiber network, Bouygues Telecom, Montrouge, France",
        "country_code": "FR",
        "asn_v4": 5410,
        "asn_v6": null,
        "prefix_v4": "176.128.0.0/10",
        "prefix_v6": null,
        "status_id": 1,
        "status": "Connected",
        "is_public": true,
        "is_anchor": false,
        "tags": [
          "system: IPv4 Capable",
          "system: IPv4 RFC1918",
          "system: IPv4 Stable 1d",
          "system: IPv4 Stable 30d",
          "system: IPv4 Stable 90d",
          "system: IPv4 Works",
          "system: Resolves A Correctly",
          "system: Resolves AAAA Correctly",
          "system: V3"
        ],
        "first_connected": 1460038432,
        "last_connected": 1791379929,
        "source": "RIPE Atlas",
        "evidence_type": "OBSERVED",
        "location_accuracy": "OBFUSCATED"
      }
    },
    {
      "type": "Feature",
      "id": "ripe-probe-27774",
      "geometry": {
        "type": "Point",
        "coordinates": [
          2.3405,
          48.8495
        ]
      },
      "properties": {
        "id": "ripe-probe-27774",
        "probe_id": 27774,
        "node_type": "ripe_atlas_probe",
        "description": "Garancière - JN",
        "country_code": "FR",
        "asn_v4": 208789,
        "asn_v6": null,
        "prefix_v4": "45.85.52.0/24",
        "prefix_v6": null,
        "status_id": 1,
        "status": "Connected",
        "is_public": true,
        "is_anchor": false,
        "tags": [
          "Datacentre",
          "Fibre",
          "IPv4",
          "Native IPv4",
          "No NAT",
          "Office",
          "system: IPv4 Capable",
          "system: IPv4 Stable 1d",
          "system: IPv4 Stable 30d",
          "system: IPv4 Works",
          "system: Resolves A Correctly",
          "system: Resolves AAAA Correctly",
          "system: V3"
        ],
        "first_connected": 1478181937,
        "last_connected": 1791379929,
        "source": "RIPE Atlas",
        "evidence_type": "OBSERVED",
        "location_accuracy": "OBFUSCATED"
      }
    },
    {
      "type": "Feature",
      "id": "ripe-probe-28924",
      "geometry": {
        "type": "Point",
        "coordinates": [
          2.0885,
          48.8695
        ]
      },
      "properties": {
        "id": "ripe-probe-28924",
        "probe_id": 28924,
        "node_type": "ripe_atlas_probe",
        "description": "MARLY LE ROI",
        "country_code": "FR",
        "asn_v4": 15557,
        "asn_v6": null,
        "prefix_v4": "85.68.0.0/15",
        "prefix_v6": null,
        "status_id": 1,
        "status": "Connected",
        "is_public": true,
        "is_anchor": false,
        "tags": [
          "system: IPv4 Capable",
          "system: IPv4 RFC1918",
          "system: IPv4 Stable 1d",
          "system: IPv4 Stable 30d",
          "system: IPv4 Stable 90d",
          "system: IPv4 Works",
          "system: Resolves A Correctly",
          "system: Resolves AAAA Correctly",
          "system: V3"
        ],
        "first_connected": 1478284433,
        "last_connected": 1791379929,
        "source": "RIPE Atlas",
        "evidence_type": "OBSERVED",
        "location_accuracy": "OBFUSCATED"
      }
    },
    {
      "type": "Feature",
      "id": "ripe-probe-28951",
      "geometry": {
        "type": "Point",
        "coordinates": [
          2.2595,
          48.9075
        ]
      },
      "properties": {
        "id": "ripe-probe-28951",
        "probe_id": 28951,
        "node_type": "ripe_atlas_probe",
        "description": "MH Atlast Probe",
        "country_code": "FR",
        "asn_v4": 12322,
        "asn_v6": 12322,
        "prefix_v4": "82.64.0.0/14",
        "prefix_v6": "2a01:e0a:ac0::/45",
        "status_id": 1,
        "status": "Connected",
        "is_public": false,
        "is_anchor": false,
        "tags": [
          "FTTH",
          "Fibre",
          "IPv6",
          "Orange",
          "system: IPv4 Capable",
          "system: IPv4 RFC1918",
          "system: IPv4 Stable 1d",
          "system: IPv4 Works",
          "system: IPv6 Capable",
          "system: IPv6 Stable 1d",
          "system: IPv6 Works",
          "system: Resolves A Correctly",
          "system: Resolves AAAA Correctly",
          "system: V3"
        ],
        "first_connected": 1478292754,
        "last_connected": 1791379929,
        "source": "RIPE Atlas",
        "evidence_type": "OBSERVED",
        "location_accuracy": "OBFUSCATED"
      }
    },
    {
      "type": "Feature",
      "id": "ripe-probe-29239",
      "geometry": {
        "type": "Point",
        "coordinates": [
          2.5185,
          48.8315
        ]
      },
      "properties": {
        "id": "ripe-probe-29239",
        "probe_id": 29239,
        "node_type": "ripe_atlas_probe",
        "description": "Bry - Appart",
        "country_code": "FR",
        "asn_v4": 12322,
        "asn_v6": 12322,
        "prefix_v4": "82.64.0.0/14",
        "prefix_v6": "2a01:e0a:1240::/45",
        "status_id": 1,
        "status": "Connected",
        "is_public": true,
        "is_anchor": false,
        "tags": [
          "FTTH",
          "Fibre",
          "Home",
          "IPv4",
          "NAT",
          "Native IPv4",
          "probe v3",
          "system: IPv4 Capable",
          "system: IPv4 RFC1918",
          "system: IPv4 Stable 1d",
          "system: IPv4 Stable 30d",
          "system: IPv4 Stable 90d",
          "system: IPv4 Works",
          "system: IPv6 Capable",
          "system: IPv6 Stable 1d",
          "system: IPv6 Stable 30d",
          "system: IPv6 Stable 90d",
          "system: IPv6 Works",
          "system: Resolves A Correctly",
          "system: Resolves AAAA Correctly",
          "system: V3"
        ],
        "first_connected": 1479676167,
        "last_connected": 1791379929,
        "source": "RIPE Atlas",
        "evidence_type": "OBSERVED",
        "location_accuracy": "OBFUSCATED"
      }
    },
    {
      "type": "Feature",
      "id": "ripe-probe-29248",
      "geometry": {
        "type": "Point",
        "coordinates": [
          2.3395,
          48.8515
        ]
      },
      "properties": {
        "id": "ripe-probe-29248",
        "probe_id": 29248,
        "node_type": "ripe_atlas_probe",
        "description": "Vaugirard - C",
        "country_code": "FR",
        "asn_v4": 34177,
        "asn_v6": null,
        "prefix_v4": "45.85.55.0/24",
        "prefix_v6": null,
        "status_id": 1,
        "status": "Connected",
        "is_public": true,
        "is_anchor": false,
        "tags": [
          "Datacentre",
          "Fibre",
          "Native IPv4",
          "No NAT",
          "Office",
          "system: IPv4 Capable",
          "system: IPv4 Stable 1d",
          "system: IPv4 Stable 30d",
          "system: IPv4 Stable 90d",
          "system: IPv4 Works",
          "system: Resolves A Correctly",
          "system: Resolves AAAA Correctly",
          "system: V3"
        ],
        "first_connected": 1479129436,
        "last_connected": 1791379929,
        "source": "RIPE Atlas",
        "evidence_type": "OBSERVED",
        "location_accuracy": "OBFUSCATED"
      }
    },
    {
      "type": "Feature",
      "id": "ripe-probe-29269",
      "geometry": {
        "type": "Point",
        "coordinates": [
          2.2605,
          48.9015
        ]
      },
      "properties": {
        "id": "ripe-probe-29269",
        "probe_id": 29269,
        "node_type": "ripe_atlas_probe",
        "description": "Bouygues Telecom FTTH",
        "country_code": "FR",
        "asn_v4": 5410,
        "asn_v6": 5410,
        "prefix_v4": "176.128.0.0/10",
        "prefix_v6": "2001:860::/29",
        "status_id": 1,
        "status": "Connected",
        "is_public": true,
        "is_anchor": false,
        "tags": [
          "FTTH",
          "Fibre",
          "Home",
          "IPv4",
          "IPv6",
          "NAT",
          "system: IPv4 Capable",
          "system: IPv4 RFC1918",
          "system: IPv4 Stable 1d",
          "system: IPv4 Stable 30d",
          "system: IPv4 Stable 90d",
          "system: IPv4 Works",
          "system: IPv6 Capable",
          "system: IPv6 Stable 1d",
          "system: IPv6 Stable 30d",
          "system: IPv6 Stable 90d",
          "system: IPv6 Works",
          "system: Resolves A Correctly",
          "system: Resolves AAAA Correctly",
          "system: V3"
        ],
        "first_connected": 1483550306,
        "last_connected": 1791379929,
        "source": "RIPE Atlas",
        "evidence_type": "OBSERVED",
        "location_accuracy": "OBFUSCATED"
      }
    },
    {
      "type": "Feature",
      "id": "ripe-probe-29285",
      "geometry": {
        "type": "Point",
        "coordinates": [
          2.3015,
          48.8195
        ]
      },
      "properties": {
        "id": "ripe-probe-29285",
        "probe_id": 29285,
        "node_type": "ripe_atlas_probe",
        "description": "Malakoff - GM",
        "country_code": "FR",
        "asn_v4": 12322,
        "asn_v6": 12322,
        "prefix_v4": "82.64.0.0/14",
        "prefix_v6": "2a01:e0a:400::/39",
        "status_id": 1,
        "status": "Connected",
        "is_public": true,
        "is_anchor": false,
        "tags": [
          "FTTH",
          "Fibre",
          "Free",
          "Home",
          "Homelab",
          "IPv4",
          "IPv6",
          "NAT",
          "Native IPv6",
          "dual-stack",
          "system: IPv4 Capable",
          "system: IPv4 RFC1918",
          "system: IPv4 Stable 1d",
          "system: IPv4 Stable 30d",
          "system: IPv4 Stable 90d",
          "system: IPv4 Works",
          "system: IPv6 Capable",
          "system: IPv6 Doesn't Work",
          "system: IPv6 Stable 1d",
          "system: IPv6 Stable 30d",
          "system: IPv6 Stable 90d",
          "system: Resolves A Correctly",
          "system: Resolves AAAA Correctly",
          "system: V3"
        ],
        "first_connected": 1478974262,
        "last_connected": 1791379929,
        "source": "RIPE Atlas",
        "evidence_type": "OBSERVED",
        "location_accuracy": "OBFUSCATED"
      }
    },
    {
      "type": "Feature",
      "id": "ripe-probe-29711",
      "geometry": {
        "type": "Point",
        "coordinates": [
          2.4875,
          48.7475
        ]
      },
      "properties": {
        "id": "ripe-probe-29711",
        "probe_id": 29711,
        "node_type": "ripe_atlas_probe",
        "description": "fibre free 8Gb",
        "country_code": "FR",
        "asn_v4": 12322,
        "asn_v6": 12322,
        "prefix_v4": "82.64.0.0/14",
        "prefix_v6": "2a01:e0a:b80::/45",
        "status_id": 1,
        "status": "Connected",
        "is_public": true,
        "is_anchor": false,
        "tags": [
          "Fibre",
          "system: IPv4 Capable",
          "system: IPv4 RFC1918",
          "system: IPv4 Stable 1d",
          "system: IPv4 Stable 30d",
          "system: IPv4 Stable 90d",
          "system: IPv4 Works",
          "system: IPv6 Capable",
          "system: IPv6 Stable 1d",
          "system: IPv6 Stable 30d",
          "system: IPv6 Stable 90d",
          "system: IPv6 Works",
          "system: Resolves A Correctly",
          "system: Resolves AAAA Correctly",
          "system: V3"
        ],
        "first_connected": 1474964437,
        "last_connected": 1791379929,
        "source": "RIPE Atlas",
        "evidence_type": "OBSERVED",
        "location_accuracy": "OBFUSCATED"
      }
    },
    {
      "type": "Feature",
      "id": "ripe-probe-30489",
      "geometry": {
        "type": "Point",
        "coordinates": [
          2.2515,
          48.9115
        ]
      },
      "properties": {
        "id": "ripe-probe-30489",
        "probe_id": 30489,
        "node_type": "ripe_atlas_probe",
        "description": "LGC",
        "country_code": "FR",
        "asn_v4": 3215,
        "asn_v6": 3215,
        "prefix_v4": "83.204.128.0/17",
        "prefix_v6": "2a01:cb00::/30",
        "status_id": 1,
        "status": "Connected",
        "is_public": true,
        "is_anchor": false,
        "tags": [
          "FTTH",
          "Fibre",
          "Home",
          "NAT",
          "Orange",
          "system: IPv4 Capable",
          "system: IPv4 RFC1918",
          "system: IPv4 Stable 1d",
          "system: IPv4 Stable 30d",
          "system: IPv4 Stable 90d",
          "system: IPv4 Works",
          "system: IPv6 Capable",
          "system: IPv6 Stable 1d",
          "system: IPv6 Stable 30d",
          "system: IPv6 Stable 90d",
          "system: IPv6 Works",
          "system: Resolves A Correctly",
          "system: Resolves AAAA Correctly",
          "system: V3"
        ],
        "first_connected": 1483378067,
        "last_connected": 1791379929,
        "source": "RIPE Atlas",
        "evidence_type": "OBSERVED",
        "location_accuracy": "OBFUSCATED"
      }
    },
    {
      "type": "Feature",
      "id": "ripe-probe-31504",
      "geometry": {
        "type": "Point",
        "coordinates": [
          2.3475,
          48.9295
        ]
      },
      "properties": {
        "id": "ripe-probe-31504",
        "probe_id": 31504,
        "node_type": "ripe_atlas_probe",
        "description": "rap-pa2-01",
        "country_code": "FR",
        "asn_v4": 199571,
        "asn_v6": 199571,
        "prefix_v4": "37.9.136.0/21",
        "prefix_v6": "2a02:e640::/29",
        "status_id": 1,
        "status": "Connected",
        "is_public": true,
        "is_anchor": false,
        "tags": [
          "Datacentre",
          "IPv4",
          "IPv6",
          "Multihomed",
          "Native IPv4",
          "Native IPv6",
          "No NAT",
          "dual-stack",
          "system: IPv4 Capable",
          "system: IPv4 Stable 1d",
          "system: IPv4 Stable 30d",
          "system: IPv4 Stable 90d",
          "system: IPv4 Works",
          "system: IPv6 Capable",
          "system: IPv6 Stable 1d",
          "system: IPv6 Stable 30d",
          "system: IPv6 Stable 90d",
          "system: IPv6 Works",
          "system: Resolves A Correctly",
          "system: Resolves AAAA Correctly",
          "system: V3"
        ],
        "first_connected": 1480439299,
        "last_connected": 1791379929,
        "source": "RIPE Atlas",
        "evidence_type": "OBSERVED",
        "location_accuracy": "OBFUSCATED"
      }
    },
    {
      "type": "Feature",
      "id": "ripe-probe-31513",
      "geometry": {
        "type": "Point",
        "coordinates": [
          2.3575,
          48.8685
        ]
      },
      "properties": {
        "id": "ripe-probe-31513",
        "probe_id": 31513,
        "node_type": "ripe_atlas_probe",
        "description": "",
        "country_code": "FR",
        "asn_v4": 12322,
        "asn_v6": null,
        "prefix_v4": "78.192.0.0/11",
        "prefix_v6": null,
        "status_id": 1,
        "status": "Connected",
        "is_public": false,
        "is_anchor": false,
        "tags": [
          "system: IPv4 Capable",
          "system: IPv4 RFC1918",
          "system: IPv4 Stable 1d",
          "system: IPv4 Stable 30d",
          "system: IPv4 Stable 90d",
          "system: IPv4 Works",
          "system: Resolves A Correctly",
          "system: Resolves AAAA Correctly",
          "system: V3"
        ],
        "first_connected": 1481887867,
        "last_connected": 1791379929,
        "source": "RIPE Atlas",
        "evidence_type": "OBSERVED",
        "location_accuracy": "OBFUSCATED"
      }
    },
    {
      "type": "Feature",
      "id": "ripe-probe-31556",
      "geometry": {
        "type": "Point",
        "coordinates": [
          2.3195,
          48.8305
        ]
      },
      "properties": {
        "id": "ripe-probe-31556",
        "probe_id": 31556,
        "node_type": "ripe_atlas_probe",
        "description": "CSKMOULINVERT",
        "country_code": "FR",
        "asn_v4": 12322,
        "asn_v6": 12322,
        "prefix_v4": "78.192.0.0/11",
        "prefix_v6": "2a01:e34::/32",
        "status_id": 1,
        "status": "Connected",
        "is_public": true,
        "is_anchor": false,
        "tags": [
          "FTTH",
          "Fibre",
          "Free",
          "Home",
          "IPv4",
          "IPv6",
          "NAT",
          "Native IPv4",
          "Native IPv6",
          "dual-stack",
          "probe v3",
          "system: IPv4 Capable",
          "system: IPv4 RFC1918",
          "system: IPv4 Stable 1d",
          "system: IPv4 Stable 30d",
          "system: IPv4 Stable 90d",
          "system: IPv4 Works",
          "system: IPv6 Capable",
          "system: IPv6 Stable 1d",
          "system: IPv6 Stable 30d",
          "system: IPv6 Stable 90d",
          "system: IPv6 Works",
          "system: Resolves A Correctly",
          "system: Resolves AAAA Correctly",
          "system: V3"
        ],
        "first_connected": 1480871645,
        "last_connected": 1791379929,
        "source": "RIPE Atlas",
        "evidence_type": "OBSERVED",
        "location_accuracy": "OBFUSCATED"
      }
    },
    {
      "type": "Feature",
      "id": "ripe-probe-31879",
      "geometry": {
        "type": "Point",
        "coordinates": [
          2.3905,
          48.8615
        ]
      },
      "properties": {
        "id": "ripe-probe-31879",
        "probe_id": 31879,
        "node_type": "ripe_atlas_probe",
        "description": "Paris appartement",
        "country_code": "FR",
        "asn_v4": 12322,
        "asn_v6": null,
        "prefix_v4": "82.64.0.0/14",
        "prefix_v6": null,
        "status_id": 1,
        "status": "Connected",
        "is_public": true,
        "is_anchor": false,
        "tags": [
          "system: IPv4 Capable",
          "system: IPv4 RFC1918",
          "system: IPv4 Stable 1d",
          "system: IPv4 Stable 30d",
          "system: IPv4 Stable 90d",
          "system: IPv4 Works",
          "system: Resolves A Correctly",
          "system: Resolves AAAA Correctly",
          "system: V3"
        ],
        "first_connected": 1484814575,
        "last_connected": 1791379929,
        "source": "RIPE Atlas",
        "evidence_type": "OBSERVED",
        "location_accuracy": "OBFUSCATED"
      }
    },
    {
      "type": "Feature",
      "id": "ripe-probe-32106",
      "geometry": {
        "type": "Point",
        "coordinates": [
          2.2975,
          48.8305
        ]
      },
      "properties": {
        "id": "ripe-probe-32106",
        "probe_id": 32106,
        "node_type": "ripe_atlas_probe",
        "description": "Olivier",
        "country_code": "FR",
        "asn_v4": 12322,
        "asn_v6": null,
        "prefix_v4": "82.64.0.0/14",
        "prefix_v6": null,
        "status_id": 1,
        "status": "Connected",
        "is_public": true,
        "is_anchor": false,
        "tags": [
          "system: IPv4 Capable",
          "system: IPv4 RFC1918",
          "system: IPv4 Works",
          "system: IPv6 Capable",
          "system: IPv6 ULA",
          "system: Resolves A Correctly",
          "system: Resolves AAAA Correctly",
          "system: V3"
        ],
        "first_connected": 1505757907,
        "last_connected": 1791379929,
        "source": "RIPE Atlas",
        "evidence_type": "OBSERVED",
        "location_accuracy": "OBFUSCATED"
      }
    },
    {
      "type": "Feature",
      "id": "ripe-probe-32173",
      "geometry": {
        "type": "Point",
        "coordinates": [
          2.2805,
          48.8885
        ]
      },
      "properties": {
        "id": "ripe-probe-32173",
        "probe_id": 32173,
        "node_type": "ripe_atlas_probe",
        "description": "probe @ maddingue's home",
        "country_code": "FR",
        "asn_v4": 3215,
        "asn_v6": 3215,
        "prefix_v4": "82.125.128.0/17",
        "prefix_v6": "2a01:cb00::/30",
        "status_id": 1,
        "status": "Connected",
        "is_public": true,
        "is_anchor": false,
        "tags": [
          "Fibre",
          "Home",
          "IPv4",
          "IPv6",
          "Orange",
          "system: IPv4 Capable",
          "system: IPv4 RFC1918",
          "system: IPv4 Stable 1d",
          "system: IPv4 Stable 30d",
          "system: IPv4 Stable 90d",
          "system: IPv4 Works",
          "system: IPv6 Capable",
          "system: IPv6 Stable 1d",
          "system: IPv6 Stable 30d",
          "system: IPv6 Stable 90d",
          "system: IPv6 Works",
          "system: Resolves A Correctly",
          "system: Resolves AAAA Correctly",
          "system: V3"
        ],
        "first_connected": 1507059151,
        "last_connected": 1791379929,
        "source": "RIPE Atlas",
        "evidence_type": "OBSERVED",
        "location_accuracy": "OBFUSCATED"
      }
    },
    {
      "type": "Feature",
      "id": "ripe-probe-33396",
      "geometry": {
        "type": "Point",
        "coordinates": [
          2.3415,
          48.8005
        ]
      },
      "properties": {
        "id": "ripe-probe-33396",
        "probe_id": 33396,
        "node_type": "ripe_atlas_probe",
        "description": "ISP Free in France. Fiber connection 5Gbps",
        "country_code": "FR",
        "asn_v4": 12322,
        "asn_v6": 12322,
        "prefix_v4": "82.64.0.0/14",
        "prefix_v6": "2a01:e0a:e00::/45",
        "status_id": 1,
        "status": "Connected",
        "is_public": true,
        "is_anchor": false,
        "tags": [
          "FTTH",
          "Fibre",
          "Home",
          "IPv4",
          "IPv6",
          "NAT",
          "Native IPv4",
          "Native IPv6",
          "system: IPv4 Capable",
          "system: IPv4 RFC1918",
          "system: IPv4 Stable 1d",
          "system: IPv4 Stable 30d",
          "system: IPv4 Stable 90d",
          "system: IPv4 Works",
          "system: IPv6 Capable",
          "system: IPv6 Stable 1d",
          "system: IPv6 Stable 30d",
          "system: IPv6 Stable 90d",
          "system: IPv6 Works",
          "system: Resolves A Correctly",
          "system: Resolves AAAA Correctly",
          "system: V3"
        ],
        "first_connected": 1520082215,
        "last_connected": 1791379929,
        "source": "RIPE Atlas",
        "evidence_type": "OBSERVED",
        "location_accuracy": "OBFUSCATED"
      }
    },
    {
      "type": "Feature",
      "id": "ripe-probe-33475",
      "geometry": {
        "type": "Point",
        "coordinates": [
          2.3505,
          48.8495
        ]
      },
      "properties": {
        "id": "ripe-probe-33475",
        "probe_id": 33475,
        "node_type": "ripe_atlas_probe",
        "description": "",
        "country_code": "FR",
        "asn_v4": 3215,
        "asn_v6": 3215,
        "prefix_v4": "90.63.128.0/17",
        "prefix_v6": "2a01:cb04::/30",
        "status_id": 1,
        "status": "Connected",
        "is_public": true,
        "is_anchor": false,
        "tags": [
          "system: IPv4 Capable",
          "system: IPv4 RFC1918",
          "system: IPv4 Stable 1d",
          "system: IPv4 Stable 30d",
          "system: IPv4 Works",
          "system: IPv6 Capable",
          "system: IPv6 Stable 1d",
          "system: IPv6 Stable 30d",
          "system: IPv6 Works",
          "system: Resolves A Correctly",
          "system: Resolves AAAA Correctly",
          "system: V3"
        ],
        "first_connected": 1505676293,
        "last_connected": 1791379929,
        "source": "RIPE Atlas",
        "evidence_type": "OBSERVED",
        "location_accuracy": "OBFUSCATED"
      }
    },
    {
      "type": "Feature",
      "id": "ripe-probe-33573",
      "geometry": {
        "type": "Point",
        "coordinates": [
          2.3405,
          48.9885
        ]
      },
      "properties": {
        "id": "ripe-probe-33573",
        "probe_id": 33573,
        "node_type": "ripe_atlas_probe",
        "description": "Orange - Pro - 1G Fiber Access in Eaubonne",
        "country_code": "FR",
        "asn_v4": 3215,
        "asn_v6": 3215,
        "prefix_v4": "90.63.128.0/17",
        "prefix_v6": "2a01:cb00::/30",
        "status_id": 1,
        "status": "Connected",
        "is_public": true,
        "is_anchor": false,
        "tags": [
          "system: IPv4 Capable",
          "system: IPv4 RFC1918",
          "system: IPv4 Stable 1d",
          "system: IPv4 Stable 30d",
          "system: IPv4 Works",
          "system: IPv6 Capable",
          "system: IPv6 Stable 1d",
          "system: IPv6 Stable 30d",
          "system: IPv6 Works",
          "system: Resolves A Correctly",
          "system: Resolves AAAA Correctly",
          "system: V3"
        ],
        "first_connected": 1507695803,
        "last_connected": 1791379929,
        "source": "RIPE Atlas",
        "evidence_type": "OBSERVED",
        "location_accuracy": "OBFUSCATED"
      }
    },
    {
      "type": "Feature",
      "id": "ripe-probe-33631",
      "geometry": {
        "type": "Point",
        "coordinates": [
          2.3585,
          48.8075
        ]
      },
      "properties": {
        "id": "ripe-probe-33631",
        "probe_id": 33631,
        "node_type": "ripe_atlas_probe",
        "description": "Home probe",
        "country_code": "FR",
        "asn_v4": 12322,
        "asn_v6": 12322,
        "prefix_v4": "82.64.0.0/14",
        "prefix_v6": "2a01:e0a:ee0::/45",
        "status_id": 1,
        "status": "Connected",
        "is_public": true,
        "is_anchor": false,
        "tags": [
          "system: IPv4 Capable",
          "system: IPv4 RFC1918",
          "system: IPv4 Stable 1d",
          "system: IPv4 Stable 30d",
          "system: IPv4 Stable 90d",
          "system: IPv4 Works",
          "system: IPv6 Capable",
          "system: IPv6 Stable 1d",
          "system: IPv6 Stable 30d",
          "system: IPv6 Stable 90d",
          "system: IPv6 Works",
          "system: Resolves A Correctly",
          "system: Resolves AAAA Correctly",
          "system: V3"
        ],
        "first_connected": 1560352336,
        "last_connected": 1791379929,
        "source": "RIPE Atlas",
        "evidence_type": "OBSERVED",
        "location_accuracy": "OBFUSCATED"
      }
    },
    {
      "type": "Feature",
      "id": "ripe-probe-33967",
      "geometry": {
        "type": "Point",
        "coordinates": [
          2.4905,
          48.8005
        ]
      },
      "properties": {
        "id": "ripe-probe-33967",
        "probe_id": 33967,
        "node_type": "ripe_atlas_probe",
        "description": "",
        "country_code": "FR",
        "asn_v4": 12322,
        "asn_v6": 12322,
        "prefix_v4": "82.64.0.0/14",
        "prefix_v6": "2a01:e0a:1240::/45",
        "status_id": 1,
        "status": "Connected",
        "is_public": true,
        "is_anchor": false,
        "tags": [
          "system: IPv4 Capable",
          "system: IPv4 RFC1918",
          "system: IPv4 Stable 1d",
          "system: IPv4 Stable 30d",
          "system: IPv4 Stable 90d",
          "system: IPv4 Works",
          "system: IPv6 Capable",
          "system: IPv6 Stable 1d",
          "system: IPv6 Stable 30d",
          "system: IPv6 Stable 90d",
          "system: IPv6 Works",
          "system: Resolves A Correctly",
          "system: Resolves AAAA Correctly",
          "system: V3"
        ],
        "first_connected": 1499106958,
        "last_connected": 1791379929,
        "source": "RIPE Atlas",
        "evidence_type": "OBSERVED",
        "location_accuracy": "OBFUSCATED"
      }
    },
    {
      "type": "Feature",
      "id": "ripe-probe-34956",
      "geometry": {
        "type": "Point",
        "coordinates": [
          2.3195,
          48.8305
        ]
      },
      "properties": {
        "id": "ripe-probe-34956",
        "probe_id": 34956,
        "node_type": "ripe_atlas_probe",
        "description": "Sonde Lilian",
        "country_code": "FR",
        "asn_v4": 5410,
        "asn_v6": 5410,
        "prefix_v4": "176.128.0.0/10",
        "prefix_v6": "2001:860::/29",
        "status_id": 1,
        "status": "Connected",
        "is_public": true,
        "is_anchor": false,
        "tags": [
          "Fibre",
          "system: IPv4 Capable",
          "system: IPv4 RFC1918",
          "system: IPv4 Stable 1d",
          "system: IPv4 Stable 30d",
          "system: IPv4 Stable 90d",
          "system: IPv4 Works",
          "system: IPv6 Capable",
          "system: IPv6 Stable 1d",
          "system: IPv6 Stable 30d",
          "system: IPv6 Stable 90d",
          "system: IPv6 Works",
          "system: Resolves A Correctly",
          "system: Resolves AAAA Correctly",
          "system: V3"
        ],
        "first_connected": 1513720979,
        "last_connected": 1791379929,
        "source": "RIPE Atlas",
        "evidence_type": "OBSERVED",
        "location_accuracy": "OBFUSCATED"
      }
    },
    {
      "type": "Feature",
      "id": "ripe-probe-50005",
      "geometry": {
        "type": "Point",
        "coordinates": [
          2.3375,
          48.8495
        ]
      },
      "properties": {
        "id": "ripe-probe-50005",
        "probe_id": 50005,
        "node_type": "ripe_atlas_probe",
        "description": "Stéphane's home",
        "country_code": "FR",
        "asn_v4": 12322,
        "asn_v6": 12322,
        "prefix_v4": "78.192.0.0/11",
        "prefix_v6": "2a01:e34::/32",
        "status_id": 1,
        "status": "Connected",
        "is_public": true,
        "is_anchor": false,
        "tags": [
          "Fibre",
          "Home",
          "IPv4",
          "IPv6",
          "NAT",
          "Native IPv4",
          "Native IPv6",
          "iwantbcp38compliancetesting",
          "system: IPv4 Capable",
          "system: IPv4 RFC1918",
          "system: IPv4 Stable 1d",
          "system: IPv4 Stable 30d",
          "system: IPv4 Stable 90d",
          "system: IPv4 Works",
          "system: IPv6 Capable",
          "system: IPv6 Stable 1d",
          "system: IPv6 Stable 30d",
          "system: IPv6 Stable 90d",
          "system: IPv6 Works",
          "system: Resolves A Correctly",
          "system: Resolves AAAA Correctly",
          "system: V4"
        ],
        "first_connected": 1526496309,
        "last_connected": 1791379929,
        "source": "RIPE Atlas",
        "evidence_type": "OBSERVED",
        "location_accuracy": "OBFUSCATED"
      }
    },
    {
      "type": "Feature",
      "id": "ripe-probe-50241",
      "geometry": {
        "type": "Point",
        "coordinates": [
          2.2095,
          48.7775
        ]
      },
      "properties": {
        "id": "ripe-probe-50241",
        "probe_id": 50241,
        "node_type": "ripe_atlas_probe",
        "description": "MilkyWan - dc2scale",
        "country_code": "FR",
        "asn_v4": 2027,
        "asn_v6": 2027,
        "prefix_v4": "80.67.167.0/24",
        "prefix_v6": "2a0b:cbc0::/29",
        "status_id": 1,
        "status": "Connected",
        "is_public": true,
        "is_anchor": false,
        "tags": [
          "Core",
          "Datacentre",
          "Native IPv6",
          "iwantbcp38compliancetesting",
          "system: IPv4 Capable",
          "system: IPv4 RFC1918",
          "system: IPv4 Stable 1d",
          "system: IPv4 Stable 30d",
          "system: IPv4 Stable 90d",
          "system: IPv4 Works",
          "system: IPv6 Capable",
          "system: IPv6 Stable 1d",
          "system: IPv6 Stable 30d",
          "system: IPv6 Stable 90d",
          "system: IPv6 Works",
          "system: Resolves A Correctly",
          "system: Resolves AAAA Correctly",
          "system: V4"
        ],
        "first_connected": 1542378789,
        "last_connected": 1791379929,
        "source": "RIPE Atlas",
        "evidence_type": "OBSERVED",
        "location_accuracy": "OBFUSCATED"
      }
    },
    {
      "type": "Feature",
      "id": "ripe-probe-50608",
      "geometry": {
        "type": "Point",
        "coordinates": [
          2.3475,
          48.8615
        ]
      },
      "properties": {
        "id": "ripe-probe-50608",
        "probe_id": 50608,
        "node_type": "ripe_atlas_probe",
        "description": "Powered by www.evolix.fr",
        "country_code": "FR",
        "asn_v4": 197696,
        "asn_v6": 197696,
        "prefix_v4": "31.170.8.0/22",
        "prefix_v6": "2a01:9500::/32",
        "status_id": 1,
        "status": "Connected",
        "is_public": true,
        "is_anchor": false,
        "tags": [
          "Core",
          "Datacentre",
          "Fibre",
          "IPv4",
          "IPv6",
          "ISP",
          "Multihomed",
          "Native IPv4",
          "Native IPv6",
          "No NAT",
          "dual-stack",
          "system: IPv4 Capable",
          "system: IPv4 Stable 1d",
          "system: IPv4 Stable 30d",
          "system: IPv4 Stable 90d",
          "system: IPv4 Works",
          "system: IPv6 Capable",
          "system: IPv6 Stable 1d",
          "system: IPv6 Stable 30d",
          "system: IPv6 Stable 90d",
          "system: IPv6 Works",
          "system: Resolves A Correctly",
          "system: Resolves AAAA Correctly",
          "system: V4"
        ],
        "first_connected": 1554480427,
        "last_connected": 1791379929,
        "source": "RIPE Atlas",
        "evidence_type": "OBSERVED",
        "location_accuracy": "OBFUSCATED"
      }
    },
    {
      "type": "Feature",
      "id": "ripe-probe-50649",
      "geometry": {
        "type": "Point",
        "coordinates": [
          2.3495,
          48.8615
        ]
      },
      "properties": {
        "id": "ripe-probe-50649",
        "probe_id": 50649,
        "node_type": "ripe_atlas_probe",
        "description": "",
        "country_code": "FR",
        "asn_v4": 5410,
        "asn_v6": null,
        "prefix_v4": "176.128.0.0/10",
        "prefix_v6": null,
        "status_id": 1,
        "status": "Connected",
        "is_public": false,
        "is_anchor": false,
        "tags": [
          "FTTH",
          "Fibre",
          "Home",
          "IPv4",
          "NAT",
          "system: Auto GEOIP city",
          "system: IPv4 Capable",
          "system: IPv4 RFC1918",
          "system: IPv4 Stable 1d",
          "system: IPv4 Stable 30d",
          "system: IPv4 Stable 90d",
          "system: IPv4 Works",
          "system: Resolves A Correctly",
          "system: Resolves AAAA Correctly",
          "system: V4"
        ],
        "first_connected": 1561391090,
        "last_connected": 1791379929,
        "source": "RIPE Atlas",
        "evidence_type": "OBSERVED",
        "location_accuracy": "OBFUSCATED"
      }
    },
    {
      "type": "Feature",
      "id": "ripe-probe-50670",
      "geometry": {
        "type": "Point",
        "coordinates": [
          2.1205,
          48.7675
        ]
      },
      "properties": {
        "id": "ripe-probe-50670",
        "probe_id": 50670,
        "node_type": "ripe_atlas_probe",
        "description": "",
        "country_code": "FR",
        "asn_v4": 3215,
        "asn_v6": 3215,
        "prefix_v4": "90.91.0.0/16",
        "prefix_v6": "2a01:cb00::/30",
        "status_id": 1,
        "status": "Connected",
        "is_public": false,
        "is_anchor": false,
        "tags": [
          "Fibre",
          "Home",
          "IPv4",
          "IPv6",
          "system: IPv4 Capable",
          "system: IPv4 RFC1918",
          "system: IPv4 Stable 1d",
          "system: IPv4 Stable 30d",
          "system: IPv4 Stable 90d",
          "system: IPv4 Works",
          "system: IPv6 Capable",
          "system: IPv6 Stable 1d",
          "system: IPv6 Stable 30d",
          "system: IPv6 Stable 90d",
          "system: IPv6 Works",
          "system: Resolves A Correctly",
          "system: Resolves AAAA Correctly",
          "system: V4"
        ],
        "first_connected": 1550689465,
        "last_connected": 1791379929,
        "source": "RIPE Atlas",
        "evidence_type": "OBSERVED",
        "location_accuracy": "OBFUSCATED"
      }
    },
    {
      "type": "Feature",
      "id": "ripe-probe-51111",
      "geometry": {
        "type": "Point",
        "coordinates": [
          2.2775,
          48.9875
        ]
      },
      "properties": {
        "id": "ripe-probe-51111",
        "probe_id": 51111,
        "node_type": "ripe_atlas_probe",
        "description": "",
        "country_code": "FR",
        "asn_v4": 3215,
        "asn_v6": 3215,
        "prefix_v4": "82.121.128.0/17",
        "prefix_v6": "2a01:cb00::/30",
        "status_id": 1,
        "status": "Connected",
        "is_public": true,
        "is_anchor": false,
        "tags": [
          "Fibre",
          "Home",
          "IPv6",
          "Native IPv6",
          "Orange",
          "system: IPv4 Capable",
          "system: IPv4 RFC1918",
          "system: IPv4 Stable 1d",
          "system: IPv4 Stable 30d",
          "system: IPv4 Stable 90d",
          "system: IPv4 Works",
          "system: IPv6 Capable",
          "system: IPv6 Stable 1d",
          "system: IPv6 Stable 30d",
          "system: IPv6 Stable 90d",
          "system: IPv6 Works",
          "system: Resolves A Correctly",
          "system: Resolves AAAA Correctly",
          "system: V4"
        ],
        "first_connected": 1554404144,
        "last_connected": 1791379929,
        "source": "RIPE Atlas",
        "evidence_type": "OBSERVED",
        "location_accuracy": "OBFUSCATED"
      }
    },
    {
      "type": "Feature",
      "id": "ripe-probe-52310",
      "geometry": {
        "type": "Point",
        "coordinates": [
          2.3875,
          48.8375
        ]
      },
      "properties": {
        "id": "ripe-probe-52310",
        "probe_id": 52310,
        "node_type": "ripe_atlas_probe",
        "description": "picpus",
        "country_code": "FR",
        "asn_v4": 12322,
        "asn_v6": 12322,
        "prefix_v4": "82.64.0.0/14",
        "prefix_v6": "2a01:e0a:8d8::/45",
        "status_id": 1,
        "status": "Connected",
        "is_public": false,
        "is_anchor": false,
        "tags": [
          "FTTH",
          "Fibre",
          "Free",
          "Home",
          "IPv4",
          "IPv6",
          "NAT",
          "system: IPv4 Capable",
          "system: IPv4 RFC1918",
          "system: IPv4 Stable 1d",
          "system: IPv4 Stable 30d",
          "system: IPv4 Stable 90d",
          "system: IPv4 Works",
          "system: IPv6 Capable",
          "system: IPv6 Stable 1d",
          "system: IPv6 Stable 30d",
          "system: IPv6 Stable 90d",
          "system: IPv6 Works",
          "system: Resolves A Correctly",
          "system: Resolves AAAA Correctly",
          "system: V4"
        ],
        "first_connected": 1576273345,
        "last_connected": 1791379929,
        "source": "RIPE Atlas",
        "evidence_type": "OBSERVED",
        "location_accuracy": "OBFUSCATED"
      }
    },
    {
      "type": "Feature",
      "id": "ripe-probe-52792",
      "geometry": {
        "type": "Point",
        "coordinates": [
          2.3515,
          48.8685
        ]
      },
      "properties": {
        "id": "ripe-probe-52792",
        "probe_id": 52792,
        "node_type": "ripe_atlas_probe",
        "description": "none",
        "country_code": "FR",
        "asn_v4": 5410,
        "asn_v6": null,
        "prefix_v4": "89.80.0.0/12",
        "prefix_v6": null,
        "status_id": 1,
        "status": "Connected",
        "is_public": true,
        "is_anchor": false,
        "tags": [
          "system: IPv4 Capable",
          "system: IPv4 RFC1918",
          "system: IPv4 Stable 1d",
          "system: IPv4 Stable 30d",
          "system: IPv4 Stable 90d",
          "system: IPv4 Works",
          "system: Resolves A Correctly",
          "system: Resolves AAAA Correctly",
          "system: V4"
        ],
        "first_connected": 1575975855,
        "last_connected": 1791379929,
        "source": "RIPE Atlas",
        "evidence_type": "OBSERVED",
        "location_accuracy": "OBFUSCATED"
      }
    },
    {
      "type": "Feature",
      "id": "ripe-probe-53064",
      "geometry": {
        "type": "Point",
        "coordinates": [
          2.3505,
          48.8595
        ]
      },
      "properties": {
        "id": "ripe-probe-53064",
        "probe_id": 53064,
        "node_type": "ripe_atlas_probe",
        "description": "Routeur4G",
        "country_code": "FR",
        "asn_v4": 51207,
        "asn_v6": null,
        "prefix_v4": "78.240.0.0/13",
        "prefix_v6": null,
        "status_id": 1,
        "status": "Connected",
        "is_public": false,
        "is_anchor": false,
        "tags": [
          "4G",
          "Free",
          "IPv4",
          "Mobile",
          "NAT",
          "system: IPv4 Capable",
          "system: IPv4 RFC1918",
          "system: IPv4 Stable 1d",
          "system: IPv4 Stable 30d",
          "system: IPv4 Stable 90d",
          "system: IPv4 Works",
          "system: Resolves A Correctly",
          "system: Resolves AAAA Correctly",
          "system: V4"
        ],
        "first_connected": 1580033549,
        "last_connected": 1791379929,
        "source": "RIPE Atlas",
        "evidence_type": "OBSERVED",
        "location_accuracy": "OBFUSCATED"
      }
    },
    {
      "type": "Feature",
      "id": "ripe-probe-53239",
      "geometry": {
        "type": "Point",
        "coordinates": [
          2.3485,
          48.8615
        ]
      },
      "properties": {
        "id": "ripe-probe-53239",
        "probe_id": 53239,
        "node_type": "ripe_atlas_probe",
        "description": null,
        "country_code": "FR",
        "asn_v4": 12322,
        "asn_v6": 12322,
        "prefix_v4": "88.190.0.0/19",
        "prefix_v6": "2a01:e0a:f80::/45",
        "status_id": 1,
        "status": "Connected",
        "is_public": false,
        "is_anchor": false,
        "tags": [
          "system: Auto GEOIP city",
          "system: IPv4 Capable",
          "system: IPv4 RFC1918",
          "system: IPv4 Stable 1d",
          "system: IPv4 Stable 30d",
          "system: IPv4 Stable 90d",
          "system: IPv4 Works",
          "system: IPv6 Capable",
          "system: IPv6 Stable 1d",
          "system: IPv6 Stable 30d",
          "system: IPv6 Stable 90d",
          "system: IPv6 Works",
          "system: Resolves A Correctly",
          "system: Resolves AAAA Correctly",
          "system: V4"
        ],
        "first_connected": 1576322501,
        "last_connected": 1791379929,
        "source": "RIPE Atlas",
        "evidence_type": "OBSERVED",
        "location_accuracy": "OBFUSCATED"
      }
    },
    {
      "type": "Feature",
      "id": "ripe-probe-53570",
      "geometry": {
        "type": "Point",
        "coordinates": [
          2.2305,
          48.8675
        ]
      },
      "properties": {
        "id": "ripe-probe-53570",
        "probe_id": 53570,
        "node_type": "ripe_atlas_probe",
        "description": "",
        "country_code": "FR",
        "asn_v4": 3215,
        "asn_v6": 3215,
        "prefix_v4": "80.15.128.0/18",
        "prefix_v6": "2a01:cb00::/30",
        "status_id": 1,
        "status": "Connected",
        "is_public": true,
        "is_anchor": false,
        "tags": [
          "Fibre",
          "Home",
          "Homelab",
          "probe v4",
          "system: IPv4 Capable",
          "system: IPv4 RFC1918",
          "system: IPv4 Stable 1d",
          "system: IPv4 Stable 30d",
          "system: IPv4 Stable 90d",
          "system: IPv4 Works",
          "system: IPv6 Capable",
          "system: IPv6 Stable 1d",
          "system: IPv6 Stable 30d",
          "system: IPv6 Stable 90d",
          "system: IPv6 Works",
          "system: Resolves A Correctly",
          "system: Resolves AAAA Correctly",
          "system: V4"
        ],
        "first_connected": 1586531973,
        "last_connected": 1791379929,
        "source": "RIPE Atlas",
        "evidence_type": "OBSERVED",
        "location_accuracy": "OBFUSCATED"
      }
    },
    {
      "type": "Feature",
      "id": "ripe-probe-53603",
      "geometry": {
        "type": "Point",
        "coordinates": [
          2.3675,
          48.8185
        ]
      },
      "properties": {
        "id": "ripe-probe-53603",
        "probe_id": 53603,
        "node_type": "ripe_atlas_probe",
        "description": "NEPHILA",
        "country_code": "FR",
        "asn_v4": 12322,
        "asn_v6": 12322,
        "prefix_v4": "82.64.0.0/14",
        "prefix_v6": "2a01:e0a:c88::/45",
        "status_id": 1,
        "status": "Connected",
        "is_public": false,
        "is_anchor": false,
        "tags": [
          "FTTH",
          "Fibre",
          "Free",
          "Home",
          "IPv4",
          "IPv6",
          "NAT",
          "system: IPv4 Capable",
          "system: IPv4 RFC1918",
          "system: IPv4 Stable 1d",
          "system: IPv4 Stable 30d",
          "system: IPv4 Stable 90d",
          "system: IPv4 Works",
          "system: IPv6 Capable",
          "system: IPv6 Stable 1d",
          "system: IPv6 Stable 30d",
          "system: IPv6 Stable 90d",
          "system: IPv6 Works",
          "system: Resolves A Correctly",
          "system: Resolves AAAA Correctly",
          "system: V4"
        ],
        "first_connected": 1576260476,
        "last_connected": 1791379929,
        "source": "RIPE Atlas",
        "evidence_type": "OBSERVED",
        "location_accuracy": "OBFUSCATED"
      }
    },
    {
      "type": "Feature",
      "id": "ripe-probe-53754",
      "geometry": {
        "type": "Point",
        "coordinates": [
          2.2295,
          48.8095
        ]
      },
      "properties": {
        "id": "ripe-probe-53754",
        "probe_id": 53754,
        "node_type": "ripe_atlas_probe",
        "description": "Observatoire de Paris, campus Meudon",
        "country_code": "FR",
        "asn_v4": 2200,
        "asn_v6": null,
        "prefix_v4": "145.238.0.0/16",
        "prefix_v6": null,
        "status_id": 1,
        "status": "Connected",
        "is_public": true,
        "is_anchor": false,
        "tags": [
          "Academic",
          "Datacentre",
          "IPv4",
          "Native IPv4",
          "No NAT",
          "iwantbcp38compliancetesting",
          "system: IPv4 Capable",
          "system: IPv4 Stable 1d",
          "system: IPv4 Stable 30d",
          "system: IPv4 Stable 90d",
          "system: IPv4 Works",
          "system: Resolves A Correctly",
          "system: Resolves AAAA Correctly",
          "system: V4"
        ],
        "first_connected": 1605210535,
        "last_connected": 1791379929,
        "source": "RIPE Atlas",
        "evidence_type": "OBSERVED",
        "location_accuracy": "OBFUSCATED"
      }
    },
    {
      "type": "Feature",
      "id": "ripe-probe-53925",
      "geometry": {
        "type": "Point",
        "coordinates": [
          2.2685,
          48.8795
        ]
      },
      "properties": {
        "id": "ripe-probe-53925",
        "probe_id": 53925,
        "node_type": "ripe_atlas_probe",
        "description": "",
        "country_code": "FR",
        "asn_v4": 44334,
        "asn_v6": 44334,
        "prefix_v4": "92.61.160.0/21",
        "prefix_v6": "2a03:4600::/32",
        "status_id": 1,
        "status": "Connected",
        "is_public": true,
        "is_anchor": false,
        "tags": [
          "IPv4",
          "Multihomed",
          "No NAT",
          "Office",
          "system: IPv4 Capable",
          "system: IPv4 Stable 1d",
          "system: IPv4 Stable 30d",
          "system: IPv4 Stable 90d",
          "system: IPv4 Works",
          "system: IPv6 Capable",
          "system: IPv6 Stable 1d",
          "system: IPv6 Stable 30d",
          "system: IPv6 Stable 90d",
          "system: IPv6 Works",
          "system: Resolves A Correctly",
          "system: Resolves AAAA Correctly",
          "system: V4"
        ],
        "first_connected": 1649698603,
        "last_connected": 1791379929,
        "source": "RIPE Atlas",
        "evidence_type": "OBSERVED",
        "location_accuracy": "OBFUSCATED"
      }
    },
    {
      "type": "Feature",
      "id": "ripe-probe-53947",
      "geometry": {
        "type": "Point",
        "coordinates": [
          2.5395,
          48.8305
        ]
      },
      "properties": {
        "id": "ripe-probe-53947",
        "probe_id": 53947,
        "node_type": "ripe_atlas_probe",
        "description": "",
        "country_code": "FR",
        "asn_v4": 15557,
        "asn_v6": 5410,
        "prefix_v4": "79.174.192.0/18",
        "prefix_v6": "2a04:cec0::/29",
        "status_id": 1,
        "status": "Connected",
        "is_public": false,
        "is_anchor": false,
        "tags": [
          "system: IPv4 Capable",
          "system: IPv4 RFC1918",
          "system: IPv4 Stable 1d",
          "system: IPv4 Works",
          "system: IPv6 Capable",
          "system: IPv6 Doesn't Work",
          "system: IPv6 Stable 1d",
          "system: Resolves A Correctly",
          "system: Resolves AAAA Correctly",
          "system: V4"
        ],
        "first_connected": 1587718673,
        "last_connected": 1791379929,
        "source": "RIPE Atlas",
        "evidence_type": "OBSERVED",
        "location_accuracy": "OBFUSCATED"
      }
    },
    {
      "type": "Feature",
      "id": "ripe-probe-54103",
      "geometry": {
        "type": "Point",
        "coordinates": [
          2.2775,
          48.7785
        ]
      },
      "properties": {
        "id": "ripe-probe-54103",
        "probe_id": 54103,
        "node_type": "ripe_atlas_probe",
        "description": "Home Probe",
        "country_code": "FR",
        "asn_v4": 12322,
        "asn_v6": 12322,
        "prefix_v4": "82.64.0.0/14",
        "prefix_v6": "2a01:e0a:e08::/45",
        "status_id": 1,
        "status": "Connected",
        "is_public": true,
        "is_anchor": false,
        "tags": [
          "FTTH",
          "Fibre",
          "Free",
          "IPv4",
          "IPv6",
          "system: IPv4 Capable",
          "system: IPv4 RFC1918",
          "system: IPv4 Works",
          "system: IPv6 Capable",
          "system: IPv6 Works",
          "system: Resolves A Correctly",
          "system: Resolves AAAA Correctly",
          "system: V4"
        ],
        "first_connected": 1578263588,
        "last_connected": 1791379929,
        "source": "RIPE Atlas",
        "evidence_type": "OBSERVED",
        "location_accuracy": "OBFUSCATED"
      }
    },
    {
      "type": "Feature",
      "id": "ripe-probe-54554",
      "geometry": {
        "type": "Point",
        "coordinates": [
          2.3495,
          48.8295
        ]
      },
      "properties": {
        "id": "ripe-probe-54554",
        "probe_id": 54554,
        "node_type": "ripe_atlas_probe",
        "description": "LNCC-RIPE-PROBE",
        "country_code": "FR",
        "asn_v4": 16347,
        "asn_v6": null,
        "prefix_v4": "37.58.128.0/17",
        "prefix_v6": null,
        "status_id": 1,
        "status": "Connected",
        "is_public": false,
        "is_anchor": false,
        "tags": [
          "Fibre",
          "IPv4",
          "NAT",
          "Office",
          "system: IPv4 Capable",
          "system: IPv4 RFC1918",
          "system: IPv4 Stable 1d",
          "system: IPv4 Stable 30d",
          "system: IPv4 Stable 90d",
          "system: IPv4 Works",
          "system: Resolves A Correctly",
          "system: Resolves AAAA Correctly",
          "system: V4"
        ],
        "first_connected": 1582120760,
        "last_connected": 1791379929,
        "source": "RIPE Atlas",
        "evidence_type": "OBSERVED",
        "location_accuracy": "OBFUSCATED"
      }
    },
    {
      "type": "Feature",
      "id": "ripe-probe-54699",
      "geometry": {
        "type": "Point",
        "coordinates": [
          2.1615,
          48.7715
        ]
      },
      "properties": {
        "id": "ripe-probe-54699",
        "probe_id": 54699,
        "node_type": "ripe_atlas_probe",
        "description": "SFR FTTLA Jouy-en-Josas (@zeprof2c)",
        "country_code": "FR",
        "asn_v4": 15557,
        "asn_v6": null,
        "prefix_v4": "109.0.0.0/11",
        "prefix_v6": null,
        "status_id": 1,
        "status": "Connected",
        "is_public": true,
        "is_anchor": false,
        "tags": [
          "Cable",
          "Home",
          "IPv4",
          "SFR",
          "system: IPv4 Capable",
          "system: IPv4 RFC1918",
          "system: IPv4 Stable 1d",
          "system: IPv4 Stable 30d",
          "system: IPv4 Stable 90d",
          "system: IPv4 Works",
          "system: Resolves A Correctly",
          "system: Resolves AAAA Correctly",
          "system: V4"
        ],
        "first_connected": 1618059908,
        "last_connected": 1791379929,
        "source": "RIPE Atlas",
        "evidence_type": "OBSERVED",
        "location_accuracy": "OBFUSCATED"
      }
    },
    {
      "type": "Feature",
      "id": "ripe-probe-54766",
      "geometry": {
        "type": "Point",
        "coordinates": [
          2.3405,
          48.8705
        ]
      },
      "properties": {
        "id": "ripe-probe-54766",
        "probe_id": 54766,
        "node_type": "ripe_atlas_probe",
        "description": "Probe 54760",
        "country_code": "FR",
        "asn_v4": 207642,
        "asn_v6": 207642,
        "prefix_v4": "83.138.58.0/24",
        "prefix_v6": "2a0f:fe40::/48",
        "status_id": 1,
        "status": "Connected",
        "is_public": true,
        "is_anchor": false,
        "tags": [
          "Datacentre",
          "Fibre",
          "IPv4",
          "IPv6",
          "ISP",
          "Native IPv4",
          "Native IPv6",
          "No NAT",
          "dual-stack",
          "system: IPv4 Capable",
          "system: IPv4 Stable 1d",
          "system: IPv4 Stable 30d",
          "system: IPv4 Stable 90d",
          "system: IPv4 Works",
          "system: IPv6 Capable",
          "system: IPv6 Stable 1d",
          "system: IPv6 Stable 30d",
          "system: IPv6 Stable 90d",
          "system: IPv6 Works",
          "system: Resolves A Correctly",
          "system: Resolves AAAA Correctly",
          "system: V4"
        ],
        "first_connected": 1604393735,
        "last_connected": 1791379929,
        "source": "RIPE Atlas",
        "evidence_type": "OBSERVED",
        "location_accuracy": "OBFUSCATED"
      }
    },
    {
      "type": "Feature",
      "id": "ripe-probe-54911",
      "geometry": {
        "type": "Point",
        "coordinates": [
          2.3475,
          48.8575
        ]
      },
      "properties": {
        "id": "ripe-probe-54911",
        "probe_id": 54911,
        "node_type": "ripe_atlas_probe",
        "description": "Freebox@home",
        "country_code": "FR",
        "asn_v4": 12322,
        "asn_v6": 12322,
        "prefix_v4": "82.64.0.0/14",
        "prefix_v6": "2a01:e0a:11b0::/45",
        "status_id": 1,
        "status": "Connected",
        "is_public": false,
        "is_anchor": false,
        "tags": [
          "FTTH",
          "Fibre",
          "Free",
          "Home",
          "IPv4",
          "IPv6",
          "NAT",
          "Native IPv4",
          "Native IPv6",
          "system: Auto GEOIP country",
          "system: IPv4 Capable",
          "system: IPv4 RFC1918",
          "system: IPv4 Stable 1d",
          "system: IPv4 Stable 30d",
          "system: IPv4 Stable 90d",
          "system: IPv4 Works",
          "system: IPv6 Capable",
          "system: IPv6 Stable 1d",
          "system: IPv6 Stable 30d",
          "system: IPv6 Stable 90d",
          "system: IPv6 Works",
          "system: Resolves A Correctly",
          "system: Resolves AAAA Correctly",
          "system: V4"
        ],
        "first_connected": 1581013277,
        "last_connected": 1791379929,
        "source": "RIPE Atlas",
        "evidence_type": "OBSERVED",
        "location_accuracy": "OBFUSCATED"
      }
    },
    {
      "type": "Feature",
      "id": "ripe-probe-55290",
      "geometry": {
        "type": "Point",
        "coordinates": [
          2.3515,
          48.8575
        ]
      },
      "properties": {
        "id": "ripe-probe-55290",
        "probe_id": 55290,
        "node_type": "ripe_atlas_probe",
        "description": null,
        "country_code": "FR",
        "asn_v4": 12322,
        "asn_v6": null,
        "prefix_v4": "82.64.0.0/14",
        "prefix_v6": null,
        "status_id": 1,
        "status": "Connected",
        "is_public": false,
        "is_anchor": false,
        "tags": [
          "system: Auto GEOIP country",
          "system: IPv4 Capable",
          "system: IPv4 RFC1918",
          "system: IPv4 Stable 1d",
          "system: IPv4 Stable 30d",
          "system: IPv4 Stable 90d",
          "system: IPv4 Works",
          "system: Resolves A Correctly",
          "system: Resolves AAAA Correctly",
          "system: V4"
        ],
        "first_connected": 1588942976,
        "last_connected": 1791379929,
        "source": "RIPE Atlas",
        "evidence_type": "OBSERVED",
        "location_accuracy": "OBFUSCATED"
      }
    },
    {
      "type": "Feature",
      "id": "ripe-probe-55829",
      "geometry": {
        "type": "Point",
        "coordinates": [
          2.3485,
          48.8615
        ]
      },
      "properties": {
        "id": "ripe-probe-55829",
        "probe_id": 55829,
        "node_type": "ripe_atlas_probe",
        "description": "sebastopol",
        "country_code": "FR",
        "asn_v4": 199636,
        "asn_v6": null,
        "prefix_v4": "212.114.16.0/20",
        "prefix_v6": null,
        "status_id": 1,
        "status": "Connected",
        "is_public": true,
        "is_anchor": false,
        "tags": [
          "system: IPv4 Capable",
          "system: IPv4 RFC1918",
          "system: IPv4 Stable 1d",
          "system: IPv4 Stable 30d",
          "system: IPv4 Stable 90d",
          "system: IPv4 Works",
          "system: IPv6 Capable",
          "system: IPv6 Stable 1d",
          "system: IPv6 Stable 30d",
          "system: IPv6 Stable 90d",
          "system: IPv6 ULA",
          "system: IPv6 Works",
          "system: Resolves A Correctly",
          "system: Resolves AAAA Correctly",
          "system: V4"
        ],
        "first_connected": 1602074126,
        "last_connected": 1791379929,
        "source": "RIPE Atlas",
        "evidence_type": "OBSERVED",
        "location_accuracy": "OBFUSCATED"
      }
    },
    {
      "type": "Feature",
      "id": "ripe-probe-60144",
      "geometry": {
        "type": "Point",
        "coordinates": [
          2.2295,
          48.9995
        ]
      },
      "properties": {
        "id": "ripe-probe-60144",
        "probe_id": 60144,
        "node_type": "ripe_atlas_probe",
        "description": "Bertrand",
        "country_code": "FR",
        "asn_v4": 12322,
        "asn_v6": 12322,
        "prefix_v4": "82.64.0.0/14",
        "prefix_v6": "2a01:e0a:fe0::/45",
        "status_id": 1,
        "status": "Connected",
        "is_public": true,
        "is_anchor": false,
        "tags": [
          "FTTH",
          "Fibre",
          "Free",
          "Home",
          "system: IPv4 Capable",
          "system: IPv4 RFC1918",
          "system: IPv4 Stable 1d",
          "system: IPv4 Stable 30d",
          "system: IPv4 Stable 90d",
          "system: IPv4 Works",
          "system: IPv6 Capable",
          "system: IPv6 Stable 1d",
          "system: IPv6 Stable 30d",
          "system: IPv6 Stable 90d",
          "system: IPv6 Works",
          "system: Resolves A Correctly",
          "system: Resolves AAAA Correctly",
          "system: V5"
        ],
        "first_connected": 1680192289,
        "last_connected": 1791379929,
        "source": "RIPE Atlas",
        "evidence_type": "OBSERVED",
        "location_accuracy": "OBFUSCATED"
      }
    },
    {
      "type": "Feature",
      "id": "ripe-probe-60262",
      "geometry": {
        "type": "Point",
        "coordinates": [
          2.4105,
          48.8285
        ]
      },
      "properties": {
        "id": "ripe-probe-60262",
        "probe_id": 60262,
        "node_type": "ripe_atlas_probe",
        "description": "Jozef",
        "country_code": "FR",
        "asn_v4": 29075,
        "asn_v6": 29075,
        "prefix_v4": "178.20.48.0/21",
        "prefix_v6": "2a00:1b88::/32",
        "status_id": 1,
        "status": "Connected",
        "is_public": true,
        "is_anchor": false,
        "tags": [
          "Fibre",
          "Home",
          "IPv4",
          "IPv6",
          "NAT",
          "Native IPv6",
          "system: IPv4 Capable",
          "system: IPv4 RFC1918",
          "system: IPv4 Stable 1d",
          "system: IPv4 Stable 30d",
          "system: IPv4 Stable 90d",
          "system: IPv4 Works",
          "system: IPv6 Capable",
          "system: IPv6 Stable 1d",
          "system: IPv6 Stable 30d",
          "system: IPv6 Stable 90d",
          "system: IPv6 Works",
          "system: Resolves A Correctly",
          "system: Resolves AAAA Correctly",
          "system: V5"
        ],
        "first_connected": 1675808298,
        "last_connected": 1791379929,
        "source": "RIPE Atlas",
        "evidence_type": "OBSERVED",
        "location_accuracy": "OBFUSCATED"
      }
    },
    {
      "type": "Feature",
      "id": "ripe-probe-60301",
      "geometry": {
        "type": "Point",
        "coordinates": [
          2.5075,
          48.7975
        ]
      },
      "properties": {
        "id": "ripe-probe-60301",
        "probe_id": 60301,
        "node_type": "ripe_atlas_probe",
        "description": "",
        "country_code": "FR",
        "asn_v4": 12322,
        "asn_v6": 12322,
        "prefix_v4": "82.64.0.0/14",
        "prefix_v6": "2a01:e0a:1248::/45",
        "status_id": 1,
        "status": "Connected",
        "is_public": true,
        "is_anchor": false,
        "tags": [
          "Fibre",
          "Free",
          "Home",
          "NAT",
          "system: IPv4 Capable",
          "system: IPv4 RFC1918",
          "system: IPv4 Stable 1d",
          "system: IPv4 Stable 30d",
          "system: IPv4 Stable 90d",
          "system: IPv4 Works",
          "system: IPv6 Capable",
          "system: IPv6 Stable 1d",
          "system: IPv6 Stable 30d",
          "system: IPv6 Stable 90d",
          "system: IPv6 Works",
          "system: Resolves A Correctly",
          "system: Resolves AAAA Correctly",
          "system: V5"
        ],
        "first_connected": 1668723839,
        "last_connected": 1791379929,
        "source": "RIPE Atlas",
        "evidence_type": "OBSERVED",
        "location_accuracy": "OBFUSCATED"
      }
    },
    {
      "type": "Feature",
      "id": "ripe-probe-60332",
      "geometry": {
        "type": "Point",
        "coordinates": [
          2.4985,
          48.9085
        ]
      },
      "properties": {
        "id": "ripe-probe-60332",
        "probe_id": 60332,
        "node_type": "ripe_atlas_probe",
        "description": "Les pavillons sous bois",
        "country_code": "FR",
        "asn_v4": 5410,
        "asn_v6": null,
        "prefix_v4": "176.128.0.0/10",
        "prefix_v6": null,
        "status_id": 1,
        "status": "Connected",
        "is_public": false,
        "is_anchor": false,
        "tags": [
          "system: IPv4 Capable",
          "system: IPv4 RFC1918",
          "system: IPv4 Stable 1d",
          "system: IPv4 Stable 30d",
          "system: IPv4 Stable 90d",
          "system: IPv4 Works",
          "system: Resolves A Correctly",
          "system: Resolves AAAA Correctly",
          "system: V5"
        ],
        "first_connected": 1668595367,
        "last_connected": 1791379929,
        "source": "RIPE Atlas",
        "evidence_type": "OBSERVED",
        "location_accuracy": "OBFUSCATED"
      }
    },
    {
      "type": "Feature",
      "id": "ripe-probe-60443",
      "geometry": {
        "type": "Point",
        "coordinates": [
          2.5795,
          48.8385
        ]
      },
      "properties": {
        "id": "ripe-probe-60443",
        "probe_id": 60443,
        "node_type": "ripe_atlas_probe",
        "description": "ESIEESPACE - OpenGate",
        "country_code": "FR",
        "asn_v4": 207849,
        "asn_v6": 207849,
        "prefix_v4": "89.234.168.0/22",
        "prefix_v6": "2a00:5881:b100::/40",
        "status_id": 1,
        "status": "Connected",
        "is_public": true,
        "is_anchor": false,
        "tags": [
          "system: IPv4 Capable",
          "system: IPv4 RFC1918",
          "system: IPv4 Stable 1d",
          "system: IPv4 Works",
          "system: IPv6 Capable",
          "system: IPv6 Stable 1d",
          "system: IPv6 Works",
          "system: Resolves A Correctly",
          "system: Resolves AAAA Correctly",
          "system: V5"
        ],
        "first_connected": 1669230263,
        "last_connected": 1791379929,
        "source": "RIPE Atlas",
        "evidence_type": "OBSERVED",
        "location_accuracy": "OBFUSCATED"
      }
    },
    {
      "type": "Feature",
      "id": "ripe-probe-60488",
      "geometry": {
        "type": "Point",
        "coordinates": [
          2.3415,
          48.8615
        ]
      },
      "properties": {
        "id": "ripe-probe-60488",
        "probe_id": 60488,
        "node_type": "ripe_atlas_probe",
        "description": null,
        "country_code": "FR",
        "asn_v4": 12322,
        "asn_v6": 12322,
        "prefix_v4": "82.64.0.0/14",
        "prefix_v6": "2a01:e0a:c70::/45",
        "status_id": 1,
        "status": "Connected",
        "is_public": true,
        "is_anchor": false,
        "tags": [
          "system: Auto GEOIP country",
          "system: IPv4 Capable",
          "system: IPv4 RFC1918",
          "system: IPv4 Stable 1d",
          "system: IPv4 Stable 30d",
          "system: IPv4 Stable 90d",
          "system: IPv4 Works",
          "system: IPv6 Capable",
          "system: IPv6 Stable 1d",
          "system: IPv6 Stable 30d",
          "system: IPv6 Stable 90d",
          "system: IPv6 Works",
          "system: Resolves A Correctly",
          "system: Resolves AAAA Correctly",
          "system: V5"
        ],
        "first_connected": 1668727693,
        "last_connected": 1791379929,
        "source": "RIPE Atlas",
        "evidence_type": "OBSERVED",
        "location_accuracy": "OBFUSCATED"
      }
    },
    {
      "type": "Feature",
      "id": "ripe-probe-60614",
      "geometry": {
        "type": "Point",
        "coordinates": [
          2.5875,
          48.9295
        ]
      },
      "properties": {
        "id": "ripe-probe-60614",
        "probe_id": 60614,
        "node_type": "ripe_atlas_probe",
        "description": "CHALASIE",
        "country_code": "FR",
        "asn_v4": 12322,
        "asn_v6": 12322,
        "prefix_v4": "88.190.96.0/19",
        "prefix_v6": "2a01:e0a:f98::/45",
        "status_id": 1,
        "status": "Connected",
        "is_public": false,
        "is_anchor": false,
        "tags": [
          "system: IPv4 Capable",
          "system: IPv4 RFC1918",
          "system: IPv4 Stable 1d",
          "system: IPv4 Stable 30d",
          "system: IPv4 Stable 90d",
          "system: IPv4 Works",
          "system: IPv6 Capable",
          "system: IPv6 Stable 1d",
          "system: IPv6 Stable 30d",
          "system: IPv6 Stable 90d",
          "system: IPv6 Works",
          "system: Resolves A Correctly",
          "system: Resolves AAAA Correctly",
          "system: V5"
        ],
        "first_connected": 1668707072,
        "last_connected": 1791379929,
        "source": "RIPE Atlas",
        "evidence_type": "OBSERVED",
        "location_accuracy": "OBFUSCATED"
      }
    },
    {
      "type": "Feature",
      "id": "ripe-probe-60631",
      "geometry": {
        "type": "Point",
        "coordinates": [
          2.3485,
          48.8375
        ]
      },
      "properties": {
        "id": "ripe-probe-60631",
        "probe_id": 60631,
        "node_type": "ripe_atlas_probe",
        "description": "handisyde",
        "country_code": "FR",
        "asn_v4": 12322,
        "asn_v6": 12322,
        "prefix_v4": "82.64.0.0/14",
        "prefix_v6": "2a01:e0a:870::/45",
        "status_id": 1,
        "status": "Connected",
        "is_public": true,
        "is_anchor": false,
        "tags": [
          "system: IPv4 Capable",
          "system: IPv4 RFC1918",
          "system: IPv4 Stable 1d",
          "system: IPv4 Stable 30d",
          "system: IPv4 Works",
          "system: IPv6 Capable",
          "system: IPv6 Stable 1d",
          "system: IPv6 Stable 30d",
          "system: IPv6 Works",
          "system: Resolves A Correctly",
          "system: Resolves AAAA Correctly",
          "system: V5"
        ],
        "first_connected": 1668625355,
        "last_connected": 1791379929,
        "source": "RIPE Atlas",
        "evidence_type": "OBSERVED",
        "location_accuracy": "OBFUSCATED"
      }
    },
    {
      "type": "Feature",
      "id": "ripe-probe-60738",
      "geometry": {
        "type": "Point",
        "coordinates": [
          2.3385,
          48.8615
        ]
      },
      "properties": {
        "id": "ripe-probe-60738",
        "probe_id": 60738,
        "node_type": "ripe_atlas_probe",
        "description": null,
        "country_code": "FR",
        "asn_v4": 12322,
        "asn_v6": null,
        "prefix_v4": "82.64.0.0/14",
        "prefix_v6": null,
        "status_id": 1,
        "status": "Connected",
        "is_public": true,
        "is_anchor": false,
        "tags": [
          "system: Auto GEOIP country",
          "system: IPv4 Capable",
          "system: IPv4 RFC1918",
          "system: IPv4 Stable 1d",
          "system: IPv4 Stable 30d",
          "system: IPv4 Stable 90d",
          "system: IPv4 Works",
          "system: Resolves A Correctly",
          "system: Resolves AAAA Correctly",
          "system: V5"
        ],
        "first_connected": 1668792208,
        "last_connected": 1791379929,
        "source": "RIPE Atlas",
        "evidence_type": "OBSERVED",
        "location_accuracy": "OBFUSCATED"
      }
    },
    {
      "type": "Feature",
      "id": "ripe-probe-61241",
      "geometry": {
        "type": "Point",
        "coordinates": [
          2.4895,
          48.7475
        ]
      },
      "properties": {
        "id": "ripe-probe-61241",
        "probe_id": 61241,
        "node_type": "ripe_atlas_probe",
        "description": "SpaceX Starlink ISP",
        "country_code": "FR",
        "asn_v4": 12322,
        "asn_v6": 12322,
        "prefix_v4": "82.64.0.0/14",
        "prefix_v6": "2a01:e0a:b80::/45",
        "status_id": 1,
        "status": "Connected",
        "is_public": true,
        "is_anchor": false,
        "tags": [
          "Satellite",
          "system: IPv4 Capable",
          "system: IPv4 RFC1918",
          "system: IPv4 Stable 1d",
          "system: IPv4 Stable 30d",
          "system: IPv4 Stable 90d",
          "system: IPv4 Works",
          "system: IPv6 Capable",
          "system: IPv6 Stable 1d",
          "system: IPv6 Stable 30d",
          "system: IPv6 Stable 90d",
          "system: IPv6 Works",
          "system: Resolves A Correctly",
          "system: Resolves AAAA Correctly",
          "system: V5"
        ],
        "first_connected": 1668510599,
        "last_connected": 1791379929,
        "source": "RIPE Atlas",
        "evidence_type": "OBSERVED",
        "location_accuracy": "OBFUSCATED"
      }
    },
    {
      "type": "Feature",
      "id": "ripe-probe-61285",
      "geometry": {
        "type": "Point",
        "coordinates": [
          2.3415,
          48.8595
        ]
      },
      "properties": {
        "id": "ripe-probe-61285",
        "probe_id": 61285,
        "node_type": "ripe_atlas_probe",
        "description": null,
        "country_code": "FR",
        "asn_v4": 12322,
        "asn_v6": 212783,
        "prefix_v4": "82.64.0.0/14",
        "prefix_v6": "2001:678:e0c::/48",
        "status_id": 1,
        "status": "Connected",
        "is_public": true,
        "is_anchor": false,
        "tags": [
          "system: Auto GEOIP country",
          "system: IPv4 Capable",
          "system: IPv4 RFC1918",
          "system: IPv4 Stable 1d",
          "system: IPv4 Stable 30d",
          "system: IPv4 Stable 90d",
          "system: IPv4 Works",
          "system: IPv6 Capable",
          "system: IPv6 Stable 1d",
          "system: IPv6 Stable 30d",
          "system: IPv6 Stable 90d",
          "system: IPv6 Works",
          "system: Resolves A Correctly",
          "system: Resolves AAAA Correctly",
          "system: V5"
        ],
        "first_connected": 1764328286,
        "last_connected": 1791379929,
        "source": "RIPE Atlas",
        "evidence_type": "OBSERVED",
        "location_accuracy": "OBFUSCATED"
      }
    },
    {
      "type": "Feature",
      "id": "ripe-probe-61544",
      "geometry": {
        "type": "Point",
        "coordinates": [
          2.3495,
          48.8595
        ]
      },
      "properties": {
        "id": "ripe-probe-61544",
        "probe_id": 61544,
        "node_type": "ripe_atlas_probe",
        "description": "RF75PROBESG4",
        "country_code": "FR",
        "asn_v4": 197500,
        "asn_v6": null,
        "prefix_v4": "91.223.73.0/24",
        "prefix_v6": null,
        "status_id": 1,
        "status": "Connected",
        "is_public": true,
        "is_anchor": false,
        "tags": [
          "system: Auto GEOIP city",
          "system: Doesn't Resolve A",
          "system: Doesn't Resolve AAAA",
          "system: IPv4 Capable",
          "system: IPv4 RFC1918",
          "system: IPv4 Stable 1d",
          "system: IPv4 Works",
          "system: V5"
        ],
        "first_connected": 1668707847,
        "last_connected": 1791379929,
        "source": "RIPE Atlas",
        "evidence_type": "OBSERVED",
        "location_accuracy": "OBFUSCATED"
      }
    },
    {
      "type": "Feature",
      "id": "ripe-probe-61595",
      "geometry": {
        "type": "Point",
        "coordinates": [
          2.2715,
          48.7295
        ]
      },
      "properties": {
        "id": "ripe-probe-61595",
        "probe_id": 61595,
        "node_type": "ripe_atlas_probe",
        "description": "Aven",
        "country_code": "FR",
        "asn_v4": 3215,
        "asn_v6": null,
        "prefix_v4": "83.202.0.0/16",
        "prefix_v6": null,
        "status_id": 1,
        "status": "Connected",
        "is_public": true,
        "is_anchor": false,
        "tags": [
          "FTTH",
          "Fibre",
          "IPv4",
          "IPv6",
          "Native IPv6",
          "dual-stack",
          "system: IPv4 Capable",
          "system: IPv4 RFC1918",
          "system: IPv4 Stable 1d",
          "system: IPv4 Works",
          "system: Resolves A Correctly",
          "system: Resolves AAAA Correctly",
          "system: V5"
        ],
        "first_connected": 1670346944,
        "last_connected": 1791379929,
        "source": "RIPE Atlas",
        "evidence_type": "OBSERVED",
        "location_accuracy": "OBFUSCATED"
      }
    },
    {
      "type": "Feature",
      "id": "ripe-probe-61679",
      "geometry": {
        "type": "Point",
        "coordinates": [
          2.2705,
          48.9315
        ]
      },
      "properties": {
        "id": "ripe-probe-61679",
        "probe_id": 61679,
        "node_type": "ripe_atlas_probe",
        "description": "",
        "country_code": "FR",
        "asn_v4": 3215,
        "asn_v6": 3215,
        "prefix_v4": "90.26.0.0/17",
        "prefix_v6": "2a01:cb00::/30",
        "status_id": 1,
        "status": "Connected",
        "is_public": true,
        "is_anchor": false,
        "tags": [
          "system: IPv4 Capable",
          "system: IPv4 RFC1918",
          "system: IPv4 Stable 1d",
          "system: IPv4 Stable 30d",
          "system: IPv4 Stable 90d",
          "system: IPv4 Works",
          "system: IPv6 Capable",
          "system: IPv6 Stable 1d",
          "system: IPv6 Stable 30d",
          "system: IPv6 Stable 90d",
          "system: IPv6 Works",
          "system: Resolves A Correctly",
          "system: Resolves AAAA Correctly",
          "system: V5"
        ],
        "first_connected": 1668688790,
        "last_connected": 1791379929,
        "source": "RIPE Atlas",
        "evidence_type": "OBSERVED",
        "location_accuracy": "OBFUSCATED"
      }
    },
    {
      "type": "Feature",
      "id": "ripe-probe-61735",
      "geometry": {
        "type": "Point",
        "coordinates": [
          2.2885,
          48.9095
        ]
      },
      "properties": {
        "id": "ripe-probe-61735",
        "probe_id": 61735,
        "node_type": "ripe_atlas_probe",
        "description": "ElektroProbe",
        "country_code": "FR",
        "asn_v4": 3215,
        "asn_v6": 3215,
        "prefix_v4": "90.127.0.0/16",
        "prefix_v6": "2a01:cb00::/30",
        "status_id": 1,
        "status": "Connected",
        "is_public": false,
        "is_anchor": false,
        "tags": [
          "FTTH",
          "Fibre",
          "elektro",
          "system: IPv4 Capable",
          "system: IPv4 RFC1918",
          "system: IPv4 Stable 1d",
          "system: IPv4 Stable 30d",
          "system: IPv4 Stable 90d",
          "system: IPv4 Works",
          "system: IPv6 Capable",
          "system: IPv6 Stable 1d",
          "system: IPv6 Stable 30d",
          "system: IPv6 Stable 90d",
          "system: IPv6 Works",
          "system: Resolves A Correctly",
          "system: Resolves AAAA Correctly",
          "system: V5"
        ],
        "first_connected": 1668084518,
        "last_connected": 1791379929,
        "source": "RIPE Atlas",
        "evidence_type": "OBSERVED",
        "location_accuracy": "OBFUSCATED"
      }
    },
    {
      "type": "Feature",
      "id": "ripe-probe-61976",
      "geometry": {
        "type": "Point",
        "coordinates": [
          2.3405,
          48.8905
        ]
      },
      "properties": {
        "id": "ripe-probe-61976",
        "probe_id": 61976,
        "node_type": "ripe_atlas_probe",
        "description": "Probe-61976",
        "country_code": "FR",
        "asn_v4": 35540,
        "asn_v6": 35540,
        "prefix_v4": "109.190.0.0/16",
        "prefix_v6": "2001:41d0:fc00::/38",
        "status_id": 1,
        "status": "Connected",
        "is_public": true,
        "is_anchor": false,
        "tags": [
          "system: IPv4 Capable",
          "system: IPv4 RFC1918",
          "system: IPv4 Stable 1d",
          "system: IPv4 Stable 30d",
          "system: IPv4 Stable 90d",
          "system: IPv4 Works",
          "system: IPv6 Capable",
          "system: IPv6 Stable 1d",
          "system: IPv6 Stable 30d",
          "system: IPv6 Stable 90d",
          "system: IPv6 Works",
          "system: Resolves A Correctly",
          "system: Resolves AAAA Correctly",
          "system: V5"
        ],
        "first_connected": 1668690842,
        "last_connected": 1791379929,
        "source": "RIPE Atlas",
        "evidence_type": "OBSERVED",
        "location_accuracy": "OBFUSCATED"
      }
    },
    {
      "type": "Feature",
      "id": "ripe-probe-62015",
      "geometry": {
        "type": "Point",
        "coordinates": [
          2.4675,
          48.7895
        ]
      },
      "properties": {
        "id": "ripe-probe-62015",
        "probe_id": 62015,
        "node_type": "ripe_atlas_probe",
        "description": null,
        "country_code": "FR",
        "asn_v4": 15557,
        "asn_v6": null,
        "prefix_v4": "88.136.0.0/14",
        "prefix_v6": null,
        "status_id": 1,
        "status": "Connected",
        "is_public": true,
        "is_anchor": false,
        "tags": [
          "system: Auto GEOIP city",
          "system: IPv4 Capable",
          "system: IPv4 RFC1918",
          "system: IPv4 Stable 1d",
          "system: IPv4 Stable 30d",
          "system: IPv4 Works",
          "system: Resolves A Correctly",
          "system: Resolves AAAA Correctly",
          "system: V5"
        ],
        "first_connected": 1669056548,
        "last_connected": 1791379929,
        "source": "RIPE Atlas",
        "evidence_type": "OBSERVED",
        "location_accuracy": "OBFUSCATED"
      }
    },
    {
      "type": "Feature",
      "id": "ripe-probe-62148",
      "geometry": {
        "type": "Point",
        "coordinates": [
          2.1595,
          48.9015
        ]
      },
      "properties": {
        "id": "ripe-probe-62148",
        "probe_id": 62148,
        "node_type": "ripe_atlas_probe",
        "description": "NORMHOST-customer",
        "country_code": "FR",
        "asn_v4": 57752,
        "asn_v6": null,
        "prefix_v4": "192.70.106.0/24",
        "prefix_v6": null,
        "status_id": 1,
        "status": "Connected",
        "is_public": true,
        "is_anchor": false,
        "tags": [
          "system: IPv4 Capable",
          "system: IPv4 Stable 1d",
          "system: IPv4 Stable 30d",
          "system: IPv4 Stable 90d",
          "system: IPv4 Works",
          "system: Resolves A Correctly",
          "system: Resolves AAAA Correctly",
          "system: V5"
        ],
        "first_connected": 1668541487,
        "last_connected": 1791379929,
        "source": "RIPE Atlas",
        "evidence_type": "OBSERVED",
        "location_accuracy": "OBFUSCATED"
      }
    },
    {
      "type": "Feature",
      "id": "ripe-probe-62172",
      "geometry": {
        "type": "Point",
        "coordinates": [
          2.3305,
          48.8685
        ]
      },
      "properties": {
        "id": "ripe-probe-62172",
        "probe_id": 62172,
        "node_type": "ripe_atlas_probe",
        "description": "home.androw.eu",
        "country_code": "FR",
        "asn_v4": 12322,
        "asn_v6": 12322,
        "prefix_v4": "78.192.0.0/11",
        "prefix_v6": "2a01:e34::/32",
        "status_id": 1,
        "status": "Connected",
        "is_public": true,
        "is_anchor": false,
        "tags": [
          "FTTH",
          "Fibre",
          "Free",
          "Home",
          "IPv4",
          "IPv6",
          "NAT",
          "Native IPv4",
          "Native IPv6",
          "dual-stack",
          "system: IPv4 Capable",
          "system: IPv4 RFC1918",
          "system: IPv4 Stable 1d",
          "system: IPv4 Stable 30d",
          "system: IPv4 Works",
          "system: IPv6 Capable",
          "system: IPv6 Stable 1d",
          "system: IPv6 Stable 30d",
          "system: IPv6 Works",
          "system: Resolves A Correctly",
          "system: Resolves AAAA Correctly",
          "system: V5"
        ],
        "first_connected": 1668793761,
        "last_connected": 1791379929,
        "source": "RIPE Atlas",
        "evidence_type": "OBSERVED",
        "location_accuracy": "OBFUSCATED"
      }
    },
    {
      "type": "Feature",
      "id": "ripe-probe-62537",
      "geometry": {
        "type": "Point",
        "coordinates": [
          2.2285,
          48.8905
        ]
      },
      "properties": {
        "id": "ripe-probe-62537",
        "probe_id": 62537,
        "node_type": "ripe_atlas_probe",
        "description": "GROSSE-SONDE",
        "country_code": "FR",
        "asn_v4": 33930,
        "asn_v6": null,
        "prefix_v4": "93.187.40.0/21",
        "prefix_v6": null,
        "status_id": 1,
        "status": "Connected",
        "is_public": true,
        "is_anchor": false,
        "tags": [
          "DSL",
          "system: IPv4 Capable",
          "system: IPv4 RFC1918",
          "system: IPv4 Stable 1d",
          "system: IPv4 Stable 30d",
          "system: IPv4 Stable 90d",
          "system: IPv4 Works",
          "system: Resolves A Correctly",
          "system: Resolves AAAA Correctly",
          "system: V5"
        ],
        "first_connected": 1728060243,
        "last_connected": 1791379929,
        "source": "RIPE Atlas",
        "evidence_type": "OBSERVED",
        "location_accuracy": "OBFUSCATED"
      }
    },
    {
      "type": "Feature",
      "id": "ripe-probe-62597",
      "geometry": {
        "type": "Point",
        "coordinates": [
          2.3115,
          48.9905
        ]
      },
      "properties": {
        "id": "ripe-probe-62597",
        "probe_id": 62597,
        "node_type": "ripe_atlas_probe",
        "description": "SFR - Soisy",
        "country_code": "FR",
        "asn_v4": 15557,
        "asn_v6": null,
        "prefix_v4": "78.112.0.0/12",
        "prefix_v6": null,
        "status_id": 1,
        "status": "Connected",
        "is_public": true,
        "is_anchor": false,
        "tags": [
          "CPL",
          "Fibre",
          "NAT",
          "SFR",
          "system: IPv4 Capable",
          "system: IPv4 RFC1918",
          "system: IPv4 Stable 1d",
          "system: IPv4 Stable 30d",
          "system: IPv4 Stable 90d",
          "system: IPv4 Works",
          "system: Resolves A Correctly",
          "system: Resolves AAAA Correctly",
          "system: V5"
        ],
        "first_connected": 1686144442,
        "last_connected": 1791379929,
        "source": "RIPE Atlas",
        "evidence_type": "OBSERVED",
        "location_accuracy": "OBFUSCATED"
      }
    },
    {
      "type": "Feature",
      "id": "ripe-probe-62618",
      "geometry": {
        "type": "Point",
        "coordinates": [
          2.3875,
          48.8415
        ]
      },
      "properties": {
        "id": "ripe-probe-62618",
        "probe_id": 62618,
        "node_type": "ripe_atlas_probe",
        "description": null,
        "country_code": "FR",
        "asn_v4": 12322,
        "asn_v6": 12322,
        "prefix_v4": "82.64.0.0/14",
        "prefix_v6": "2a01:e0a:bc0::/45",
        "status_id": 1,
        "status": "Connected",
        "is_public": true,
        "is_anchor": false,
        "tags": [
          "system: IPv4 Capable",
          "system: IPv4 RFC1918",
          "system: IPv4 Stable 1d",
          "system: IPv4 Stable 30d",
          "system: IPv4 Stable 90d",
          "system: IPv4 Works",
          "system: IPv6 Capable",
          "system: IPv6 Stable 1d",
          "system: IPv6 Stable 30d",
          "system: IPv6 Stable 90d",
          "system: IPv6 Works",
          "system: Resolves A Correctly",
          "system: Resolves AAAA Correctly",
          "system: V5"
        ],
        "first_connected": 1672310174,
        "last_connected": 1791379929,
        "source": "RIPE Atlas",
        "evidence_type": "OBSERVED",
        "location_accuracy": "OBFUSCATED"
      }
    },
    {
      "type": "Feature",
      "id": "ripe-probe-62753",
      "geometry": {
        "type": "Point",
        "coordinates": [
          2.3495,
          48.8585
        ]
      },
      "properties": {
        "id": "ripe-probe-62753",
        "probe_id": 62753,
        "node_type": "ripe_atlas_probe",
        "description": "RIPE PROBE TELEHOUSE2",
        "country_code": "FR",
        "asn_v4": 201699,
        "asn_v6": null,
        "prefix_v4": "185.58.8.0/22",
        "prefix_v6": null,
        "status_id": 1,
        "status": "Connected",
        "is_public": true,
        "is_anchor": false,
        "tags": [
          "system: IPv4 Capable",
          "system: IPv4 RFC1918",
          "system: IPv4 Stable 1d",
          "system: IPv4 Stable 30d",
          "system: IPv4 Stable 90d",
          "system: IPv4 Works",
          "system: Resolves A Correctly",
          "system: Resolves AAAA Correctly",
          "system: V5"
        ],
        "first_connected": 1724408484,
        "last_connected": 1791379929,
        "source": "RIPE Atlas",
        "evidence_type": "OBSERVED",
        "location_accuracy": "OBFUSCATED"
      }
    },
    {
      "type": "Feature",
      "id": "ripe-probe-62793",
      "geometry": {
        "type": "Point",
        "coordinates": [
          2.3415,
          48.8585
        ]
      },
      "properties": {
        "id": "ripe-probe-62793",
        "probe_id": 62793,
        "node_type": "ripe_atlas_probe",
        "description": "",
        "country_code": "FR",
        "asn_v4": 12322,
        "asn_v6": 12322,
        "prefix_v4": "82.64.0.0/14",
        "prefix_v6": "2a01:e0a:860::/45",
        "status_id": 1,
        "status": "Connected",
        "is_public": true,
        "is_anchor": false,
        "tags": [
          "system: Auto GEOIP country",
          "system: IPv4 Capable",
          "system: IPv4 RFC1918",
          "system: IPv4 Stable 1d",
          "system: IPv4 Stable 30d",
          "system: IPv4 Works",
          "system: IPv6 Capable",
          "system: IPv6 Stable 1d",
          "system: IPv6 Stable 30d",
          "system: IPv6 Works",
          "system: Resolves A Correctly",
          "system: Resolves AAAA Correctly",
          "system: V5"
        ],
        "first_connected": 1668778432,
        "last_connected": 1791379929,
        "source": "RIPE Atlas",
        "evidence_type": "OBSERVED",
        "location_accuracy": "OBFUSCATED"
      }
    },
    {
      "type": "Feature",
      "id": "ripe-probe-62915",
      "geometry": {
        "type": "Point",
        "coordinates": [
          2.4175,
          48.9895
        ]
      },
      "properties": {
        "id": "ripe-probe-62915",
        "probe_id": 62915,
        "node_type": "ripe_atlas_probe",
        "description": "Atlas Ripe",
        "country_code": "FR",
        "asn_v4": 15557,
        "asn_v6": null,
        "prefix_v4": "109.0.0.0/11",
        "prefix_v6": null,
        "status_id": 1,
        "status": "Connected",
        "is_public": true,
        "is_anchor": false,
        "tags": [
          "system: IPv4 Capable",
          "system: IPv4 RFC1918",
          "system: IPv4 Stable 1d",
          "system: IPv4 Stable 30d",
          "system: IPv4 Stable 90d",
          "system: IPv4 Works",
          "system: Resolves A Correctly",
          "system: Resolves AAAA Correctly",
          "system: V5"
        ],
        "first_connected": 1671379697,
        "last_connected": 1791379929,
        "source": "RIPE Atlas",
        "evidence_type": "OBSERVED",
        "location_accuracy": "OBFUSCATED"
      }
    },
    {
      "type": "Feature",
      "id": "ripe-probe-1001347",
      "geometry": {
        "type": "Point",
        "coordinates": [
          2.4095,
          48.7905
        ]
      },
      "properties": {
        "id": "ripe-probe-1001347",
        "probe_id": 1001347,
        "node_type": "ripe_atlas_probe",
        "description": "Keyade DC2",
        "country_code": "FR",
        "asn_v4": 59689,
        "asn_v6": 59689,
        "prefix_v4": "185.3.128.0/22",
        "prefix_v6": "2a02:5cc0::/32",
        "status_id": 1,
        "status": "Connected",
        "is_public": true,
        "is_anchor": false,
        "tags": [
          "Datacentre",
          "IPv4",
          "Multihomed",
          "Native IPv4",
          "Native IPv6",
          "No NAT",
          "system: IPv4 Capable",
          "system: IPv4 Stable 30d",
          "system: IPv4 Stable 90d",
          "system: IPv4 Works",
          "system: IPv6 Capable",
          "system: IPv6 Stable 30d",
          "system: IPv6 Stable 90d",
          "system: IPv6 Works",
          "system: Resolves A Correctly",
          "system: Resolves AAAA Correctly",
          "system: Software",
          "system: software"
        ],
        "first_connected": 1605726713,
        "last_connected": 1791379929,
        "source": "RIPE Atlas",
        "evidence_type": "OBSERVED",
        "location_accuracy": "OBFUSCATED"
      }
    },
    {
      "type": "Feature",
      "id": "ripe-probe-1001862",
      "geometry": {
        "type": "Point",
        "coordinates": [
          2.3805,
          48.8985
        ]
      },
      "properties": {
        "id": "ripe-probe-1001862",
        "probe_id": 1001862,
        "node_type": "ripe_atlas_probe",
        "description": "",
        "country_code": "FR",
        "asn_v4": 12322,
        "asn_v6": 12322,
        "prefix_v4": "82.64.0.0/14",
        "prefix_v6": "2a01:e0a:910::/45",
        "status_id": 1,
        "status": "Connected",
        "is_public": true,
        "is_anchor": false,
        "tags": [
          "Home",
          "Raspberry Pi",
          "system: IPv4 Capable",
          "system: IPv4 RFC1918",
          "system: IPv4 Stable 1d",
          "system: IPv4 Stable 30d",
          "system: IPv4 Stable 90d",
          "system: IPv4 Works",
          "system: IPv6 Capable",
          "system: IPv6 Stable 1d",
          "system: IPv6 Stable 30d",
          "system: IPv6 Stable 90d",
          "system: IPv6 Works",
          "system: Resolves A Correctly",
          "system: Resolves AAAA Correctly",
          "system: Software",
          "system: software"
        ],
        "first_connected": 1613324463,
        "last_connected": 1791379929,
        "source": "RIPE Atlas",
        "evidence_type": "OBSERVED",
        "location_accuracy": "OBFUSCATED"
      }
    },
    {
      "type": "Feature",
      "id": "ripe-probe-1002465",
      "geometry": {
        "type": "Point",
        "coordinates": [
          2.2105,
          48.7795
        ]
      },
      "properties": {
        "id": "ripe-probe-1002465",
        "probe_id": 1002465,
        "node_type": "ripe_atlas_probe",
        "description": "Dyjix Customer Probe",
        "country_code": "FR",
        "asn_v4": 212815,
        "asn_v6": null,
        "prefix_v4": "185.171.202.0/24",
        "prefix_v6": null,
        "status_id": 1,
        "status": "Connected",
        "is_public": true,
        "is_anchor": false,
        "tags": [
          "IPv4",
          "system: IPv4 Capable",
          "system: IPv4 RFC1918",
          "system: IPv4 Stable 30d",
          "system: IPv4 Stable 90d",
          "system: IPv4 Works",
          "system: Resolves A Correctly",
          "system: Resolves AAAA Correctly",
          "system: Software",
          "system: software"
        ],
        "first_connected": 1622467528,
        "last_connected": 1791379929,
        "source": "RIPE Atlas",
        "evidence_type": "OBSERVED",
        "location_accuracy": "OBFUSCATED"
      }
    },
    {
      "type": "Feature",
      "id": "ripe-probe-1002484",
      "geometry": {
        "type": "Point",
        "coordinates": [
          2.3415,
          48.8595
        ]
      },
      "properties": {
        "id": "ripe-probe-1002484",
        "probe_id": 1002484,
        "node_type": "ripe_atlas_probe",
        "description": null,
        "country_code": "FR",
        "asn_v4": 16276,
        "asn_v6": null,
        "prefix_v4": "164.132.0.0/16",
        "prefix_v6": null,
        "status_id": 1,
        "status": "Connected",
        "is_public": true,
        "is_anchor": false,
        "tags": [
          "system: Auto GEOIP country",
          "system: IPv4 Capable",
          "system: IPv4 RFC1918",
          "system: IPv4 Stable 1d",
          "system: IPv4 Stable 30d",
          "system: IPv4 Stable 90d",
          "system: IPv4 Works",
          "system: IPv6 Capable",
          "system: IPv6 Doesn't Work",
          "system: IPv6 Stable 1d",
          "system: IPv6 Stable 30d",
          "system: IPv6 Stable 90d",
          "system: IPv6 ULA",
          "system: Resolves A Correctly",
          "system: Resolves AAAA Correctly",
          "system: Software",
          "system: software"
        ],
        "first_connected": 1622818382,
        "last_connected": 1791379929,
        "source": "RIPE Atlas",
        "evidence_type": "OBSERVED",
        "location_accuracy": "OBFUSCATED"
      }
    },
    {
      "type": "Feature",
      "id": "ripe-probe-1002976",
      "geometry": {
        "type": "Point",
        "coordinates": [
          2.3805,
          48.7705
        ]
      },
      "properties": {
        "id": "ripe-probe-1002976",
        "probe_id": 1002976,
        "node_type": "ripe_atlas_probe",
        "description": null,
        "country_code": "FR",
        "asn_v4": 16276,
        "asn_v6": null,
        "prefix_v4": "141.95.128.0/17",
        "prefix_v6": null,
        "status_id": 1,
        "status": "Connected",
        "is_public": true,
        "is_anchor": false,
        "tags": [
          "system: IPv4 Capable",
          "system: IPv4 RFC1918",
          "system: IPv4 Stable 30d",
          "system: IPv4 Stable 90d",
          "system: IPv4 Works",
          "system: Resolves A Correctly",
          "system: Resolves AAAA Correctly",
          "system: Software",
          "system: software"
        ],
        "first_connected": 1633801306,
        "last_connected": 1791379929,
        "source": "RIPE Atlas",
        "evidence_type": "OBSERVED",
        "location_accuracy": "OBFUSCATED"
      }
    },
    {
      "type": "Feature",
      "id": "ripe-probe-1003045",
      "geometry": {
        "type": "Point",
        "coordinates": [
          2.3595,
          48.9095
        ]
      },
      "properties": {
        "id": "ripe-probe-1003045",
        "probe_id": 1003045,
        "node_type": "ripe_atlas_probe",
        "description": null,
        "country_code": "FR",
        "asn_v4": 49920,
        "asn_v6": null,
        "prefix_v4": "185.149.60.0/22",
        "prefix_v6": null,
        "status_id": 1,
        "status": "Connected",
        "is_public": true,
        "is_anchor": false,
        "tags": [
          "system: IPv4 Capable",
          "system: IPv4 RFC1918",
          "system: IPv4 Stable 1d",
          "system: IPv4 Stable 30d",
          "system: IPv4 Stable 90d",
          "system: IPv4 Works",
          "system: Resolves A Correctly",
          "system: Resolves AAAA Correctly",
          "system: Software",
          "system: software"
        ],
        "first_connected": 1636543426,
        "last_connected": 1791379929,
        "source": "RIPE Atlas",
        "evidence_type": "OBSERVED",
        "location_accuracy": "OBFUSCATED"
      }
    },
    {
      "type": "Feature",
      "id": "ripe-probe-1003375",
      "geometry": {
        "type": "Point",
        "coordinates": [
          2.3505,
          48.8595
        ]
      },
      "properties": {
        "id": "ripe-probe-1003375",
        "probe_id": 1003375,
        "node_type": "ripe_atlas_probe",
        "description": "AWS - Europe (Paris)",
        "country_code": "FR",
        "asn_v4": 16509,
        "asn_v6": 16509,
        "prefix_v4": "15.236.0.0/15",
        "prefix_v6": "2a05:d012::/38",
        "status_id": 1,
        "status": "Connected",
        "is_public": true,
        "is_anchor": false,
        "tags": [
          "AWS",
          "Datacentre",
          "IPv4",
          "IPv6",
          "NAT",
          "Native IPv4",
          "Native IPv6",
          "dual-stack",
          "system: IPv4 Capable",
          "system: IPv4 RFC1918",
          "system: IPv4 Stable 1d",
          "system: IPv4 Stable 30d",
          "system: IPv4 Stable 90d",
          "system: IPv4 Works",
          "system: IPv6 Capable",
          "system: IPv6 Stable 1d",
          "system: IPv6 Stable 30d",
          "system: IPv6 Stable 90d",
          "system: IPv6 Works",
          "system: Resolves A Correctly",
          "system: Resolves AAAA Correctly",
          "system: Software",
          "system: software"
        ],
        "first_connected": 1639535526,
        "last_connected": 1791379929,
        "source": "RIPE Atlas",
        "evidence_type": "OBSERVED",
        "location_accuracy": "OBFUSCATED"
      }
    },
    {
      "type": "Feature",
      "id": "ripe-probe-1003539",
      "geometry": {
        "type": "Point",
        "coordinates": [
          2.5085,
          48.8015
        ]
      },
      "properties": {
        "id": "ripe-probe-1003539",
        "probe_id": 1003539,
        "node_type": "ripe_atlas_probe",
        "description": null,
        "country_code": "FR",
        "asn_v4": 12322,
        "asn_v6": null,
        "prefix_v4": "82.64.0.0/14",
        "prefix_v6": null,
        "status_id": 1,
        "status": "Connected",
        "is_public": true,
        "is_anchor": false,
        "tags": [
          "system: IPv4 Capable",
          "system: IPv4 RFC1918",
          "system: IPv4 Stable 1d",
          "system: IPv4 Stable 30d",
          "system: IPv4 Stable 90d",
          "system: IPv4 Works",
          "system: Resolves A Correctly",
          "system: Resolves AAAA Correctly",
          "system: Software",
          "system: software"
        ],
        "first_connected": 1641908091,
        "last_connected": 1791379929,
        "source": "RIPE Atlas",
        "evidence_type": "OBSERVED",
        "location_accuracy": "OBFUSCATED"
      }
    },
    {
      "type": "Feature",
      "id": "ripe-probe-1003818",
      "geometry": {
        "type": "Point",
        "coordinates": [
          2.3375,
          48.8615
        ]
      },
      "properties": {
        "id": "ripe-probe-1003818",
        "probe_id": 1003818,
        "node_type": "ripe_atlas_probe",
        "description": null,
        "country_code": "FR",
        "asn_v4": 12322,
        "asn_v6": 212783,
        "prefix_v4": "82.64.0.0/14",
        "prefix_v6": "2001:678:e0c::/48",
        "status_id": 1,
        "status": "Connected",
        "is_public": true,
        "is_anchor": false,
        "tags": [
          "system: Auto GEOIP country",
          "system: IPv4 Capable",
          "system: IPv4 RFC1918",
          "system: IPv4 Stable 1d",
          "system: IPv4 Stable 30d",
          "system: IPv4 Stable 90d",
          "system: IPv4 Works",
          "system: IPv6 Capable",
          "system: IPv6 Stable 1d",
          "system: IPv6 Stable 30d",
          "system: IPv6 Stable 90d",
          "system: IPv6 Works",
          "system: Resolves A Correctly",
          "system: Resolves AAAA Correctly",
          "system: Software",
          "system: software"
        ],
        "first_connected": 1647086547,
        "last_connected": 1791379929,
        "source": "RIPE Atlas",
        "evidence_type": "OBSERVED",
        "location_accuracy": "OBFUSCATED"
      }
    },
    {
      "type": "Feature",
      "id": "ripe-probe-1003845",
      "geometry": {
        "type": "Point",
        "coordinates": [
          2.2995,
          48.8995
        ]
      },
      "properties": {
        "id": "ripe-probe-1003845",
        "probe_id": 1003845,
        "node_type": "ripe_atlas_probe",
        "description": "HISI-ATLAS",
        "country_code": "FR",
        "asn_v4": 20986,
        "asn_v6": null,
        "prefix_v4": "185.111.56.0/22",
        "prefix_v6": null,
        "status_id": 1,
        "status": "Connected",
        "is_public": true,
        "is_anchor": false,
        "tags": [
          "system: IPv4 Capable",
          "system: IPv4 RFC1918",
          "system: IPv4 Stable 30d",
          "system: IPv4 Stable 90d",
          "system: IPv4 Works",
          "system: Resolves A Correctly",
          "system: Resolves AAAA Correctly",
          "system: Software",
          "system: software"
        ],
        "first_connected": 1647525017,
        "last_connected": 1791379929,
        "source": "RIPE Atlas",
        "evidence_type": "OBSERVED",
        "location_accuracy": "OBFUSCATED"
      }
    },
    {
      "type": "Feature",
      "id": "ripe-probe-1003994",
      "geometry": {
        "type": "Point",
        "coordinates": [
          2.3615,
          48.8595
        ]
      },
      "properties": {
        "id": "ripe-probe-1003994",
        "probe_id": 1003994,
        "node_type": "ripe_atlas_probe",
        "description": "",
        "country_code": "FR",
        "asn_v4": 15557,
        "asn_v6": null,
        "prefix_v4": "84.96.0.0/13",
        "prefix_v6": null,
        "status_id": 1,
        "status": "Connected",
        "is_public": true,
        "is_anchor": false,
        "tags": [
          "ADSL",
          "DSL",
          "Home",
          "IPv4",
          "Raspberry Pi",
          "system: IPv4 Capable",
          "system: IPv4 RFC1918",
          "system: IPv4 Stable 1d",
          "system: IPv4 Stable 30d",
          "system: IPv4 Stable 90d",
          "system: IPv4 Works",
          "system: Resolves A Correctly",
          "system: Resolves AAAA Correctly",
          "system: Software",
          "system: software"
        ],
        "first_connected": 1649080948,
        "last_connected": 1791379929,
        "source": "RIPE Atlas",
        "evidence_type": "OBSERVED",
        "location_accuracy": "OBFUSCATED"
      }
    },
    {
      "type": "Feature",
      "id": "ripe-probe-1004041",
      "geometry": {
        "type": "Point",
        "coordinates": [
          2.3895,
          48.9175
        ]
      },
      "properties": {
        "id": "ripe-probe-1004041",
        "probe_id": 1004041,
        "node_type": "ripe_atlas_probe",
        "description": "Vultr FR",
        "country_code": "FR",
        "asn_v4": 20473,
        "asn_v6": 20473,
        "prefix_v4": "95.179.208.0/20",
        "prefix_v6": "2001:19f0:6800::/38",
        "status_id": 1,
        "status": "Connected",
        "is_public": true,
        "is_anchor": false,
        "tags": [
          "system: Auto GEOIP city",
          "system: IPv4 Capable",
          "system: IPv4 Stable 30d",
          "system: IPv4 Stable 90d",
          "system: IPv4 Works",
          "system: IPv6 Capable",
          "system: IPv6 Stable 30d",
          "system: IPv6 Stable 90d",
          "system: IPv6 Works",
          "system: Resolves A Correctly",
          "system: Resolves AAAA Correctly",
          "system: Software",
          "system: software"
        ],
        "first_connected": 1649490690,
        "last_connected": 1791379929,
        "source": "RIPE Atlas",
        "evidence_type": "OBSERVED",
        "location_accuracy": "OBFUSCATED"
      }
    },
    {
      "type": "Feature",
      "id": "ripe-probe-1004042",
      "geometry": {
        "type": "Point",
        "coordinates": [
          2.3495,
          48.8585
        ]
      },
      "properties": {
        "id": "ripe-probe-1004042",
        "probe_id": 1004042,
        "node_type": "ripe_atlas_probe",
        "description": "Scaleway Paris",
        "country_code": "FR",
        "asn_v4": 12876,
        "asn_v6": 12876,
        "prefix_v4": "51.15.0.0/16",
        "prefix_v6": "2001:bc8::/32",
        "status_id": 1,
        "status": "Connected",
        "is_public": true,
        "is_anchor": false,
        "tags": [
          "system: Auto GEOIP city",
          "system: IPv4 Capable",
          "system: IPv4 Stable 1d",
          "system: IPv4 Stable 30d",
          "system: IPv4 Stable 90d",
          "system: IPv4 Works",
          "system: IPv6 Capable",
          "system: IPv6 Doesn't Work",
          "system: IPv6 Stable 1d",
          "system: IPv6 Stable 30d",
          "system: IPv6 Stable 90d",
          "system: Resolves A Correctly",
          "system: Resolves AAAA Correctly",
          "system: Software",
          "system: software"
        ],
        "first_connected": 1649490703,
        "last_connected": 1791379929,
        "source": "RIPE Atlas",
        "evidence_type": "OBSERVED",
        "location_accuracy": "OBFUSCATED"
      }
    },
    {
      "type": "Feature",
      "id": "ripe-probe-1004044",
      "geometry": {
        "type": "Point",
        "coordinates": [
          2.3495,
          48.8595
        ]
      },
      "properties": {
        "id": "ripe-probe-1004044",
        "probe_id": 1004044,
        "node_type": "ripe_atlas_probe",
        "description": "Virtua Paris",
        "country_code": "FR",
        "asn_v4": 35661,
        "asn_v6": 35661,
        "prefix_v4": "185.10.19.0/24",
        "prefix_v6": "2a07:8dc0::/32",
        "status_id": 1,
        "status": "Connected",
        "is_public": true,
        "is_anchor": false,
        "tags": [
          "system: Auto GEOIP city",
          "system: IPv4 Capable",
          "system: IPv4 Stable 1d",
          "system: IPv4 Stable 30d",
          "system: IPv4 Stable 90d",
          "system: IPv4 Works",
          "system: IPv6 Capable",
          "system: IPv6 Stable 1d",
          "system: IPv6 Stable 30d",
          "system: IPv6 Stable 90d",
          "system: IPv6 Works",
          "system: Resolves A Correctly",
          "system: Resolves AAAA Correctly",
          "system: Software",
          "system: software"
        ],
        "first_connected": 1649490701,
        "last_connected": 1791379929,
        "source": "RIPE Atlas",
        "evidence_type": "OBSERVED",
        "location_accuracy": "OBFUSCATED"
      }
    },
    {
      "type": "Feature",
      "id": "ripe-probe-1004090",
      "geometry": {
        "type": "Point",
        "coordinates": [
          2.3415,
          48.8675
        ]
      },
      "properties": {
        "id": "ripe-probe-1004090",
        "probe_id": 1004090,
        "node_type": "ripe_atlas_probe",
        "description": "ns1.algathia.net",
        "country_code": "FR",
        "asn_v4": 205684,
        "asn_v6": 205684,
        "prefix_v4": "195.34.78.0/24",
        "prefix_v6": "2001:678:d04::/48",
        "status_id": 1,
        "status": "Connected",
        "is_public": true,
        "is_anchor": false,
        "tags": [
          "Datacentre",
          "Fibre",
          "Free",
          "IPv4",
          "IPv6",
          "Native IPv4",
          "Native IPv6",
          "No NAT",
          "dual-stack",
          "system: IPv4 Capable",
          "system: IPv4 Stable 1d",
          "system: IPv4 Stable 30d",
          "system: IPv4 Stable 90d",
          "system: IPv4 Works",
          "system: IPv6 Capable",
          "system: IPv6 Stable 1d",
          "system: IPv6 Stable 30d",
          "system: IPv6 Stable 90d",
          "system: IPv6 Works",
          "system: Resolves A Correctly",
          "system: Resolves AAAA Correctly",
          "system: Software",
          "system: software"
        ],
        "first_connected": 1650034144,
        "last_connected": 1791379929,
        "source": "RIPE Atlas",
        "evidence_type": "OBSERVED",
        "location_accuracy": "OBFUSCATED"
      }
    },
    {
      "type": "Feature",
      "id": "ripe-probe-1004230",
      "geometry": {
        "type": "Point",
        "coordinates": [
          2.1885,
          48.8075
        ]
      },
      "properties": {
        "id": "ripe-probe-1004230",
        "probe_id": 1004230,
        "node_type": "ripe_atlas_probe",
        "description": "Soft Chaville",
        "country_code": "FR",
        "asn_v4": 204092,
        "asn_v6": 204092,
        "prefix_v4": "89.234.186.0/24",
        "prefix_v6": "2a00:5884::/32",
        "status_id": 1,
        "status": "Connected",
        "is_public": true,
        "is_anchor": false,
        "tags": [
          "FTTH",
          "Fibre",
          "Home",
          "NAT",
          "pi-hole",
          "system: IPv4 Capable",
          "system: IPv4 RFC1918",
          "system: IPv4 Stable 1d",
          "system: IPv4 Stable 30d",
          "system: IPv4 Stable 90d",
          "system: IPv4 Works",
          "system: IPv6 Capable",
          "system: IPv6 Stable 1d",
          "system: IPv6 Stable 30d",
          "system: IPv6 Stable 90d",
          "system: IPv6 Works",
          "system: Resolves A Correctly",
          "system: Resolves AAAA Correctly",
          "system: Software",
          "system: software"
        ],
        "first_connected": 1653728033,
        "last_connected": 1791379929,
        "source": "RIPE Atlas",
        "evidence_type": "OBSERVED",
        "location_accuracy": "OBFUSCATED"
      }
    },
    {
      "type": "Feature",
      "id": "ripe-probe-1004260",
      "geometry": {
        "type": "Point",
        "coordinates": [
          2.3805,
          48.8175
        ]
      },
      "properties": {
        "id": "ripe-probe-1004260",
        "probe_id": 1004260,
        "node_type": "ripe_atlas_probe",
        "description": "Mox Soft Prob",
        "country_code": "FR",
        "asn_v4": 35540,
        "asn_v6": 35540,
        "prefix_v4": "109.190.0.0/16",
        "prefix_v6": "2001:41d0:fc00::/38",
        "status_id": 1,
        "status": "Connected",
        "is_public": true,
        "is_anchor": false,
        "tags": [
          "Home",
          "VDSL2",
          "system: IPv4 Capable",
          "system: IPv4 RFC1918",
          "system: IPv4 Stable 1d",
          "system: IPv4 Stable 30d",
          "system: IPv4 Stable 90d",
          "system: IPv4 Works",
          "system: IPv6 Capable",
          "system: IPv6 Stable 1d",
          "system: IPv6 Stable 30d",
          "system: IPv6 Works",
          "system: Resolves A Correctly",
          "system: Resolves AAAA Correctly",
          "system: Software",
          "system: software"
        ],
        "first_connected": 1654342754,
        "last_connected": 1791379929,
        "source": "RIPE Atlas",
        "evidence_type": "OBSERVED",
        "location_accuracy": "OBFUSCATED"
      }
    },
    {
      "type": "Feature",
      "id": "ripe-probe-1004422",
      "geometry": {
        "type": "Point",
        "coordinates": [
          2.3485,
          48.8585
        ]
      },
      "properties": {
        "id": "ripe-probe-1004422",
        "probe_id": 1004422,
        "node_type": "ripe_atlas_probe",
        "description": null,
        "country_code": "FR",
        "asn_v4": 8075,
        "asn_v6": null,
        "prefix_v4": "20.192.0.0/10",
        "prefix_v6": null,
        "status_id": 1,
        "status": "Connected",
        "is_public": true,
        "is_anchor": false,
        "tags": [
          "system: Auto GEOIP city",
          "system: IPv4 Capable",
          "system: IPv4 RFC1918",
          "system: IPv4 Stable 30d",
          "system: IPv4 Stable 90d",
          "system: IPv4 Works",
          "system: Resolves A Correctly",
          "system: Resolves AAAA Correctly",
          "system: Software",
          "system: software"
        ],
        "first_connected": 1655895063,
        "last_connected": 1791379929,
        "source": "RIPE Atlas",
        "evidence_type": "OBSERVED",
        "location_accuracy": "OBFUSCATED"
      }
    },
    {
      "type": "Feature",
      "id": "ripe-probe-1005282",
      "geometry": {
        "type": "Point",
        "coordinates": [
          2.2215,
          48.9285
        ]
      },
      "properties": {
        "id": "ripe-probe-1005282",
        "probe_id": 1005282,
        "node_type": "ripe_atlas_probe",
        "description": "Scaleway",
        "country_code": "FR",
        "asn_v4": 12876,
        "asn_v6": null,
        "prefix_v4": "51.158.0.0/15",
        "prefix_v6": null,
        "status_id": 1,
        "status": "Connected",
        "is_public": true,
        "is_anchor": false,
        "tags": [
          "Datacentre",
          "Fibre",
          "NAT",
          "system: IPv4 Capable",
          "system: IPv4 Stable 30d",
          "system: IPv4 Stable 90d",
          "system: IPv4 Works",
          "system: Resolves A Correctly",
          "system: Resolves AAAA Correctly",
          "system: Software",
          "system: software"
        ],
        "first_connected": 1674414307,
        "last_connected": 1791379929,
        "source": "RIPE Atlas",
        "evidence_type": "OBSERVED",
        "location_accuracy": "OBFUSCATED"
      }
    },
    {
      "type": "Feature",
      "id": "ripe-probe-1005284",
      "geometry": {
        "type": "Point",
        "coordinates": [
          2.3315,
          48.9795
        ]
      },
      "properties": {
        "id": "ripe-probe-1005284",
        "probe_id": 1005284,
        "node_type": "ripe_atlas_probe",
        "description": null,
        "country_code": "FR",
        "asn_v4": 12322,
        "asn_v6": 12322,
        "prefix_v4": "82.64.0.0/14",
        "prefix_v6": "2a01:e0a:868::/45",
        "status_id": 1,
        "status": "Connected",
        "is_public": true,
        "is_anchor": false,
        "tags": [
          "Turris Omnia",
          "system: IPv4 Capable",
          "system: IPv4 Stable 30d",
          "system: IPv4 Works",
          "system: IPv6 Capable",
          "system: IPv6 Stable 30d",
          "system: IPv6 Works",
          "system: Resolves A Correctly",
          "system: Resolves AAAA Correctly",
          "system: Software",
          "system: software"
        ],
        "first_connected": 1675025587,
        "last_connected": 1791379929,
        "source": "RIPE Atlas",
        "evidence_type": "OBSERVED",
        "location_accuracy": "OBFUSCATED"
      }
    },
    {
      "type": "Feature",
      "id": "ripe-probe-1005725",
      "geometry": {
        "type": "Point",
        "coordinates": [
          2.3485,
          48.8595
        ]
      },
      "properties": {
        "id": "ripe-probe-1005725",
        "probe_id": 1005725,
        "node_type": "ripe_atlas_probe",
        "description": "AWS-CDG",
        "country_code": "FR",
        "asn_v4": 16509,
        "asn_v6": null,
        "prefix_v4": "35.180.0.0/16",
        "prefix_v6": null,
        "status_id": 1,
        "status": "Connected",
        "is_public": false,
        "is_anchor": false,
        "tags": [
          "system: Auto GEOIP city",
          "system: IPv4 Capable",
          "system: IPv4 RFC1918",
          "system: IPv4 Stable 1d",
          "system: IPv4 Stable 30d",
          "system: IPv4 Stable 90d",
          "system: IPv4 Works",
          "system: Resolves A Correctly",
          "system: Resolves AAAA Correctly",
          "system: Software",
          "system: software"
        ],
        "first_connected": 1682182895,
        "last_connected": 1791379929,
        "source": "RIPE Atlas",
        "evidence_type": "OBSERVED",
        "location_accuracy": "OBFUSCATED"
      }
    },
    {
      "type": "Feature",
      "id": "ripe-probe-1005913",
      "geometry": {
        "type": "Point",
        "coordinates": [
          2.1775,
          48.7885
        ]
      },
      "properties": {
        "id": "ripe-probe-1005913",
        "probe_id": 1005913,
        "node_type": "ripe_atlas_probe",
        "description": "",
        "country_code": "FR",
        "asn_v4": 5410,
        "asn_v6": null,
        "prefix_v4": "176.128.0.0/10",
        "prefix_v6": null,
        "status_id": 1,
        "status": "Connected",
        "is_public": true,
        "is_anchor": false,
        "tags": [
          "Home",
          "Wi-Fi",
          "system: IPv4 Capable",
          "system: IPv4 RFC1918",
          "system: IPv4 Stable 30d",
          "system: IPv4 Stable 90d",
          "system: IPv4 Works",
          "system: Resolves A Correctly",
          "system: Resolves AAAA Correctly",
          "system: Software",
          "system: software"
        ],
        "first_connected": 1685570459,
        "last_connected": 1791379929,
        "source": "RIPE Atlas",
        "evidence_type": "OBSERVED",
        "location_accuracy": "OBFUSCATED"
      }
    },
    {
      "type": "Feature",
      "id": "ripe-probe-1005920",
      "geometry": {
        "type": "Point",
        "coordinates": [
          2.3485,
          48.9275
        ]
      },
      "properties": {
        "id": "ripe-probe-1005920",
        "probe_id": 1005920,
        "node_type": "ripe_atlas_probe",
        "description": null,
        "country_code": "FR",
        "asn_v4": 208871,
        "asn_v6": null,
        "prefix_v4": "185.156.25.0/24",
        "prefix_v6": null,
        "status_id": 1,
        "status": "Connected",
        "is_public": true,
        "is_anchor": false,
        "tags": [
          "system: IPv4 Capable",
          "system: IPv4 RFC1918",
          "system: IPv4 Stable 30d",
          "system: IPv4 Stable 90d",
          "system: IPv4 Works",
          "system: Resolves A Correctly",
          "system: Resolves AAAA Correctly",
          "system: Software",
          "system: software"
        ],
        "first_connected": 1685739126,
        "last_connected": 1791379929,
        "source": "RIPE Atlas",
        "evidence_type": "OBSERVED",
        "location_accuracy": "OBFUSCATED"
      }
    },
    {
      "type": "Feature",
      "id": "ripe-probe-1006058",
      "geometry": {
        "type": "Point",
        "coordinates": [
          2.3395,
          48.8615
        ]
      },
      "properties": {
        "id": "ripe-probe-1006058",
        "probe_id": 1006058,
        "node_type": "ripe_atlas_probe",
        "description": null,
        "country_code": "FR",
        "asn_v4": 16276,
        "asn_v6": null,
        "prefix_v4": "188.165.0.0/16",
        "prefix_v6": null,
        "status_id": 1,
        "status": "Connected",
        "is_public": true,
        "is_anchor": false,
        "tags": [
          "system: Auto GEOIP country",
          "system: IPv4 Capable",
          "system: IPv4 RFC1918",
          "system: IPv4 Stable 30d",
          "system: IPv4 Stable 90d",
          "system: IPv4 Works",
          "system: Resolves A Correctly",
          "system: Resolves AAAA Correctly",
          "system: Software",
          "system: software"
        ],
        "first_connected": 1688547725,
        "last_connected": 1791379929,
        "source": "RIPE Atlas",
        "evidence_type": "OBSERVED",
        "location_accuracy": "OBFUSCATED"
      }
    },
    {
      "type": "Feature",
      "id": "ripe-probe-1006075",
      "geometry": {
        "type": "Point",
        "coordinates": [
          2.3405,
          48.8595
        ]
      },
      "properties": {
        "id": "ripe-probe-1006075",
        "probe_id": 1006075,
        "node_type": "ripe_atlas_probe",
        "description": null,
        "country_code": "FR",
        "asn_v4": 16276,
        "asn_v6": 16276,
        "prefix_v4": "135.125.128.0/17",
        "prefix_v6": "2001:41d0::/32",
        "status_id": 1,
        "status": "Connected",
        "is_public": true,
        "is_anchor": false,
        "tags": [
          "system: Auto GEOIP country",
          "system: IPv4 Capable",
          "system: IPv4 Stable 30d",
          "system: IPv4 Stable 90d",
          "system: IPv4 Works",
          "system: IPv6 Capable",
          "system: IPv6 Stable 30d",
          "system: IPv6 Stable 90d",
          "system: IPv6 Works",
          "system: Resolves A Correctly",
          "system: Resolves AAAA Correctly",
          "system: Software",
          "system: geoloc resolved",
          "system: software"
        ],
        "first_connected": 1688983347,
        "last_connected": 1791379929,
        "source": "RIPE Atlas",
        "evidence_type": "OBSERVED",
        "location_accuracy": "OBFUSCATED"
      }
    },
    {
      "type": "Feature",
      "id": "ripe-probe-1006125",
      "geometry": {
        "type": "Point",
        "coordinates": [
          2.3385,
          48.8595
        ]
      },
      "properties": {
        "id": "ripe-probe-1006125",
        "probe_id": 1006125,
        "node_type": "ripe_atlas_probe",
        "description": "SYSLABS-VLA",
        "country_code": "FR",
        "asn_v4": 12322,
        "asn_v6": 12322,
        "prefix_v4": "82.64.0.0/14",
        "prefix_v6": "2a01:e0a:1270::/45",
        "status_id": 1,
        "status": "Connected",
        "is_public": true,
        "is_anchor": false,
        "tags": [
          "FTTH",
          "Fibre",
          "Free",
          "Home",
          "Homelab",
          "NAT",
          "dual-stack",
          "system: Auto GEOIP country",
          "system: IPv4 Capable",
          "system: IPv4 RFC1918",
          "system: IPv4 Stable 1d",
          "system: IPv4 Stable 30d",
          "system: IPv4 Works",
          "system: IPv6 Capable",
          "system: IPv6 Stable 1d",
          "system: IPv6 Stable 30d",
          "system: IPv6 Works",
          "system: Resolves A Correctly",
          "system: Resolves AAAA Correctly",
          "system: Software",
          "system: software"
        ],
        "first_connected": 1690294004,
        "last_connected": 1791379929,
        "source": "RIPE Atlas",
        "evidence_type": "OBSERVED",
        "location_accuracy": "OBFUSCATED"
      }
    },
    {
      "type": "Feature",
      "id": "ripe-probe-1006130",
      "geometry": {
        "type": "Point",
        "coordinates": [
          2.3485,
          48.8575
        ]
      },
      "properties": {
        "id": "ripe-probe-1006130",
        "probe_id": 1006130,
        "node_type": "ripe_atlas_probe",
        "description": "ouranos",
        "country_code": "FR",
        "asn_v4": 12876,
        "asn_v6": 12876,
        "prefix_v4": "163.172.0.0/16",
        "prefix_v6": "2001:bc8::/32",
        "status_id": 1,
        "status": "Connected",
        "is_public": true,
        "is_anchor": false,
        "tags": [
          "Datacentre",
          "system: IPv4 Capable",
          "system: IPv4 Stable 1d",
          "system: IPv4 Stable 30d",
          "system: IPv4 Stable 90d",
          "system: IPv4 Works",
          "system: IPv6 Capable",
          "system: IPv6 Stable 1d",
          "system: IPv6 Stable 30d",
          "system: IPv6 Stable 90d",
          "system: IPv6 Works",
          "system: Resolves A Correctly",
          "system: Resolves AAAA Correctly",
          "system: Software",
          "system: software"
        ],
        "first_connected": 1690441948,
        "last_connected": 1791379929,
        "source": "RIPE Atlas",
        "evidence_type": "OBSERVED",
        "location_accuracy": "OBFUSCATED"
      }
    },
    {
      "type": "Feature",
      "id": "ripe-probe-1006291",
      "geometry": {
        "type": "Point",
        "coordinates": [
          2.3415,
          48.8575
        ]
      },
      "properties": {
        "id": "ripe-probe-1006291",
        "probe_id": 1006291,
        "node_type": "ripe_atlas_probe",
        "description": null,
        "country_code": "FR",
        "asn_v4": 16276,
        "asn_v6": 16276,
        "prefix_v4": "5.196.0.0/16",
        "prefix_v6": "2001:41d0::/32",
        "status_id": 1,
        "status": "Connected",
        "is_public": true,
        "is_anchor": false,
        "tags": [
          "system: Auto GEOIP country",
          "system: IPv4 Capable",
          "system: IPv4 Stable 1d",
          "system: IPv4 Stable 30d",
          "system: IPv4 Stable 90d",
          "system: IPv4 Works",
          "system: IPv6 Capable",
          "system: IPv6 Stable 1d",
          "system: IPv6 Stable 30d",
          "system: IPv6 Stable 90d",
          "system: IPv6 Works",
          "system: Resolves A Correctly",
          "system: Resolves AAAA Correctly",
          "system: Software",
          "system: software"
        ],
        "first_connected": 1693006366,
        "last_connected": 1791379929,
        "source": "RIPE Atlas",
        "evidence_type": "OBSERVED",
        "location_accuracy": "OBFUSCATED"
      }
    },
    {
      "type": "Feature",
      "id": "ripe-probe-1006310",
      "geometry": {
        "type": "Point",
        "coordinates": [
          2.3475,
          48.9275
        ]
      },
      "properties": {
        "id": "ripe-probe-1006310",
        "probe_id": 1006310,
        "node_type": "ripe_atlas_probe",
        "description": "alwaysdata paris1",
        "country_code": "FR",
        "asn_v4": 60362,
        "asn_v6": 60362,
        "prefix_v4": "185.31.40.0/22",
        "prefix_v6": "2a00:b6e0:1::/48",
        "status_id": 1,
        "status": "Connected",
        "is_public": true,
        "is_anchor": false,
        "tags": [
          "Datacentre",
          "No NAT",
          "system: IPv4 Capable",
          "system: IPv4 Stable 1d",
          "system: IPv4 Stable 30d",
          "system: IPv4 Stable 90d",
          "system: IPv4 Works",
          "system: IPv6 Capable",
          "system: IPv6 Stable 1d",
          "system: IPv6 Stable 30d",
          "system: IPv6 Stable 90d",
          "system: IPv6 Works",
          "system: Resolves A Correctly",
          "system: Resolves AAAA Correctly",
          "system: Software",
          "system: software"
        ],
        "first_connected": 1693306835,
        "last_connected": 1791379929,
        "source": "RIPE Atlas",
        "evidence_type": "OBSERVED",
        "location_accuracy": "OBFUSCATED"
      }
    },
    {
      "type": "Feature",
      "id": "ripe-probe-1006403",
      "geometry": {
        "type": "Point",
        "coordinates": [
          2.3375,
          48.8585
        ]
      },
      "properties": {
        "id": "ripe-probe-1006403",
        "probe_id": 1006403,
        "node_type": "ripe_atlas_probe",
        "description": "Geode Copper",
        "country_code": "FR",
        "asn_v4": 16276,
        "asn_v6": null,
        "prefix_v4": "5.39.0.0/17",
        "prefix_v6": null,
        "status_id": 1,
        "status": "Connected",
        "is_public": true,
        "is_anchor": false,
        "tags": [
          "geode",
          "system: Auto GEOIP country",
          "system: IPv4 Capable",
          "system: IPv4 RFC1918",
          "system: IPv4 Stable 30d",
          "system: IPv4 Stable 90d",
          "system: IPv4 Works",
          "system: Resolves A Correctly",
          "system: Resolves AAAA Correctly",
          "system: Software",
          "system: software"
        ],
        "first_connected": 1695030628,
        "last_connected": 1791379929,
        "source": "RIPE Atlas",
        "evidence_type": "OBSERVED",
        "location_accuracy": "OBFUSCATED"
      }
    },
    {
      "type": "Feature",
      "id": "ripe-probe-1006410",
      "geometry": {
        "type": "Point",
        "coordinates": [
          2.3475,
          48.8575
        ]
      },
      "properties": {
        "id": "ripe-probe-1006410",
        "probe_id": 1006410,
        "node_type": "ripe_atlas_probe",
        "description": "",
        "country_code": "FR",
        "asn_v4": 20473,
        "asn_v6": 20473,
        "prefix_v4": "45.32.144.0/21",
        "prefix_v6": "2001:19f0:6800::/38",
        "status_id": 1,
        "status": "Connected",
        "is_public": true,
        "is_anchor": false,
        "tags": [
          "Datacentre",
          "Fibre",
          "IPv4",
          "IPv6",
          "Native IPv4",
          "Native IPv6",
          "VPS",
          "dual-stack",
          "system: IPv4 Capable",
          "system: IPv4 Stable 1d",
          "system: IPv4 Stable 30d",
          "system: IPv4 Stable 90d",
          "system: IPv4 Works",
          "system: IPv6 Capable",
          "system: IPv6 Stable 1d",
          "system: IPv6 Stable 30d",
          "system: IPv6 Stable 90d",
          "system: IPv6 Works",
          "system: Resolves A Correctly",
          "system: Resolves AAAA Correctly",
          "system: Software",
          "system: software"
        ],
        "first_connected": 1695107412,
        "last_connected": 1791379929,
        "source": "RIPE Atlas",
        "evidence_type": "OBSERVED",
        "location_accuracy": "OBFUSCATED"
      }
    },
    {
      "type": "Feature",
      "id": "ripe-probe-1006725",
      "geometry": {
        "type": "Point",
        "coordinates": [
          2.1885,
          48.7895
        ]
      },
      "properties": {
        "id": "ripe-probe-1006725",
        "probe_id": 1006725,
        "node_type": "ripe_atlas_probe",
        "description": "FR-DSCW-001",
        "country_code": "FR",
        "asn_v4": 209428,
        "asn_v6": 209428,
        "prefix_v4": "91.206.229.0/24",
        "prefix_v6": "2a09:5ec0::/29",
        "status_id": 1,
        "status": "Connected",
        "is_public": true,
        "is_anchor": false,
        "tags": [
          "system: IPv4 Capable",
          "system: IPv4 Stable 30d",
          "system: IPv4 Stable 90d",
          "system: IPv4 Works",
          "system: IPv6 Capable",
          "system: IPv6 Stable 30d",
          "system: IPv6 Stable 90d",
          "system: IPv6 Works",
          "system: Resolves A Correctly",
          "system: Resolves AAAA Correctly",
          "system: Software",
          "system: software"
        ],
        "first_connected": 1699372603,
        "last_connected": 1791379929,
        "source": "RIPE Atlas",
        "evidence_type": "OBSERVED",
        "location_accuracy": "OBFUSCATED"
      }
    },
    {
      "type": "Feature",
      "id": "ripe-probe-1006743",
      "geometry": {
        "type": "Point",
        "coordinates": [
          2.3495,
          48.8585
        ]
      },
      "properties": {
        "id": "ripe-probe-1006743",
        "probe_id": 1006743,
        "node_type": "ripe_atlas_probe",
        "description": "jn-probe01.lyo01",
        "country_code": "FR",
        "asn_v4": 30781,
        "asn_v6": 30781,
        "prefix_v4": "85.31.192.0/19",
        "prefix_v6": "2a01:240::/32",
        "status_id": 1,
        "status": "Connected",
        "is_public": true,
        "is_anchor": false,
        "tags": [
          "system: Auto GEOIP city",
          "system: IPv4 Capable",
          "system: IPv4 Stable 30d",
          "system: IPv4 Stable 90d",
          "system: IPv4 Works",
          "system: IPv6 Capable",
          "system: IPv6 Stable 30d",
          "system: IPv6 Stable 90d",
          "system: IPv6 Works",
          "system: Resolves A Correctly",
          "system: Resolves AAAA Correctly",
          "system: Software",
          "system: software"
        ],
        "first_connected": 1699630915,
        "last_connected": 1791379929,
        "source": "RIPE Atlas",
        "evidence_type": "OBSERVED",
        "location_accuracy": "OBFUSCATED"
      }
    },
    {
      "type": "Feature",
      "id": "ripe-probe-1006745",
      "geometry": {
        "type": "Point",
        "coordinates": [
          2.3495,
          48.9295
        ]
      },
      "properties": {
        "id": "ripe-probe-1006745",
        "probe_id": 1006745,
        "node_type": "ripe_atlas_probe",
        "description": "jn-probe01.par02",
        "country_code": "FR",
        "asn_v4": 30781,
        "asn_v6": 30781,
        "prefix_v4": "85.31.192.0/19",
        "prefix_v6": "2a01:240::/32",
        "status_id": 1,
        "status": "Connected",
        "is_public": true,
        "is_anchor": false,
        "tags": [
          "system: IPv4 Capable",
          "system: IPv4 Stable 1d",
          "system: IPv4 Stable 30d",
          "system: IPv4 Stable 90d",
          "system: IPv4 Works",
          "system: IPv6 Capable",
          "system: IPv6 Stable 1d",
          "system: IPv6 Stable 30d",
          "system: IPv6 Stable 90d",
          "system: IPv6 Works",
          "system: Resolves A Correctly",
          "system: Resolves AAAA Correctly",
          "system: Software",
          "system: software"
        ],
        "first_connected": 1699631581,
        "last_connected": 1791379929,
        "source": "RIPE Atlas",
        "evidence_type": "OBSERVED",
        "location_accuracy": "OBFUSCATED"
      }
    },
    {
      "type": "Feature",
      "id": "ripe-probe-1006748",
      "geometry": {
        "type": "Point",
        "coordinates": [
          2.3795,
          48.8615
        ]
      },
      "properties": {
        "id": "ripe-probe-1006748",
        "probe_id": 1006748,
        "node_type": "ripe_atlas_probe",
        "description": "jn-probe01.par01",
        "country_code": "FR",
        "asn_v4": 30781,
        "asn_v6": 30781,
        "prefix_v4": "85.31.192.0/19",
        "prefix_v6": "2a01:240::/32",
        "status_id": 1,
        "status": "Connected",
        "is_public": true,
        "is_anchor": false,
        "tags": [
          "system: IPv4 Capable",
          "system: IPv4 Stable 30d",
          "system: IPv4 Stable 90d",
          "system: IPv4 Works",
          "system: IPv6 Capable",
          "system: IPv6 Stable 30d",
          "system: IPv6 Stable 90d",
          "system: IPv6 Works",
          "system: Resolves A Correctly",
          "system: Resolves AAAA Correctly",
          "system: Software",
          "system: software"
        ],
        "first_connected": 1699631764,
        "last_connected": 1791379929,
        "source": "RIPE Atlas",
        "evidence_type": "OBSERVED",
        "location_accuracy": "OBFUSCATED"
      }
    },
    {
      "type": "Feature",
      "id": "ripe-probe-1006749",
      "geometry": {
        "type": "Point",
        "coordinates": [
          2.3695,
          48.9115
        ]
      },
      "properties": {
        "id": "ripe-probe-1006749",
        "probe_id": 1006749,
        "node_type": "ripe_atlas_probe",
        "description": "jn-probe01.par07",
        "country_code": "FR",
        "asn_v4": 30781,
        "asn_v6": 30781,
        "prefix_v4": "85.31.192.0/19",
        "prefix_v6": "2a01:240::/32",
        "status_id": 1,
        "status": "Connected",
        "is_public": true,
        "is_anchor": false,
        "tags": [
          "system: IPv4 Capable",
          "system: IPv4 Stable 1d",
          "system: IPv4 Stable 30d",
          "system: IPv4 Stable 90d",
          "system: IPv4 Works",
          "system: IPv6 Capable",
          "system: IPv6 Stable 1d",
          "system: IPv6 Stable 30d",
          "system: IPv6 Stable 90d",
          "system: IPv6 Works",
          "system: Resolves A Correctly",
          "system: Resolves AAAA Correctly",
          "system: Software",
          "system: software"
        ],
        "first_connected": 1699631764,
        "last_connected": 1791379929,
        "source": "RIPE Atlas",
        "evidence_type": "OBSERVED",
        "location_accuracy": "OBFUSCATED"
      }
    },
    {
      "type": "Feature",
      "id": "ripe-probe-1006768",
      "geometry": {
        "type": "Point",
        "coordinates": [
          2.1505,
          48.9115
        ]
      },
      "properties": {
        "id": "ripe-probe-1006768",
        "probe_id": 1006768,
        "node_type": "ripe_atlas_probe",
        "description": null,
        "country_code": "FR",
        "asn_v4": 35540,
        "asn_v6": null,
        "prefix_v4": "109.190.0.0/16",
        "prefix_v6": null,
        "status_id": 1,
        "status": "Connected",
        "is_public": true,
        "is_anchor": false,
        "tags": [
          "system: IPv4 Capable",
          "system: IPv4 RFC1918",
          "system: Software",
          "system: software"
        ],
        "first_connected": 1699875282,
        "last_connected": 1791379929,
        "source": "RIPE Atlas",
        "evidence_type": "OBSERVED",
        "location_accuracy": "OBFUSCATED"
      }
    },
    {
      "type": "Feature",
      "id": "ripe-probe-1007205",
      "geometry": {
        "type": "Point",
        "coordinates": [
          2.3175,
          48.8295
        ]
      },
      "properties": {
        "id": "ripe-probe-1007205",
        "probe_id": 1007205,
        "node_type": "ripe_atlas_probe",
        "description": null,
        "country_code": "FR",
        "asn_v4": 5410,
        "asn_v6": null,
        "prefix_v4": "176.128.0.0/10",
        "prefix_v6": null,
        "status_id": 1,
        "status": "Connected",
        "is_public": true,
        "is_anchor": false,
        "tags": [
          "system: IPv4 Capable",
          "system: IPv4 RFC1918",
          "system: IPv4 Stable 1d",
          "system: IPv4 Stable 30d",
          "system: IPv4 Stable 90d",
          "system: IPv4 Works",
          "system: IPv6 Capable",
          "system: IPv6 Stable 1d",
          "system: IPv6 Stable 30d",
          "system: IPv6 Stable 90d",
          "system: IPv6 ULA",
          "system: IPv6 Works",
          "system: Resolves A Correctly",
          "system: Resolves AAAA Correctly",
          "system: Software",
          "system: software"
        ],
        "first_connected": 1703683244,
        "last_connected": 1791379929,
        "source": "RIPE Atlas",
        "evidence_type": "OBSERVED",
        "location_accuracy": "OBFUSCATED"
      }
    },
    {
      "type": "Feature",
      "id": "ripe-probe-1007282",
      "geometry": {
        "type": "Point",
        "coordinates": [
          2.3415,
          48.8685
        ]
      },
      "properties": {
        "id": "ripe-probe-1007282",
        "probe_id": 1007282,
        "node_type": "ripe_atlas_probe",
        "description": "Freebox Abayes!",
        "country_code": "FR",
        "asn_v4": 12322,
        "asn_v6": 12322,
        "prefix_v4": "82.64.0.0/14",
        "prefix_v6": "2a01:e0a:f88::/45",
        "status_id": 1,
        "status": "Connected",
        "is_public": true,
        "is_anchor": false,
        "tags": [
          "FTTH",
          "Fibre",
          "Free",
          "Home",
          "system: IPv4 Capable",
          "system: IPv4 RFC1918",
          "system: IPv4 Stable 1d",
          "system: IPv4 Stable 30d",
          "system: IPv4 Stable 90d",
          "system: IPv4 Works",
          "system: IPv6 Capable",
          "system: IPv6 Stable 1d",
          "system: IPv6 Stable 30d",
          "system: IPv6 Stable 90d",
          "system: IPv6 Works",
          "system: Resolves A Correctly",
          "system: Resolves AAAA Correctly",
          "system: Software",
          "system: software"
        ],
        "first_connected": 1704460970,
        "last_connected": 1791379929,
        "source": "RIPE Atlas",
        "evidence_type": "OBSERVED",
        "location_accuracy": "OBFUSCATED"
      }
    },
    {
      "type": "Feature",
      "id": "ripe-probe-1007430",
      "geometry": {
        "type": "Point",
        "coordinates": [
          2.2885,
          48.9075
        ]
      },
      "properties": {
        "id": "ripe-probe-1007430",
        "probe_id": 1007430,
        "node_type": "ripe_atlas_probe",
        "description": "",
        "country_code": "FR",
        "asn_v4": 12322,
        "asn_v6": 12322,
        "prefix_v4": "82.64.0.0/14",
        "prefix_v6": "2a01:e0a:fe0::/45",
        "status_id": 1,
        "status": "Connected",
        "is_public": true,
        "is_anchor": false,
        "tags": [
          "Fibre",
          "system: IPv4 Capable",
          "system: IPv4 RFC1918",
          "system: IPv4 Works",
          "system: IPv6 Capable",
          "system: IPv6 Works",
          "system: Resolves A Correctly",
          "system: Resolves AAAA Correctly",
          "system: Software",
          "system: software"
        ],
        "first_connected": 1706568752,
        "last_connected": 1791379929,
        "source": "RIPE Atlas",
        "evidence_type": "OBSERVED",
        "location_accuracy": "OBFUSCATED"
      }
    },
    {
      "type": "Feature",
      "id": "ripe-probe-1007446",
      "geometry": {
        "type": "Point",
        "coordinates": [
          2.3495,
          48.8605
        ]
      },
      "properties": {
        "id": "ripe-probe-1007446",
        "probe_id": 1007446,
        "node_type": "ripe_atlas_probe",
        "description": "SysLevel Paris HQ",
        "country_code": "FR",
        "asn_v4": null,
        "asn_v6": 57797,
        "prefix_v4": null,
        "prefix_v6": "2a12:8ac1::/32",
        "status_id": 1,
        "status": "Connected",
        "is_public": true,
        "is_anchor": false,
        "tags": [
          "Datacentre",
          "IPv6",
          "IPv6-only",
          "system: IPv6 Capable",
          "system: IPv6 Stable 30d",
          "system: IPv6 Stable 90d",
          "system: IPv6 Works",
          "system: Software",
          "system: software"
        ],
        "first_connected": 1706736940,
        "last_connected": 1791379929,
        "source": "RIPE Atlas",
        "evidence_type": "OBSERVED",
        "location_accuracy": "OBFUSCATED"
      }
    },
    {
      "type": "Feature",
      "id": "ripe-probe-1007485",
      "geometry": {
        "type": "Point",
        "coordinates": [
          2.1915,
          48.8095
        ]
      },
      "properties": {
        "id": "ripe-probe-1007485",
        "probe_id": 1007485,
        "node_type": "ripe_atlas_probe",
        "description": null,
        "country_code": "FR",
        "asn_v4": 12322,
        "asn_v6": 12322,
        "prefix_v4": "82.64.0.0/14",
        "prefix_v6": "2a01:e0a:f98::/45",
        "status_id": 1,
        "status": "Connected",
        "is_public": true,
        "is_anchor": false,
        "tags": [
          "system: IPv4 Capable",
          "system: IPv4 RFC1918",
          "system: IPv4 Stable 30d",
          "system: IPv4 Stable 90d",
          "system: IPv4 Works",
          "system: IPv6 Capable",
          "system: IPv6 Stable 30d",
          "system: IPv6 Stable 90d",
          "system: IPv6 Works",
          "system: Resolves A Correctly",
          "system: Resolves AAAA Correctly",
          "system: Software",
          "system: software"
        ],
        "first_connected": 1707056124,
        "last_connected": 1791379929,
        "source": "RIPE Atlas",
        "evidence_type": "OBSERVED",
        "location_accuracy": "OBFUSCATED"
      }
    },
    {
      "type": "Feature",
      "id": "ripe-probe-1007746",
      "geometry": {
        "type": "Point",
        "coordinates": [
          2.3795,
          48.8605
        ]
      },
      "properties": {
        "id": "ripe-probe-1007746",
        "probe_id": 1007746,
        "node_type": "ripe_atlas_probe",
        "description": "Mediactive Network Paris TH2",
        "country_code": "FR",
        "asn_v4": 197133,
        "asn_v6": 197133,
        "prefix_v4": "217.114.205.0/24",
        "prefix_v6": "2a02:1740::/32",
        "status_id": 1,
        "status": "Connected",
        "is_public": true,
        "is_anchor": false,
        "tags": [
          "Datacentre",
          "Docker",
          "IPv4",
          "IPv6",
          "Native IPv4",
          "Native IPv6",
          "No NAT",
          "dual-stack",
          "system: IPv4 Capable",
          "system: IPv4 Stable 1d",
          "system: IPv4 Stable 30d",
          "system: IPv4 Stable 90d",
          "system: IPv4 Works",
          "system: IPv6 Capable",
          "system: IPv6 Stable 1d",
          "system: IPv6 Stable 30d",
          "system: IPv6 Stable 90d",
          "system: IPv6 Works",
          "system: Resolves A Correctly",
          "system: Resolves AAAA Correctly",
          "system: Software",
          "system: software"
        ],
        "first_connected": 1710237029,
        "last_connected": 1791379929,
        "source": "RIPE Atlas",
        "evidence_type": "OBSERVED",
        "location_accuracy": "OBFUSCATED"
      }
    },
    {
      "type": "Feature",
      "id": "ripe-probe-1007750",
      "geometry": {
        "type": "Point",
        "coordinates": [
          2.3495,
          48.9275
        ]
      },
      "properties": {
        "id": "ripe-probe-1007750",
        "probe_id": 1007750,
        "node_type": "ripe_atlas_probe",
        "description": "",
        "country_code": "FR",
        "asn_v4": 47160,
        "asn_v6": 47160,
        "prefix_v4": "31.14.68.0/22",
        "prefix_v6": "2a06:c484::/30",
        "status_id": 1,
        "status": "Connected",
        "is_public": true,
        "is_anchor": false,
        "tags": [
          "Datacentre",
          "IPv4",
          "IPv6",
          "system: IPv4 Capable",
          "system: IPv4 Stable 30d",
          "system: IPv4 Stable 90d",
          "system: IPv4 Works",
          "system: IPv6 Capable",
          "system: IPv6 Stable 30d",
          "system: IPv6 Stable 90d",
          "system: IPv6 Works",
          "system: Resolves A Correctly",
          "system: Resolves AAAA Correctly",
          "system: Software",
          "system: software"
        ],
        "first_connected": 1710253475,
        "last_connected": 1791379929,
        "source": "RIPE Atlas",
        "evidence_type": "OBSERVED",
        "location_accuracy": "OBFUSCATED"
      }
    },
    {
      "type": "Feature",
      "id": "ripe-probe-1008208",
      "geometry": {
        "type": "Point",
        "coordinates": [
          2.3275,
          48.8715
        ]
      },
      "properties": {
        "id": "ripe-probe-1008208",
        "probe_id": 1008208,
        "node_type": "ripe_atlas_probe",
        "description": "",
        "country_code": "FR",
        "asn_v4": 3215,
        "asn_v6": 3215,
        "prefix_v4": "90.79.0.0/16",
        "prefix_v6": "2a01:cb00::/30",
        "status_id": 1,
        "status": "Connected",
        "is_public": true,
        "is_anchor": false,
        "tags": [
          "Fibre",
          "GPON",
          "Home",
          "IPv4",
          "IPv6",
          "dual-stack",
          "system: IPv4 Capable",
          "system: IPv4 RFC1918",
          "system: IPv4 Works",
          "system: IPv6 Capable",
          "system: IPv6 Works",
          "system: Resolves A Correctly",
          "system: Resolves AAAA Correctly",
          "system: Software",
          "system: software"
        ],
        "first_connected": 1716296908,
        "last_connected": 1791379929,
        "source": "RIPE Atlas",
        "evidence_type": "OBSERVED",
        "location_accuracy": "OBFUSCATED"
      }
    },
    {
      "type": "Feature",
      "id": "ripe-probe-1008239",
      "geometry": {
        "type": "Point",
        "coordinates": [
          2.3385,
          48.8615
        ]
      },
      "properties": {
        "id": "ripe-probe-1008239",
        "probe_id": 1008239,
        "node_type": "ripe_atlas_probe",
        "description": null,
        "country_code": "FR",
        "asn_v4": 12322,
        "asn_v6": null,
        "prefix_v4": "82.64.0.0/14",
        "prefix_v6": null,
        "status_id": 1,
        "status": "Connected",
        "is_public": true,
        "is_anchor": false,
        "tags": [
          "system: Auto GEOIP country",
          "system: IPv4 Capable",
          "system: IPv4 RFC1918",
          "system: IPv4 Stable 30d",
          "system: IPv4 Stable 90d",
          "system: IPv4 Works",
          "system: Resolves A Correctly",
          "system: Resolves AAAA Correctly",
          "system: Software",
          "system: software"
        ],
        "first_connected": 1716500054,
        "last_connected": 1791379929,
        "source": "RIPE Atlas",
        "evidence_type": "OBSERVED",
        "location_accuracy": "OBFUSCATED"
      }
    },
    {
      "type": "Feature",
      "id": "ripe-probe-1008448",
      "geometry": {
        "type": "Point",
        "coordinates": [
          2.2195,
          48.9315
        ]
      },
      "properties": {
        "id": "ripe-probe-1008448",
        "probe_id": 1008448,
        "node_type": "ripe_atlas_probe",
        "description": null,
        "country_code": "FR",
        "asn_v4": 12322,
        "asn_v6": 12322,
        "prefix_v4": "212.27.32.0/19",
        "prefix_v6": "2a01:e00::/26",
        "status_id": 1,
        "status": "Connected",
        "is_public": true,
        "is_anchor": false,
        "tags": [
          "system: IPv4 Capable",
          "system: IPv4 Stable 30d",
          "system: IPv4 Stable 90d",
          "system: IPv4 Works",
          "system: IPv6 Capable",
          "system: IPv6 Stable 30d",
          "system: IPv6 Stable 90d",
          "system: IPv6 Works",
          "system: Resolves A Correctly",
          "system: Resolves AAAA Correctly",
          "system: Software",
          "system: software"
        ],
        "first_connected": 1719299491,
        "last_connected": 1791379929,
        "source": "RIPE Atlas",
        "evidence_type": "OBSERVED",
        "location_accuracy": "OBFUSCATED"
      }
    },
    {
      "type": "Feature",
      "id": "ripe-probe-1008455",
      "geometry": {
        "type": "Point",
        "coordinates": [
          2.3495,
          48.9295
        ]
      },
      "properties": {
        "id": "ripe-probe-1008455",
        "probe_id": 1008455,
        "node_type": "ripe_atlas_probe",
        "description": null,
        "country_code": "FR",
        "asn_v4": 35353,
        "asn_v6": null,
        "prefix_v4": "185.93.128.0/22",
        "prefix_v6": null,
        "status_id": 1,
        "status": "Connected",
        "is_public": true,
        "is_anchor": false,
        "tags": [
          "system: IPv4 Capable",
          "system: IPv4 Stable 30d",
          "system: IPv4 Stable 90d",
          "system: IPv4 Works",
          "system: Resolves A Correctly",
          "system: Resolves AAAA Correctly",
          "system: Software",
          "system: software"
        ],
        "first_connected": 1719323426,
        "last_connected": 1791379929,
        "source": "RIPE Atlas",
        "evidence_type": "OBSERVED",
        "location_accuracy": "OBFUSCATED"
      }
    },
    {
      "type": "Feature",
      "id": "ripe-probe-1008479",
      "geometry": {
        "type": "Point",
        "coordinates": [
          2.3205,
          48.8715
        ]
      },
      "properties": {
        "id": "ripe-probe-1008479",
        "probe_id": 1008479,
        "node_type": "ripe_atlas_probe",
        "description": null,
        "country_code": "FR",
        "asn_v4": 12322,
        "asn_v6": 12322,
        "prefix_v4": "82.64.0.0/14",
        "prefix_v6": "2a01:e0a:e48::/45",
        "status_id": 1,
        "status": "Connected",
        "is_public": true,
        "is_anchor": false,
        "tags": [
          "system: IPv4 Capable",
          "system: IPv4 RFC1918",
          "system: IPv4 Stable 1d",
          "system: IPv4 Stable 30d",
          "system: IPv4 Stable 90d",
          "system: IPv4 Works",
          "system: IPv6 Capable",
          "system: IPv6 Stable 1d",
          "system: IPv6 Stable 30d",
          "system: IPv6 Stable 90d",
          "system: IPv6 Works",
          "system: Resolves A Correctly",
          "system: Resolves AAAA Correctly",
          "system: Software",
          "system: software"
        ],
        "first_connected": 1719556847,
        "last_connected": 1791379929,
        "source": "RIPE Atlas",
        "evidence_type": "OBSERVED",
        "location_accuracy": "OBFUSCATED"
      }
    },
    {
      "type": "Feature",
      "id": "ripe-probe-1008487",
      "geometry": {
        "type": "Point",
        "coordinates": [
          2.3715,
          48.9105
        ]
      },
      "properties": {
        "id": "ripe-probe-1008487",
        "probe_id": 1008487,
        "node_type": "ripe_atlas_probe",
        "description": null,
        "country_code": "FR",
        "asn_v4": 35353,
        "asn_v6": null,
        "prefix_v4": "185.93.128.0/22",
        "prefix_v6": null,
        "status_id": 1,
        "status": "Connected",
        "is_public": true,
        "is_anchor": false,
        "tags": [
          "system: IPv4 Capable",
          "system: IPv4 RFC1918",
          "system: IPv4 Stable 30d",
          "system: IPv4 Stable 90d",
          "system: IPv4 Works",
          "system: Resolves A Correctly",
          "system: Resolves AAAA Correctly",
          "system: Software",
          "system: software"
        ],
        "first_connected": 1719741033,
        "last_connected": 1791379929,
        "source": "RIPE Atlas",
        "evidence_type": "OBSERVED",
        "location_accuracy": "OBFUSCATED"
      }
    },
    {
      "type": "Feature",
      "id": "ripe-probe-1008524",
      "geometry": {
        "type": "Point",
        "coordinates": [
          2.2585,
          48.7995
        ]
      },
      "properties": {
        "id": "ripe-probe-1008524",
        "probe_id": 1008524,
        "node_type": "ripe_atlas_probe",
        "description": "",
        "country_code": "FR",
        "asn_v4": 3215,
        "asn_v6": 3215,
        "prefix_v4": "83.202.0.0/16",
        "prefix_v6": "2a01:cb04::/30",
        "status_id": 1,
        "status": "Connected",
        "is_public": true,
        "is_anchor": false,
        "tags": [
          "Fibre",
          "IPv4",
          "Orange",
          "system: IPv4 Capable",
          "system: IPv4 RFC1918",
          "system: IPv4 Stable 1d",
          "system: IPv4 Stable 30d",
          "system: IPv4 Stable 90d",
          "system: IPv4 Works",
          "system: IPv6 Capable",
          "system: IPv6 Stable 1d",
          "system: IPv6 Stable 30d",
          "system: IPv6 Stable 90d",
          "system: IPv6 Works",
          "system: Resolves A Correctly",
          "system: Resolves AAAA Correctly",
          "system: Software",
          "system: software"
        ],
        "first_connected": 1720335164,
        "last_connected": 1791379929,
        "source": "RIPE Atlas",
        "evidence_type": "OBSERVED",
        "location_accuracy": "OBFUSCATED"
      }
    },
    {
      "type": "Feature",
      "id": "ripe-probe-1008996",
      "geometry": {
        "type": "Point",
        "coordinates": [
          2.3415,
          48.8605
        ]
      },
      "properties": {
        "id": "ripe-probe-1008996",
        "probe_id": 1008996,
        "node_type": "ripe_atlas_probe",
        "description": null,
        "country_code": "FR",
        "asn_v4": 21000,
        "asn_v6": null,
        "prefix_v4": "80.78.1.0/24",
        "prefix_v6": null,
        "status_id": 1,
        "status": "Connected",
        "is_public": true,
        "is_anchor": false,
        "tags": [
          "system: Auto GEOIP country",
          "system: Doesn't Resolve AAAA",
          "system: IPv4 Capable",
          "system: IPv4 RFC1918",
          "system: IPv4 Stable 1d",
          "system: IPv4 Stable 30d",
          "system: IPv4 Stable 90d",
          "system: IPv4 Works",
          "system: Resolves A Correctly",
          "system: Software",
          "system: software"
        ],
        "first_connected": 1727272961,
        "last_connected": 1791379929,
        "source": "RIPE Atlas",
        "evidence_type": "OBSERVED",
        "location_accuracy": "OBFUSCATED"
      }
    },
    {
      "type": "Feature",
      "id": "ripe-probe-1009009",
      "geometry": {
        "type": "Point",
        "coordinates": [
          2.3475,
          48.8615
        ]
      },
      "properties": {
        "id": "ripe-probe-1009009",
        "probe_id": 1009009,
        "node_type": "ripe_atlas_probe",
        "description": "atlas0df1a",
        "country_code": "FR",
        "asn_v4": 12876,
        "asn_v6": 12876,
        "prefix_v4": "51.158.0.0/15",
        "prefix_v6": "2001:bc8::/32",
        "status_id": 1,
        "status": "Connected",
        "is_public": true,
        "is_anchor": false,
        "tags": [
          "Fibre",
          "Free",
          "Home",
          "IPv4",
          "IPv6",
          "IPv6 Tunnel",
          "NAT",
          "system: Auto GEOIP city",
          "system: IPv4 Capable",
          "system: IPv4 Stable 1d",
          "system: IPv4 Stable 30d",
          "system: IPv4 Stable 90d",
          "system: IPv4 Works",
          "system: IPv6 Capable",
          "system: IPv6 Stable 1d",
          "system: IPv6 Stable 30d",
          "system: IPv6 Stable 90d",
          "system: IPv6 Works",
          "system: Resolves A Correctly",
          "system: Resolves AAAA Correctly",
          "system: Software",
          "system: software"
        ],
        "first_connected": 1727458821,
        "last_connected": 1791379929,
        "source": "RIPE Atlas",
        "evidence_type": "OBSERVED",
        "location_accuracy": "OBFUSCATED"
      }
    },
    {
      "type": "Feature",
      "id": "ripe-probe-1009048",
      "geometry": {
        "type": "Point",
        "coordinates": [
          2.3495,
          48.8615
        ]
      },
      "properties": {
        "id": "ripe-probe-1009048",
        "probe_id": 1009048,
        "node_type": "ripe_atlas_probe",
        "description": "ISHosting France",
        "country_code": "FR",
        "asn_v4": 9009,
        "asn_v6": null,
        "prefix_v4": "185.87.150.0/23",
        "prefix_v6": null,
        "status_id": 1,
        "status": "Connected",
        "is_public": true,
        "is_anchor": false,
        "tags": [
          "Datacentre",
          "Docker",
          "system: Auto GEOIP city",
          "system: IPv4 Capable",
          "system: IPv4 RFC1918",
          "system: IPv4 Stable 1d",
          "system: IPv4 Stable 30d",
          "system: IPv4 Stable 90d",
          "system: IPv4 Works",
          "system: Resolves A Correctly",
          "system: Resolves AAAA Correctly",
          "system: Software",
          "system: software"
        ],
        "first_connected": 1727979777,
        "last_connected": 1791379929,
        "source": "RIPE Atlas",
        "evidence_type": "OBSERVED",
        "location_accuracy": "OBFUSCATED"
      }
    },
    {
      "type": "Feature",
      "id": "ripe-probe-1009051",
      "geometry": {
        "type": "Point",
        "coordinates": [
          2.3395,
          48.8575
        ]
      },
      "properties": {
        "id": "ripe-probe-1009051",
        "probe_id": 1009051,
        "node_type": "ripe_atlas_probe",
        "description": null,
        "country_code": "FR",
        "asn_v4": 16276,
        "asn_v6": null,
        "prefix_v4": "37.187.0.0/16",
        "prefix_v6": null,
        "status_id": 1,
        "status": "Connected",
        "is_public": true,
        "is_anchor": false,
        "tags": [
          "system: Auto GEOIP country",
          "system: IPv4 Capable",
          "system: IPv4 RFC1918",
          "system: IPv4 Stable 30d",
          "system: IPv4 Stable 90d",
          "system: IPv4 Works",
          "system: IPv6 Capable",
          "system: IPv6 ULA",
          "system: IPv6 Works",
          "system: Resolves A Correctly",
          "system: Resolves AAAA Correctly",
          "system: Software",
          "system: software"
        ],
        "first_connected": 1728034418,
        "last_connected": 1791379929,
        "source": "RIPE Atlas",
        "evidence_type": "OBSERVED",
        "location_accuracy": "OBFUSCATED"
      }
    },
    {
      "type": "Feature",
      "id": "ripe-probe-1009429",
      "geometry": {
        "type": "Point",
        "coordinates": [
          2.3385,
          48.8615
        ]
      },
      "properties": {
        "id": "ripe-probe-1009429",
        "probe_id": 1009429,
        "node_type": "ripe_atlas_probe",
        "description": "OVH",
        "country_code": "FR",
        "asn_v4": 16276,
        "asn_v6": null,
        "prefix_v4": "5.39.0.0/17",
        "prefix_v6": null,
        "status_id": 1,
        "status": "Connected",
        "is_public": true,
        "is_anchor": false,
        "tags": [
          "system: Auto GEOIP country",
          "system: IPv4 Capable",
          "system: IPv4 RFC1918",
          "system: IPv4 Stable 30d",
          "system: IPv4 Stable 90d",
          "system: IPv4 Works",
          "system: Resolves A Correctly",
          "system: Resolves AAAA Correctly",
          "system: Software",
          "system: software"
        ],
        "first_connected": 1731147972,
        "last_connected": 1791379929,
        "source": "RIPE Atlas",
        "evidence_type": "OBSERVED",
        "location_accuracy": "OBFUSCATED"
      }
    },
    {
      "type": "Feature",
      "id": "ripe-probe-1009442",
      "geometry": {
        "type": "Point",
        "coordinates": [
          2.3495,
          48.8585
        ]
      },
      "properties": {
        "id": "ripe-probe-1009442",
        "probe_id": 1009442,
        "node_type": "ripe_atlas_probe",
        "description": null,
        "country_code": "FR",
        "asn_v4": 12876,
        "asn_v6": null,
        "prefix_v4": "163.172.0.0/16",
        "prefix_v6": null,
        "status_id": 1,
        "status": "Connected",
        "is_public": true,
        "is_anchor": false,
        "tags": [
          "system: Auto GEOIP city",
          "system: IPv4 Capable",
          "system: IPv4 RFC1918",
          "system: IPv4 Stable 30d",
          "system: IPv4 Stable 90d",
          "system: IPv4 Works",
          "system: Resolves A Correctly",
          "system: Resolves AAAA Correctly",
          "system: Software",
          "system: software"
        ],
        "first_connected": 1749544848,
        "last_connected": 1791379929,
        "source": "RIPE Atlas",
        "evidence_type": "OBSERVED",
        "location_accuracy": "OBFUSCATED"
      }
    },
    {
      "type": "Feature",
      "id": "ripe-probe-1009487",
      "geometry": {
        "type": "Point",
        "coordinates": [
          2.3415,
          48.8605
        ]
      },
      "properties": {
        "id": "ripe-probe-1009487",
        "probe_id": 1009487,
        "node_type": "ripe_atlas_probe",
        "description": null,
        "country_code": "FR",
        "asn_v4": 12322,
        "asn_v6": null,
        "prefix_v4": "82.64.0.0/14",
        "prefix_v6": null,
        "status_id": 1,
        "status": "Connected",
        "is_public": true,
        "is_anchor": false,
        "tags": [
          "system: Auto GEOIP country",
          "system: IPv4 Capable",
          "system: IPv4 RFC1918",
          "system: IPv4 Stable 30d",
          "system: IPv4 Stable 90d",
          "system: IPv4 Works",
          "system: Resolves A Correctly",
          "system: Resolves AAAA Correctly",
          "system: Software",
          "system: software"
        ],
        "first_connected": 1731872532,
        "last_connected": 1791379929,
        "source": "RIPE Atlas",
        "evidence_type": "OBSERVED",
        "location_accuracy": "OBFUSCATED"
      }
    },
    {
      "type": "Feature",
      "id": "ripe-probe-1009727",
      "geometry": {
        "type": "Point",
        "coordinates": [
          2.2085,
          48.7805
        ]
      },
      "properties": {
        "id": "ripe-probe-1009727",
        "probe_id": 1009727,
        "node_type": "ripe_atlas_probe",
        "description": "Proble Atlas AS216117",
        "country_code": "FR",
        "asn_v4": 52073,
        "asn_v6": 52073,
        "prefix_v4": "2.58.199.0/24",
        "prefix_v6": "2a10:4646:122::/48",
        "status_id": 1,
        "status": "Connected",
        "is_public": true,
        "is_anchor": false,
        "tags": [
          "Datacentre",
          "Fibre",
          "IPv4",
          "IPv6",
          "VPS",
          "system: IPv4 Capable",
          "system: IPv4 Stable 1d",
          "system: IPv4 Stable 30d",
          "system: IPv4 Stable 90d",
          "system: IPv4 Works",
          "system: IPv6 Capable",
          "system: IPv6 Stable 1d",
          "system: IPv6 Stable 30d",
          "system: IPv6 Stable 90d",
          "system: IPv6 Works",
          "system: Resolves A Correctly",
          "system: Resolves AAAA Correctly",
          "system: Software",
          "system: software"
        ],
        "first_connected": 1733958248,
        "last_connected": 1791379929,
        "source": "RIPE Atlas",
        "evidence_type": "OBSERVED",
        "location_accuracy": "OBFUSCATED"
      }
    },
    {
      "type": "Feature",
      "id": "ripe-probe-1009780",
      "geometry": {
        "type": "Point",
        "coordinates": [
          2.3415,
          48.8575
        ]
      },
      "properties": {
        "id": "ripe-probe-1009780",
        "probe_id": 1009780,
        "node_type": "ripe_atlas_probe",
        "description": "hbdx.okazoo.eu",
        "country_code": "FR",
        "asn_v4": 12322,
        "asn_v6": 12322,
        "prefix_v4": "82.64.0.0/14",
        "prefix_v6": "2a01:e0a:b50::/45",
        "status_id": 1,
        "status": "Connected",
        "is_public": true,
        "is_anchor": false,
        "tags": [
          "IPv4",
          "IPv6",
          "NAT",
          "Native IPv6",
          "system: Auto GEOIP country",
          "system: IPv4 Capable",
          "system: IPv4 RFC1918",
          "system: IPv4 Stable 30d",
          "system: IPv4 Stable 90d",
          "system: IPv4 Works",
          "system: IPv6 Capable",
          "system: IPv6 Stable 30d",
          "system: IPv6 Stable 90d",
          "system: IPv6 Works",
          "system: Resolves A Correctly",
          "system: Resolves AAAA Correctly",
          "system: Software",
          "system: software"
        ],
        "first_connected": 1734712762,
        "last_connected": 1791379929,
        "source": "RIPE Atlas",
        "evidence_type": "OBSERVED",
        "location_accuracy": "OBFUSCATED"
      }
    },
    {
      "type": "Feature",
      "id": "ripe-probe-1009951",
      "geometry": {
        "type": "Point",
        "coordinates": [
          2.3495,
          48.8575
        ]
      },
      "properties": {
        "id": "ripe-probe-1009951",
        "probe_id": 1009951,
        "node_type": "ripe_atlas_probe",
        "description": "",
        "country_code": "FR",
        "asn_v4": 31898,
        "asn_v6": 31898,
        "prefix_v4": "141.145.192.0/19",
        "prefix_v6": "2603:c027:c000::/35",
        "status_id": 1,
        "status": "Connected",
        "is_public": false,
        "is_anchor": false,
        "tags": [
          "Datacentre",
          "Fibre",
          "IPv4",
          "No IPv6",
          "system: Auto GEOIP city",
          "system: IPv4 Capable",
          "system: IPv4 RFC1918",
          "system: IPv4 Stable 1d",
          "system: IPv4 Stable 30d",
          "system: IPv4 Stable 90d",
          "system: IPv4 Works",
          "system: IPv6 Capable",
          "system: IPv6 Stable 1d",
          "system: IPv6 Stable 30d",
          "system: IPv6 Works",
          "system: Resolves A Correctly",
          "system: Resolves AAAA Correctly",
          "system: Software",
          "system: software"
        ],
        "first_connected": 1736712062,
        "last_connected": 1791379929,
        "source": "RIPE Atlas",
        "evidence_type": "OBSERVED",
        "location_accuracy": "OBFUSCATED"
      }
    },
    {
      "type": "Feature",
      "id": "ripe-probe-1010253",
      "geometry": {
        "type": "Point",
        "coordinates": [
          2.3495,
          48.8585
        ]
      },
      "properties": {
        "id": "ripe-probe-1010253",
        "probe_id": 1010253,
        "node_type": "ripe_atlas_probe",
        "description": "blackyoup paris",
        "country_code": "FR",
        "asn_v4": 213394,
        "asn_v6": null,
        "prefix_v4": "91.208.207.0/24",
        "prefix_v6": null,
        "status_id": 1,
        "status": "Connected",
        "is_public": true,
        "is_anchor": false,
        "tags": [
          "Datacentre",
          "Fibre",
          "IPv4",
          "NAT",
          "No IPv6",
          "system: IPv4 Capable",
          "system: IPv4 RFC1918",
          "system: IPv4 Stable 30d",
          "system: IPv4 Stable 90d",
          "system: IPv4 Works",
          "system: Resolves A Correctly",
          "system: Resolves AAAA Correctly",
          "system: Software",
          "system: software"
        ],
        "first_connected": 1739923491,
        "last_connected": 1791379929,
        "source": "RIPE Atlas",
        "evidence_type": "OBSERVED",
        "location_accuracy": "OBFUSCATED"
      }
    },
    {
      "type": "Feature",
      "id": "ripe-probe-1010290",
      "geometry": {
        "type": "Point",
        "coordinates": [
          2.3515,
          48.9275
        ]
      },
      "properties": {
        "id": "ripe-probe-1010290",
        "probe_id": 1010290,
        "node_type": "ripe_atlas_probe",
        "description": null,
        "country_code": "FR",
        "asn_v4": 50858,
        "asn_v6": 50858,
        "prefix_v4": "178.22.128.0/21",
        "prefix_v6": "2a00:1e70::/32",
        "status_id": 1,
        "status": "Connected",
        "is_public": true,
        "is_anchor": false,
        "tags": [
          "system: IPv4 Capable",
          "system: IPv4 Stable 1d",
          "system: IPv4 Stable 30d",
          "system: IPv4 Stable 90d",
          "system: IPv4 Works",
          "system: IPv6 Capable",
          "system: IPv6 Stable 1d",
          "system: IPv6 Stable 30d",
          "system: IPv6 Stable 90d",
          "system: IPv6 Works",
          "system: Resolves A Correctly",
          "system: Resolves AAAA Correctly",
          "system: Software",
          "system: software"
        ],
        "first_connected": 1740494890,
        "last_connected": 1791379929,
        "source": "RIPE Atlas",
        "evidence_type": "OBSERVED",
        "location_accuracy": "OBFUSCATED"
      }
    },
    {
      "type": "Feature",
      "id": "ripe-probe-1010310",
      "geometry": {
        "type": "Point",
        "coordinates": [
          2.3375,
          48.8575
        ]
      },
      "properties": {
        "id": "ripe-probe-1010310",
        "probe_id": 1010310,
        "node_type": "ripe_atlas_probe",
        "description": "Oullins",
        "country_code": "FR",
        "asn_v4": 12322,
        "asn_v6": null,
        "prefix_v4": "82.64.0.0/14",
        "prefix_v6": null,
        "status_id": 1,
        "status": "Connected",
        "is_public": true,
        "is_anchor": false,
        "tags": [
          "Fibre",
          "Free",
          "system: Auto GEOIP country",
          "system: IPv4 Capable",
          "system: IPv4 RFC1918",
          "system: IPv4 Stable 30d",
          "system: IPv4 Stable 90d",
          "system: IPv4 Works",
          "system: Resolves A Correctly",
          "system: Resolves AAAA Correctly",
          "system: Software",
          "system: software"
        ],
        "first_connected": 1740664219,
        "last_connected": 1791379929,
        "source": "RIPE Atlas",
        "evidence_type": "OBSERVED",
        "location_accuracy": "OBFUSCATED"
      }
    },
    {
      "type": "Feature",
      "id": "ripe-probe-1010516",
      "geometry": {
        "type": "Point",
        "coordinates": [
          2.3375,
          48.8605
        ]
      },
      "properties": {
        "id": "ripe-probe-1010516",
        "probe_id": 1010516,
        "node_type": "ripe_atlas_probe",
        "description": "VM PROBE-2 OVH",
        "country_code": "FR",
        "asn_v4": 16276,
        "asn_v6": null,
        "prefix_v4": "37.59.0.0/16",
        "prefix_v6": null,
        "status_id": 1,
        "status": "Connected",
        "is_public": true,
        "is_anchor": false,
        "tags": [
          "OVH",
          "system: Auto GEOIP country",
          "system: Geoloc Disputed",
          "system: IPv4 Capable",
          "system: IPv4 Stable 30d",
          "system: IPv4 Stable 90d",
          "system: IPv4 Works",
          "system: Resolves A Correctly",
          "system: Resolves AAAA Correctly",
          "system: Software",
          "system: software"
        ],
        "first_connected": 1742518934,
        "last_connected": 1791379929,
        "source": "RIPE Atlas",
        "evidence_type": "OBSERVED",
        "location_accuracy": "OBFUSCATED"
      }
    },
    {
      "type": "Feature",
      "id": "ripe-probe-1010517",
      "geometry": {
        "type": "Point",
        "coordinates": [
          2.3375,
          48.8605
        ]
      },
      "properties": {
        "id": "ripe-probe-1010517",
        "probe_id": 1010517,
        "node_type": "ripe_atlas_probe",
        "description": "VM PROBE-3 OVH",
        "country_code": "FR",
        "asn_v4": 16276,
        "asn_v6": null,
        "prefix_v4": "217.182.0.0/16",
        "prefix_v6": null,
        "status_id": 1,
        "status": "Connected",
        "is_public": true,
        "is_anchor": false,
        "tags": [
          "OVH",
          "system: Auto GEOIP country",
          "system: Geoloc Disputed",
          "system: IPv4 Capable",
          "system: IPv4 Stable 1d",
          "system: IPv4 Stable 30d",
          "system: IPv4 Stable 90d",
          "system: IPv4 Works",
          "system: Resolves A Correctly",
          "system: Resolves AAAA Correctly",
          "system: Software",
          "system: software"
        ],
        "first_connected": 1742521446,
        "last_connected": 1791379929,
        "source": "RIPE Atlas",
        "evidence_type": "OBSERVED",
        "location_accuracy": "OBFUSCATED"
      }
    },
    {
      "type": "Feature",
      "id": "ripe-probe-1010656",
      "geometry": {
        "type": "Point",
        "coordinates": [
          2.3495,
          48.8605
        ]
      },
      "properties": {
        "id": "ripe-probe-1010656",
        "probe_id": 1010656,
        "node_type": "ripe_atlas_probe",
        "description": null,
        "country_code": "FR",
        "asn_v4": 63949,
        "asn_v6": 63949,
        "prefix_v4": "172.234.56.0/21",
        "prefix_v6": "2600:3c07::/32",
        "status_id": 1,
        "status": "Connected",
        "is_public": true,
        "is_anchor": false,
        "tags": [
          "system: Auto GEOIP city",
          "system: IPv4 Capable",
          "system: IPv4 Stable 1d",
          "system: IPv4 Stable 30d",
          "system: IPv4 Stable 90d",
          "system: IPv4 Works",
          "system: IPv6 Capable",
          "system: IPv6 Stable 1d",
          "system: IPv6 Stable 30d",
          "system: IPv6 Stable 90d",
          "system: IPv6 Works",
          "system: Resolves A Correctly",
          "system: Resolves AAAA Correctly",
          "system: Software",
          "system: software"
        ],
        "first_connected": 1743711138,
        "last_connected": 1791379929,
        "source": "RIPE Atlas",
        "evidence_type": "OBSERVED",
        "location_accuracy": "OBFUSCATED"
      }
    },
    {
      "type": "Feature",
      "id": "ripe-probe-1010799",
      "geometry": {
        "type": "Point",
        "coordinates": [
          2.1915,
          48.7815
        ]
      },
      "properties": {
        "id": "ripe-probe-1010799",
        "probe_id": 1010799,
        "node_type": "ripe_atlas_probe",
        "description": "layer7-par1",
        "country_code": "FR",
        "asn_v4": 199912,
        "asn_v6": 199912,
        "prefix_v4": "91.239.208.0/24",
        "prefix_v6": "2a12:5e40::/32",
        "status_id": 1,
        "status": "Connected",
        "is_public": true,
        "is_anchor": false,
        "tags": [
          "system: IPv4 Capable",
          "system: IPv4 Stable 1d",
          "system: IPv4 Stable 30d",
          "system: IPv4 Stable 90d",
          "system: IPv4 Works",
          "system: IPv6 Capable",
          "system: IPv6 Stable 1d",
          "system: IPv6 Stable 30d",
          "system: IPv6 Stable 90d",
          "system: IPv6 Works",
          "system: Resolves A Correctly",
          "system: Resolves AAAA Correctly",
          "system: Software",
          "system: software"
        ],
        "first_connected": 1744578668,
        "last_connected": 1791379929,
        "source": "RIPE Atlas",
        "evidence_type": "OBSERVED",
        "location_accuracy": "OBFUSCATED"
      }
    },
    {
      "type": "Feature",
      "id": "ripe-probe-1010819",
      "geometry": {
        "type": "Point",
        "coordinates": [
          2.3375,
          48.8615
        ]
      },
      "properties": {
        "id": "ripe-probe-1010819",
        "probe_id": 1010819,
        "node_type": "ripe_atlas_probe",
        "description": null,
        "country_code": "FR",
        "asn_v4": 8560,
        "asn_v6": null,
        "prefix_v4": "217.154.16.0/21",
        "prefix_v6": null,
        "status_id": 1,
        "status": "Connected",
        "is_public": true,
        "is_anchor": false,
        "tags": [
          "system: Auto GEOIP country",
          "system: IPv4 Capable",
          "system: IPv4 RFC1918",
          "system: IPv4 Works",
          "system: IPv6 Capable",
          "system: IPv6 Doesn't Work",
          "system: IPv6 ULA",
          "system: Resolves A Correctly",
          "system: Resolves AAAA Correctly",
          "system: Software",
          "system: geoloc resolved",
          "system: software"
        ],
        "first_connected": 1744717876,
        "last_connected": 1791379929,
        "source": "RIPE Atlas",
        "evidence_type": "OBSERVED",
        "location_accuracy": "OBFUSCATED"
      }
    },
    {
      "type": "Feature",
      "id": "ripe-probe-1010862",
      "geometry": {
        "type": "Point",
        "coordinates": [
          2.3405,
          48.8585
        ]
      },
      "properties": {
        "id": "ripe-probe-1010862",
        "probe_id": 1010862,
        "node_type": "ripe_atlas_probe",
        "description": null,
        "country_code": "FR",
        "asn_v4": 16276,
        "asn_v6": 16276,
        "prefix_v4": "5.196.0.0/16",
        "prefix_v6": "2001:41d0::/32",
        "status_id": 1,
        "status": "Connected",
        "is_public": true,
        "is_anchor": false,
        "tags": [
          "system: Auto GEOIP country",
          "system: IPv4 Capable",
          "system: IPv4 Stable 30d",
          "system: IPv4 Stable 90d",
          "system: IPv4 Works",
          "system: IPv6 Capable",
          "system: IPv6 Stable 30d",
          "system: IPv6 Stable 90d",
          "system: IPv6 Works",
          "system: Resolves A Correctly",
          "system: Resolves AAAA Correctly",
          "system: Software",
          "system: software"
        ],
        "first_connected": 1745098541,
        "last_connected": 1791379929,
        "source": "RIPE Atlas",
        "evidence_type": "OBSERVED",
        "location_accuracy": "OBFUSCATED"
      }
    },
    {
      "type": "Feature",
      "id": "ripe-probe-1010869",
      "geometry": {
        "type": "Point",
        "coordinates": [
          2.3905,
          48.9215
        ]
      },
      "properties": {
        "id": "ripe-probe-1010869",
        "probe_id": 1010869,
        "node_type": "ripe_atlas_probe",
        "description": null,
        "country_code": "FR",
        "asn_v4": 20473,
        "asn_v6": 20473,
        "prefix_v4": "104.238.188.0/22",
        "prefix_v6": "2001:19f0:6800::/38",
        "status_id": 1,
        "status": "Connected",
        "is_public": true,
        "is_anchor": false,
        "tags": [
          "system: Auto GEOIP city",
          "system: IPv4 Capable",
          "system: IPv4 Stable 1d",
          "system: IPv4 Stable 30d",
          "system: IPv4 Stable 90d",
          "system: IPv4 Works",
          "system: IPv6 Capable",
          "system: IPv6 Stable 1d",
          "system: IPv6 Stable 30d",
          "system: IPv6 Stable 90d",
          "system: IPv6 Works",
          "system: Resolves A Correctly",
          "system: Resolves AAAA Correctly",
          "system: Software",
          "system: software"
        ],
        "first_connected": 1745007162,
        "last_connected": 1791379929,
        "source": "RIPE Atlas",
        "evidence_type": "OBSERVED",
        "location_accuracy": "OBFUSCATED"
      }
    },
    {
      "type": "Feature",
      "id": "ripe-probe-1011038",
      "geometry": {
        "type": "Point",
        "coordinates": [
          2.3485,
          48.8615
        ]
      },
      "properties": {
        "id": "ripe-probe-1011038",
        "probe_id": 1011038,
        "node_type": "ripe_atlas_probe",
        "description": null,
        "country_code": "FR",
        "asn_v4": 39421,
        "asn_v6": 39421,
        "prefix_v4": "45.90.160.0/24",
        "prefix_v6": "2a0c:8880::/29",
        "status_id": 1,
        "status": "Connected",
        "is_public": true,
        "is_anchor": false,
        "tags": [
          "Datacentre",
          "system: Auto GEOIP city",
          "system: IPv4 Capable",
          "system: IPv4 Stable 1d",
          "system: IPv4 Stable 30d",
          "system: IPv4 Stable 90d",
          "system: IPv4 Works",
          "system: IPv6 Capable",
          "system: IPv6 Stable 1d",
          "system: IPv6 Stable 30d",
          "system: IPv6 Stable 90d",
          "system: IPv6 Works",
          "system: Resolves A Correctly",
          "system: Resolves AAAA Correctly",
          "system: Software",
          "system: software"
        ],
        "first_connected": 1745846482,
        "last_connected": 1791379929,
        "source": "RIPE Atlas",
        "evidence_type": "OBSERVED",
        "location_accuracy": "OBFUSCATED"
      }
    },
    {
      "type": "Feature",
      "id": "ripe-probe-1011084",
      "geometry": {
        "type": "Point",
        "coordinates": [
          2.3715,
          48.9295
        ]
      },
      "properties": {
        "id": "ripe-probe-1011084",
        "probe_id": 1011084,
        "node_type": "ripe_atlas_probe",
        "description": "Paris, France 🇫🇷",
        "country_code": "FR",
        "asn_v4": 397032,
        "asn_v6": 397032,
        "prefix_v4": "45.43.163.0/24",
        "prefix_v6": "2602:fa87:6::/48",
        "status_id": 1,
        "status": "Connected",
        "is_public": true,
        "is_anchor": false,
        "tags": [
          "system: Auto GEOIP city",
          "system: IPv4 Capable",
          "system: IPv4 Stable 30d",
          "system: IPv4 Stable 90d",
          "system: IPv4 Works",
          "system: IPv6 Capable",
          "system: IPv6 Stable 30d",
          "system: IPv6 Stable 90d",
          "system: IPv6 Works",
          "system: Resolves A Correctly",
          "system: Resolves AAAA Correctly",
          "system: Software",
          "system: software",
          "zgato"
        ],
        "first_connected": 1746208357,
        "last_connected": 1791379929,
        "source": "RIPE Atlas",
        "evidence_type": "OBSERVED",
        "location_accuracy": "OBFUSCATED"
      }
    },
    {
      "type": "Feature",
      "id": "ripe-probe-1011096",
      "geometry": {
        "type": "Point",
        "coordinates": [
          2.3515,
          48.8505
        ]
      },
      "properties": {
        "id": "ripe-probe-1011096",
        "probe_id": 1011096,
        "node_type": "ripe_atlas_probe",
        "description": "VPS-PAR4 Paris 4 (#1011096)",
        "country_code": "FR",
        "asn_v4": 46475,
        "asn_v6": 12876,
        "prefix_v4": "31.58.102.0/24",
        "prefix_v6": "2001:bc8::/32",
        "status_id": 1,
        "status": "Connected",
        "is_public": true,
        "is_anchor": false,
        "tags": [
          "Datacentre",
          "Docker",
          "IPv4",
          "IPv6",
          "NAT",
          "Native IPv6",
          "VPS",
          "dual-stack",
          "system: IPv4 Capable",
          "system: IPv4 RFC1918",
          "system: IPv4 Works",
          "system: IPv6 Capable",
          "system: IPv6 Works",
          "system: Resolves A Correctly",
          "system: Resolves AAAA Correctly",
          "system: Software",
          "system: software"
        ],
        "first_connected": 1746295911,
        "last_connected": 1791379929,
        "source": "RIPE Atlas",
        "evidence_type": "OBSERVED",
        "location_accuracy": "OBFUSCATED"
      }
    },
    {
      "type": "Feature",
      "id": "ripe-probe-1011238",
      "geometry": {
        "type": "Point",
        "coordinates": [
          2.3485,
          48.8615
        ]
      },
      "properties": {
        "id": "ripe-probe-1011238",
        "probe_id": 1011238,
        "node_type": "ripe_atlas_probe",
        "description": null,
        "country_code": "FR",
        "asn_v4": 3215,
        "asn_v6": null,
        "prefix_v4": "81.255.0.0/16",
        "prefix_v6": null,
        "status_id": 1,
        "status": "Connected",
        "is_public": true,
        "is_anchor": false,
        "tags": [
          "No IPv6",
          "system: Auto GEOIP city",
          "system: IPv4 Capable",
          "system: IPv4 RFC1918",
          "system: IPv4 Stable 30d",
          "system: IPv4 Stable 90d",
          "system: IPv4 Works",
          "system: Resolves A Correctly",
          "system: Resolves AAAA Correctly",
          "system: Software",
          "system: software"
        ],
        "first_connected": 1747209632,
        "last_connected": 1791379929,
        "source": "RIPE Atlas",
        "evidence_type": "OBSERVED",
        "location_accuracy": "OBFUSCATED"
      }
    },
    {
      "type": "Feature",
      "id": "ripe-probe-1011288",
      "geometry": {
        "type": "Point",
        "coordinates": [
          2.4415,
          48.8515
        ]
      },
      "properties": {
        "id": "ripe-probe-1011288",
        "probe_id": 1011288,
        "node_type": "ripe_atlas_probe",
        "description": "Freebox Kerguelen",
        "country_code": "FR",
        "asn_v4": 12322,
        "asn_v6": 12322,
        "prefix_v4": "78.192.0.0/11",
        "prefix_v6": "2a01:e34::/32",
        "status_id": 1,
        "status": "Connected",
        "is_public": true,
        "is_anchor": false,
        "tags": [
          "system: Auto GEOIP city",
          "system: IPv4 Capable",
          "system: IPv4 RFC1918",
          "system: IPv4 Stable 30d",
          "system: IPv4 Stable 90d",
          "system: IPv4 Works",
          "system: IPv6 Capable",
          "system: IPv6 Doesn't Work",
          "system: IPv6 Stable 30d",
          "system: IPv6 Stable 90d",
          "system: Resolves A Correctly",
          "system: Resolves AAAA Correctly",
          "system: Software",
          "system: software"
        ],
        "first_connected": 1747770047,
        "last_connected": 1791379929,
        "source": "RIPE Atlas",
        "evidence_type": "OBSERVED",
        "location_accuracy": "OBFUSCATED"
      }
    },
    {
      "type": "Feature",
      "id": "ripe-probe-1011291",
      "geometry": {
        "type": "Point",
        "coordinates": [
          2.4315,
          48.8475
        ]
      },
      "properties": {
        "id": "ripe-probe-1011291",
        "probe_id": 1011291,
        "node_type": "ripe_atlas_probe",
        "description": "Freebox Kerguelen v6",
        "country_code": "FR",
        "asn_v4": 12322,
        "asn_v6": 12322,
        "prefix_v4": "78.192.0.0/11",
        "prefix_v6": "2a01:e34::/32",
        "status_id": 1,
        "status": "Connected",
        "is_public": true,
        "is_anchor": false,
        "tags": [
          "system: IPv4 Capable",
          "system: IPv4 RFC1918",
          "system: IPv4 Stable 30d",
          "system: IPv4 Stable 90d",
          "system: IPv4 Works",
          "system: IPv6 Capable",
          "system: IPv6 Stable 30d",
          "system: IPv6 Stable 90d",
          "system: IPv6 Works",
          "system: Resolves A Correctly",
          "system: Resolves AAAA Correctly",
          "system: Software",
          "system: software"
        ],
        "first_connected": 1747788143,
        "last_connected": 1791379929,
        "source": "RIPE Atlas",
        "evidence_type": "OBSERVED",
        "location_accuracy": "OBFUSCATED"
      }
    },
    {
      "type": "Feature",
      "id": "ripe-probe-1011411",
      "geometry": {
        "type": "Point",
        "coordinates": [
          2.2475,
          48.9475
        ]
      },
      "properties": {
        "id": "ripe-probe-1011411",
        "probe_id": 1011411,
        "node_type": "ripe_atlas_probe",
        "description": null,
        "country_code": "FR",
        "asn_v4": 3215,
        "asn_v6": 3215,
        "prefix_v4": "82.125.128.0/17",
        "prefix_v6": "2a01:cb00::/30",
        "status_id": 1,
        "status": "Connected",
        "is_public": true,
        "is_anchor": false,
        "tags": [
          "system: Auto GEOIP city",
          "system: IPv4 Capable",
          "system: IPv4 RFC1918",
          "system: IPv6 Capable",
          "system: Software",
          "system: software"
        ],
        "first_connected": 1748903501,
        "last_connected": 1791379929,
        "source": "RIPE Atlas",
        "evidence_type": "OBSERVED",
        "location_accuracy": "OBFUSCATED"
      }
    },
    {
      "type": "Feature",
      "id": "ripe-probe-1011456",
      "geometry": {
        "type": "Point",
        "coordinates": [
          2.3395,
          48.8605
        ]
      },
      "properties": {
        "id": "ripe-probe-1011456",
        "probe_id": 1011456,
        "node_type": "ripe_atlas_probe",
        "description": null,
        "country_code": "FR",
        "asn_v4": 3215,
        "asn_v6": null,
        "prefix_v4": "80.13.0.0/16",
        "prefix_v6": null,
        "status_id": 1,
        "status": "Connected",
        "is_public": true,
        "is_anchor": false,
        "tags": [
          "system: Auto GEOIP country",
          "system: IPv4 Capable",
          "system: IPv4 RFC1918",
          "system: IPv4 Stable 30d",
          "system: IPv4 Stable 90d",
          "system: IPv4 Works",
          "system: IPv6 Capable",
          "system: IPv6 ULA",
          "system: Resolves A Correctly",
          "system: Resolves AAAA Correctly",
          "system: Software",
          "system: software"
        ],
        "first_connected": 1749376232,
        "last_connected": 1791379929,
        "source": "RIPE Atlas",
        "evidence_type": "OBSERVED",
        "location_accuracy": "OBFUSCATED"
      }
    },
    {
      "type": "Feature",
      "id": "ripe-probe-1011466",
      "geometry": {
        "type": "Point",
        "coordinates": [
          2.3405,
          48.8605
        ]
      },
      "properties": {
        "id": "ripe-probe-1011466",
        "probe_id": 1011466,
        "node_type": "ripe_atlas_probe",
        "description": null,
        "country_code": "FR",
        "asn_v4": 21247,
        "asn_v6": null,
        "prefix_v4": "193.109.142.0/23",
        "prefix_v6": null,
        "status_id": 1,
        "status": "Connected",
        "is_public": true,
        "is_anchor": false,
        "tags": [
          "system: Auto GEOIP country",
          "system: IPv4 Capable",
          "system: IPv4 Stable 1d",
          "system: IPv4 Stable 30d",
          "system: IPv4 Stable 90d",
          "system: Software",
          "system: software"
        ],
        "first_connected": 1749420068,
        "last_connected": 1791379929,
        "source": "RIPE Atlas",
        "evidence_type": "OBSERVED",
        "location_accuracy": "OBFUSCATED"
      }
    },
    {
      "type": "Feature",
      "id": "ripe-probe-1011770",
      "geometry": {
        "type": "Point",
        "coordinates": [
          2.3505,
          48.8475
        ]
      },
      "properties": {
        "id": "ripe-probe-1011770",
        "probe_id": 1011770,
        "node_type": "ripe_atlas_probe",
        "description": "ceres.z0p.org",
        "country_code": "FR",
        "asn_v4": null,
        "asn_v6": 12876,
        "prefix_v4": null,
        "prefix_v6": "2001:bc8::/32",
        "status_id": 1,
        "status": "Connected",
        "is_public": true,
        "is_anchor": false,
        "tags": [
          "Datacentre",
          "Docker",
          "IPv6",
          "IPv6-only",
          "IPv6NAT",
          "Native IPv6",
          "system: IPv6 Capable",
          "system: IPv6 Stable 1d",
          "system: IPv6 Stable 30d",
          "system: IPv6 Stable 90d",
          "system: IPv6 ULA",
          "system: IPv6 Works",
          "system: Software",
          "system: software"
        ],
        "first_connected": 1752245466,
        "last_connected": 1791379929,
        "source": "RIPE Atlas",
        "evidence_type": "OBSERVED",
        "location_accuracy": "OBFUSCATED"
      }
    },
    {
      "type": "Feature",
      "id": "ripe-probe-1012049",
      "geometry": {
        "type": "Point",
        "coordinates": [
          2.3395,
          48.8615
        ]
      },
      "properties": {
        "id": "ripe-probe-1012049",
        "probe_id": 1012049,
        "node_type": "ripe_atlas_probe",
        "description": null,
        "country_code": "FR",
        "asn_v4": 16276,
        "asn_v6": null,
        "prefix_v4": "188.165.0.0/16",
        "prefix_v6": null,
        "status_id": 1,
        "status": "Connected",
        "is_public": true,
        "is_anchor": false,
        "tags": [
          "system: Auto GEOIP country",
          "system: IPv4 Capable",
          "system: IPv4 RFC1918",
          "system: IPv4 Stable 1d",
          "system: IPv4 Stable 30d",
          "system: IPv4 Stable 90d",
          "system: IPv4 Works",
          "system: IPv6 Capable",
          "system: IPv6 Stable 1d",
          "system: IPv6 Stable 30d",
          "system: IPv6 Stable 90d",
          "system: IPv6 ULA",
          "system: IPv6 Works",
          "system: Resolves A Correctly",
          "system: Resolves AAAA Correctly",
          "system: Software",
          "system: software"
        ],
        "first_connected": 1754516436,
        "last_connected": 1791379929,
        "source": "RIPE Atlas",
        "evidence_type": "OBSERVED",
        "location_accuracy": "OBFUSCATED"
      }
    },
    {
      "type": "Feature",
      "id": "ripe-probe-1012050",
      "geometry": {
        "type": "Point",
        "coordinates": [
          2.3395,
          48.8575
        ]
      },
      "properties": {
        "id": "ripe-probe-1012050",
        "probe_id": 1012050,
        "node_type": "ripe_atlas_probe",
        "description": null,
        "country_code": "FR",
        "asn_v4": 16276,
        "asn_v6": null,
        "prefix_v4": "37.187.0.0/16",
        "prefix_v6": null,
        "status_id": 1,
        "status": "Connected",
        "is_public": true,
        "is_anchor": false,
        "tags": [
          "system: Auto GEOIP country",
          "system: IPv4 Capable",
          "system: IPv4 RFC1918",
          "system: IPv4 Stable 1d",
          "system: IPv4 Stable 30d",
          "system: IPv4 Stable 90d",
          "system: IPv4 Works",
          "system: IPv6 Capable",
          "system: IPv6 Stable 1d",
          "system: IPv6 Stable 30d",
          "system: IPv6 Stable 90d",
          "system: IPv6 ULA",
          "system: IPv6 Works",
          "system: Resolves A Correctly",
          "system: Resolves AAAA Correctly",
          "system: Software",
          "system: software"
        ],
        "first_connected": 1754516686,
        "last_connected": 1791379929,
        "source": "RIPE Atlas",
        "evidence_type": "OBSERVED",
        "location_accuracy": "OBFUSCATED"
      }
    },
    {
      "type": "Feature",
      "id": "ripe-probe-1012123",
      "geometry": {
        "type": "Point",
        "coordinates": [
          2.3385,
          48.8585
        ]
      },
      "properties": {
        "id": "ripe-probe-1012123",
        "probe_id": 1012123,
        "node_type": "ripe_atlas_probe",
        "description": null,
        "country_code": "FR",
        "asn_v4": 8560,
        "asn_v6": 8560,
        "prefix_v4": "217.154.0.0/21",
        "prefix_v6": "2a02:2478::/29",
        "status_id": 1,
        "status": "Connected",
        "is_public": true,
        "is_anchor": false,
        "tags": [
          "system: Auto GEOIP country",
          "system: IPv4 Capable",
          "system: IPv4 Stable 30d",
          "system: IPv4 Stable 90d",
          "system: IPv4 Works",
          "system: IPv6 Capable",
          "system: IPv6 Stable 30d",
          "system: IPv6 Stable 90d",
          "system: IPv6 Works",
          "system: Resolves A Correctly",
          "system: Resolves AAAA Correctly",
          "system: Software",
          "system: geoloc resolved",
          "system: software"
        ],
        "first_connected": 1755278683,
        "last_connected": 1791379929,
        "source": "RIPE Atlas",
        "evidence_type": "OBSERVED",
        "location_accuracy": "OBFUSCATED"
      }
    },
    {
      "type": "Feature",
      "id": "ripe-probe-1012187",
      "geometry": {
        "type": "Point",
        "coordinates": [
          2.3415,
          48.8605
        ]
      },
      "properties": {
        "id": "ripe-probe-1012187",
        "probe_id": 1012187,
        "node_type": "ripe_atlas_probe",
        "description": null,
        "country_code": "FR",
        "asn_v4": 16276,
        "asn_v6": null,
        "prefix_v4": "51.77.0.0/16",
        "prefix_v6": null,
        "status_id": 1,
        "status": "Connected",
        "is_public": true,
        "is_anchor": false,
        "tags": [
          "system: Auto GEOIP country",
          "system: IPv4 Capable",
          "system: IPv4 RFC1918",
          "system: IPv4 Stable 1d",
          "system: IPv4 Stable 30d",
          "system: IPv4 Stable 90d",
          "system: IPv4 Works",
          "system: Resolves A Correctly",
          "system: Resolves AAAA Correctly",
          "system: Software",
          "system: software"
        ],
        "first_connected": 1755997279,
        "last_connected": 1791379929,
        "source": "RIPE Atlas",
        "evidence_type": "OBSERVED",
        "location_accuracy": "OBFUSCATED"
      }
    },
    {
      "type": "Feature",
      "id": "ripe-probe-1012245",
      "geometry": {
        "type": "Point",
        "coordinates": [
          2.3495,
          48.8595
        ]
      },
      "properties": {
        "id": "ripe-probe-1012245",
        "probe_id": 1012245,
        "node_type": "ripe_atlas_probe",
        "description": null,
        "country_code": "FR",
        "asn_v4": 210030,
        "asn_v6": null,
        "prefix_v4": "84.54.32.0/24",
        "prefix_v6": null,
        "status_id": 1,
        "status": "Connected",
        "is_public": true,
        "is_anchor": false,
        "tags": [
          "Datacentre",
          "Docker",
          "Fibre",
          "system: Auto GEOIP city",
          "system: Doesn't Resolve AAAA",
          "system: IPv4 Capable",
          "system: IPv4 Stable 1d",
          "system: IPv4 Stable 30d",
          "system: IPv4 Stable 90d",
          "system: IPv4 Works",
          "system: IPv6 Capable",
          "system: IPv6 Doesn't Work",
          "system: IPv6 ULA",
          "system: Resolves A Correctly",
          "system: Software",
          "system: software"
        ],
        "first_connected": 1756418001,
        "last_connected": 1791379929,
        "source": "RIPE Atlas",
        "evidence_type": "OBSERVED",
        "location_accuracy": "OBFUSCATED"
      }
    },
    {
      "type": "Feature",
      "id": "ripe-probe-1012289",
      "geometry": {
        "type": "Point",
        "coordinates": [
          2.3515,
          48.9315
        ]
      },
      "properties": {
        "id": "ripe-probe-1012289",
        "probe_id": 1012289,
        "node_type": "ripe_atlas_probe",
        "description": null,
        "country_code": "FR",
        "asn_v4": 60491,
        "asn_v6": 60491,
        "prefix_v4": "185.30.92.0/23",
        "prefix_v6": "2a00:afe0::/32",
        "status_id": 1,
        "status": "Connected",
        "is_public": true,
        "is_anchor": false,
        "tags": [
          "VPS",
          "system: IPv4 Capable",
          "system: IPv4 Stable 1d",
          "system: IPv4 Stable 30d",
          "system: IPv4 Stable 90d",
          "system: IPv4 Works",
          "system: IPv6 Capable",
          "system: IPv6 Stable 1d",
          "system: IPv6 Stable 30d",
          "system: IPv6 Stable 90d",
          "system: IPv6 Works",
          "system: Resolves A Correctly",
          "system: Resolves AAAA Correctly",
          "system: Software",
          "system: software"
        ],
        "first_connected": 1756826328,
        "last_connected": 1791379929,
        "source": "RIPE Atlas",
        "evidence_type": "OBSERVED",
        "location_accuracy": "OBFUSCATED"
      }
    },
    {
      "type": "Feature",
      "id": "ripe-probe-1012838",
      "geometry": {
        "type": "Point",
        "coordinates": [
          2.4085,
          48.7915
        ]
      },
      "properties": {
        "id": "ripe-probe-1012838",
        "probe_id": 1012838,
        "node_type": "ripe_atlas_probe",
        "description": "Wifirst AS52075 FR-PAR-ILD2 (Paris, FR)",
        "country_code": "FR",
        "asn_v4": 52075,
        "asn_v6": 52075,
        "prefix_v4": "46.192.0.0/15",
        "prefix_v6": "2a01:7c00:10::/44",
        "status_id": 1,
        "status": "Connected",
        "is_public": true,
        "is_anchor": false,
        "tags": [
          "Core",
          "Datacentre",
          "IPv4",
          "IPv6",
          "ISP",
          "system: IPv4 Capable",
          "system: IPv4 RFC1918",
          "system: IPv4 Stable 1d",
          "system: IPv4 Stable 30d",
          "system: IPv4 Stable 90d",
          "system: IPv4 Works",
          "system: IPv6 Capable",
          "system: IPv6 Stable 1d",
          "system: IPv6 Stable 30d",
          "system: IPv6 Stable 90d",
          "system: IPv6 Works",
          "system: Resolves A Correctly",
          "system: Resolves AAAA Correctly",
          "system: Software",
          "system: software"
        ],
        "first_connected": 1758238016,
        "last_connected": 1791379929,
        "source": "RIPE Atlas",
        "evidence_type": "OBSERVED",
        "location_accuracy": "OBFUSCATED"
      }
    },
    {
      "type": "Feature",
      "id": "ripe-probe-1012906",
      "geometry": {
        "type": "Point",
        "coordinates": [
          2.3375,
          48.8605
        ]
      },
      "properties": {
        "id": "ripe-probe-1012906",
        "probe_id": 1012906,
        "node_type": "ripe_atlas_probe",
        "description": null,
        "country_code": "FR",
        "asn_v4": 12322,
        "asn_v6": 12322,
        "prefix_v4": "82.64.0.0/14",
        "prefix_v6": "2a01:e0a:b68::/45",
        "status_id": 1,
        "status": "Connected",
        "is_public": true,
        "is_anchor": false,
        "tags": [
          "system: Auto GEOIP country",
          "system: IPv4 Capable",
          "system: IPv4 RFC1918",
          "system: IPv4 Stable 1d",
          "system: IPv4 Stable 30d",
          "system: IPv4 Stable 90d",
          "system: IPv4 Works",
          "system: IPv6 Capable",
          "system: IPv6 Stable 1d",
          "system: IPv6 Stable 30d",
          "system: IPv6 Stable 90d",
          "system: IPv6 Works",
          "system: Resolves A Correctly",
          "system: Resolves AAAA Correctly",
          "system: Software",
          "system: software"
        ],
        "first_connected": 1759081897,
        "last_connected": 1791379929,
        "source": "RIPE Atlas",
        "evidence_type": "OBSERVED",
        "location_accuracy": "OBFUSCATED"
      }
    },
    {
      "type": "Feature",
      "id": "ripe-probe-1013050",
      "geometry": {
        "type": "Point",
        "coordinates": [
          2.3395,
          48.8575
        ]
      },
      "properties": {
        "id": "ripe-probe-1013050",
        "probe_id": 1013050,
        "node_type": "ripe_atlas_probe",
        "description": "beavis.beufa.net",
        "country_code": "FR",
        "asn_v4": 16276,
        "asn_v6": 16276,
        "prefix_v4": "91.134.0.0/16",
        "prefix_v6": "2001:41d0::/32",
        "status_id": 1,
        "status": "Connected",
        "is_public": true,
        "is_anchor": false,
        "tags": [
          "system: Auto GEOIP country",
          "system: IPv4 Capable",
          "system: IPv4 Stable 1d",
          "system: IPv4 Stable 30d",
          "system: IPv4 Stable 90d",
          "system: IPv4 Works",
          "system: IPv6 Capable",
          "system: IPv6 Stable 1d",
          "system: IPv6 Stable 30d",
          "system: IPv6 Stable 90d",
          "system: IPv6 Works",
          "system: Resolves A Correctly",
          "system: Resolves AAAA Correctly",
          "system: Software",
          "system: software"
        ],
        "first_connected": 1759960345,
        "last_connected": 1791379929,
        "source": "RIPE Atlas",
        "evidence_type": "OBSERVED",
        "location_accuracy": "OBFUSCATED"
      }
    },
    {
      "type": "Feature",
      "id": "ripe-probe-1013113",
      "geometry": {
        "type": "Point",
        "coordinates": [
          2.3375,
          48.8585
        ]
      },
      "properties": {
        "id": "ripe-probe-1013113",
        "probe_id": 1013113,
        "node_type": "ripe_atlas_probe",
        "description": "FR-PLANETEHEBERG",
        "country_code": "FR",
        "asn_v4": 35540,
        "asn_v6": 198149,
        "prefix_v4": "109.190.0.0/16",
        "prefix_v6": "2a13:1c47:caf0::/44",
        "status_id": 1,
        "status": "Connected",
        "is_public": true,
        "is_anchor": false,
        "tags": [
          "Datacentre",
          "ISP",
          "system: Auto GEOIP country",
          "system: IPv4 Capable",
          "system: IPv4 RFC1918",
          "system: IPv4 Stable 30d",
          "system: IPv4 Stable 90d",
          "system: IPv4 Works",
          "system: IPv6 Capable",
          "system: IPv6 Stable 30d",
          "system: IPv6 Stable 90d",
          "system: IPv6 Works",
          "system: Resolves A Correctly",
          "system: Resolves AAAA Correctly",
          "system: Software",
          "system: software"
        ],
        "first_connected": 1760453495,
        "last_connected": 1791379929,
        "source": "RIPE Atlas",
        "evidence_type": "OBSERVED",
        "location_accuracy": "OBFUSCATED"
      }
    },
    {
      "type": "Feature",
      "id": "ripe-probe-1013124",
      "geometry": {
        "type": "Point",
        "coordinates": [
          2.2185,
          48.8795
        ]
      },
      "properties": {
        "id": "ripe-probe-1013124",
        "probe_id": 1013124,
        "node_type": "ripe_atlas_probe",
        "description": "Hosted at Sapinet on a VM",
        "country_code": "FR",
        "asn_v4": 39421,
        "asn_v6": 39421,
        "prefix_v4": "45.90.162.0/24",
        "prefix_v6": "2a0c:8880::/29",
        "status_id": 1,
        "status": "Connected",
        "is_public": true,
        "is_anchor": false,
        "tags": [
          "Datacentre",
          "Native IPv4",
          "Native IPv6",
          "dual-stack",
          "system: IPv4 Capable",
          "system: IPv4 Stable 1d",
          "system: IPv4 Stable 30d",
          "system: IPv4 Stable 90d",
          "system: IPv4 Works",
          "system: IPv6 Capable",
          "system: IPv6 Stable 1d",
          "system: IPv6 Stable 30d",
          "system: IPv6 Stable 90d",
          "system: IPv6 Works",
          "system: Resolves A Correctly",
          "system: Resolves AAAA Correctly",
          "system: Software",
          "system: software"
        ],
        "first_connected": 1760654633,
        "last_connected": 1791379929,
        "source": "RIPE Atlas",
        "evidence_type": "OBSERVED",
        "location_accuracy": "OBFUSCATED"
      }
    },
    {
      "type": "Feature",
      "id": "ripe-probe-1013398",
      "geometry": {
        "type": "Point",
        "coordinates": [
          2.3515,
          48.8615
        ]
      },
      "properties": {
        "id": "ripe-probe-1013398",
        "probe_id": 1013398,
        "node_type": "ripe_atlas_probe",
        "description": null,
        "country_code": "FR",
        "asn_v4": 12876,
        "asn_v6": 12876,
        "prefix_v4": "51.158.0.0/15",
        "prefix_v6": "2001:bc8::/32",
        "status_id": 1,
        "status": "Connected",
        "is_public": true,
        "is_anchor": false,
        "tags": [
          "system: Auto GEOIP city",
          "system: IPv4 Capable",
          "system: IPv4 Stable 30d",
          "system: IPv4 Stable 90d",
          "system: IPv4 Works",
          "system: IPv6 Capable",
          "system: IPv6 Doesn't Work",
          "system: IPv6 Stable 30d",
          "system: IPv6 Stable 90d",
          "system: Resolves A Correctly",
          "system: Resolves AAAA Correctly",
          "system: Software",
          "system: software"
        ],
        "first_connected": 1763148928,
        "last_connected": 1791379929,
        "source": "RIPE Atlas",
        "evidence_type": "OBSERVED",
        "location_accuracy": "OBFUSCATED"
      }
    },
    {
      "type": "Feature",
      "id": "ripe-probe-1013399",
      "geometry": {
        "type": "Point",
        "coordinates": [
          2.3515,
          48.8615
        ]
      },
      "properties": {
        "id": "ripe-probe-1013399",
        "probe_id": 1013399,
        "node_type": "ripe_atlas_probe",
        "description": null,
        "country_code": "FR",
        "asn_v4": 3215,
        "asn_v6": null,
        "prefix_v4": "92.183.0.0/17",
        "prefix_v6": null,
        "status_id": 1,
        "status": "Connected",
        "is_public": true,
        "is_anchor": false,
        "tags": [
          "system: Auto GEOIP city",
          "system: IPv4 Capable",
          "system: IPv4 RFC1918",
          "system: IPv4 Stable 30d",
          "system: IPv4 Stable 90d",
          "system: IPv4 Works",
          "system: Resolves A Correctly",
          "system: Resolves AAAA Correctly",
          "system: Software",
          "system: software"
        ],
        "first_connected": 1763149103,
        "last_connected": 1791379929,
        "source": "RIPE Atlas",
        "evidence_type": "OBSERVED",
        "location_accuracy": "OBFUSCATED"
      }
    },
    {
      "type": "Feature",
      "id": "ripe-probe-1013536",
      "geometry": {
        "type": "Point",
        "coordinates": [
          2.3385,
          48.8605
        ]
      },
      "properties": {
        "id": "ripe-probe-1013536",
        "probe_id": 1013536,
        "node_type": "ripe_atlas_probe",
        "description": null,
        "country_code": "FR",
        "asn_v4": 16276,
        "asn_v6": 16276,
        "prefix_v4": "5.135.0.0/16",
        "prefix_v6": "2001:41d0::/32",
        "status_id": 1,
        "status": "Connected",
        "is_public": true,
        "is_anchor": false,
        "tags": [
          "system: Auto GEOIP country",
          "system: IPv4 Capable",
          "system: IPv4 RFC1918",
          "system: IPv4 Stable 1d",
          "system: IPv4 Stable 30d",
          "system: IPv4 Stable 90d",
          "system: IPv4 Works",
          "system: IPv6 Capable",
          "system: IPv6 Stable 1d",
          "system: IPv6 Stable 30d",
          "system: IPv6 Stable 90d",
          "system: IPv6 Works",
          "system: Resolves A Correctly",
          "system: Resolves AAAA Correctly",
          "system: Software",
          "system: software"
        ],
        "first_connected": 1764394025,
        "last_connected": 1791379929,
        "source": "RIPE Atlas",
        "evidence_type": "OBSERVED",
        "location_accuracy": "OBFUSCATED"
      }
    },
    {
      "type": "Feature",
      "id": "ripe-probe-1013591",
      "geometry": {
        "type": "Point",
        "coordinates": [
          2.3515,
          48.8475
        ]
      },
      "properties": {
        "id": "ripe-probe-1013591",
        "probe_id": 1013591,
        "node_type": "ripe_atlas_probe",
        "description": "VPS-PAR3 (#1013591)",
        "country_code": "FR",
        "asn_v4": 46475,
        "asn_v6": null,
        "prefix_v4": "31.58.102.0/24",
        "prefix_v6": null,
        "status_id": 1,
        "status": "Connected",
        "is_public": true,
        "is_anchor": false,
        "tags": [
          "system: IPv4 Capable",
          "system: IPv4 RFC1918",
          "system: IPv4 Stable 1d",
          "system: IPv4 Stable 30d",
          "system: IPv4 Stable 90d",
          "system: IPv4 Works",
          "system: IPv6 Capable",
          "system: IPv6 Stable 1d",
          "system: IPv6 Stable 30d",
          "system: IPv6 Stable 90d",
          "system: IPv6 ULA",
          "system: IPv6 Works",
          "system: Resolves A Correctly",
          "system: Resolves AAAA Correctly",
          "system: Software",
          "system: software"
        ],
        "first_connected": 1764755071,
        "last_connected": 1791379929,
        "source": "RIPE Atlas",
        "evidence_type": "OBSERVED",
        "location_accuracy": "OBFUSCATED"
      }
    },
    {
      "type": "Feature",
      "id": "ripe-probe-1013624",
      "geometry": {
        "type": "Point",
        "coordinates": [
          2.3485,
          48.8595
        ]
      },
      "properties": {
        "id": "ripe-probe-1013624",
        "probe_id": 1013624,
        "node_type": "ripe_atlas_probe",
        "description": "2pNetwork",
        "country_code": "FR",
        "asn_v4": 3215,
        "asn_v6": null,
        "prefix_v4": "82.123.0.0/17",
        "prefix_v6": null,
        "status_id": 1,
        "status": "Connected",
        "is_public": true,
        "is_anchor": false,
        "tags": [
          "system: Auto GEOIP city",
          "system: IPv4 Capable",
          "system: IPv4 RFC1918",
          "system: IPv4 Stable 1d",
          "system: IPv4 Stable 30d",
          "system: IPv4 Stable 90d",
          "system: IPv4 Works",
          "system: IPv6 Capable",
          "system: IPv6 ULA",
          "system: Resolves A Correctly",
          "system: Resolves AAAA Correctly",
          "system: Software",
          "system: software"
        ],
        "first_connected": 1764974186,
        "last_connected": 1791379929,
        "source": "RIPE Atlas",
        "evidence_type": "OBSERVED",
        "location_accuracy": "OBFUSCATED"
      }
    },
    {
      "type": "Feature",
      "id": "ripe-probe-1013667",
      "geometry": {
        "type": "Point",
        "coordinates": [
          2.3005,
          48.9305
        ]
      },
      "properties": {
        "id": "ripe-probe-1013667",
        "probe_id": 1013667,
        "node_type": "ripe_atlas_probe",
        "description": "SNC ALTAREA MANAGEMENT",
        "country_code": "FR",
        "asn_v4": 209815,
        "asn_v6": null,
        "prefix_v4": "194.31.136.0/22",
        "prefix_v6": null,
        "status_id": 1,
        "status": "Connected",
        "is_public": true,
        "is_anchor": false,
        "tags": [
          "system: Auto GEOIP city",
          "system: IPv4 Capable",
          "system: IPv4 Stable 30d",
          "system: IPv4 Stable 90d",
          "system: IPv4 Works",
          "system: Resolves A Correctly",
          "system: Resolves AAAA Correctly",
          "system: Software",
          "system: software"
        ],
        "first_connected": 1765279133,
        "last_connected": 1791379929,
        "source": "RIPE Atlas",
        "evidence_type": "OBSERVED",
        "location_accuracy": "OBFUSCATED"
      }
    },
    {
      "type": "Feature",
      "id": "ripe-probe-1013874",
      "geometry": {
        "type": "Point",
        "coordinates": [
          2.3405,
          48.8595
        ]
      },
      "properties": {
        "id": "ripe-probe-1013874",
        "probe_id": 1013874,
        "node_type": "ripe_atlas_probe",
        "description": null,
        "country_code": "FR",
        "asn_v4": 12322,
        "asn_v6": 12322,
        "prefix_v4": "82.64.0.0/14",
        "prefix_v6": "2a01:e0a:ee0::/45",
        "status_id": 1,
        "status": "Connected",
        "is_public": true,
        "is_anchor": false,
        "tags": [
          "system: Auto GEOIP country",
          "system: IPv4 Capable",
          "system: IPv4 Stable 1d",
          "system: IPv4 Stable 30d",
          "system: IPv4 Stable 90d",
          "system: IPv4 Works",
          "system: IPv6 Capable",
          "system: IPv6 Stable 1d",
          "system: IPv6 Stable 30d",
          "system: IPv6 Stable 90d",
          "system: IPv6 Works",
          "system: Resolves A Correctly",
          "system: Resolves AAAA Correctly",
          "system: Software",
          "system: software"
        ],
        "first_connected": 1766784481,
        "last_connected": 1791379929,
        "source": "RIPE Atlas",
        "evidence_type": "OBSERVED",
        "location_accuracy": "OBFUSCATED"
      }
    },
    {
      "type": "Feature",
      "id": "ripe-probe-1013883",
      "geometry": {
        "type": "Point",
        "coordinates": [
          2.5015,
          48.8685
        ]
      },
      "properties": {
        "id": "ripe-probe-1013883",
        "probe_id": 1013883,
        "node_type": "ripe_atlas_probe",
        "description": null,
        "country_code": "FR",
        "asn_v4": 5410,
        "asn_v6": null,
        "prefix_v4": "176.128.0.0/10",
        "prefix_v6": null,
        "status_id": 1,
        "status": "Connected",
        "is_public": true,
        "is_anchor": false,
        "tags": [
          "system: Auto GEOIP city",
          "system: IPv4 Capable",
          "system: IPv4 RFC1918",
          "system: IPv4 Stable 30d",
          "system: IPv4 Works",
          "system: Resolves A Correctly",
          "system: Resolves AAAA Correctly",
          "system: Software",
          "system: software"
        ],
        "first_connected": 1766847371,
        "last_connected": 1791379929,
        "source": "RIPE Atlas",
        "evidence_type": "OBSERVED",
        "location_accuracy": "OBFUSCATED"
      }
    },
    {
      "type": "Feature",
      "id": "ripe-probe-1013977",
      "geometry": {
        "type": "Point",
        "coordinates": [
          2.3405,
          48.8705
        ]
      },
      "properties": {
        "id": "ripe-probe-1013977",
        "probe_id": 1013977,
        "node_type": "ripe_atlas_probe",
        "description": null,
        "country_code": "FR",
        "asn_v4": 47160,
        "asn_v6": null,
        "prefix_v4": "185.126.228.0/22",
        "prefix_v6": null,
        "status_id": 1,
        "status": "Connected",
        "is_public": true,
        "is_anchor": false,
        "tags": [
          "system: IPv4 Capable",
          "system: IPv4 RFC1918",
          "system: IPv4 Stable 30d",
          "system: IPv4 Stable 90d",
          "system: IPv4 Works",
          "system: Resolves A Correctly",
          "system: Resolves AAAA Correctly",
          "system: Software",
          "system: software"
        ],
        "first_connected": 1767694008,
        "last_connected": 1791379929,
        "source": "RIPE Atlas",
        "evidence_type": "OBSERVED",
        "location_accuracy": "OBFUSCATED"
      }
    },
    {
      "type": "Feature",
      "id": "ripe-probe-1014078",
      "geometry": {
        "type": "Point",
        "coordinates": [
          2.3405,
          48.8615
        ]
      },
      "properties": {
        "id": "ripe-probe-1014078",
        "probe_id": 1014078,
        "node_type": "ripe_atlas_probe",
        "description": null,
        "country_code": "FR",
        "asn_v4": 16276,
        "asn_v6": 201623,
        "prefix_v4": "217.182.0.0/16",
        "prefix_v6": "2001:678:ac4::/48",
        "status_id": 1,
        "status": "Connected",
        "is_public": true,
        "is_anchor": false,
        "tags": [
          "system: Auto GEOIP country",
          "system: IPv4 Capable",
          "system: IPv4 Stable 1d",
          "system: IPv4 Stable 30d",
          "system: IPv4 Stable 90d",
          "system: IPv4 Works",
          "system: IPv6 Capable",
          "system: IPv6 Stable 1d",
          "system: IPv6 Stable 30d",
          "system: IPv6 Stable 90d",
          "system: IPv6 Works",
          "system: Resolves A Correctly",
          "system: Resolves AAAA Correctly",
          "system: Software",
          "system: software"
        ],
        "first_connected": 1768487084,
        "last_connected": 1791379929,
        "source": "RIPE Atlas",
        "evidence_type": "OBSERVED",
        "location_accuracy": "OBFUSCATED"
      }
    },
    {
      "type": "Feature",
      "id": "ripe-probe-1014197",
      "geometry": {
        "type": "Point",
        "coordinates": [
          2.3415,
          48.8605
        ]
      },
      "properties": {
        "id": "ripe-probe-1014197",
        "probe_id": 1014197,
        "node_type": "ripe_atlas_probe",
        "description": null,
        "country_code": "FR",
        "asn_v4": 16276,
        "asn_v6": 16276,
        "prefix_v4": "54.36.0.0/16",
        "prefix_v6": "2001:41d0::/32",
        "status_id": 1,
        "status": "Connected",
        "is_public": true,
        "is_anchor": false,
        "tags": [
          "system: Auto GEOIP country",
          "system: IPv4 Capable",
          "system: IPv4 Stable 30d",
          "system: IPv4 Stable 90d",
          "system: IPv4 Works",
          "system: IPv6 Capable",
          "system: IPv6 Stable 30d",
          "system: IPv6 Stable 90d",
          "system: IPv6 Works",
          "system: Resolves A Correctly",
          "system: Resolves AAAA Correctly",
          "system: Software",
          "system: software"
        ],
        "first_connected": 1769101629,
        "last_connected": 1791379929,
        "source": "RIPE Atlas",
        "evidence_type": "OBSERVED",
        "location_accuracy": "OBFUSCATED"
      }
    },
    {
      "type": "Feature",
      "id": "ripe-probe-1014319",
      "geometry": {
        "type": "Point",
        "coordinates": [
          2.3375,
          48.8615
        ]
      },
      "properties": {
        "id": "ripe-probe-1014319",
        "probe_id": 1014319,
        "node_type": "ripe_atlas_probe",
        "description": "Probe As204611 - France",
        "country_code": "FR",
        "asn_v4": 16276,
        "asn_v6": 16276,
        "prefix_v4": "37.187.0.0/16",
        "prefix_v6": "2001:41d0::/32",
        "status_id": 1,
        "status": "Connected",
        "is_public": true,
        "is_anchor": false,
        "tags": [
          "Native IPv6",
          "No IPv4",
          "system: Auto GEOIP country",
          "system: IPv4 Capable",
          "system: IPv4 Stable 1d",
          "system: IPv4 Stable 30d",
          "system: IPv4 Stable 90d",
          "system: IPv4 Works",
          "system: IPv6 Capable",
          "system: IPv6 Stable 1d",
          "system: IPv6 Stable 30d",
          "system: IPv6 Stable 90d",
          "system: IPv6 Works",
          "system: Resolves A Correctly",
          "system: Resolves AAAA Correctly",
          "system: Software",
          "system: software"
        ],
        "first_connected": 1769962618,
        "last_connected": 1791379929,
        "source": "RIPE Atlas",
        "evidence_type": "OBSERVED",
        "location_accuracy": "OBFUSCATED"
      }
    },
    {
      "type": "Feature",
      "id": "ripe-probe-1014445",
      "geometry": {
        "type": "Point",
        "coordinates": [
          2.3395,
          48.8595
        ]
      },
      "properties": {
        "id": "ripe-probe-1014445",
        "probe_id": 1014445,
        "node_type": "ripe_atlas_probe",
        "description": "Nightglow Collective Software Node",
        "country_code": "FR",
        "asn_v4": 12322,
        "asn_v6": null,
        "prefix_v4": "82.64.0.0/14",
        "prefix_v6": null,
        "status_id": 1,
        "status": "Connected",
        "is_public": true,
        "is_anchor": false,
        "tags": [
          "Fibre",
          "Free",
          "Homelab",
          "system: Auto GEOIP country",
          "system: IPv4 Capable",
          "system: IPv4 RFC1918",
          "system: IPv4 Stable 1d",
          "system: IPv4 Stable 30d",
          "system: IPv4 Stable 90d",
          "system: IPv4 Works",
          "system: Resolves A Correctly",
          "system: Resolves AAAA Correctly",
          "system: Software",
          "system: software"
        ],
        "first_connected": 1770981708,
        "last_connected": 1791379929,
        "source": "RIPE Atlas",
        "evidence_type": "OBSERVED",
        "location_accuracy": "OBFUSCATED"
      }
    },
    {
      "type": "Feature",
      "id": "ripe-probe-1014656",
      "geometry": {
        "type": "Point",
        "coordinates": [
          2.3395,
          48.8605
        ]
      },
      "properties": {
        "id": "ripe-probe-1014656",
        "probe_id": 1014656,
        "node_type": "ripe_atlas_probe",
        "description": null,
        "country_code": "FR",
        "asn_v4": 8560,
        "asn_v6": 8560,
        "prefix_v4": "87.106.22.0/23",
        "prefix_v6": "2a02:2478::/29",
        "status_id": 1,
        "status": "Connected",
        "is_public": true,
        "is_anchor": false,
        "tags": [
          "system: Auto GEOIP country",
          "system: IPv4 Capable",
          "system: IPv4 Stable 1d",
          "system: IPv4 Stable 30d",
          "system: IPv4 Stable 90d",
          "system: IPv4 Works",
          "system: IPv6 Capable",
          "system: IPv6 Stable 1d",
          "system: IPv6 Stable 30d",
          "system: IPv6 Stable 90d",
          "system: IPv6 Works",
          "system: Resolves A Correctly",
          "system: Resolves AAAA Correctly",
          "system: Software",
          "system: software"
        ],
        "first_connected": 1772179443,
        "last_connected": 1791379929,
        "source": "RIPE Atlas",
        "evidence_type": "OBSERVED",
        "location_accuracy": "OBFUSCATED"
      }
    },
    {
      "type": "Feature",
      "id": "ripe-probe-1014858",
      "geometry": {
        "type": "Point",
        "coordinates": [
          2.3395,
          48.8615
        ]
      },
      "properties": {
        "id": "ripe-probe-1014858",
        "probe_id": 1014858,
        "node_type": "ripe_atlas_probe",
        "description": null,
        "country_code": "FR",
        "asn_v4": 16276,
        "asn_v6": null,
        "prefix_v4": "54.36.0.0/16",
        "prefix_v6": null,
        "status_id": 1,
        "status": "Connected",
        "is_public": true,
        "is_anchor": false,
        "tags": [
          "system: Auto GEOIP country",
          "system: IPv4 Capable",
          "system: IPv4 Stable 1d",
          "system: IPv4 Stable 30d",
          "system: IPv4 Stable 90d",
          "system: IPv4 Works",
          "system: Resolves A Correctly",
          "system: Resolves AAAA Correctly",
          "system: Software",
          "system: software"
        ],
        "first_connected": 1773154483,
        "last_connected": 1791379929,
        "source": "RIPE Atlas",
        "evidence_type": "OBSERVED",
        "location_accuracy": "OBFUSCATED"
      }
    },
    {
      "type": "Feature",
      "id": "ripe-probe-1014964",
      "geometry": {
        "type": "Point",
        "coordinates": [
          2.3405,
          48.8595
        ]
      },
      "properties": {
        "id": "ripe-probe-1014964",
        "probe_id": 1014964,
        "node_type": "ripe_atlas_probe",
        "description": null,
        "country_code": "FR",
        "asn_v4": 210403,
        "asn_v6": 210403,
        "prefix_v4": "193.37.145.0/24",
        "prefix_v6": "2a00:7ee0:1::/48",
        "status_id": 1,
        "status": "Connected",
        "is_public": true,
        "is_anchor": false,
        "tags": [
          "system: Auto GEOIP country",
          "system: IPv4 Capable",
          "system: IPv4 Stable 30d",
          "system: IPv4 Stable 90d",
          "system: IPv4 Works",
          "system: IPv6 Capable",
          "system: IPv6 Stable 30d",
          "system: IPv6 Stable 90d",
          "system: IPv6 Works",
          "system: Resolves A Correctly",
          "system: Resolves AAAA Correctly",
          "system: Software",
          "system: software"
        ],
        "first_connected": 1773655560,
        "last_connected": 1791379929,
        "source": "RIPE Atlas",
        "evidence_type": "OBSERVED",
        "location_accuracy": "OBFUSCATED"
      }
    },
    {
      "type": "Feature",
      "id": "ripe-probe-1014965",
      "geometry": {
        "type": "Point",
        "coordinates": [
          2.3405,
          48.8595
        ]
      },
      "properties": {
        "id": "ripe-probe-1014965",
        "probe_id": 1014965,
        "node_type": "ripe_atlas_probe",
        "description": null,
        "country_code": "FR",
        "asn_v4": 210403,
        "asn_v6": 210403,
        "prefix_v4": "193.203.239.0/24",
        "prefix_v6": "2a00:7ee0:8::/48",
        "status_id": 1,
        "status": "Connected",
        "is_public": true,
        "is_anchor": false,
        "tags": [
          "system: Auto GEOIP country",
          "system: IPv4 Capable",
          "system: IPv4 Stable 1d",
          "system: IPv4 Stable 30d",
          "system: IPv4 Stable 90d",
          "system: IPv4 Works",
          "system: IPv6 Capable",
          "system: IPv6 Stable 1d",
          "system: IPv6 Stable 30d",
          "system: IPv6 Stable 90d",
          "system: IPv6 Works",
          "system: Resolves A Correctly",
          "system: Resolves AAAA Correctly",
          "system: Software",
          "system: software"
        ],
        "first_connected": 1773658666,
        "last_connected": 1791379929,
        "source": "RIPE Atlas",
        "evidence_type": "OBSERVED",
        "location_accuracy": "OBFUSCATED"
      }
    },
    {
      "type": "Feature",
      "id": "ripe-probe-1014966",
      "geometry": {
        "type": "Point",
        "coordinates": [
          2.3405,
          48.8605
        ]
      },
      "properties": {
        "id": "ripe-probe-1014966",
        "probe_id": 1014966,
        "node_type": "ripe_atlas_probe",
        "description": null,
        "country_code": "FR",
        "asn_v4": 210403,
        "asn_v6": 210403,
        "prefix_v4": "194.126.193.0/24",
        "prefix_v6": "2a00:7ee0:40::/48",
        "status_id": 1,
        "status": "Connected",
        "is_public": true,
        "is_anchor": false,
        "tags": [
          "system: Auto GEOIP country",
          "system: IPv4 Capable",
          "system: IPv4 Stable 1d",
          "system: IPv4 Stable 30d",
          "system: IPv4 Stable 90d",
          "system: IPv4 Works",
          "system: IPv6 Capable",
          "system: IPv6 Stable 1d",
          "system: IPv6 Stable 30d",
          "system: IPv6 Stable 90d",
          "system: IPv6 Works",
          "system: Resolves A Correctly",
          "system: Resolves AAAA Correctly",
          "system: Software",
          "system: software"
        ],
        "first_connected": 1773658664,
        "last_connected": 1791379929,
        "source": "RIPE Atlas",
        "evidence_type": "OBSERVED",
        "location_accuracy": "OBFUSCATED"
      }
    },
    {
      "type": "Feature",
      "id": "ripe-probe-1015022",
      "geometry": {
        "type": "Point",
        "coordinates": [
          2.4485,
          48.9085
        ]
      },
      "properties": {
        "id": "ripe-probe-1015022",
        "probe_id": 1015022,
        "node_type": "ripe_atlas_probe",
        "description": null,
        "country_code": "FR",
        "asn_v4": 3215,
        "asn_v6": null,
        "prefix_v4": "92.174.64.0/18",
        "prefix_v6": null,
        "status_id": 1,
        "status": "Connected",
        "is_public": true,
        "is_anchor": false,
        "tags": [
          "system: Auto GEOIP country",
          "system: IPv4 Capable",
          "system: IPv4 RFC1918",
          "system: IPv4 Stable 1d",
          "system: IPv4 Stable 30d",
          "system: IPv4 Stable 90d",
          "system: IPv4 Works",
          "system: Resolves A Correctly",
          "system: Resolves AAAA Correctly",
          "system: Software",
          "system: software"
        ],
        "first_connected": 1773933687,
        "last_connected": 1791379929,
        "source": "RIPE Atlas",
        "evidence_type": "OBSERVED",
        "location_accuracy": "OBFUSCATED"
      }
    },
    {
      "type": "Feature",
      "id": "ripe-probe-1015046",
      "geometry": {
        "type": "Point",
        "coordinates": [
          2.3495,
          48.8605
        ]
      },
      "properties": {
        "id": "ripe-probe-1015046",
        "probe_id": 1015046,
        "node_type": "ripe_atlas_probe",
        "description": "Elastic Metal",
        "country_code": "FR",
        "asn_v4": 12876,
        "asn_v6": 12876,
        "prefix_v4": "51.158.0.0/15",
        "prefix_v6": "2001:bc8::/32",
        "status_id": 1,
        "status": "Connected",
        "is_public": true,
        "is_anchor": false,
        "tags": [
          "Datacentre",
          "system: Auto GEOIP city",
          "system: IPv4 Capable",
          "system: IPv4 Stable 30d",
          "system: IPv4 Stable 90d",
          "system: IPv4 Works",
          "system: IPv6 Capable",
          "system: IPv6 Stable 30d",
          "system: IPv6 Stable 90d",
          "system: IPv6 Works",
          "system: Resolves A Correctly",
          "system: Resolves AAAA Correctly",
          "system: Software",
          "system: software"
        ],
        "first_connected": 1774119630,
        "last_connected": 1791379929,
        "source": "RIPE Atlas",
        "evidence_type": "OBSERVED",
        "location_accuracy": "OBFUSCATED"
      }
    },
    {
      "type": "Feature",
      "id": "ripe-probe-1015059",
      "geometry": {
        "type": "Point",
        "coordinates": [
          2.3395,
          48.8615
        ]
      },
      "properties": {
        "id": "ripe-probe-1015059",
        "probe_id": 1015059,
        "node_type": "ripe_atlas_probe",
        "description": null,
        "country_code": "FR",
        "asn_v4": 199636,
        "asn_v6": 199636,
        "prefix_v4": "82.96.128.0/18",
        "prefix_v6": "2a05:6e00::/29",
        "status_id": 1,
        "status": "Connected",
        "is_public": true,
        "is_anchor": false,
        "tags": [
          "system: Auto GEOIP country",
          "system: IPv4 Capable",
          "system: IPv4 RFC1918",
          "system: IPv4 Stable 30d",
          "system: IPv4 Stable 90d",
          "system: IPv4 Works",
          "system: IPv6 Capable",
          "system: IPv6 Stable 30d",
          "system: IPv6 Stable 90d",
          "system: IPv6 Works",
          "system: Resolves A Correctly",
          "system: Resolves AAAA Correctly",
          "system: Software",
          "system: software"
        ],
        "first_connected": 1774216308,
        "last_connected": 1791379929,
        "source": "RIPE Atlas",
        "evidence_type": "OBSERVED",
        "location_accuracy": "OBFUSCATED"
      }
    },
    {
      "type": "Feature",
      "id": "ripe-probe-1015133",
      "geometry": {
        "type": "Point",
        "coordinates": [
          2.3485,
          48.8585
        ]
      },
      "properties": {
        "id": "ripe-probe-1015133",
        "probe_id": 1015133,
        "node_type": "ripe_atlas_probe",
        "description": "Arthur-Perrot",
        "country_code": "FR",
        "asn_v4": 12322,
        "asn_v6": null,
        "prefix_v4": "82.64.0.0/14",
        "prefix_v6": null,
        "status_id": 1,
        "status": "Connected",
        "is_public": true,
        "is_anchor": false,
        "tags": [
          "Free",
          "Homelab",
          "system: Auto GEOIP country",
          "system: IPv4 Capable",
          "system: IPv4 RFC1918",
          "system: IPv4 Stable 1d",
          "system: IPv4 Stable 30d",
          "system: IPv4 Stable 90d",
          "system: IPv4 Works",
          "system: Resolves A Correctly",
          "system: Resolves AAAA Correctly",
          "system: Software",
          "system: software"
        ],
        "first_connected": 1774734540,
        "last_connected": 1791379929,
        "source": "RIPE Atlas",
        "evidence_type": "OBSERVED",
        "location_accuracy": "OBFUSCATED"
      }
    },
    {
      "type": "Feature",
      "id": "ripe-probe-1015140",
      "geometry": {
        "type": "Point",
        "coordinates": [
          2.3395,
          48.8575
        ]
      },
      "properties": {
        "id": "ripe-probe-1015140",
        "probe_id": 1015140,
        "node_type": "ripe_atlas_probe",
        "description": "Equinix pa5",
        "country_code": "FR",
        "asn_v4": 207300,
        "asn_v6": null,
        "prefix_v4": "164.215.102.0/24",
        "prefix_v6": null,
        "status_id": 1,
        "status": "Connected",
        "is_public": true,
        "is_anchor": false,
        "tags": [
          "Core",
          "IPv4",
          "ISP",
          "NAT",
          "probe v4",
          "system: Auto GEOIP country",
          "system: IPv4 Capable",
          "system: IPv4 RFC1918",
          "system: IPv4 Stable 30d",
          "system: IPv4 Stable 90d",
          "system: IPv4 Works",
          "system: Resolves A Correctly",
          "system: Resolves AAAA Correctly",
          "system: Software",
          "system: software"
        ],
        "first_connected": 1774817203,
        "last_connected": 1791379929,
        "source": "RIPE Atlas",
        "evidence_type": "OBSERVED",
        "location_accuracy": "OBFUSCATED"
      }
    },
    {
      "type": "Feature",
      "id": "ripe-probe-1015188",
      "geometry": {
        "type": "Point",
        "coordinates": [
          2.3415,
          48.8615
        ]
      },
      "properties": {
        "id": "ripe-probe-1015188",
        "probe_id": 1015188,
        "node_type": "ripe_atlas_probe",
        "description": "dready",
        "country_code": "FR",
        "asn_v4": 16276,
        "asn_v6": 16276,
        "prefix_v4": "37.187.0.0/16",
        "prefix_v6": "2001:41d0::/32",
        "status_id": 1,
        "status": "Connected",
        "is_public": true,
        "is_anchor": false,
        "tags": [
          "system: Auto GEOIP country",
          "system: IPv4 Capable",
          "system: IPv4 Stable 1d",
          "system: IPv4 Stable 30d",
          "system: IPv4 Stable 90d",
          "system: IPv4 Works",
          "system: IPv6 Capable",
          "system: IPv6 Stable 1d",
          "system: IPv6 Stable 30d",
          "system: IPv6 Stable 90d",
          "system: IPv6 Works",
          "system: Resolves A Correctly",
          "system: Resolves AAAA Correctly",
          "system: Software",
          "system: software"
        ],
        "first_connected": 1775232487,
        "last_connected": 1791379929,
        "source": "RIPE Atlas",
        "evidence_type": "OBSERVED",
        "location_accuracy": "OBFUSCATED"
      }
    },
    {
      "type": "Feature",
      "id": "ripe-probe-1015198",
      "geometry": {
        "type": "Point",
        "coordinates": [
          2.3515,
          48.8615
        ]
      },
      "properties": {
        "id": "ripe-probe-1015198",
        "probe_id": 1015198,
        "node_type": "ripe_atlas_probe",
        "description": null,
        "country_code": "FR",
        "asn_v4": 212815,
        "asn_v6": 212815,
        "prefix_v4": "45.154.96.0/24",
        "prefix_v6": "2a10:4640::/32",
        "status_id": 1,
        "status": "Connected",
        "is_public": true,
        "is_anchor": false,
        "tags": [
          "system: Auto GEOIP city",
          "system: IPv4 Capable",
          "system: IPv4 Stable 30d",
          "system: IPv4 Stable 90d",
          "system: IPv4 Works",
          "system: IPv6 Capable",
          "system: IPv6 Works",
          "system: Resolves A Correctly",
          "system: Resolves AAAA Correctly",
          "system: Software",
          "system: software"
        ],
        "first_connected": 1775325231,
        "last_connected": 1791379929,
        "source": "RIPE Atlas",
        "evidence_type": "OBSERVED",
        "location_accuracy": "OBFUSCATED"
      }
    },
    {
      "type": "Feature",
      "id": "ripe-probe-1015199",
      "geometry": {
        "type": "Point",
        "coordinates": [
          2.3515,
          48.8615
        ]
      },
      "properties": {
        "id": "ripe-probe-1015199",
        "probe_id": 1015199,
        "node_type": "ripe_atlas_probe",
        "description": null,
        "country_code": "FR",
        "asn_v4": 212815,
        "asn_v6": 212815,
        "prefix_v4": "45.13.119.0/24",
        "prefix_v6": "2a10:4640::/32",
        "status_id": 1,
        "status": "Connected",
        "is_public": true,
        "is_anchor": false,
        "tags": [
          "system: Auto GEOIP city",
          "system: IPv4 Capable",
          "system: IPv4 Stable 30d",
          "system: IPv4 Stable 90d",
          "system: IPv4 Works",
          "system: IPv6 Capable",
          "system: IPv6 Works",
          "system: Resolves A Correctly",
          "system: Resolves AAAA Correctly",
          "system: Software",
          "system: software"
        ],
        "first_connected": 1775325225,
        "last_connected": 1791379929,
        "source": "RIPE Atlas",
        "evidence_type": "OBSERVED",
        "location_accuracy": "OBFUSCATED"
      }
    },
    {
      "type": "Feature",
      "id": "ripe-probe-1015218",
      "geometry": {
        "type": "Point",
        "coordinates": [
          2.3875,
          48.9215
        ]
      },
      "properties": {
        "id": "ripe-probe-1015218",
        "probe_id": 1015218,
        "node_type": "ripe_atlas_probe",
        "description": null,
        "country_code": "FR",
        "asn_v4": 20473,
        "asn_v6": null,
        "prefix_v4": "45.76.44.0/22",
        "prefix_v6": null,
        "status_id": 1,
        "status": "Connected",
        "is_public": true,
        "is_anchor": false,
        "tags": [
          "system: Auto GEOIP city",
          "system: IPv4 Capable",
          "system: IPv4 Stable 30d",
          "system: IPv4 Stable 90d",
          "system: IPv4 Works",
          "system: Resolves A Correctly",
          "system: Resolves AAAA Correctly",
          "system: Software",
          "system: software"
        ],
        "first_connected": 1775547076,
        "last_connected": 1791379929,
        "source": "RIPE Atlas",
        "evidence_type": "OBSERVED",
        "location_accuracy": "OBFUSCATED"
      }
    },
    {
      "type": "Feature",
      "id": "ripe-probe-1015310",
      "geometry": {
        "type": "Point",
        "coordinates": [
          2.3975,
          48.9175
        ]
      },
      "properties": {
        "id": "ripe-probe-1015310",
        "probe_id": 1015310,
        "node_type": "ripe_atlas_probe",
        "description": "PAR8",
        "country_code": "FR",
        "asn_v4": 212087,
        "asn_v6": null,
        "prefix_v4": "149.71.41.0/24",
        "prefix_v6": null,
        "status_id": 1,
        "status": "Connected",
        "is_public": true,
        "is_anchor": false,
        "tags": [
          "system: Auto GEOIP city",
          "system: IPv4 Capable",
          "system: IPv4 RFC1918",
          "system: IPv4 Stable 30d",
          "system: IPv4 Stable 90d",
          "system: IPv4 Works",
          "system: Resolves A Correctly",
          "system: Resolves AAAA Correctly",
          "system: Software",
          "system: software"
        ],
        "first_connected": 1776084134,
        "last_connected": 1791379929,
        "source": "RIPE Atlas",
        "evidence_type": "OBSERVED",
        "location_accuracy": "OBFUSCATED"
      }
    },
    {
      "type": "Feature",
      "id": "ripe-probe-1015348",
      "geometry": {
        "type": "Point",
        "coordinates": [
          2.3495,
          48.8615
        ]
      },
      "properties": {
        "id": "ripe-probe-1015348",
        "probe_id": 1015348,
        "node_type": "ripe_atlas_probe",
        "description": null,
        "country_code": "FR",
        "asn_v4": 12322,
        "asn_v6": null,
        "prefix_v4": "88.164.32.0/19",
        "prefix_v6": null,
        "status_id": 1,
        "status": "Connected",
        "is_public": true,
        "is_anchor": false,
        "tags": [
          "system: Auto GEOIP city",
          "system: IPv4 Capable",
          "system: IPv4 RFC1918",
          "system: IPv4 Stable 1d",
          "system: IPv4 Works",
          "system: Resolves A Correctly",
          "system: Resolves AAAA Correctly",
          "system: Software",
          "system: software"
        ],
        "first_connected": 1776237770,
        "last_connected": 1791379929,
        "source": "RIPE Atlas",
        "evidence_type": "OBSERVED",
        "location_accuracy": "OBFUSCATED"
      }
    },
    {
      "type": "Feature",
      "id": "ripe-probe-1015478",
      "geometry": {
        "type": "Point",
        "coordinates": [
          2.3405,
          48.8615
        ]
      },
      "properties": {
        "id": "ripe-probe-1015478",
        "probe_id": 1015478,
        "node_type": "ripe_atlas_probe",
        "description": null,
        "country_code": "FR",
        "asn_v4": 16276,
        "asn_v6": null,
        "prefix_v4": "54.37.0.0/16",
        "prefix_v6": null,
        "status_id": 1,
        "status": "Connected",
        "is_public": true,
        "is_anchor": false,
        "tags": [
          "system: Auto GEOIP country",
          "system: IPv4 Capable",
          "system: IPv4 Stable 30d",
          "system: IPv4 Stable 90d",
          "system: IPv4 Works",
          "system: Resolves A Correctly",
          "system: Resolves AAAA Correctly",
          "system: Software",
          "system: software"
        ],
        "first_connected": 1776518709,
        "last_connected": 1791379929,
        "source": "RIPE Atlas",
        "evidence_type": "OBSERVED",
        "location_accuracy": "OBFUSCATED"
      }
    },
    {
      "type": "Feature",
      "id": "ripe-probe-1015516",
      "geometry": {
        "type": "Point",
        "coordinates": [
          2.3375,
          48.8605
        ]
      },
      "properties": {
        "id": "ripe-probe-1015516",
        "probe_id": 1015516,
        "node_type": "ripe_atlas_probe",
        "description": null,
        "country_code": "FR",
        "asn_v4": 16276,
        "asn_v6": 16276,
        "prefix_v4": "51.75.0.0/16",
        "prefix_v6": "2001:41d0::/32",
        "status_id": 1,
        "status": "Connected",
        "is_public": true,
        "is_anchor": false,
        "tags": [
          "system: Auto GEOIP country",
          "system: IPv4 Capable",
          "system: IPv4 Stable 30d",
          "system: IPv4 Stable 90d",
          "system: IPv4 Works",
          "system: IPv6 Capable",
          "system: IPv6 Stable 30d",
          "system: IPv6 Stable 90d",
          "system: IPv6 Works",
          "system: Resolves A Correctly",
          "system: Resolves AAAA Correctly",
          "system: Software",
          "system: software"
        ],
        "first_connected": 1776698257,
        "last_connected": 1791379929,
        "source": "RIPE Atlas",
        "evidence_type": "OBSERVED",
        "location_accuracy": "OBFUSCATED"
      }
    },
    {
      "type": "Feature",
      "id": "ripe-probe-1015528",
      "geometry": {
        "type": "Point",
        "coordinates": [
          2.3385,
          48.8615
        ]
      },
      "properties": {
        "id": "ripe-probe-1015528",
        "probe_id": 1015528,
        "node_type": "ripe_atlas_probe",
        "description": null,
        "country_code": "FR",
        "asn_v4": 16276,
        "asn_v6": null,
        "prefix_v4": "141.94.0.0/16",
        "prefix_v6": null,
        "status_id": 1,
        "status": "Connected",
        "is_public": true,
        "is_anchor": false,
        "tags": [
          "system: Auto GEOIP country",
          "system: IPv4 Capable",
          "system: IPv4 RFC1918",
          "system: IPv4 Stable 1d",
          "system: IPv4 Stable 30d",
          "system: IPv4 Stable 90d",
          "system: IPv4 Works",
          "system: Resolves A Correctly",
          "system: Resolves AAAA Correctly",
          "system: Software",
          "system: software"
        ],
        "first_connected": 1776776739,
        "last_connected": 1791379929,
        "source": "RIPE Atlas",
        "evidence_type": "OBSERVED",
        "location_accuracy": "OBFUSCATED"
      }
    },
    {
      "type": "Feature",
      "id": "ripe-probe-1015529",
      "geometry": {
        "type": "Point",
        "coordinates": [
          2.3385,
          48.8615
        ]
      },
      "properties": {
        "id": "ripe-probe-1015529",
        "probe_id": 1015529,
        "node_type": "ripe_atlas_probe",
        "description": null,
        "country_code": "FR",
        "asn_v4": 16276,
        "asn_v6": null,
        "prefix_v4": "5.135.0.0/16",
        "prefix_v6": null,
        "status_id": 1,
        "status": "Connected",
        "is_public": true,
        "is_anchor": false,
        "tags": [
          "system: Auto GEOIP country",
          "system: IPv4 Capable",
          "system: IPv4 RFC1918",
          "system: IPv4 Stable 30d",
          "system: IPv4 Stable 90d",
          "system: IPv4 Works",
          "system: Resolves A Correctly",
          "system: Resolves AAAA Correctly",
          "system: Software",
          "system: software"
        ],
        "first_connected": 1776776739,
        "last_connected": 1791379929,
        "source": "RIPE Atlas",
        "evidence_type": "OBSERVED",
        "location_accuracy": "OBFUSCATED"
      }
    },
    {
      "type": "Feature",
      "id": "ripe-probe-1015530",
      "geometry": {
        "type": "Point",
        "coordinates": [
          2.3385,
          48.8575
        ]
      },
      "properties": {
        "id": "ripe-probe-1015530",
        "probe_id": 1015530,
        "node_type": "ripe_atlas_probe",
        "description": null,
        "country_code": "FR",
        "asn_v4": 16276,
        "asn_v6": null,
        "prefix_v4": "51.83.0.0/16",
        "prefix_v6": null,
        "status_id": 1,
        "status": "Connected",
        "is_public": true,
        "is_anchor": false,
        "tags": [
          "system: Auto GEOIP country",
          "system: IPv4 Capable",
          "system: IPv4 RFC1918",
          "system: IPv4 Stable 30d",
          "system: IPv4 Stable 90d",
          "system: IPv4 Works",
          "system: Resolves A Correctly",
          "system: Resolves AAAA Correctly",
          "system: Software",
          "system: software"
        ],
        "first_connected": 1776776739,
        "last_connected": 1791379929,
        "source": "RIPE Atlas",
        "evidence_type": "OBSERVED",
        "location_accuracy": "OBFUSCATED"
      }
    },
    {
      "type": "Feature",
      "id": "ripe-probe-1015531",
      "geometry": {
        "type": "Point",
        "coordinates": [
          2.3385,
          48.8575
        ]
      },
      "properties": {
        "id": "ripe-probe-1015531",
        "probe_id": 1015531,
        "node_type": "ripe_atlas_probe",
        "description": null,
        "country_code": "FR",
        "asn_v4": 16276,
        "asn_v6": null,
        "prefix_v4": "178.32.0.0/15",
        "prefix_v6": null,
        "status_id": 1,
        "status": "Connected",
        "is_public": true,
        "is_anchor": false,
        "tags": [
          "system: Auto GEOIP country",
          "system: IPv4 Capable",
          "system: IPv4 RFC1918",
          "system: IPv4 Stable 30d",
          "system: IPv4 Stable 90d",
          "system: IPv4 Works",
          "system: Resolves A Correctly",
          "system: Resolves AAAA Correctly",
          "system: Software",
          "system: software"
        ],
        "first_connected": 1776776739,
        "last_connected": 1791379929,
        "source": "RIPE Atlas",
        "evidence_type": "OBSERVED",
        "location_accuracy": "OBFUSCATED"
      }
    },
    {
      "type": "Feature",
      "id": "ripe-probe-1015578",
      "geometry": {
        "type": "Point",
        "coordinates": [
          2.3905,
          48.9215
        ]
      },
      "properties": {
        "id": "ripe-probe-1015578",
        "probe_id": 1015578,
        "node_type": "ripe_atlas_probe",
        "description": null,
        "country_code": "FR",
        "asn_v4": 18854,
        "asn_v6": 18854,
        "prefix_v4": "141.195.117.0/24",
        "prefix_v6": "2606:aec0:3000::/36",
        "status_id": 1,
        "status": "Connected",
        "is_public": true,
        "is_anchor": false,
        "tags": [
          "system: Auto GEOIP city",
          "system: IPv4 Capable",
          "system: IPv4 Stable 1d",
          "system: IPv4 Stable 30d",
          "system: IPv4 Stable 90d",
          "system: IPv4 Works",
          "system: IPv6 Capable",
          "system: IPv6 Stable 1d",
          "system: IPv6 Stable 30d",
          "system: IPv6 Stable 90d",
          "system: IPv6 Works",
          "system: Resolves A Correctly",
          "system: Resolves AAAA Correctly",
          "system: Software",
          "system: software"
        ],
        "first_connected": 1777327750,
        "last_connected": 1791379929,
        "source": "RIPE Atlas",
        "evidence_type": "OBSERVED",
        "location_accuracy": "OBFUSCATED"
      }
    },
    {
      "type": "Feature",
      "id": "ripe-probe-1015685",
      "geometry": {
        "type": "Point",
        "coordinates": [
          2.3415,
          48.8595
        ]
      },
      "properties": {
        "id": "ripe-probe-1015685",
        "probe_id": 1015685,
        "node_type": "ripe_atlas_probe",
        "description": null,
        "country_code": "FR",
        "asn_v4": 12322,
        "asn_v6": 12322,
        "prefix_v4": "82.64.0.0/14",
        "prefix_v6": "2a01:e0a:e98::/45",
        "status_id": 1,
        "status": "Connected",
        "is_public": true,
        "is_anchor": false,
        "tags": [
          "system: Auto GEOIP country",
          "system: IPv4 Capable",
          "system: IPv4 RFC1918",
          "system: IPv4 Stable 30d",
          "system: IPv4 Stable 90d",
          "system: IPv4 Works",
          "system: IPv6 Capable",
          "system: IPv6 Stable 30d",
          "system: IPv6 Stable 90d",
          "system: IPv6 Works",
          "system: Resolves A Correctly",
          "system: Resolves AAAA Correctly",
          "system: Software",
          "system: software"
        ],
        "first_connected": 1778419871,
        "last_connected": 1791379929,
        "source": "RIPE Atlas",
        "evidence_type": "OBSERVED",
        "location_accuracy": "OBFUSCATED"
      }
    },
    {
      "type": "Feature",
      "id": "ripe-probe-1015691",
      "geometry": {
        "type": "Point",
        "coordinates": [
          2.3515,
          48.8575
        ]
      },
      "properties": {
        "id": "ripe-probe-1015691",
        "probe_id": 1015691,
        "node_type": "ripe_atlas_probe",
        "description": null,
        "country_code": "FR",
        "asn_v4": 12876,
        "asn_v6": null,
        "prefix_v4": "195.154.0.0/16",
        "prefix_v6": null,
        "status_id": 1,
        "status": "Connected",
        "is_public": true,
        "is_anchor": false,
        "tags": [
          "system: Auto GEOIP city",
          "system: IPv4 Capable",
          "system: IPv4 Stable 30d",
          "system: IPv4 Stable 90d",
          "system: IPv4 Works",
          "system: Resolves A Correctly",
          "system: Resolves AAAA Correctly",
          "system: Software",
          "system: software"
        ],
        "first_connected": 1778492984,
        "last_connected": 1791379929,
        "source": "RIPE Atlas",
        "evidence_type": "OBSERVED",
        "location_accuracy": "OBFUSCATED"
      }
    },
    {
      "type": "Feature",
      "id": "ripe-probe-1016168",
      "geometry": {
        "type": "Point",
        "coordinates": [
          2.2905,
          48.8915
        ]
      },
      "properties": {
        "id": "ripe-probe-1016168",
        "probe_id": 1016168,
        "node_type": "ripe_atlas_probe",
        "description": null,
        "country_code": "FR",
        "asn_v4": 3215,
        "asn_v6": 3215,
        "prefix_v4": "82.125.128.0/17",
        "prefix_v6": "2a01:cb00::/30",
        "status_id": 1,
        "status": "Connected",
        "is_public": true,
        "is_anchor": false,
        "tags": [
          "system: Auto GEOIP city",
          "system: IPv4 Capable",
          "system: IPv4 RFC1918",
          "system: IPv4 Stable 1d",
          "system: IPv4 Stable 30d",
          "system: IPv4 Stable 90d",
          "system: IPv4 Works",
          "system: IPv6 Capable",
          "system: IPv6 Stable 1d",
          "system: IPv6 Stable 30d",
          "system: IPv6 Stable 90d",
          "system: IPv6 Works",
          "system: Resolves A Correctly",
          "system: Resolves AAAA Correctly",
          "system: Software",
          "system: software"
        ],
        "first_connected": 1781624026,
        "last_connected": 1791379929,
        "source": "RIPE Atlas",
        "evidence_type": "OBSERVED",
        "location_accuracy": "OBFUSCATED"
      }
    },
    {
      "type": "Feature",
      "id": "ripe-probe-1016309",
      "geometry": {
        "type": "Point",
        "coordinates": [
          2.3475,
          48.8615
        ]
      },
      "properties": {
        "id": "ripe-probe-1016309",
        "probe_id": 1016309,
        "node_type": "ripe_atlas_probe",
        "description": null,
        "country_code": "FR",
        "asn_v4": 47583,
        "asn_v6": null,
        "prefix_v4": "145.223.34.0/24",
        "prefix_v6": null,
        "status_id": 1,
        "status": "Connected",
        "is_public": true,
        "is_anchor": false,
        "tags": [
          "system: Auto GEOIP city",
          "system: IPv4 Capable",
          "system: IPv4 RFC1918",
          "system: IPv4 Stable 1d",
          "system: IPv4 Stable 30d",
          "system: IPv4 Stable 90d",
          "system: IPv4 Works",
          "system: Resolves A Correctly",
          "system: Resolves AAAA Correctly",
          "system: Software",
          "system: software"
        ],
        "first_connected": 1782018449,
        "last_connected": 1791379929,
        "source": "RIPE Atlas",
        "evidence_type": "OBSERVED",
        "location_accuracy": "OBFUSCATED"
      }
    },
    {
      "type": "Feature",
      "id": "ripe-probe-1016392",
      "geometry": {
        "type": "Point",
        "coordinates": [
          2.3415,
          48.8585
        ]
      },
      "properties": {
        "id": "ripe-probe-1016392",
        "probe_id": 1016392,
        "node_type": "ripe_atlas_probe",
        "description": "FR-GRA_OVH",
        "country_code": "FR",
        "asn_v4": 16276,
        "asn_v6": 16276,
        "prefix_v4": "217.182.0.0/16",
        "prefix_v6": "2001:41d0::/32",
        "status_id": 1,
        "status": "Connected",
        "is_public": true,
        "is_anchor": false,
        "tags": [
          "Datacentre",
          "Docker",
          "IPv4",
          "IPv6",
          "Native IPv4",
          "Native IPv6",
          "No NAT",
          "VPS",
          "dual-stack",
          "podman",
          "system: Auto GEOIP country",
          "system: IPv4 Capable",
          "system: IPv4 Stable 1d",
          "system: IPv4 Stable 30d",
          "system: IPv4 Stable 90d",
          "system: IPv4 Works",
          "system: IPv6 Capable",
          "system: IPv6 Stable 1d",
          "system: IPv6 Stable 30d",
          "system: IPv6 Stable 90d",
          "system: IPv6 Works",
          "system: Resolves A Correctly",
          "system: Resolves AAAA Correctly",
          "system: Software",
          "system: software"
        ],
        "first_connected": 1782624193,
        "last_connected": 1791379929,
        "source": "RIPE Atlas",
        "evidence_type": "OBSERVED",
        "location_accuracy": "OBFUSCATED"
      }
    },
    {
      "type": "Feature",
      "id": "ripe-probe-1016396",
      "geometry": {
        "type": "Point",
        "coordinates": [
          2.3515,
          48.8605
        ]
      },
      "properties": {
        "id": "ripe-probe-1016396",
        "probe_id": 1016396,
        "node_type": "ripe_atlas_probe",
        "description": "Finenumbers (France)",
        "country_code": "FR",
        "asn_v4": 41745,
        "asn_v6": null,
        "prefix_v4": "138.124.70.0/24",
        "prefix_v6": null,
        "status_id": 1,
        "status": "Connected",
        "is_public": true,
        "is_anchor": false,
        "tags": [
          "system: Auto GEOIP city",
          "system: IPv4 Capable",
          "system: IPv4 RFC1918",
          "system: IPv4 Stable 30d",
          "system: IPv4 Stable 90d",
          "system: IPv4 Works",
          "system: IPv6 Capable",
          "system: IPv6 Doesn't Work",
          "system: IPv6 Stable 30d",
          "system: IPv6 Stable 90d",
          "system: IPv6 ULA",
          "system: Resolves A Correctly",
          "system: Resolves AAAA Correctly",
          "system: Software",
          "system: software"
        ],
        "first_connected": 1782652320,
        "last_connected": 1791379929,
        "source": "RIPE Atlas",
        "evidence_type": "OBSERVED",
        "location_accuracy": "OBFUSCATED"
      }
    },
    {
      "type": "Feature",
      "id": "ripe-probe-1016453",
      "geometry": {
        "type": "Point",
        "coordinates": [
          2.3395,
          48.8585
        ]
      },
      "properties": {
        "id": "ripe-probe-1016453",
        "probe_id": 1016453,
        "node_type": "ripe_atlas_probe",
        "description": "L'air de rien",
        "country_code": "FR",
        "asn_v4": 199636,
        "asn_v6": null,
        "prefix_v4": "45.80.8.0/22",
        "prefix_v6": null,
        "status_id": 1,
        "status": "Connected",
        "is_public": true,
        "is_anchor": false,
        "tags": [
          "system: Auto GEOIP country",
          "system: IPv4 Capable",
          "system: IPv4 RFC1918",
          "system: IPv4 Stable 30d",
          "system: IPv4 Stable 90d",
          "system: IPv4 Works",
          "system: Resolves A Correctly",
          "system: Resolves AAAA Correctly",
          "system: Software",
          "system: software"
        ],
        "first_connected": 1783345189,
        "last_connected": 1791379929,
        "source": "RIPE Atlas",
        "evidence_type": "OBSERVED",
        "location_accuracy": "OBFUSCATED"
      }
    },
    {
      "type": "Feature",
      "id": "ripe-probe-1016461",
      "geometry": {
        "type": "Point",
        "coordinates": [
          2.3405,
          48.8575
        ]
      },
      "properties": {
        "id": "ripe-probe-1016461",
        "probe_id": 1016461,
        "node_type": "ripe_atlas_probe",
        "description": null,
        "country_code": "FR",
        "asn_v4": 16276,
        "asn_v6": null,
        "prefix_v4": "51.210.0.0/16",
        "prefix_v6": null,
        "status_id": 1,
        "status": "Connected",
        "is_public": true,
        "is_anchor": false,
        "tags": [
          "system: Auto GEOIP country",
          "system: IPv4 Capable",
          "system: IPv4 RFC1918",
          "system: IPv4 Stable 1d",
          "system: IPv4 Stable 30d",
          "system: IPv4 Stable 90d",
          "system: IPv4 Works",
          "system: Resolves A Correctly",
          "system: Resolves AAAA Correctly",
          "system: Software",
          "system: software"
        ],
        "first_connected": 1783361431,
        "last_connected": 1791379929,
        "source": "RIPE Atlas",
        "evidence_type": "OBSERVED",
        "location_accuracy": "OBFUSCATED"
      }
    },
    {
      "type": "Feature",
      "id": "ripe-probe-1016689",
      "geometry": {
        "type": "Point",
        "coordinates": [
          2.3215,
          48.8615
        ]
      },
      "properties": {
        "id": "ripe-probe-1016689",
        "probe_id": 1016689,
        "node_type": "ripe_atlas_probe",
        "description": "AS2917 - Probe #2",
        "country_code": "FR",
        "asn_v4": 16509,
        "asn_v6": null,
        "prefix_v4": "35.180.0.0/16",
        "prefix_v6": null,
        "status_id": 1,
        "status": "Connected",
        "is_public": true,
        "is_anchor": false,
        "tags": [
          "AWS",
          "IPv4",
          "NAT",
          "Native IPv4",
          "system: IPv4 Capable",
          "system: IPv4 RFC1918",
          "system: IPv4 Stable 30d",
          "system: IPv4 Works",
          "system: Resolves A Correctly",
          "system: Resolves AAAA Correctly",
          "system: Software",
          "system: software"
        ],
        "first_connected": 1784794320,
        "last_connected": 1791379929,
        "source": "RIPE Atlas",
        "evidence_type": "OBSERVED",
        "location_accuracy": "OBFUSCATED"
      }
    },
    {
      "type": "Feature",
      "id": "ripe-probe-1016764",
      "geometry": {
        "type": "Point",
        "coordinates": [
          2.3505,
          48.8495
        ]
      },
      "properties": {
        "id": "ripe-probe-1016764",
        "probe_id": 1016764,
        "node_type": "ripe_atlas_probe",
        "description": "FreeBSD KVM VPS",
        "country_code": "FR",
        "asn_v4": 46475,
        "asn_v6": null,
        "prefix_v4": "31.58.102.0/24",
        "prefix_v6": null,
        "status_id": 1,
        "status": "Connected",
        "is_public": true,
        "is_anchor": false,
        "tags": [
          "BETA",
          "No IPv6",
          "No NAT",
          "system: IPv4 Capable",
          "system: IPv4 Stable 30d",
          "system: IPv4 Works",
          "system: Resolves A Correctly",
          "system: Resolves AAAA Correctly",
          "system: Software",
          "system: software"
        ],
        "first_connected": 1785112998,
        "last_connected": 1791379929,
        "source": "RIPE Atlas",
        "evidence_type": "OBSERVED",
        "location_accuracy": "OBFUSCATED"
      }
    },
    {
      "type": "Feature",
      "id": "ripe-probe-1016779",
      "geometry": {
        "type": "Point",
        "coordinates": [
          2.2105,
          48.7815
        ]
      },
      "properties": {
        "id": "ripe-probe-1016779",
        "probe_id": 1016779,
        "node_type": "ripe_atlas_probe",
        "description": "Vélizy PAR2",
        "country_code": "FR",
        "asn_v4": 216190,
        "asn_v6": 216190,
        "prefix_v4": "82.23.134.0/24",
        "prefix_v6": "2a0e:b107:1ac0::/48",
        "status_id": 1,
        "status": "Connected",
        "is_public": true,
        "is_anchor": false,
        "tags": [
          "system: IPv4 Capable",
          "system: IPv4 Stable 30d",
          "system: IPv4 Works",
          "system: IPv6 Capable",
          "system: IPv6 Stable 30d",
          "system: IPv6 Works",
          "system: Resolves A Correctly",
          "system: Resolves AAAA Correctly",
          "system: Software",
          "system: software"
        ],
        "first_connected": 1785264111,
        "last_connected": 1791379929,
        "source": "RIPE Atlas",
        "evidence_type": "OBSERVED",
        "location_accuracy": "OBFUSCATED"
      }
    },
    {
      "type": "Feature",
      "id": "ripe-probe-1016809",
      "geometry": {
        "type": "Point",
        "coordinates": [
          2.3675,
          48.9115
        ]
      },
      "properties": {
        "id": "ripe-probe-1016809",
        "probe_id": 1016809,
        "node_type": "ripe_atlas_probe",
        "description": "Blue Shark Plushies Probe's",
        "country_code": "FR",
        "asn_v4": 216155,
        "asn_v6": 216155,
        "prefix_v4": "195.95.144.0/24",
        "prefix_v6": "2a0f:85c1:b60::/44",
        "status_id": 1,
        "status": "Connected",
        "is_public": true,
        "is_anchor": false,
        "tags": [
          "Datacentre",
          "Native IPv4",
          "Native IPv6",
          "VPS",
          "system: IPv4 Capable",
          "system: IPv4 Stable 30d",
          "system: IPv4 Works",
          "system: IPv6 Capable",
          "system: IPv6 Stable 30d",
          "system: IPv6 Works",
          "system: Resolves A Correctly",
          "system: Resolves AAAA Correctly",
          "system: Software",
          "system: software"
        ],
        "first_connected": 1785482466,
        "last_connected": 1791379929,
        "source": "RIPE Atlas",
        "evidence_type": "OBSERVED",
        "location_accuracy": "OBFUSCATED"
      }
    },
    {
      "type": "Feature",
      "id": "ripe-probe-1016810",
      "geometry": {
        "type": "Point",
        "coordinates": [
          2.3675,
          48.9075
        ]
      },
      "properties": {
        "id": "ripe-probe-1016810",
        "probe_id": 1016810,
        "node_type": "ripe_atlas_probe",
        "description": "Rdem Systems PA5 Probe",
        "country_code": "FR",
        "asn_v4": 206014,
        "asn_v6": 206014,
        "prefix_v4": "45.13.156.0/24",
        "prefix_v6": "2a00:6420:ff00::/40",
        "status_id": 1,
        "status": "Connected",
        "is_public": true,
        "is_anchor": false,
        "tags": [
          "system: IPv4 Capable",
          "system: IPv4 Stable 1d",
          "system: IPv4 Stable 30d",
          "system: IPv4 Works",
          "system: IPv6 Capable",
          "system: IPv6 Stable 1d",
          "system: IPv6 Stable 30d",
          "system: IPv6 Works",
          "system: Resolves A Correctly",
          "system: Resolves AAAA Correctly",
          "system: Software",
          "system: software"
        ],
        "first_connected": 1785497614,
        "last_connected": 1791379929,
        "source": "RIPE Atlas",
        "evidence_type": "OBSERVED",
        "location_accuracy": "OBFUSCATED"
      }
    },
    {
      "type": "Feature",
      "id": "ripe-probe-1016811",
      "geometry": {
        "type": "Point",
        "coordinates": [
          2.3775,
          48.8575
        ]
      },
      "properties": {
        "id": "ripe-probe-1016811",
        "probe_id": 1016811,
        "node_type": "ripe_atlas_probe",
        "description": "Rdem Systems NS, running on IPSET ASN",
        "country_code": "FR",
        "asn_v4": 199275,
        "asn_v6": 199275,
        "prefix_v4": "217.26.136.0/21",
        "prefix_v6": "2a00:6420::/32",
        "status_id": 1,
        "status": "Connected",
        "is_public": true,
        "is_anchor": false,
        "tags": [
          "system: IPv4 Capable",
          "system: IPv4 Stable 30d",
          "system: IPv4 Works",
          "system: IPv6 Capable",
          "system: IPv6 Stable 30d",
          "system: IPv6 Works",
          "system: Resolves A Correctly",
          "system: Resolves AAAA Correctly",
          "system: Software",
          "system: software"
        ],
        "first_connected": 1785497676,
        "last_connected": 1791379929,
        "source": "RIPE Atlas",
        "evidence_type": "OBSERVED",
        "location_accuracy": "OBFUSCATED"
      }
    },
    {
      "type": "Feature",
      "id": "ripe-probe-1016901",
      "geometry": {
        "type": "Point",
        "coordinates": [
          2.3475,
          48.8475
        ]
      },
      "properties": {
        "id": "ripe-probe-1016901",
        "probe_id": 1016901,
        "node_type": "ripe_atlas_probe",
        "description": "PAR1",
        "country_code": "FR",
        "asn_v4": 199912,
        "asn_v6": null,
        "prefix_v4": "194.24.161.0/24",
        "prefix_v6": null,
        "status_id": 1,
        "status": "Connected",
        "is_public": true,
        "is_anchor": false,
        "tags": [
          "system: IPv4 Capable",
          "system: IPv4 RFC1918",
          "system: IPv4 Stable 30d",
          "system: IPv4 Works",
          "system: Resolves A Correctly",
          "system: Resolves AAAA Correctly",
          "system: Software",
          "system: software"
        ],
        "first_connected": 1785863274,
        "last_connected": 1791379929,
        "source": "RIPE Atlas",
        "evidence_type": "OBSERVED",
        "location_accuracy": "OBFUSCATED"
      }
    },
    {
      "type": "Feature",
      "id": "ripe-probe-1017037",
      "geometry": {
        "type": "Point",
        "coordinates": [
          2.4985,
          48.9005
        ]
      },
      "properties": {
        "id": "ripe-probe-1017037",
        "probe_id": 1017037,
        "node_type": "ripe_atlas_probe",
        "description": "Bouygues Telecom FTTH 8Gbps / SFR FTTLA 1Gbps / Lebara 5G NR (Software)",
        "country_code": "FR",
        "asn_v4": 15557,
        "asn_v6": null,
        "prefix_v4": "92.88.0.0/13",
        "prefix_v6": null,
        "status_id": 1,
        "status": "Connected",
        "is_public": true,
        "is_anchor": false,
        "tags": [
          "system: Doesn't Resolve A",
          "system: Doesn't Resolve AAAA",
          "system: IPv4 Capable",
          "system: IPv4 Doesn't Work",
          "system: IPv4 RFC1918",
          "system: IPv6 Capable",
          "system: IPv6 ULA",
          "system: Software",
          "system: software"
        ],
        "first_connected": 1786633696,
        "last_connected": 1791379929,
        "source": "RIPE Atlas",
        "evidence_type": "OBSERVED",
        "location_accuracy": "OBFUSCATED"
      }
    },
    {
      "type": "Feature",
      "id": "ripe-probe-1017057",
      "geometry": {
        "type": "Point",
        "coordinates": [
          2.5495,
          48.9105
        ]
      },
      "properties": {
        "id": "ripe-probe-1017057",
        "probe_id": 1017057,
        "node_type": "ripe_atlas_probe",
        "description": "Proxmox Docker",
        "country_code": "FR",
        "asn_v4": 12322,
        "asn_v6": 12322,
        "prefix_v4": "82.64.0.0/14",
        "prefix_v6": "2a01:e0a:b28::/45",
        "status_id": 1,
        "status": "Connected",
        "is_public": true,
        "is_anchor": false,
        "tags": [
          "system: IPv4 Capable",
          "system: IPv4 RFC1918",
          "system: IPv4 Stable 30d",
          "system: IPv4 Works",
          "system: IPv6 Capable",
          "system: IPv6 Stable 30d",
          "system: IPv6 Works",
          "system: Resolves A Correctly",
          "system: Resolves AAAA Correctly",
          "system: Software",
          "system: software"
        ],
        "first_connected": 1786757628,
        "last_connected": 1791379929,
        "source": "RIPE Atlas",
        "evidence_type": "OBSERVED",
        "location_accuracy": "OBFUSCATED"
      }
    },
    {
      "type": "Feature",
      "id": "ripe-probe-1017304",
      "geometry": {
        "type": "Point",
        "coordinates": [
          2.1475,
          48.8995
        ]
      },
      "properties": {
        "id": "ripe-probe-1017304",
        "probe_id": 1017304,
        "node_type": "ripe_atlas_probe",
        "description": null,
        "country_code": "FR",
        "asn_v4": 12322,
        "asn_v6": 12322,
        "prefix_v4": "82.64.0.0/14",
        "prefix_v6": "2a01:e0a:1148::/45",
        "status_id": 1,
        "status": "Connected",
        "is_public": true,
        "is_anchor": false,
        "tags": [
          "system: IPv4 Capable",
          "system: IPv4 RFC1918",
          "system: IPv4 Stable 1d",
          "system: IPv4 Stable 30d",
          "system: IPv4 Works",
          "system: IPv6 Capable",
          "system: IPv6 Stable 1d",
          "system: IPv6 Stable 30d",
          "system: IPv6 Works",
          "system: Resolves A Correctly",
          "system: Resolves AAAA Correctly",
          "system: software"
        ],
        "first_connected": 1788173094,
        "last_connected": 1791379929,
        "source": "RIPE Atlas",
        "evidence_type": "OBSERVED",
        "location_accuracy": "OBFUSCATED"
      }
    },
    {
      "type": "Feature",
      "id": "ripe-probe-1017406",
      "geometry": {
        "type": "Point",
        "coordinates": [
          2.1875,
          48.7805
        ]
      },
      "properties": {
        "id": "ripe-probe-1017406",
        "probe_id": 1017406,
        "node_type": "ripe_atlas_probe",
        "description": null,
        "country_code": "FR",
        "asn_v4": 203919,
        "asn_v6": null,
        "prefix_v4": "38.143.19.0/24",
        "prefix_v6": null,
        "status_id": 1,
        "status": "Connected",
        "is_public": true,
        "is_anchor": false,
        "tags": [
          "system: IPv4 Capable",
          "system: IPv4 Stable 1d",
          "system: IPv4 Works",
          "system: Resolves A Correctly",
          "system: Resolves AAAA Correctly",
          "system: software"
        ],
        "first_connected": 1788558474,
        "last_connected": 1791379929,
        "source": "RIPE Atlas",
        "evidence_type": "OBSERVED",
        "location_accuracy": "OBFUSCATED"
      }
    },
    {
      "type": "Feature",
      "id": "ripe-probe-1017456",
      "geometry": {
        "type": "Point",
        "coordinates": [
          2.3295,
          48.9205
        ]
      },
      "properties": {
        "id": "ripe-probe-1017456",
        "probe_id": 1017456,
        "node_type": "ripe_atlas_probe",
        "description": "old",
        "country_code": "FR",
        "asn_v4": 3215,
        "asn_v6": 3215,
        "prefix_v4": "86.218.0.0/17",
        "prefix_v6": "2a01:cb08::/30",
        "status_id": 1,
        "status": "Connected",
        "is_public": true,
        "is_anchor": false,
        "tags": [
          "Fibre",
          "Homelab",
          "IPv4",
          "IPv6",
          "Raspberry Pi",
          "system: IPv4 Capable",
          "system: IPv4 RFC1918",
          "system: IPv4 Works",
          "system: IPv6 Capable",
          "system: IPv6 Works",
          "system: Resolves A Correctly",
          "system: Resolves AAAA Correctly",
          "system: software"
        ],
        "first_connected": 1788623371,
        "last_connected": 1791379929,
        "source": "RIPE Atlas",
        "evidence_type": "OBSERVED",
        "location_accuracy": "OBFUSCATED"
      }
    },
    {
      "type": "Feature",
      "id": "ripe-probe-1017640",
      "geometry": {
        "type": "Point",
        "coordinates": [
          2.3995,
          48.9275
        ]
      },
      "properties": {
        "id": "ripe-probe-1017640",
        "probe_id": 1017640,
        "node_type": "ripe_atlas_probe",
        "description": "GEN2-AZ-PAR1",
        "country_code": "FR",
        "asn_v4": 212087,
        "asn_v6": null,
        "prefix_v4": "149.71.46.0/23",
        "prefix_v6": null,
        "status_id": 1,
        "status": "Connected",
        "is_public": true,
        "is_anchor": false,
        "tags": [
          "system: IPv4 Capable",
          "system: IPv4 RFC1918",
          "system: IPv4 Works",
          "system: Resolves A Correctly",
          "system: Resolves AAAA Correctly",
          "system: software"
        ],
        "first_connected": 1789551729,
        "last_connected": 1791379929,
        "source": "RIPE Atlas",
        "evidence_type": "OBSERVED",
        "location_accuracy": "OBFUSCATED"
      }
    },
    {
      "type": "Feature",
      "id": "ripe-probe-1017792",
      "geometry": {
        "type": "Point",
        "coordinates": [
          2.3515,
          48.8485
        ]
      },
      "properties": {
        "id": "ripe-probe-1017792",
        "probe_id": 1017792,
        "node_type": "ripe_atlas_probe",
        "description": null,
        "country_code": "FR",
        "asn_v4": 41745,
        "asn_v6": null,
        "prefix_v4": "83.171.225.0/24",
        "prefix_v6": null,
        "status_id": 1,
        "status": "Connected",
        "is_public": true,
        "is_anchor": false,
        "tags": [
          "system: IPv4 Capable",
          "system: IPv4 RFC1918",
          "system: IPv4 Works",
          "system: Resolves A Correctly",
          "system: Resolves AAAA Correctly",
          "system: software"
        ],
        "first_connected": 1789977631,
        "last_connected": 1791379929,
        "source": "RIPE Atlas",
        "evidence_type": "OBSERVED",
        "location_accuracy": "OBFUSCATED"
      }
    },
    {
      "type": "Feature",
      "id": "ripe-probe-1017819",
      "geometry": {
        "type": "Point",
        "coordinates": [
          2.4075,
          48.7915
        ]
      },
      "properties": {
        "id": "ripe-probe-1017819",
        "probe_id": 1017819,
        "node_type": "ripe_atlas_probe",
        "description": "Scaleway DC2",
        "country_code": "FR",
        "asn_v4": 12876,
        "asn_v6": null,
        "prefix_v4": "163.172.0.0/16",
        "prefix_v6": null,
        "status_id": 1,
        "status": "Connected",
        "is_public": true,
        "is_anchor": false,
        "tags": [
          "system: IPv4 Capable",
          "system: IPv4 RFC1918",
          "system: IPv4 Works",
          "system: Resolves A Correctly",
          "system: Resolves AAAA Correctly",
          "system: software"
        ],
        "first_connected": 1790059934,
        "last_connected": 1791379929,
        "source": "RIPE Atlas",
        "evidence_type": "OBSERVED",
        "location_accuracy": "OBFUSCATED"
      }
    },
    {
      "type": "Feature",
      "id": "ripe-probe-1017833",
      "geometry": {
        "type": "Point",
        "coordinates": [
          2.3985,
          48.9285
        ]
      },
      "properties": {
        "id": "ripe-probe-1017833",
        "probe_id": 1017833,
        "node_type": "ripe_atlas_probe",
        "description": "GEN1-PAR",
        "country_code": "FR",
        "asn_v4": 212087,
        "asn_v6": null,
        "prefix_v4": "154.49.235.0/24",
        "prefix_v6": null,
        "status_id": 1,
        "status": "Connected",
        "is_public": true,
        "is_anchor": false,
        "tags": [
          "system: IPv4 Capable",
          "system: IPv4 RFC1918",
          "system: IPv4 Works",
          "system: Resolves A Correctly",
          "system: Resolves AAAA Correctly",
          "system: software"
        ],
        "first_connected": 1790075227,
        "last_connected": 1791379929,
        "source": "RIPE Atlas",
        "evidence_type": "OBSERVED",
        "location_accuracy": "OBFUSCATED"
      }
    },
    {
      "type": "Feature",
      "id": "ripe-probe-1018043",
      "geometry": {
        "type": "Point",
        "coordinates": [
          2.2495,
          48.7085
        ]
      },
      "properties": {
        "id": "ripe-probe-1018043",
        "probe_id": 1018043,
        "node_type": "ripe_atlas_probe",
        "description": "Probe Palaiseau France",
        "country_code": "FR",
        "asn_v4": 12322,
        "asn_v6": 12322,
        "prefix_v4": "82.64.0.0/14",
        "prefix_v6": "2a01:e0a:1150::/45",
        "status_id": 1,
        "status": "Connected",
        "is_public": true,
        "is_anchor": false,
        "tags": [
          "system: IPv4 Capable",
          "system: IPv4 RFC1918",
          "system: IPv4 Works",
          "system: IPv6 Capable",
          "system: IPv6 Works",
          "system: Resolves A Correctly",
          "system: Resolves AAAA Correctly",
          "system: software"
        ],
        "first_connected": 1791032891,
        "last_connected": 1791379929,
        "source": "RIPE Atlas",
        "evidence_type": "OBSERVED",
        "location_accuracy": "OBFUSCATED"
      }
    },
    {
      "type": "Feature",
      "id": "ripe-probe-1018067",
      "geometry": {
        "type": "Point",
        "coordinates": [
          2.3505,
          48.8505
        ]
      },
      "properties": {
        "id": "ripe-probe-1018067",
        "probe_id": 1018067,
        "node_type": "ripe_atlas_probe",
        "description": null,
        "country_code": "FR",
        "asn_v4": 12876,
        "asn_v6": null,
        "prefix_v4": "51.15.0.0/16",
        "prefix_v6": null,
        "status_id": 1,
        "status": "Connected",
        "is_public": true,
        "is_anchor": false,
        "tags": [
          "system: IPv4 Capable",
          "system: IPv4 RFC1918",
          "system: IPv4 Works",
          "system: Resolves A Correctly",
          "system: Resolves AAAA Correctly",
          "system: software"
        ],
        "first_connected": 1791108195,
        "last_connected": 1791379929,
        "source": "RIPE Atlas",
        "evidence_type": "OBSERVED",
        "location_accuracy": "OBFUSCATED"
      }
    },
    {
      "type": "Feature",
      "id": "ripe-probe-1018085",
      "geometry": {
        "type": "Point",
        "coordinates": [
          2.3215,
          48.8595
        ]
      },
      "properties": {
        "id": "ripe-probe-1018085",
        "probe_id": 1018085,
        "node_type": "ripe_atlas_probe",
        "description": null,
        "country_code": "FR",
        "asn_v4": 47583,
        "asn_v6": 47583,
        "prefix_v4": "72.62.22.0/24",
        "prefix_v6": "2a02:4780:28::/48",
        "status_id": 1,
        "status": "Connected",
        "is_public": true,
        "is_anchor": false,
        "tags": [
          "system: IPv4 Capable",
          "system: IPv4 Works",
          "system: IPv6 Capable",
          "system: IPv6 Works",
          "system: Resolves A Correctly",
          "system: Resolves AAAA Correctly",
          "system: software"
        ],
        "first_connected": 1791195983,
        "last_connected": 1791379929,
        "source": "RIPE Atlas",
        "evidence_type": "OBSERVED",
        "location_accuracy": "OBFUSCATED"
      }
    }
  ]
}