id,sup_id,latitude,longitude,address,address_1,address_2,address_3,postal_code,insee_code,support_height_m,operators,generations,systems,statuses,stations,system_count,node_type,source,evidence_type
anfr-529948,529948,48.86138888888889,2.3291666666666666,,QUAI DES TUILERIES,TUNEL,RIVE DROITE,75001,75101,"6,8",BOUYGUES TELECOM,4G,LTE 1800,En service,0752750182,1,mobile_radio_site,ANFR Open Data,PUBLIC_DECLARATION
anfr-531988,531988,48.863055555555555,2.341388888888889,,29 r jean jacques rousseau,,,75001,75101,33,BOUYGUES TELECOM | FREE MOBILE,2G | 3G | 4G | 5G,5G NR 2100 | 5G NR 3500 | 5G NR 700 | GSM 900 | LTE 1800 | LTE 2100 | LTE 2600 | LTE 700 | LTE 800 | LTE 900 | UMTS 900,En service | Techniquement opérationnel,0750990048 | 0752750697,16,mobile_radio_site,ANFR Open Data,PUBLIC_DECLARATION
anfr-572896,572896,48.855555555555554,2.3441666666666667,,"4, bd  du palais",imm du palais de justice,,75001,75101,33,BOUYGUES TELECOM | SFR,2G | 3G | 4G | 5G,5G NR 2100 | 5G NR 3500 | GSM 900 | LTE 1800 | LTE 2100 | LTE 2600 | LTE 700 | LTE 800 | UMTS 900,En service | Projet approuvé,0752700068 | 0752750407,12,mobile_radio_site,ANFR Open Data,PUBLIC_DECLARATION
anfr-713100,713100,48.863055555555555,2.3469444444444445,,112/118 r rambuteau,,,75001,75101,33,BOUYGUES TELECOM | SFR,2G | 3G | 4G | 5G,5G NR 2100 | 5G NR 3500 | GSM 900 | LTE 1800 | LTE 2100 | LTE 2600 | LTE 700 | LTE 800 | UMTS 2100 | UMTS 900,En service | Techniquement opérationnel,0752700168 | 0752750730,17,mobile_radio_site,ANFR Open Data,PUBLIC_DECLARATION
anfr-739731,739731,48.86694444444444,2.330833333333333,,21 Pl du marché St Honoré,,,75001,75101,"33,2",BOUYGUES TELECOM,2G | 3G | 4G | 5G,5G NR 2100 | 5G NR 3500 | GSM 900 | LTE 1800 | LTE 2100 | LTE 2600 | LTE 700 | LTE 800 | UMTS 900,En service | Techniquement opérationnel,0752751130,9,mobile_radio_site,ANFR Open Data,PUBLIC_DECLARATION
anfr-786195,786195,48.86138888888889,2.3405555555555555,,156 R DE RIVOLI,,,75001,75101,33,BOUYGUES TELECOM,2G | 3G | 4G | 5G,5G NR 2100 | 5G NR 3500 | GSM 900 | LTE 1800 | LTE 2100 | LTE 2600 | LTE 700 | LTE 800 | UMTS 900,En service | Techniquement opérationnel,0752750964,9,mobile_radio_site,ANFR Open Data,PUBLIC_DECLARATION
anfr-834352,834352,48.86833333333333,2.3249999999999997,,10 R DU CHEVALIER ST GEORGES,,,75001,75101,31,BOUYGUES TELECOM | SFR,2G | 3G | 4G | 5G,5G NR 2100 | 5G NR 3500 | GSM 900 | LTE 1800 | LTE 2100 | LTE 2600 | LTE 700 | LTE 800 | UMTS 900,En service | Projet approuvé | Techniquement opérationnel,0752700083 | 0752750978,15,mobile_radio_site,ANFR Open Data,PUBLIC_DECLARATION
anfr-2069219,2069219,48.86527777777778,2.3277777777777775,HOTEL MEURICE,228 R DE RIVOLI,,,75001,75101,39,BOUYGUES TELECOM,3G | 4G | 5G,5G NR 2100 | 5G NR 3500 | LTE 1800 | LTE 2100 | LTE 2600 | LTE 700 | LTE 800 | UMTS 900,En service | Projet approuvé | Techniquement opérationnel,0752752264,8,mobile_radio_site,ANFR Open Data,PUBLIC_DECLARATION
anfr-2082310,2082310,48.86277777777778,2.3372222222222225,Métro PALAIS ROYAL L1 L7,Place du palais royal,,,75001,75101,0,BOUYGUES TELECOM | ORANGE | SFR,3G | 4G,LTE 1800 | LTE 2100 | LTE 2600 | LTE 800 | UMTS 2100 | UMTS 900,En service | Projet approuvé,0752292188 | 0752701433 | 0752753025,16,mobile_radio_site,ANFR Open Data,PUBLIC_DECLARATION
anfr-2200807,2200807,48.86944444444445,2.3252777777777776,METRO MADELEINE - L8-12,23 BD DE LA MADELEINE,,,75001,75101,0,BOUYGUES TELECOM,3G | 4G,LTE 1800 | LTE 2100 | LTE 2600 | LTE 800 | UMTS 900,En service,0752752434,5,mobile_radio_site,ANFR Open Data,PUBLIC_DECLARATION
anfr-2239591,2239591,48.864444444444445,2.3299999999999996,Métro Tuileries L1,210 R DE RIVOLI,,,75001,75101,1,BOUYGUES TELECOM | ORANGE,3G | 4G,LTE 1800 | LTE 2100 | LTE 2600 | LTE 800 | UMTS 900,En service,0752292011 | 0752752531,10,mobile_radio_site,ANFR Open Data,PUBLIC_DECLARATION
anfr-2276246,2276246,48.85888888888889,2.3461111111111115,METRO L1-4-7-11-14 CHATELET,19 R DES LAVANDIÈRES,,,75001,75101,1,BOUYGUES TELECOM,3G | 4G,LTE 1800 | LTE 2100 | LTE 2600 | LTE 800 | UMTS 900,En service,0752752611,5,mobile_radio_site,ANFR Open Data,PUBLIC_DECLARATION
anfr-2286896,2286896,48.861666666666665,2.348055555555556,GARE RERA/B CHATELET LES HALLE,R PIERRE LESCOT,,,75001,75101,1,BOUYGUES TELECOM,3G | 4G,LTE 1800 | LTE 2100 | LTE 2600 | LTE 800 | UMTS 2100 | UMTS 900,En service,0752752642,6,mobile_radio_site,ANFR Open Data,PUBLIC_DECLARATION
anfr-2342613,2342613,48.86638888888889,2.3375000000000004,,47 R DE MONTPENSIER,,,75001,75101,20,BOUYGUES TELECOM,4G,LTE 1800,En service,0752752675,1,mobile_radio_site,ANFR Open Data,PUBLIC_DECLARATION
anfr-2364397,2364397,48.86638888888889,2.324444444444444,,252 RUE DE RIVOLI,,,75001,75101,28,BOUYGUES TELECOM | FREE MOBILE | SFR,3G | 4G | 5G,5G NR 2100 | 5G NR 3500 | 5G NR 700 | LTE 1800 | LTE 2100 | LTE 2600 | LTE 700 | LTE 800 | LTE 900 | UMTS 900,En service | Techniquement opérationnel,0750990925 | 0752702967 | 0752750444,21,mobile_radio_site,ANFR Open Data,PUBLIC_DECLARATION
anfr-2451113,2451113,48.86611111111111,2.333888888888889,METRO PYRAMIDES - L7-14,13 AV DE L'OPERA,,,75001,75101,1,BOUYGUES TELECOM | ORANGE,3G | 4G,LTE 1800 | LTE 2100 | LTE 2600 | LTE 800 | UMTS 900,En service,0752292096 | 0752752729,10,mobile_radio_site,ANFR Open Data,PUBLIC_DECLARATION
anfr-2566301,2566301,48.858333333333334,2.3441666666666667,,16 QUAI DE LA MEGISSERIE,,,75001,75101,29,BOUYGUES TELECOM | FREE MOBILE,2G | 3G | 4G | 5G,5G NR 2100 | 5G NR 3500 | 5G NR 700 | GSM 900 | LTE 1800 | LTE 2100 | LTE 2600 | LTE 700 | LTE 800 | LTE 900 | UMTS 900,En service | Projet approuvé | Techniquement opérationnel,0750990969 | 0752752696,16,mobile_radio_site,ANFR Open Data,PUBLIC_DECLARATION
anfr-2587321,2587321,48.86277777777778,2.3361111111111112,,172 R DE RIVOLI,,,75001,75101,"33,6",BOUYGUES TELECOM,2G | 3G | 4G | 5G,5G NR 2100 | 5G NR 3500 | GSM 900 | LTE 1800 | LTE 2100 | LTE 2600 | LTE 700 | LTE 800 | UMTS 900,En service | Projet approuvé,0752752778,9,mobile_radio_site,ANFR Open Data,PUBLIC_DECLARATION
anfr-2728925,2728925,48.86083333333333,2.3488888888888892,,31-39 BD DE SEBASTOPOL,,,75001,75101,22,BOUYGUES TELECOM,4G,LTE 1800,En service,0752752821,1,mobile_radio_site,ANFR Open Data,PUBLIC_DECLARATION
anfr-2823929,2823929,48.862500000000004,2.338611111111111,,182 r st-honore,,,75001,75101,51,BOUYGUES TELECOM | ORANGE,3G | 4G | 5G,5G NR 2100 | 5G NR 3500 | 5G NR 700 | LTE 1800 | LTE 2100 | LTE 2600 | LTE 700 | LTE 800 | UMTS 900,En service | Projet approuvé | Techniquement opérationnel,0752291030 | 0752752859,15,mobile_radio_site,ANFR Open Data,PUBLIC_DECLARATION
anfr-2873352,2873352,48.86416666666667,2.332222222222222,,3 Place des Pyramides,,,75001,75101,30,BOUYGUES TELECOM,3G | 4G | 5G,5G NR 2100 | 5G NR 3500 | LTE 1800 | LTE 2100 | LTE 2600 | LTE 700 | LTE 800 | UMTS 900,En service | Techniquement opérationnel,0752751694,8,mobile_radio_site,ANFR Open Data,PUBLIC_DECLARATION
anfr-2944654,2944654,48.861666666666665,2.3441666666666667,,33 R BERGER,,,75001,75101,"21,2",BOUYGUES TELECOM,4G,LTE 1800,En service,0752752894,1,mobile_radio_site,ANFR Open Data,PUBLIC_DECLARATION
anfr-3248933,3248933,48.86694444444444,2.327222222222222,,247 R ST HONORE,,,75001,75101,30,BOUYGUES TELECOM,3G | 4G,LTE 1800 | UMTS 2100,En service,0752753022,2,mobile_radio_site,ANFR Open Data,PUBLIC_DECLARATION
anfr-3256411,3256411,48.869166666666665,2.3255555555555554,,21 BD DE LA MADELEINE,CC DES 3 QUARTIERS,,75001,75101,15,BOUYGUES TELECOM,3G | 4G,LTE 1800 | UMTS 2100,En service,0752753027,2,mobile_radio_site,ANFR Open Data,PUBLIC_DECLARATION
anfr-3256429,3256429,48.863055555555555,2.3347222222222226,,99 R RIVOLI,CARROUSSEL DU LOUVRE,,75001,75101,15,BOUYGUES TELECOM,2G | 3G | 4G,GSM 900 | LTE 1800 | LTE 2100 | LTE 2600 | UMTS 900,En service | Projet approuvé,0752753028,5,mobile_radio_site,ANFR Open Data,PUBLIC_DECLARATION
anfr-3281843,3281843,48.86027777777778,2.3458333333333337,,19 R DES HALLES,,,75001,75101,27,BOUYGUES TELECOM,3G | 4G | 5G,5G NR 2100 | 5G NR 3500 | LTE 1800 | LTE 2100 | LTE 2600 | LTE 700 | LTE 800 | UMTS 900,Projet approuvé,0752753032,8,mobile_radio_site,ANFR Open Data,PUBLIC_DECLARATION
anfr-3304592,3304592,48.86638888888889,2.3369444444444447,,47 R DE RICHELIEU,,,75001,75101,34,BOUYGUES TELECOM,4G | 5G,5G NR 2100 | LTE 1800 | LTE 2100 | LTE 2600 | LTE 700 | LTE 800,Projet approuvé,0752753041,6,mobile_radio_site,ANFR Open Data,PUBLIC_DECLARATION
anfr-1353126,1353126,48.86472222222223,2.3333333333333335,,280 RUE SAINT HONORE,,,75001,75101,"32,9",FREE MOBILE,4G | 5G,5G NR 3500 | 5G NR 700 | LTE 1800 | LTE 2100 | LTE 2600 | LTE 700 | LTE 900,En service | Techniquement opérationnel,0750990136,7,mobile_radio_site,ANFR Open Data,PUBLIC_DECLARATION
anfr-1758619,1758619,48.865833333333335,2.3361111111111112,,"5 et 7, rue Thérèse",,,75001,75101,"25,9",FREE MOBILE,4G | 5G,5G NR 700 | LTE 1800 | LTE 2100 | LTE 2600 | LTE 700 | LTE 900,En service | Projet approuvé,0750990285,6,mobile_radio_site,ANFR Open Data,PUBLIC_DECLARATION
anfr-1918991,1918991,48.862500000000004,2.3347222222222226,,99 Rue de Rivoli,,,75001,75101,15,FREE MOBILE | SFR,3G | 4G,LTE 1800 | LTE 2600 | LTE 900 | UMTS 2100,En service,0750990585 | 0752701427,5,mobile_radio_site,ANFR Open Data,PUBLIC_DECLARATION
anfr-2003602,2003602,48.86527777777778,2.3344444444444448,Métro PYRAMIDES,AVENUE DE L'OPERA,,,75001,75101,0,FREE MOBILE,4G,LTE 1800 | LTE 900,En service,0750990629,2,mobile_radio_site,ANFR Open Data,PUBLIC_DECLARATION
anfr-2030566,2030566,48.86555555555556,2.3294444444444444,,4 RUE DU MONT THABOR,,,75001,75101,"27,3",FREE MOBILE,4G | 5G,5G NR 3500 | 5G NR 700 | LTE 1800 | LTE 2100 | LTE 2600 | LTE 700 | LTE 900,En service | Techniquement opérationnel,0750990652,7,mobile_radio_site,ANFR Open Data,PUBLIC_DECLARATION
anfr-2040155,2040155,48.86333333333334,2.350277777777778,,"5, RUE ETIENNE MARCEL",,,75001,75101,"30,3",FREE MOBILE,4G | 5G,5G NR 3500 | 5G NR 700 | LTE 1800 | LTE 2100 | LTE 2600 | LTE 700 | LTE 900,En service | Techniquement opérationnel,0750990655,7,mobile_radio_site,ANFR Open Data,PUBLIC_DECLARATION
anfr-2097088,2097088,48.86361111111111,2.3458333333333337,,14 RUE MONTMARTRE,,,75001,75101,"26,6",FREE MOBILE,4G | 5G,5G NR 3500 | 5G NR 700 | LTE 1800 | LTE 2100 | LTE 2600 | LTE 700 | LTE 900,En service | Techniquement opérationnel,0750990748,7,mobile_radio_site,ANFR Open Data,PUBLIC_DECLARATION
anfr-2288271,2288271,48.858333333333334,2.3419444444444446,METRO PONT NEUF L7,AVENUE POMPIDOU,,,75001,75101,0,FREE MOBILE,4G,LTE 1800 | LTE 900,En service,0750990848,2,mobile_radio_site,ANFR Open Data,PUBLIC_DECLARATION
anfr-2487499,2487499,48.86638888888889,2.3255555555555554,,4 R CAMBON,,,75001,75101,28,FREE MOBILE | SFR,3G | 4G | 5G,5G NR 3500 | 5G NR 700 | LTE 1800 | LTE 2100 | LTE 2600 | LTE 700 | LTE 800 | LTE 900 | UMTS 900,En service | Techniquement opérationnel,0750990653 | 0752702948,14,mobile_radio_site,ANFR Open Data,PUBLIC_DECLARATION
anfr-2532295,2532295,48.86083333333333,2.3444444444444446,,27 rue du Pont-Neuf,,,75001,75101,"28,6",FREE MOBILE,4G | 5G,5G NR 3500 | 5G NR 700 | LTE 1800 | LTE 2100 | LTE 2600 | LTE 700 | LTE 900,En service | Techniquement opérationnel,0750990960,7,mobile_radio_site,ANFR Open Data,PUBLIC_DECLARATION
anfr-2732589,2732589,48.86694444444444,2.3336111111111113,METRO_PYRAMIDES_L7_L14,avenue de l Opera,,,75001,75101,0,FREE MOBILE,4G,LTE 1800 | LTE 2600,En service | Projet approuvé,0750991001,2,mobile_radio_site,ANFR Open Data,PUBLIC_DECLARATION
anfr-2899358,2899358,48.86083333333333,2.3461111111111115,,8 Place Marguerite de Navarre,,,75001,75101,33,FREE MOBILE | ORANGE,3G | 4G | 5G,5G NR 3500 | 5G NR 700 | LTE 1800 | LTE 2100 | LTE 2600 | LTE 700 | LTE 800 | LTE 900 | UMTS 900,En service | Techniquement opérationnel,0750990918 | 0752292770,15,mobile_radio_site,ANFR Open Data,PUBLIC_DECLARATION
anfr-2955258,2955258,48.86666666666667,2.330833333333333,,19 Place du Marché Saint-Honoré,,,75001,75101,26,FREE MOBILE | ORANGE | SFR,3G | 4G | 5G,5G NR 3500 | 5G NR 700 | LTE 1800 | LTE 2100 | LTE 2600 | LTE 700 | LTE 800 | LTE 900 | UMTS 900,En service | Projet approuvé | Techniquement opérationnel,0750991073 | 0752292798 | 0752703384,21,mobile_radio_site,ANFR Open Data,PUBLIC_DECLARATION
anfr-3159881,3159881,48.86388888888889,2.343055555555556,,53 RUE JEAN JACQUES ROUSSEAU,,,75001,75101,"32,3",FREE MOBILE,4G | 5G,5G NR 3500 | 5G NR 700 | LTE 1800 | LTE 2100 | LTE 2600 | LTE 700 | LTE 900,Projet approuvé,0750991172,7,mobile_radio_site,ANFR Open Data,PUBLIC_DECLARATION
anfr-813525,813525,48.86416666666667,2.343055555555556,,55 r jj rousseau,,,75001,75101,37,ORANGE,2G | 3G | 4G | 5G,5G NR 3500 | 5G NR 700 | GSM 900 | LTE 1800 | LTE 2100 | LTE 2600 | LTE 700 | LTE 800 | UMTS 900,En service | Techniquement opérationnel,0752290057,9,mobile_radio_site,ANFR Open Data,PUBLIC_DECLARATION
anfr-911376,911376,48.86805555555556,2.326666666666666,,31 r cambon,,,75001,75101,"29,8",ORANGE,2G | 3G | 4G | 5G,5G NR 3500 | 5G NR 700 | GSM 900 | LTE 1800 | LTE 2100 | LTE 2600 | LTE 800 | UMTS 900,En service | Techniquement opérationnel,0752291514,8,mobile_radio_site,ANFR Open Data,PUBLIC_DECLARATION
anfr-1028865,1028865,48.85944444444445,2.336388888888889,,Avenue Quai des Tuileries,,,75001,75101,"6,8",ORANGE | SFR,2G | 3G | 4G,GSM 900 | LTE 1800 | LTE 2100 | LTE 800 | UMTS 900,En service,0752291568 | 0752700434,7,mobile_radio_site,ANFR Open Data,PUBLIC_DECLARATION
anfr-1185887,1185887,48.862500000000004,2.348055555555556,,"8/10, rue Mondetour",,,75001,75101,33,ORANGE,3G | 4G | 5G,5G NR 3500 | 5G NR 700 | LTE 1800 | LTE 2600 | LTE 700 | LTE 800 | UMTS 900,En service | Techniquement opérationnel,0752291596,7,mobile_radio_site,ANFR Open Data,PUBLIC_DECLARATION
anfr-1602926,1602926,48.861111111111114,2.3422222222222224,,43 Rue de l'Arbre Sec,,,75001,75101,27,ORANGE,3G | 4G | 5G,5G NR 2100 | 5G NR 3500 | 5G NR 700 | LTE 1800 | LTE 2100 | LTE 2600 | LTE 700 | LTE 800 | UMTS 900,En service | Projet approuvé | Techniquement opérationnel,0752291953,9,mobile_radio_site,ANFR Open Data,PUBLIC_DECLARATION
anfr-1748479,1748479,48.861666666666665,2.3472222222222223,,Forum des Halles,Station Chatelet les Halles RER A,,75001,75101,0,ORANGE,3G | 4G,LTE 1800 | LTE 2100 | LTE 2600 | LTE 800 | UMTS 900,En service,0752292024,5,mobile_radio_site,ANFR Open Data,PUBLIC_DECLARATION
anfr-2060662,2060662,48.86027777777778,2.346388888888889,Métro CHATELET_METRO_L14,rue de la ferronnerie,,,75001,75101,0,ORANGE,3G | 4G,LTE 1800 | LTE 2100 | LTE 2600 | LTE 800 | UMTS 900,En service,0752292155,5,mobile_radio_site,ANFR Open Data,PUBLIC_DECLARATION
anfr-2284924,2284924,48.86638888888889,2.326944444444444,,"28, rue du mont thabor",,,75001,75101,"12,8",ORANGE,4G,LTE 1800 | LTE 2100,En service,0752292383,2,mobile_radio_site,ANFR Open Data,PUBLIC_DECLARATION
anfr-2307160,2307160,48.86361111111111,2.3488888888888892,Métro ETIENNE MARCEL L4,14 rue Turbigo,,,75001,75101,0,ORANGE,3G | 4G,LTE 1800 | LTE 2100 | LTE 2600 | LTE 800 | UMTS 900,En service,0752292395,5,mobile_radio_site,ANFR Open Data,PUBLIC_DECLARATION
anfr-2327257,2327257,48.86027777777778,2.346388888888889,Métro CHATELET L7 L11,rue des halles,,,75001,75101,0,ORANGE,3G | 4G,LTE 1800 | LTE 2100 | LTE 800 | UMTS 900,En service,0752292407,4,mobile_radio_site,ANFR Open Data,PUBLIC_DECLARATION
anfr-2586894,2586894,48.861666666666665,2.348055555555556,RER CHATELET LES HALLES,Forum des Halles  porte Lescot,,,75001,75101,0,ORANGE,3G | 4G,LTE 1800 | LTE 2100 | LTE 2600 | LTE 800 | UMTS 900,En service,0752292636,5,mobile_radio_site,ANFR Open Data,PUBLIC_DECLARATION
anfr-3027913,3027913,48.86416666666667,2.3316666666666666,,4  Rue Saint-Roch,,,75001,75101,31,ORANGE | SFR,3G | 4G | 5G,5G NR 2100 | 5G NR 3500 | 5G NR 700 | LTE 1800 | LTE 2100 | LTE 2600 | LTE 800 | UMTS 900,En service | Projet approuvé | Techniquement opérationnel,0752292842 | 0752702822,13,mobile_radio_site,ANFR Open Data,PUBLIC_DECLARATION
anfr-3050475,3050475,48.85916666666667,2.348055555555556,,11 Boulevard de Sébastopol,,,75001,75101,"30,7",ORANGE,4G | 5G,5G NR 3500 | 5G NR 700 | LTE 1800 | LTE 2100 | LTE 2600 | LTE 700 | LTE 800,Projet approuvé,0752292890,7,mobile_radio_site,ANFR Open Data,PUBLIC_DECLARATION
anfr-3320841,3320841,48.85861111111111,2.341388888888889,,154 Voie Georges Pompidou,,,75001,75101,"15,4",ORANGE,4G | 5G,5G NR 3500 | LTE 1800 | LTE 2100 | LTE 2600,En service | Techniquement opérationnel,0752293048,4,mobile_radio_site,ANFR Open Data,PUBLIC_DECLARATION
anfr-304316,304316,48.86055555555556,2.343055555555556,,142 r de rivoli,,,75001,75101,"24,5",SFR,2G | 3G | 4G | 5G,5G NR 3500 | GSM 900 | LTE 1800 | LTE 2100 | LTE 2600 | LTE 700 | LTE 800 | UMTS 900,En service | Techniquement opérationnel,0752700392,8,mobile_radio_site,ANFR Open Data,PUBLIC_DECLARATION
anfr-867115,867115,48.86277777777778,2.3355555555555556,,176 r de rivoli,,,75001,75101,"28,3",SFR,4G,LTE 1800 | LTE 2100 | LTE 2600,En service,0752700166,3,mobile_radio_site,ANFR Open Data,PUBLIC_DECLARATION
anfr-867204,867204,48.86611111111111,2.334166666666667,,"17, av de l'opéra",,,75001,75101,"27,2",SFR,2G | 3G | 4G | 5G,5G NR 3500 | GSM 900 | LTE 1800 | LTE 2100 | LTE 2600 | LTE 700 | LTE 800 | UMTS 900,En service | Projet approuvé | Techniquement opérationnel,0752700397,8,mobile_radio_site,ANFR Open Data,PUBLIC_DECLARATION
anfr-867264,867264,48.85805555555556,2.3447222222222224,,"10, quai de la Mégisserie",,,75001,75101,27,SFR,2G | 3G | 4G | 5G,5G NR 3500 | GSM 900 | LTE 1800 | LTE 2100 | LTE 2600 | LTE 700 | LTE 800 | UMTS 2100 | UMTS 900,En service | Techniquement opérationnel,0752700167,9,mobile_radio_site,ANFR Open Data,PUBLIC_DECLARATION
anfr-1663864,1663864,48.861666666666665,2.347777777777778,GARE RER CHATELET,FORUM DES HALLES,,,75001,75101,0,SFR,3G | 4G,LTE 1800 | LTE 2100 | LTE 2600 | LTE 800 | UMTS 2100 | UMTS 900,En service,0752702013,6,mobile_radio_site,ANFR Open Data,PUBLIC_DECLARATION
anfr-1750098,1750098,48.864444444444445,2.3397222222222225,,20 Rue Colonel driant,,,75001,75101,44,SFR,2G | 3G | 4G | 5G,5G NR 3500 | GSM 900 | LTE 1800 | LTE 2100 | LTE 2600 | LTE 800 | UMTS 900,En service | Projet approuvé,0752702043,7,mobile_radio_site,ANFR Open Data,PUBLIC_DECLARATION
anfr-1922376,1922376,48.86527777777778,2.3344444444444448,Métro PYRAMIDES,AVENUE DE L'OPERA,,,75001,75101,0,SFR,3G | 4G,LTE 1800 | LTE 2100 | LTE 2600 | LTE 800 | UMTS 900,En service,0752702231,5,mobile_radio_site,ANFR Open Data,PUBLIC_DECLARATION
anfr-2019528,2019528,48.86388888888889,2.3316666666666666,METRO Tuileries,RUE DE RIVOLI (en face),,,75001,75101,0,SFR,3G | 4G,LTE 1800 | LTE 2100 | LTE 2600 | LTE 800 | UMTS 2100 | UMTS 900,En service,0752702243,6,mobile_radio_site,ANFR Open Data,PUBLIC_DECLARATION
anfr-2051523,2051523,48.86361111111111,2.3488888888888892,Métro ETIENNE MARCEL,14 rue de Turbigo,,,75001,75101,0,SFR,3G | 4G,LTE 1800 | LTE 2100 | LTE 2600 | LTE 800 | UMTS 2100 | UMTS 900,En service,0752702575,6,mobile_radio_site,ANFR Open Data,PUBLIC_DECLARATION
anfr-2145500,2145500,48.85861111111111,2.3422222222222224,Métro PONT NEUF L7,2 Quaidu Louvre,,,75001,75101,0,SFR,3G | 4G,LTE 1800 | LTE 2100 | LTE 2600 | LTE 800 | UMTS 2100 | UMTS 900,En service,0752702189,6,mobile_radio_site,ANFR Open Data,PUBLIC_DECLARATION
anfr-2488348,2488348,48.86333333333334,2.341111111111111,,4 RUE du Colonel Driant,,,75001,75101,32,SFR,2G | 3G | 4G | 5G,5G NR 3500 | GSM 900 | LTE 1800 | LTE 2100 | LTE 2600 | LTE 700 | LTE 800 | UMTS 900,En service | Techniquement opérationnel,0752702786,8,mobile_radio_site,ANFR Open Data,PUBLIC_DECLARATION
anfr-2993071,2993071,48.86361111111111,2.331111111111111,,113 Rue de Rivoli,,,75001,75101,25,SFR,4G | 5G,5G NR 3500 | LTE 1800 | LTE 2100 | LTE 2600,En service | Techniquement opérationnel,0752703296,4,mobile_radio_site,ANFR Open Data,PUBLIC_DECLARATION
anfr-3008204,3008204,48.863055555555555,2.347777777777778,,2 RUE DE TURBIGO,TUNNEL DES HALLES,,75001,75101,4,SFR,3G | 4G,LTE 700 | LTE 800 | UMTS 900,En service,0752703338,3,mobile_radio_site,ANFR Open Data,PUBLIC_DECLARATION
anfr-3050456,3050456,48.85888888888889,2.3461111111111115,METRO CHATELET,5 RUE ST DENIS,L7/L11,,75001,75101,0,SFR,3G | 4G,LTE 1800 | LTE 2100 | LTE 2600 | LTE 800 | UMTS 900,En service,0752703374,5,mobile_radio_site,ANFR Open Data,PUBLIC_DECLARATION
anfr-3050567,3050567,48.85888888888889,2.3461111111111115,Métro CHATELET_L4,19 RUE DES LAVANDIERES  SAINTE-OPPORTUNE,Angle rue de Rivoli et rue des Lavandiéres Sainte-Opportune,,75001,75101,0,SFR,3G | 4G,LTE 1800 | LTE 2100 | LTE 2600 | LTE 800 | UMTS 900,En service,0752703377,5,mobile_radio_site,ANFR Open Data,PUBLIC_DECLARATION
anfr-684008,684008,48.87,2.350277777777778,,13 BD BONNE NOUVELLE,,,75002,75102,32,BOUYGUES TELECOM,2G | 3G | 4G | 5G,5G NR 2100 | 5G NR 3500 | GSM 900 | LTE 1800 | LTE 2100 | LTE 2600 | LTE 700 | LTE 800 | UMTS 900,En service | Techniquement opérationnel,0752750380,9,mobile_radio_site,ANFR Open Data,PUBLIC_DECLARATION
anfr-783632,783632,48.865,2.3516666666666666,,89 BD SÉBASTOPOL,,,75002,75102,27,BOUYGUES TELECOM,2G | 3G | 4G | 5G,5G NR 2100 | 5G NR 3500 | GSM 900 | LTE 1800 | LTE 2100 | LTE 2600 | LTE 700 | LTE 800 | UMTS 900,En service | Projet approuvé | Techniquement opérationnel,0752751450,9,mobile_radio_site,ANFR Open Data,PUBLIC_DECLARATION
anfr-786199,786199,48.868611111111115,2.3324999999999996,,41 AV DE L'OPERA,,,75002,75102,42,BOUYGUES TELECOM,2G | 3G | 4G | 5G,5G NR 2100 | GSM 900 | LTE 1800 | LTE 2100 | LTE 2600 | LTE 800 | UMTS 900,En service | Projet approuvé,0752750884,7,mobile_radio_site,ANFR Open Data,PUBLIC_DECLARATION
anfr-815066,815066,48.868611111111115,2.3497222222222223,,104 r d'aboukir,,,75002,75102,"32,5",BOUYGUES TELECOM | FREE MOBILE | ORANGE,2G | 3G | 4G | 5G,5G NR 2100 | 5G NR 3500 | 5G NR 700 | GSM 900 | LTE 1800 | LTE 2100 | LTE 2600 | LTE 700 | LTE 800 | LTE 900 | UMTS 900,En service | Projet approuvé | Techniquement opérationnel,0750990028 | 0752291410 | 0752751633,19,mobile_radio_site,ANFR Open Data,PUBLIC_DECLARATION
anfr-834228,834228,48.86833333333333,2.338611111111111,,62 R RICHELIEU,,,75002,75102,35,BOUYGUES TELECOM,3G | 4G | 5G,5G NR 2100 | 5G NR 3500 | LTE 1800 | LTE 2100 | LTE 2600 | LTE 700 | LTE 800 | UMTS 900,En service | Techniquement opérationnel,0752750563,8,mobile_radio_site,ANFR Open Data,PUBLIC_DECLARATION
anfr-1623774,1623774,48.869166666666665,2.346388888888889,,18 rue des Jeuneurs,,,75002,75102,"28,2",BOUYGUES TELECOM | FREE MOBILE,4G | 5G,5G NR 2100 | 5G NR 3500 | 5G NR 700 | LTE 1800 | LTE 2100 | LTE 2600 | LTE 700 | LTE 800 | LTE 900,En service | Projet approuvé | Techniquement opérationnel,0750990233 | 0752750881,13,mobile_radio_site,ANFR Open Data,PUBLIC_DECLARATION
anfr-1862535,1862535,48.86555555555556,2.3425000000000002,,50 rue Etienne Marcel,,,75002,75102,27,BOUYGUES TELECOM | SFR,2G | 3G | 4G | 5G,5G NR 2100 | 5G NR 3500 | GSM 900 | LTE 1800 | LTE 2100 | LTE 2600 | LTE 700 | LTE 800 | UMTS 2100 | UMTS 900,En service | Projet approuvé | Techniquement opérationnel,0752702150 | 0752751699,17,mobile_radio_site,ANFR Open Data,PUBLIC_DECLARATION
anfr-2011080,2011080,48.87138888888889,2.3372222222222225,,30 r de gramont,,,75002,75102,33,BOUYGUES TELECOM | SFR,2G | 3G | 4G | 5G,5G NR 2100 | 5G NR 3500 | GSM 900 | LTE 1800 | LTE 2100 | LTE 2600 | LTE 700 | LTE 800 | UMTS 900,En service | Techniquement opérationnel,0752700380 | 0752751690,16,mobile_radio_site,ANFR Open Data,PUBLIC_DECLARATION
anfr-2102436,2102436,48.86638888888889,2.3400000000000003,,3 RUE DE LA BANQUE,,,75002,75102,31,BOUYGUES TELECOM | FREE MOBILE,3G | 4G | 5G,5G NR 2100 | 5G NR 3500 | 5G NR 700 | LTE 1800 | LTE 2100 | LTE 2600 | LTE 700 | LTE 800 | LTE 900 | UMTS 900,En service | Techniquement opérationnel,0750990649 | 0752752303,15,mobile_radio_site,ANFR Open Data,PUBLIC_DECLARATION
anfr-2136962,2136962,48.87111111111111,2.343888888888889,,25 BD POISSONNIERE,,,75002,75102,"31,1",BOUYGUES TELECOM | FREE MOBILE,2G | 3G | 4G | 5G,5G NR 2100 | 5G NR 3500 | 5G NR 700 | GSM 900 | LTE 1800 | LTE 2100 | LTE 2600 | LTE 700 | LTE 800 | LTE 900 | UMTS 900,En service | Projet approuvé | Techniquement opérationnel,0750990296 | 0752750754,16,mobile_radio_site,ANFR Open Data,PUBLIC_DECLARATION
anfr-2391089,2391089,48.865833333333335,2.3497222222222223,,4 B RUE SAINT SAUVEUR,,,75002,75102,"25,8",BOUYGUES TELECOM,4G | 5G,5G NR 2100 | LTE 1800 | LTE 2100 | LTE 2600 | LTE 700 | LTE 800,En service | Techniquement opérationnel,0752752678,6,mobile_radio_site,ANFR Open Data,PUBLIC_DECLARATION
anfr-2488855,2488855,48.870555555555555,2.3408333333333333,,39 R VIVIENNE,,,75002,75102,27,BOUYGUES TELECOM,4G,LTE 1800,En service,0752752745,1,mobile_radio_site,ANFR Open Data,PUBLIC_DECLARATION
anfr-2528904,2528904,48.86611111111111,2.3458333333333337,,10 R BACHAUMONT,,,75002,75102,26,BOUYGUES TELECOM | FREE MOBILE,4G | 5G,5G NR 3500 | 5G NR 700 | LTE 1800 | LTE 2100 | LTE 2600 | LTE 700 | LTE 900,En service | Techniquement opérationnel,0750990239 | 0752752750,8,mobile_radio_site,ANFR Open Data,PUBLIC_DECLARATION
anfr-2650096,2650096,48.86833333333333,2.343611111111111,,130/132 R MONTMARTRE,,,75002,75102,"29,2",BOUYGUES TELECOM,4G,LTE 1800,En service,0752752797,1,mobile_radio_site,ANFR Open Data,PUBLIC_DECLARATION
anfr-2927191,2927191,48.869166666666665,2.3375000000000004,,11 rue du Quatre Septembre,,,75002,75102,28,BOUYGUES TELECOM | FREE MOBILE,2G | 3G | 4G | 5G,5G NR 3500 | 5G NR 700 | GSM 900 | LTE 1800 | LTE 2100 | LTE 2600 | LTE 700 | LTE 800 | LTE 900 | UMTS 900,En service | Techniquement opérationnel,0750991080 | 0752752209,11,mobile_radio_site,ANFR Open Data,PUBLIC_DECLARATION
anfr-2986696,2986696,48.86972222222222,2.3313888888888887,,17 R DE LA PAIX,,,75002,75102,"31,4",BOUYGUES TELECOM,3G | 4G | 5G,5G NR 2100 | 5G NR 3500 | LTE 1800 | LTE 2100 | LTE 2600 | LTE 700 | LTE 800 | UMTS 900,En service | Techniquement opérationnel,0752752906,8,mobile_radio_site,ANFR Open Data,PUBLIC_DECLARATION
anfr-3301581,3301581,48.86611111111111,2.352222222222222,L4 METRO REAUMUR-SEBASTOPOL,101 BD SÉBASTOPOL -,REAUMUR-SEBASTOPOL - L4,,75002,75102,1,BOUYGUES TELECOM,3G | 4G,LTE 1800 | LTE 2100 | LTE 2600 | LTE 800 | UMTS 900,En service,0752753048,5,mobile_radio_site,ANFR Open Data,PUBLIC_DECLARATION
anfr-3336086,3336086,48.86888888888889,2.335,,24 R ST AUGUSTIN,,,75002,75102,"28,2",BOUYGUES TELECOM,3G | 4G | 5G,5G NR 2100 | LTE 1800 | LTE 2600 | LTE 700 | LTE 800 | UMTS 900,Projet approuvé,0752753064,6,mobile_radio_site,ANFR Open Data,PUBLIC_DECLARATION
anfr-468796,468796,48.868611111111115,2.340277777777778,,13 pl de la bourse,imm de l'agence france presse,,75002,75102,72,FREE MOBILE | SFR,2G | 3G | 4G | 5G,5G NR 3500 | 5G NR 700 | GSM 900 | LTE 1800 | LTE 2100 | LTE 2600 | LTE 700 | LTE 800 | LTE 900 | UMTS 900,En service | Techniquement opérationnel,0750990061 | 0752700005,15,mobile_radio_site,ANFR Open Data,PUBLIC_DECLARATION
anfr-964801,964801,48.86972222222222,2.3319444444444444,,22 RUE DE LA PAIX,,,75002,75102,"30,9",FREE MOBILE,4G | 5G,5G NR 3500 | 5G NR 700 | LTE 1800 | LTE 2100 | LTE 2600 | LTE 700 | LTE 900,En service | Techniquement opérationnel,0750990026,7,mobile_radio_site,ANFR Open Data,PUBLIC_DECLARATION
anfr-2015340,2015340,48.86833333333333,2.3336111111111113,,32 Av de l'Opéra,,,75002,75102,25,FREE MOBILE | ORANGE | SFR,2G | 3G | 4G | 5G,5G NR 3500 | 5G NR 700 | GSM 900 | LTE 1800 | LTE 2100 | LTE 2600 | LTE 700 | LTE 800 | LTE 900 | UMTS 2100 | UMTS 900,En service | Projet approuvé | Techniquement opérationnel,0750991031 | 0752291944 | 0752702513,22,mobile_radio_site,ANFR Open Data,PUBLIC_DECLARATION
anfr-2720921,2720921,48.867777777777775,2.352222222222222,BONNE NOUVELLE,216 bis rue Saint-Denis,,,75002,75102,"29,1",FREE MOBILE,4G | 5G,5G NR 3500 | 5G NR 700 | LTE 1800 | LTE 2100 | LTE 2600 | LTE 700 | LTE 900,En service | Techniquement opérationnel,0750990998,7,mobile_radio_site,ANFR Open Data,PUBLIC_DECLARATION
anfr-3048243,3048243,48.86972222222222,2.350277777777778,,23 rue de la Lune,,,75002,75102,"26,8",FREE MOBILE,4G | 5G,5G NR 3500 | 5G NR 700 | LTE 1800 | LTE 2100 | LTE 2600 | LTE 700 | LTE 900,Projet approuvé,0750991149,7,mobile_radio_site,ANFR Open Data,PUBLIC_DECLARATION
anfr-538649,538649,48.86833333333333,2.3408333333333333,,21 R de la Banque,,,75002,75102,47,ORANGE,2G | 3G | 4G | 5G,5G NR 3500 | 5G NR 700 | GSM 900 | LTE 1800 | LTE 2100 | LTE 2600 | LTE 700 | LTE 800 | UMTS 900,En service | Techniquement opérationnel,0752291442,9,mobile_radio_site,ANFR Open Data,PUBLIC_DECLARATION
anfr-814240,814240,48.86611111111111,2.3488888888888892,,12 r st sauveur,,,75002,75102,28,ORANGE,4G | 5G,5G NR 3500 | 5G NR 700 | LTE 1800 | LTE 2100 | LTE 800,En service | Techniquement opérationnel,0752291154,5,mobile_radio_site,ANFR Open Data,PUBLIC_DECLARATION
anfr-814248,814248,48.869166666666665,2.3377777777777777,,9 r du quatre septembre,,,75002,75102,28,ORANGE,4G | 5G,5G NR 3500 | 5G NR 700 | LTE 1800 | LTE 2100 | LTE 2600 | LTE 800,En service | Projet approuvé,0752291171,6,mobile_radio_site,ANFR Open Data,PUBLIC_DECLARATION
anfr-814350,814350,48.869166666666665,2.3533333333333335,,15 bd  st denis,,,75002,75102,"26,8",ORANGE,4G | 5G,5G NR 3500 | 5G NR 700 | LTE 1800 | LTE 2100 | LTE 2600 | LTE 800,En service | Techniquement opérationnel,0752290468,6,mobile_radio_site,ANFR Open Data,PUBLIC_DECLARATION
anfr-1570993,1570993,48.86972222222222,2.3305555555555553,,18 rue Volney,,,75002,75102,30,ORANGE,4G | 5G,5G NR 3500 | 5G NR 700 | LTE 1800 | LTE 2100 | LTE 2600 | LTE 800,En service | Techniquement opérationnel,0752291945,6,mobile_radio_site,ANFR Open Data,PUBLIC_DECLARATION
anfr-2001182,2001182,48.867222222222225,2.3466666666666667,,91 RUE REAUMUR,,,75002,75102,"36,7",ORANGE,3G | 4G | 5G,5G NR 3500 | 5G NR 700 | LTE 1800 | LTE 2100 | LTE 2600 | LTE 700 | LTE 800 | UMTS 900,En service | Techniquement opérationnel,0752292070,8,mobile_radio_site,ANFR Open Data,PUBLIC_DECLARATION
anfr-2061638,2061638,48.86944444444445,2.3525,Métro STRASBOURG L8,19 Bd Saint Denis,,,75002,75102,0,ORANGE,3G | 4G,LTE 1800 | LTE 2100 | LTE 800 | UMTS 900,En service,0752292158,4,mobile_radio_site,ANFR Open Data,PUBLIC_DECLARATION
anfr-2203471,2203471,48.86611111111111,2.352222222222222,métro REAUMUR L3 L4,Angle Boulevard de Sébastopol et rue Réaumur,,,75002,75102,0,ORANGE,3G | 4G,LTE 1800 | LTE 2100 | LTE 800 | UMTS 900,En service,0752292282,4,mobile_radio_site,ANFR Open Data,PUBLIC_DECLARATION
anfr-2248292,2248292,48.87,2.332222222222222,,49 Avenue de l'Opéra,,,75002,75102,"20,8",ORANGE,4G,LTE 1800 | LTE 2100 | LTE 2600,En service,0752292353,3,mobile_radio_site,ANFR Open Data,PUBLIC_DECLARATION
anfr-2430998,2430998,48.86972222222222,2.3358333333333334,,"20, rue du 4 septembre",,,75002,75102,26,ORANGE,4G,LTE 1800 | LTE 2100,En service,0752292437,2,mobile_radio_site,ANFR Open Data,PUBLIC_DECLARATION
anfr-2438132,2438132,48.86944444444445,2.3347222222222226,,4 rue de la Michodière,,,75002,75102,"8,6",ORANGE,4G,LTE 1800 | LTE 2100,En service,0752292458,2,mobile_radio_site,ANFR Open Data,PUBLIC_DECLARATION
anfr-2449345,2449345,48.86833333333333,2.3327777777777774,,6 rue d'antin,,,75002,75102,21,ORANGE,4G,LTE 1800 | LTE 2100,En service,0752292515,2,mobile_radio_site,ANFR Open Data,PUBLIC_DECLARATION
anfr-2449347,2449347,48.86388888888889,2.3488888888888892,,13 rue de Turbigo,,,75002,75102,21,ORANGE,4G,LTE 2100,En service,0752292514,1,mobile_radio_site,ANFR Open Data,PUBLIC_DECLARATION
anfr-2452906,2452906,48.86638888888889,2.3472222222222223,,102 rue Montorgueil,,,75002,75102,20,ORANGE,4G,LTE 1800 | LTE 2100,En service,0752292537,2,mobile_radio_site,ANFR Open Data,PUBLIC_DECLARATION
anfr-2453926,2453926,48.86611111111111,2.3458333333333337,,10 rue Bachaumont,,,75002,75102,20,ORANGE,4G,LTE 1800 | LTE 2100,En service,0752292550,2,mobile_radio_site,ANFR Open Data,PUBLIC_DECLARATION
anfr-2463624,2463624,48.87166666666667,2.339166666666667,Métro RICHELIEU_DROUOT_L8_L9,3 boulevard des Italiens,,,75002,75102,0,ORANGE,3G | 4G,LTE 1800 | LTE 2100 | LTE 2600 | LTE 800 | UMTS 900,En service,0752292563,5,mobile_radio_site,ANFR Open Data,PUBLIC_DECLARATION
anfr-2531787,2531787,48.869166666666665,2.3461111111111115,,16 Rue du sentier,,,75002,75102,15,ORANGE,4G,LTE 1800 | LTE 2100,En service,0752292627,2,mobile_radio_site,ANFR Open Data,PUBLIC_DECLARATION
anfr-2925908,2925908,48.86555555555556,2.335,,"18bis, avenue de l'Opéra",,,75002,75102,"24,7",ORANGE,4G | 5G,5G NR 3500 | 5G NR 700 | LTE 1800 | LTE 2100 | LTE 2600 | LTE 700 | LTE 800,En service | Techniquement opérationnel,0752292778,7,mobile_radio_site,ANFR Open Data,PUBLIC_DECLARATION
anfr-2953883,2953883,48.87,2.345,,5 Rue Saint-Fiacre,,,75002,75102,30,ORANGE,4G | 5G,5G NR 3500 | LTE 1800 | LTE 2100 | LTE 2600 | LTE 700 | LTE 800,Projet approuvé,0752292795,6,mobile_radio_site,ANFR Open Data,PUBLIC_DECLARATION
anfr-771275,771275,48.87027777777778,2.345277777777778,,1 r d'uzes,,,75002,75102,"26,5",SFR,2G | 3G | 4G | 5G,5G NR 3500 | GSM 900 | LTE 1800 | LTE 2100 | LTE 2600 | LTE 700 | LTE 800 | UMTS 900,En service | Projet approuvé | Techniquement opérationnel,0752700362,8,mobile_radio_site,ANFR Open Data,PUBLIC_DECLARATION
anfr-867049,867049,48.86944444444445,2.3516666666666666,,139  r d'aboukir,,,75002,75102,30,SFR,3G | 4G,LTE 1800 | LTE 2100 | LTE 2600 | UMTS 2100,En service,0752700396,4,mobile_radio_site,ANFR Open Data,PUBLIC_DECLARATION
anfr-1014115,1014115,48.867222222222225,2.345277777777778,,45 rue d'aboukir,,,75002,75102,"25,5",SFR,2G | 3G | 4G | 5G,5G NR 2100 | 5G NR 3500 | GSM 900 | LTE 1800 | LTE 2100 | LTE 2600 | LTE 800 | UMTS 900,En service | Techniquement opérationnel,0752700428,8,mobile_radio_site,ANFR Open Data,PUBLIC_DECLARATION
anfr-1212633,1212633,48.86694444444444,2.3508333333333336,,215 r st denis,,,75002,75102,"34,5",SFR,2G | 3G | 4G | 5G,5G NR 3500 | GSM 900 | LTE 1800 | LTE 2100 | LTE 2600 | LTE 800 | UMTS 2100 | UMTS 900,En service | Techniquement opérationnel,0752700122,8,mobile_radio_site,ANFR Open Data,PUBLIC_DECLARATION
anfr-2703511,2703511,48.869166666666665,2.3305555555555553,,9 RUE DE LA PAIX,,,75002,75102,"37,6",SFR,2G | 3G | 4G | 5G,5G NR 3500 | GSM 900 | LTE 1800 | LTE 2100 | LTE 2600 | LTE 700 | LTE 800 | UMTS 900,En service | Techniquement opérationnel,0752702842,8,mobile_radio_site,ANFR Open Data,PUBLIC_DECLARATION
anfr-2842827,2842827,48.867777777777775,2.3511111111111114,,4 rue d'alexandrie,,,75002,75102,27,SFR,2G | 3G | 4G,GSM 900 | LTE 2100 | UMTS 2100,En service,0752701933,3,mobile_radio_site,ANFR Open Data,PUBLIC_DECLARATION
anfr-2873473,2873473,48.86611111111111,2.3494444444444444,,10 RUE SAINT SAUVEUR,,,75002,75102,24,SFR,4G | 5G,5G NR 2100 | 5G NR 3500 | LTE 1800 | LTE 2100 | LTE 2600 | LTE 700 | LTE 800,Projet approuvé,0752702991,7,mobile_radio_site,ANFR Open Data,PUBLIC_DECLARATION
anfr-2889753,2889753,48.86555555555556,2.345277777777778,,11 Rue Mandar,,,75002,75102,38,SFR,3G | 4G | 5G,5G NR 3500 | LTE 1800 | LTE 2100 | LTE 2600 | LTE 700 | LTE 800 | UMTS 900,En service | Techniquement opérationnel,0752703009,7,mobile_radio_site,ANFR Open Data,PUBLIC_DECLARATION
anfr-2899188,2899188,48.87083333333334,2.341388888888889,,36 Rue de Vivienne,GAL DES VARIETES,,75002,75102,31,SFR,3G | 4G | 5G,5G NR 2100 | 5G NR 3500 | LTE 1800 | LTE 2100 | LTE 2600 | LTE 700 | LTE 800 | UMTS 900,En service | Projet approuvé | Techniquement opérationnel,0752703014,8,mobile_radio_site,ANFR Open Data,PUBLIC_DECLARATION
anfr-2993055,2993055,48.86888888888889,2.336388888888889,,19  RUE SAINT AUGUSTIN,,,75002,75102,"21,9",SFR,3G | 4G,LTE 1800 | LTE 2600 | UMTS 2100,En service | Projet approuvé,0752703282,3,mobile_radio_site,ANFR Open Data,PUBLIC_DECLARATION
anfr-2995549,2995549,48.8675,2.3447222222222224,,4 B RUE DE CLERY,,,75002,75102,16,SFR,3G | 4G,LTE 1800 | LTE 2600 | UMTS 2100,En service | Projet approuvé,0752703300,3,mobile_radio_site,ANFR Open Data,PUBLIC_DECLARATION
anfr-3050461,3050461,48.86611111111111,2.352222222222222,Métro REAUMUR-SEBASTOPOL,Angle Bd de Sebastopol et rue Réaumur,L3 L4,,75002,75102,0,SFR,3G | 4G,LTE 1800 | LTE 2100 | LTE 2600 | LTE 800 | UMTS 900,En service,0752703379,5,mobile_radio_site,ANFR Open Data,PUBLIC_DECLARATION
anfr-3050975,3050975,48.871944444444445,2.338611111111111,METRO RICHELIEU - DROUOT,16 BOULEVARD DES ITALIENS,Metro L8 / L9,,75009,75102,0,SFR,3G | 4G,LTE 1800 | LTE 2100 | LTE 2600 | LTE 800 | UMTS 900,En service,0752703386,5,mobile_radio_site,ANFR Open Data,PUBLIC_DECLARATION
anfr-3051419,3051419,48.87166666666667,2.342777777777778,METRO GRANDS BOULEVARDS,32 BOULEVARD POISSONIERE,Metro L8 / L9,,75009,75102,0,SFR,3G | 4G,LTE 1800 | LTE 2100 | LTE 2600 | LTE 800 | UMTS 900,En service,0752703391,5,mobile_radio_site,ANFR Open Data,PUBLIC_DECLARATION
anfr-325857,325857,48.86694444444444,2.363888888888889,METRO REPUBLIQUE L8,11 PL DE LA REPUBLIQUE,,,75003,75103,0,BOUYGUES TELECOM,3G | 4G,LTE 1800 | LTE 2100 | LTE 2600 | LTE 700 | LTE 800 | UMTS 900,En service | Projet approuvé,0752751317,6,mobile_radio_site,ANFR Open Data,PUBLIC_DECLARATION
anfr-642284,642284,48.86055555555556,2.363611111111111,,7 R DEBELLEYME,,,75003,75103,36,BOUYGUES TELECOM,2G | 3G | 4G | 5G,5G NR 2100 | 5G NR 3500 | GSM 900 | LTE 1800 | LTE 2100 | LTE 2600 | LTE 700 | LTE 800 | UMTS 900,En service | Techniquement opérationnel,0752750317,9,mobile_radio_site,ANFR Open Data,PUBLIC_DECLARATION
anfr-710170,710170,48.86333333333334,2.356388888888889,,15 r chapon,,,75003,75103,29,BOUYGUES TELECOM,2G | 3G | 4G | 5G,5G NR 2100 | 5G NR 3500 | GSM 900 | LTE 1800 | LTE 700 | UMTS 900,En service | Projet approuvé,0752750728,6,mobile_radio_site,ANFR Open Data,PUBLIC_DECLARATION
anfr-739320,739320,48.867777777777775,2.3544444444444443,,327 R ST MARTIN,73 R NOTRE DAME DE NAZARETH,,75003,75103,32,BOUYGUES TELECOM,2G | 3G | 4G | 5G,5G NR 2100 | 5G NR 3500 | GSM 900 | LTE 1800 | LTE 2100 | LTE 2600 | LTE 700 | LTE 800 | UMTS 900,En service | Techniquement opérationnel,0752750022,9,mobile_radio_site,ANFR Open Data,PUBLIC_DECLARATION
anfr-1884218,1884218,48.861111111111114,2.3577777777777778,,51-53 r des Archives,,,75003,75103,28,BOUYGUES TELECOM | FREE MOBILE,4G | 5G,5G NR 2100 | 5G NR 3500 | 5G NR 700 | LTE 1800 | LTE 2100 | LTE 2600 | LTE 700 | LTE 800 | LTE 900,En service | Techniquement opérationnel,0750990553 | 0752750727,14,mobile_radio_site,ANFR Open Data,PUBLIC_DECLARATION
anfr-1949191,1949191,48.856944444444444,2.3658333333333332,,7 R DU BEARN,,,75003,75103,"22,9",BOUYGUES TELECOM,3G | 4G,LTE 1800 | LTE 800 | UMTS 900,En service,0752752174,3,mobile_radio_site,ANFR Open Data,PUBLIC_DECLARATION
anfr-1987850,1987850,48.85916666666667,2.361111111111111,,"10 , r barbette",,,75003,75103,34,BOUYGUES TELECOM | FREE MOBILE | SFR,2G | 3G | 4G | 5G,5G NR 2100 | 5G NR 3500 | 5G NR 700 | GSM 900 | LTE 1800 | LTE 2100 | LTE 2600 | LTE 700 | LTE 800 | LTE 900 | UMTS 2100 | UMTS 900,En service | Techniquement opérationnel,0750990624 | 0752700051 | 0752752763,22,mobile_radio_site,ANFR Open Data,PUBLIC_DECLARATION
anfr-2092808,2092808,48.86388888888889,2.352777777777778,,218  RUE ST MARTIN,,,75003,75103,"19,3",BOUYGUES TELECOM,4G,LTE 1800 | LTE 2100 | LTE 2600,En service,0752752284,3,mobile_radio_site,ANFR Open Data,PUBLIC_DECLARATION
anfr-2383814,2383814,48.86361111111111,2.3647222222222224,,120 RUE DE TURENNE,,,75003,75103,"25,3",BOUYGUES TELECOM,4G | 5G,5G NR 2100 | LTE 1800 | LTE 2100 | LTE 2600 | LTE 700 | LTE 800,En service | Techniquement opérationnel,0752752698,6,mobile_radio_site,ANFR Open Data,PUBLIC_DECLARATION
anfr-2821001,2821001,48.864444444444445,2.3575,,2 TER R AU MAIRE,,,75003,75103,"28,6",BOUYGUES TELECOM,4G | 5G,5G NR 2100 | 5G NR 3500 | LTE 1800 | LTE 2100 | LTE 2600 | LTE 700 | LTE 800,En service | Techniquement opérationnel,0752752858,7,mobile_radio_site,ANFR Open Data,PUBLIC_DECLARATION
anfr-2963963,2963963,48.86388888888889,2.3605555555555555,ENFANTS ROUGES,59 Rue de Bretagne,,,75003,75103,29,BOUYGUES TELECOM | FREE MOBILE,3G | 4G | 5G,5G NR 2100 | 5G NR 3500 | 5G NR 700 | LTE 1800 | LTE 2100 | LTE 2600 | LTE 700 | LTE 800 | LTE 900 | UMTS 900,En service | Techniquement opérationnel,0750991102 | 0752751836,15,mobile_radio_site,ANFR Open Data,PUBLIC_DECLARATION
anfr-3202445,3202445,48.863055555555555,2.354166666666667,,61-63 RUE BEAUBOURG,,,75003,75103,"33,8",BOUYGUES TELECOM | FREE MOBILE,3G | 4G | 5G,5G NR 2100 | 5G NR 3500 | 5G NR 700 | LTE 1800 | LTE 2100 | LTE 2600 | LTE 700 | LTE 800 | LTE 900 | UMTS 900,En service | Projet approuvé | Techniquement opérationnel,0750990903 | 0752753012,15,mobile_radio_site,ANFR Open Data,PUBLIC_DECLARATION
anfr-3275102,3275102,48.861111111111114,2.361388888888889,,5 RUE DE SAINTONGE,,,75003,75103,"30,8",BOUYGUES TELECOM | FREE MOBILE,3G | 4G | 5G,5G NR 2100 | 5G NR 3500 | 5G NR 700 | LTE 1800 | LTE 2100 | LTE 2600 | LTE 700 | LTE 800 | LTE 900 | UMTS 900,En service | Projet approuvé | Techniquement opérationnel,0750990934 | 0752753031,14,mobile_radio_site,ANFR Open Data,PUBLIC_DECLARATION
anfr-1318498,1318498,48.86555555555556,2.3561111111111113,,53 RUE DE TURBIGO,,,75003,75103,"27,5",FREE MOBILE,4G | 5G,5G NR 3500 | 5G NR 700 | LTE 1800 | LTE 2100 | LTE 2600 | LTE 700 | LTE 900,En service | Techniquement opérationnel,0750990113,7,mobile_radio_site,ANFR Open Data,PUBLIC_DECLARATION
anfr-1482223,1482223,48.86194444444445,2.3666666666666667,,Boulevard des Filles du Calvaire,,,75003,75103,"30,3",FREE MOBILE,4G | 5G,5G NR 700 | LTE 1800 | LTE 2100 | LTE 2600 | LTE 700 | LTE 900,En service | Projet approuvé,0750990183,6,mobile_radio_site,ANFR Open Data,PUBLIC_DECLARATION
anfr-1760684,1760684,48.86888888888889,2.354166666666667,,112 boulevard de Sébastopol,,,75003,75103,"29,3",FREE MOBILE,4G | 5G,5G NR 3500 | 5G NR 700 | LTE 1800 | LTE 2100 | LTE 2600 | LTE 700 | LTE 900,En service | Techniquement opérationnel,0750990287,7,mobile_radio_site,ANFR Open Data,PUBLIC_DECLARATION
anfr-1769356,1769356,48.85666666666667,2.3644444444444446,,26 rue de turenne,,,75003,75103,"23,3",FREE MOBILE,4G | 5G,5G NR 700 | LTE 1800 | LTE 2100 | LTE 2600 | LTE 700 | LTE 900,En service | Projet approuvé,0750990292,6,mobile_radio_site,ANFR Open Data,PUBLIC_DECLARATION
anfr-1924101,1924101,48.86388888888889,2.3516666666666666,,66 BOULEVARD SEBASTOPOL,,,75003,75103,"27,6",FREE MOBILE,4G | 5G,5G NR 3500 | 5G NR 700 | LTE 1800 | LTE 2100 | LTE 2600 | LTE 700 | LTE 900,En service | Techniquement opérationnel,0750990592,7,mobile_radio_site,ANFR Open Data,PUBLIC_DECLARATION
anfr-2005622,2005622,48.861111111111114,2.353888888888889,METRO RAMBUTEAU,22 rue Beaubourg,,,75003,75103,0,FREE MOBILE | SFR,2G | 3G | 4G,GSM 1800 | GSM 900 | LTE 1800 | LTE 900 | UMTS 900,En service | Projet approuvé,0750990630 | 0752702232,6,mobile_radio_site,ANFR Open Data,PUBLIC_DECLARATION
anfr-2212535,2212535,48.86638888888889,2.3605555555555555,,72 RUE DE TURBIGO,,,75005,75103,"31,3",FREE MOBILE,4G | 5G,5G NR 3500 | 5G NR 700 | LTE 1800 | LTE 2100 | LTE 2600 | LTE 700 | LTE 900,En service | Projet approuvé | Techniquement opérationnel,0750990798,7,mobile_radio_site,ANFR Open Data,PUBLIC_DECLARATION
anfr-2289555,2289555,48.8575,2.367777777777778,METRO CHEMIN VERT L8,54 BOULEVARD BEAUMARCHAIS,,,75003,75103,0,FREE MOBILE,4G,LTE 1800,En service,0750990855,1,mobile_radio_site,ANFR Open Data,PUBLIC_DECLARATION
anfr-2896652,2896652,48.8675,2.363611111111111,METRO_REPUBLIQUE_L8_L9,PLACE DE LA REPUBLIQUE,,,75003,75103,0,FREE MOBILE,4G,LTE 1800 | LTE 2600,En service,0750991063,2,mobile_radio_site,ANFR Open Data,PUBLIC_DECLARATION
anfr-2911337,2911337,48.86527777777778,2.3561111111111113,METRO_ARTS ET METIERS_L3_L11,RUE REAUMUR,,,75003,75103,0,FREE MOBILE,4G,LTE 1800 | LTE 2600 | LTE 700,Projet approuvé,0750991069,3,mobile_radio_site,ANFR Open Data,PUBLIC_DECLARATION
anfr-571047,571047,48.86222222222222,2.3644444444444446,,107 r de Turenne,,,75003,75103,33,ORANGE,2G | 3G | 4G | 5G,5G NR 3500 | 5G NR 700 | GSM 900 | LTE 1800 | LTE 2100 | LTE 2600 | LTE 700 | LTE 800 | UMTS 2100 | UMTS 900,En service | Techniquement opérationnel,0752290167,10,mobile_radio_site,ANFR Open Data,PUBLIC_DECLARATION
anfr-711174,711174,48.862500000000004,2.358888888888889,,61 r des Archives,ctre FranceTélécom,,75003,75103,55,ORANGE | SFR,2G | 3G | 4G | 5G,5G NR 3500 | 5G NR 700 | GSM 900 | LTE 1800 | LTE 2100 | LTE 2600 | LTE 700 | LTE 800 | UMTS 900,En service | Techniquement opérationnel,0752290168 | 0752702925,16,mobile_radio_site,ANFR Open Data,PUBLIC_DECLARATION
anfr-813647,813647,48.85861111111111,2.361111111111111,,5 r barbette,,,75003,75103,25,ORANGE,2G | 3G | 4G | 5G,5G NR 3500 | 5G NR 700 | GSM 900 | LTE 1800 | LTE 2100 | LTE 2600 | LTE 700 | LTE 800 | UMTS 900,En service | Projet approuvé | Techniquement opérationnel,0752290166,9,mobile_radio_site,ANFR Open Data,PUBLIC_DECLARATION
anfr-813655,813655,48.86638888888889,2.353888888888889,,257 r st martin,,,75003,75103,33,ORANGE,2G | 3G | 4G | 5G,5G NR 3500 | 5G NR 700 | GSM 900 | LTE 1800 | LTE 2100 | LTE 2600 | LTE 700 | LTE 800 | UMTS 900,En service | Projet approuvé | Techniquement opérationnel,0752290173,9,mobile_radio_site,ANFR Open Data,PUBLIC_DECLARATION
anfr-884086,884086,48.86333333333334,2.352222222222222,,197 r st martin,,,75003,75103,35,ORANGE,2G | 3G | 4G | 5G,5G NR 3500 | 5G NR 700 | GSM 900 | LTE 1800 | LTE 2100 | LTE 2600 | LTE 700 | LTE 800 | UMTS 900,En service | Techniquement opérationnel,0752291509,9,mobile_radio_site,ANFR Open Data,PUBLIC_DECLARATION
anfr-2148248,2148248,48.867222222222225,2.3641666666666667,Métro REPUBLIQUE L3  L5 L11,Place de la République,,,75003,75103,0,ORANGE | SFR,2G | 3G | 4G,GSM 900 | LTE 1800 | LTE 2100 | LTE 2600 | LTE 800 | UMTS 900,En service,0752292245 | 0752702545,8,mobile_radio_site,ANFR Open Data,PUBLIC_DECLARATION
anfr-2151934,2151934,48.867222222222225,2.3641666666666667,Métro REPUBLIQUE L8 L9,Place de la République,,,75003,75103,0,ORANGE,3G | 4G,LTE 1800 | LTE 2100 | LTE 2600 | LTE 800 | UMTS 900,En service,0752292252,5,mobile_radio_site,ANFR Open Data,PUBLIC_DECLARATION
anfr-2438140,2438140,48.865,2.362777777777778,,4 rue Dupetit Thouars,,,75003,75103,"6,7",ORANGE,4G,LTE 1800 | LTE 2100,En service,0752292456,2,mobile_radio_site,ANFR Open Data,PUBLIC_DECLARATION
anfr-2450290,2450290,48.867777777777775,2.36,,22 rue Meslay,,,75003,75103,"18,3",ORANGE,4G,LTE 1800 | LTE 2100,En service,0752292519,2,mobile_radio_site,ANFR Open Data,PUBLIC_DECLARATION
anfr-2459277,2459277,48.867222222222225,2.359166666666667,,27 rue Notre Dame de Nazareth,,,75003,75103,20,ORANGE,4G,LTE 1800 | LTE 2100,En service,0752292555,2,mobile_radio_site,ANFR Open Data,PUBLIC_DECLARATION
anfr-2825725,2825725,48.86611111111111,2.361388888888889,,164 Rue du Temple,Monoprix République,,75003,75103,25,ORANGE,3G | 4G,LTE 1800 | LTE 2100 | LTE 2600 | LTE 800 | UMTS 900,En service,0752292068,5,mobile_radio_site,ANFR Open Data,PUBLIC_DECLARATION
anfr-867078,867078,48.86888888888889,2.354722222222222,,7 BD ST DENIS,,,75003,75103,"28,2",SFR,3G | 4G | 5G,5G NR 3500 | LTE 1800 | LTE 2100 | LTE 2600 | LTE 700 | LTE 800 | UMTS 900,En service | Projet approuvé | Techniquement opérationnel,0752700378,7,mobile_radio_site,ANFR Open Data,PUBLIC_DECLARATION
anfr-867098,867098,48.86138888888889,2.3647222222222224,,"2, r commines",,,75003,75103,23,SFR,3G | 4G | 5G,5G NR 3500 | LTE 1800 | LTE 2100 | LTE 2600 | LTE 700 | LTE 800 | UMTS 900,En service | Projet approuvé,0752700174,7,mobile_radio_site,ANFR Open Data,PUBLIC_DECLARATION
anfr-1056934,1056934,48.865833333333335,2.3569444444444447,,59. rue de Turbigo,,,75003,75103,"26,6",SFR,3G | 4G | 5G,5G NR 3500 | LTE 1800 | LTE 2100 | LTE 2600 | UMTS 2100,En service | Techniquement opérationnel,0752701309,5,mobile_radio_site,ANFR Open Data,PUBLIC_DECLARATION
anfr-2040752,2040752,48.86694444444444,2.363888888888889,Métro REPUBLIQUE,Place de la République,,,75003,75103,0,SFR,3G | 4G,LTE 1800 | LTE 2100 | LTE 2600 | LTE 700 | LTE 800 | UMTS 900,En service,0752702542,6,mobile_radio_site,ANFR Open Data,PUBLIC_DECLARATION
anfr-2790714,2790714,48.86472222222223,2.3575,,4 RUE AU MAIRE,RUE DES VERTUS,,75003,75103,33,SFR,4G | 5G,5G NR 3500 | LTE 1800 | LTE 2100 | LTE 2600 | LTE 700 | LTE 800,Projet approuvé,0752702884,6,mobile_radio_site,ANFR Open Data,PUBLIC_DECLARATION
anfr-2870355,2870355,48.86666666666667,2.363888888888889,,22  Rue Béranger,,,75003,75103,"22,6",SFR,3G | 4G | 5G,5G NR 3500 | LTE 1800 | LTE 2100 | LTE 2600 | LTE 700 | LTE 800 | UMTS 900,En service | Techniquement opérationnel,0752702972,7,mobile_radio_site,ANFR Open Data,PUBLIC_DECLARATION
anfr-2976143,2976143,48.86138888888889,2.3577777777777778,,4  RUE DES HAUDRIETTES,,,75003,75103,"19,4",SFR,3G | 4G,LTE 1800 | LTE 2600 | UMTS 2100,En service | Projet approuvé,0752703257,3,mobile_radio_site,ANFR Open Data,PUBLIC_DECLARATION
anfr-579309,579309,48.86055555555556,2.352222222222222,,"32, 38 R DU RENARD",CENTRE GEORGES POMPIDOU,BEAUBOURG,75004,75104,53,BOUYGUES TELECOM | FREE MOBILE | ORANGE | SFR,2G | 3G | 4G | 5G,5G NR 2100 | 5G NR 3500 | 5G NR 700 | GSM 900 | LTE 1800 | LTE 2100 | LTE 2600 | LTE 700 | LTE 800 | LTE 900 | UMTS 900,En service | Projet approuvé | Techniquement opérationnel,0750990218 | 0752291483 | 0752700001 | 0752750125,27,mobile_radio_site,ANFR Open Data,PUBLIC_DECLARATION
anfr-586033,586033,48.85777777777778,2.3536111111111113,,33 r de la verrerie/ 52r de  rivoli,BHV Magasin terrasse,,75004,75104,36,BOUYGUES TELECOM | ORANGE,2G | 3G | 4G | 5G,5G NR 2100 | 5G NR 3500 | 5G NR 700 | GSM 900 | LTE 1800 | LTE 2100 | LTE 2600 | LTE 700 | LTE 800 | UMTS 900,En service | Techniquement opérationnel,0752290050 | 0752750214,16,mobile_radio_site,ANFR Open Data,PUBLIC_DECLARATION
anfr-703284,703284,48.848333333333336,2.3630555555555555,,Tunnel sur le Quai Henri IV,,,75004,75104,4,BOUYGUES TELECOM | ORANGE,3G | 4G,LTE 1800 | LTE 800 | UMTS 2100 | UMTS 900,En service,0752291471 | 0752751654,5,mobile_radio_site,ANFR Open Data,PUBLIC_DECLARATION
anfr-775145,775145,48.856944444444444,2.361111111111111,,29 B R DES FRANCS BOURGEOIS,,,75004,75104,"29,9",BOUYGUES TELECOM,3G | 4G | 5G,5G NR 2100 | 5G NR 3500 | LTE 1800 | LTE 2600 | LTE 700 | LTE 800 | UMTS 900,En service | Projet approuvé,0752750862,7,mobile_radio_site,ANFR Open Data,PUBLIC_DECLARATION
anfr-785494,785494,48.85527777777778,2.358888888888889,,78 R FRANCOIS MIRON,,,75004,75104,28,BOUYGUES TELECOM,4G | 5G,5G NR 2100 | 5G NR 3500 | LTE 1800 | LTE 2100 | LTE 2600 | LTE 700 | LTE 800,En service | Projet approuvé | Techniquement opérationnel,0752750991,7,mobile_radio_site,ANFR Open Data,PUBLIC_DECLARATION
anfr-814337,814337,48.85472222222222,2.3561111111111113,,imp putigne,admi : 9/15 r geoffroy l'asnier,,75004,75104,24,BOUYGUES TELECOM | FREE MOBILE | ORANGE,2G | 3G | 4G | 5G,5G NR 2100 | 5G NR 3500 | 5G NR 700 | GSM 900 | LTE 1800 | LTE 2100 | LTE 2600 | LTE 700 | LTE 800 | LTE 900 | UMTS 900,En service | Techniquement opérationnel,0750990067 | 0752290444 | 0752750124,23,mobile_radio_site,ANFR Open Data,PUBLIC_DECLARATION
anfr-833028,833028,48.855000000000004,2.362777777777778,,2 R CARON,,,75004,75104,29,BOUYGUES TELECOM,2G | 3G | 4G | 5G,5G NR 2100 | 5G NR 3500 | GSM 900 | LTE 1800 | LTE 2100 | LTE 2600 | LTE 700 | LTE 800 | UMTS 900,En service | Techniquement opérationnel,0752750412,9,mobile_radio_site,ANFR Open Data,PUBLIC_DECLARATION
anfr-834362,834362,48.85777777777778,2.350277777777778,,35 R DE RIVOLI,,,75004,75104,27,BOUYGUES TELECOM,2G | 4G | 5G,5G NR 2100 | 5G NR 3500 | GSM 900 | LTE 1800 | LTE 2100 | LTE 2600 | LTE 700 | LTE 800,En service | Techniquement opérationnel,0752751067,8,mobile_radio_site,ANFR Open Data,PUBLIC_DECLARATION
anfr-876311,876311,48.85444444444445,2.3511111111111114,,19 QUAI AUX FLEURS,,,75004,75104,"30,6",BOUYGUES TELECOM,3G | 4G | 5G,5G NR 2100 | 5G NR 3500 | LTE 1800 | LTE 2100 | LTE 2600 | LTE 700 | LTE 800 | UMTS 900,En service | Techniquement opérationnel,0752750573,8,mobile_radio_site,ANFR Open Data,PUBLIC_DECLARATION
anfr-1510594,1510594,48.85027777777778,2.3641666666666667,,Rue de l'Arsenal,Gare de Lyon/tunnel/répéteur 3,,75004,75104,6,BOUYGUES TELECOM | FREE MOBILE | ORANGE | SFR,2G | 3G | 4G,GSM 900 | LTE 1800 | LTE 2100 | LTE 2600 | LTE 700 | LTE 800 | LTE 900 | UMTS 900,En service,0750991091 | 0752292847 | 0752703312 | 0752752847,25,mobile_radio_site,ANFR Open Data,PUBLIC_DECLARATION
anfr-1510603,1510603,48.85472222222222,2.3583333333333334,,Rue du Figuier,Gare de Lyon/Tunnel/Répéteur 4,,75004,75104,6,BOUYGUES TELECOM | FREE MOBILE | ORANGE | SFR,2G | 3G | 4G,GSM 900 | LTE 1800 | LTE 2100 | LTE 2600 | LTE 700 | LTE 800 | LTE 900 | UMTS 900,En service,0750991092 | 0752292852 | 0752703315 | 0752752848,25,mobile_radio_site,ANFR Open Data,PUBLIC_DECLARATION
anfr-1510612,1510612,48.85861111111111,2.3494444444444444,,Rue de La Coutellerie,Gare de Lyon/Tunnel/Répéteur 5,,75004,75104,6,BOUYGUES TELECOM | FREE MOBILE | ORANGE | SFR,2G | 3G | 4G,GSM 900 | LTE 1800 | LTE 2100 | LTE 2600 | LTE 700 | LTE 800 | LTE 900 | UMTS 900,En service | Projet approuvé,0750991012 | 0752292846 | 0752703317 | 0752752838,25,mobile_radio_site,ANFR Open Data,PUBLIC_DECLARATION
anfr-1510623,1510623,48.85861111111111,2.3494444444444444,,Rue Pernelle,Gare de Lyon/Tunnel/Répéteur 6,,75004,75104,6,BOUYGUES TELECOM | FREE MOBILE | ORANGE | SFR,2G | 3G | 4G,GSM 900 | LTE 1800 | LTE 2100 | LTE 2600 | LTE 700 | LTE 800 | LTE 900 | UMTS 900,En service | Projet approuvé,0750991013 | 0752292848 | 0752703318 | 0752752839,25,mobile_radio_site,ANFR Open Data,PUBLIC_DECLARATION
anfr-1510662,1510662,48.85416666666667,2.357222222222222,,Rue de l'Hotel de Ville,Gare de Lyon/Tunnel/Répéteur 7,,75004,75104,6,BOUYGUES TELECOM | FREE MOBILE | ORANGE | SFR,2G | 3G | 4G,GSM 900 | LTE 1800 | LTE 2100 | LTE 2600 | LTE 700 | LTE 800 | LTE 900 | UMTS 900,En service | Projet approuvé,0750991014 | 0752292844 | 0752703320 | 0752752840,25,mobile_radio_site,ANFR Open Data,PUBLIC_DECLARATION
anfr-1510664,1510664,48.85,2.365,,Rue Mornay,Gare de Lyon/tunnel/répéteur 8,,75004,75104,6,BOUYGUES TELECOM | FREE MOBILE | ORANGE | SFR,2G | 3G | 4G,GSM 900 | LTE 1800 | LTE 2100 | LTE 2600 | LTE 700 | LTE 800 | LTE 900 | UMTS 900,En service,0750991093 | 0752292845 | 0752703322 | 0752752849,25,mobile_radio_site,ANFR Open Data,PUBLIC_DECLARATION
anfr-1556822,1556822,48.85166666666667,2.3577777777777778,,7 R POULLETIER,,,75004,75104,"25,5",BOUYGUES TELECOM,2G | 3G | 4G | 5G,5G NR 2100 | 5G NR 3500 | GSM 900 | LTE 1800 | LTE 2100 | LTE 2600 | LTE 700 | LTE 800 | UMTS 900,En service | Techniquement opérationnel,0752752071,9,mobile_radio_site,ANFR Open Data,PUBLIC_DECLARATION
anfr-1854554,1854554,48.855555555555554,2.368333333333333,,25 BD BEAUMARCHAIS,,,75004,75104,"29,5",BOUYGUES TELECOM | FREE MOBILE,4G | 5G,5G NR 2100 | 5G NR 3500 | 5G NR 700 | LTE 1800 | LTE 2100 | LTE 2600 | LTE 700 | LTE 800 | LTE 900,En service | Projet approuvé | Techniquement opérationnel,0750990548 | 0752750724,13,mobile_radio_site,ANFR Open Data,PUBLIC_DECLARATION
anfr-2045877,2045877,48.85527777777778,2.36,METRO SAINT PAUL,Rue François Miron,Rue Rivoli,,75004,75104,0,BOUYGUES TELECOM | ORANGE | SFR,3G | 4G,LTE 1800 | LTE 2100 | LTE 2600 | LTE 800 | UMTS 2100 | UMTS 900,En service,0752292196 | 0752701415 | 0752752003,15,mobile_radio_site,ANFR Open Data,PUBLIC_DECLARATION
anfr-2089101,2089101,48.85722222222223,2.352222222222222,métro HOTEL DE VILLE L1/L11,70 rue de Rivoli,,,75004,75104,0,BOUYGUES TELECOM | FREE MOBILE | ORANGE,3G | 4G,LTE 1800 | LTE 2100 | LTE 2600 | LTE 700 | LTE 800 | UMTS 900,En service | Projet approuvé,0750990717 | 0752292138 | 0752752823,15,mobile_radio_site,ANFR Open Data,PUBLIC_DECLARATION
anfr-2156052,2156052,48.85166666666667,2.361666666666667,Métro SULLY MORLAND L7,2 Quai des Célestins,,,75004,75104,0,BOUYGUES TELECOM | SFR,2G | 3G | 4G,GSM 1800 | GSM 900 | LTE 1800 | UMTS 900,En service,0752701996 | 0752752636,6,mobile_radio_site,ANFR Open Data,PUBLIC_DECLARATION
anfr-2171767,2171767,48.85777777777778,2.356388888888889,,33 R DU BOURG TIBOURG,,,75004,75104,"24,5",BOUYGUES TELECOM,3G | 4G | 5G,5G NR 2100 | 5G NR 3500 | LTE 1800 | LTE 2100 | LTE 2600 | LTE 700 | LTE 800 | UMTS 900,En service | Projet approuvé,0752752418,8,mobile_radio_site,ANFR Open Data,PUBLIC_DECLARATION
anfr-2360018,2360018,48.853611111111114,2.357222222222222,Métro Ligne 7 PONT MARIE,18  RUE DE L'HÔTEL DE VILLE,,,75004,75104,1,BOUYGUES TELECOM,3G | 4G,LTE 1800 | LTE 2100 | LTE 2600 | LTE 700 | LTE 800 | UMTS 900,En service,0752752683,6,mobile_radio_site,ANFR Open Data,PUBLIC_DECLARATION
anfr-2966852,2966852,48.85027777777778,2.3666666666666667,,23 b Boulevard Bourdon,,,75004,75104,41,BOUYGUES TELECOM | SFR,2G | 3G | 4G | 5G,5G NR 2100 | 5G NR 3500 | GSM 900 | LTE 1800 | LTE 2100 | LTE 2600 | LTE 700 | LTE 800 | UMTS 900,En service | Techniquement opérationnel,0752703211 | 0752750302,16,mobile_radio_site,ANFR Open Data,PUBLIC_DECLARATION
anfr-3050249,3050249,48.86027777777778,2.3505555555555557,,4 R AUBRY LE BOUCHER,,,75004,75104,"28,5",BOUYGUES TELECOM | ORANGE | SFR,3G | 4G | 5G,5G NR 2100 | 5G NR 3500 | 5G NR 700 | LTE 1800 | LTE 2100 | LTE 2600 | LTE 700 | LTE 800 | UMTS 900,En service | Projet approuvé | Techniquement opérationnel,0752292948 | 0752702975 | 0752752931,24,mobile_radio_site,ANFR Open Data,PUBLIC_DECLARATION
anfr-3301518,3301518,48.85305555555556,2.3466666666666667,GARE RER B ST MICHEL NOTRE DAM,QUAI ST MICHEL,,,75004,75104,1,BOUYGUES TELECOM,3G | 4G,LTE 1800 | LTE 2100 | LTE 2600 | LTE 800 | UMTS 900,En service,0752753046,5,mobile_radio_site,ANFR Open Data,PUBLIC_DECLARATION
anfr-1467508,1467508,48.85416666666667,2.3497222222222223,,11 RUE D'ARCOLE,,,75004,75104,26,FREE MOBILE | SFR,2G | 3G | 4G | 5G,5G NR 2100 | 5G NR 3500 | 5G NR 700 | GSM 900 | LTE 1800 | LTE 2100 | LTE 2600 | LTE 700 | LTE 800 | LTE 900 | UMTS 900,En service | Projet approuvé | Techniquement opérationnel,0750990167 | 0752700344,15,mobile_radio_site,ANFR Open Data,PUBLIC_DECLARATION
anfr-1491784,1491784,48.85166666666667,2.3558333333333334,,RUE BUDE,,,75004,75104,"24,6",FREE MOBILE,4G | 5G,5G NR 700 | LTE 1800 | LTE 2100 | LTE 2600 | LTE 700 | LTE 900,En service | Projet approuvé,0750990188,6,mobile_radio_site,ANFR Open Data,PUBLIC_DECLARATION
anfr-1830511,1830511,48.848333333333336,2.365277777777778,,"2, rue Crillon",,,75004,75104,"27,5",FREE MOBILE | ORANGE,3G | 4G | 5G,5G NR 3500 | 5G NR 700 | LTE 1800 | LTE 2100 | LTE 2600 | LTE 700 | LTE 800 | LTE 900 | UMTS 900,En service | Techniquement opérationnel,0750990075 | 0752292049,14,mobile_radio_site,ANFR Open Data,PUBLIC_DECLARATION
anfr-1848487,1848487,48.85777777777778,2.351388888888889,,74 rue de Rivoli,,,75004,75104,"27,2",FREE MOBILE,4G | 5G,5G NR 3500 | 5G NR 700 | LTE 1800 | LTE 2100 | LTE 2600 | LTE 700 | LTE 900,En service | Projet approuvé | Techniquement opérationnel,0750990458,7,mobile_radio_site,ANFR Open Data,PUBLIC_DECLARATION
anfr-1883906,1883906,48.85666666666667,2.361666666666667,,22 RUE MALHER,,,75004,75104,"24,9",FREE MOBILE,4G | 5G,5G NR 3500 | 5G NR 700 | LTE 1800 | LTE 2100 | LTE 2600 | LTE 700 | LTE 900,En service | Techniquement opérationnel,0750990554,7,mobile_radio_site,ANFR Open Data,PUBLIC_DECLARATION
anfr-2006455,2006455,48.85527777777778,2.3472222222222223,Métro CITE,2  Place Louis LEPINE,,,75004,75104,0,FREE MOBILE,4G,LTE 1800,En service,0750990633,1,mobile_radio_site,ANFR Open Data,PUBLIC_DECLARATION
anfr-2009908,2009908,48.85722222222223,2.3486111111111114,,RUE ADOLPHE ADAM,,,75004,75104,"35,4",FREE MOBILE,4G | 5G,5G NR 3500 | 5G NR 700 | LTE 1800 | LTE 2100 | LTE 2600 | LTE 700 | LTE 900,En service | Techniquement opérationnel,0750990612,7,mobile_radio_site,ANFR Open Data,PUBLIC_DECLARATION
anfr-2042538,2042538,48.85388888888889,2.3575,Métro PONT MARIE L7,Quai des Celestins,,,75004,75104,0,FREE MOBILE | ORANGE | SFR,3G | 4G,LTE 1800 | LTE 2100 | LTE 2600 | LTE 700 | LTE 800 | UMTS 900,En service | Projet approuvé,0750990699 | 0752292110 | 0752702393,15,mobile_radio_site,ANFR Open Data,PUBLIC_DECLARATION
anfr-2078447,2078447,48.85388888888889,2.3622222222222224,,30 RUE SAINT PAUL,,,75004,75104,"26,3",FREE MOBILE,4G | 5G,5G NR 700 | LTE 1800 | LTE 2100 | LTE 2600 | LTE 700 | LTE 900,En service | Projet approuvé,0750990678,6,mobile_radio_site,ANFR Open Data,PUBLIC_DECLARATION
anfr-2817635,2817635,48.85111111111111,2.3594444444444447,,2 rue Saint Louis en lIle,,,75004,75104,"24,8",FREE MOBILE,4G | 5G,5G NR 700 | LTE 1800 | LTE 2100 | LTE 2600 | LTE 700 | LTE 900,En service | Techniquement opérationnel,0750991021,6,mobile_radio_site,ANFR Open Data,PUBLIC_DECLARATION
anfr-2935563,2935563,48.855000000000004,2.3458333333333337,,5 boulevard du Palais,,,75004,75104,"30,1",FREE MOBILE,4G | 5G,5G NR 3500 | 5G NR 700 | LTE 1800 | LTE 2100 | LTE 2600 | LTE 700 | LTE 900,En service | Techniquement opérationnel,0750991084,7,mobile_radio_site,ANFR Open Data,PUBLIC_DECLARATION
anfr-2984580,2984580,48.8525,2.366111111111111,,37 Boulevard Henri IV,,,75004,75104,25,FREE MOBILE | SFR,4G | 5G,5G NR 3500 | 5G NR 700 | LTE 1800 | LTE 2100 | LTE 2600 | LTE 700 | LTE 800 | LTE 900,En service | Projet approuvé | Techniquement opérationnel,0750990309 | 0752703255,13,mobile_radio_site,ANFR Open Data,PUBLIC_DECLARATION
anfr-3039087,3039087,48.85722222222223,2.3555555555555556,,4 RUE DE LA VERRERIE,,,75004,75104,"29,9",FREE MOBILE,4G | 5G,5G NR 3500 | 5G NR 700 | LTE 1800 | LTE 2100 | LTE 2600 | LTE 700 | LTE 900,En service | Techniquement opérationnel,0750990220,7,mobile_radio_site,ANFR Open Data,PUBLIC_DECLARATION
anfr-3070477,3070477,48.855000000000004,2.363611111111111,,6 rue de turenne,,,75004,75104,"26,4",FREE MOBILE | ORANGE,3G | 4G | 5G,5G NR 3500 | 5G NR 700 | LTE 1800 | LTE 2100 | LTE 2600 | LTE 700 | LTE 800 | LTE 900 | UMTS 2100 | UMTS 900,En service | Projet approuvé | Techniquement opérationnel,0750990293 | 0752291907,15,mobile_radio_site,ANFR Open Data,PUBLIC_DECLARATION
anfr-3095477,3095477,48.858333333333334,2.358611111111111,,47 Rue des Francs Bourgeois,,,75004,75104,"29,3",FREE MOBILE,4G | 5G,5G NR 3500 | 5G NR 700 | LTE 1800 | LTE 2100 | LTE 2600 | LTE 700 | LTE 900,Projet approuvé,0750991161,7,mobile_radio_site,ANFR Open Data,PUBLIC_DECLARATION
anfr-3256509,3256509,48.855000000000004,2.365,,"11 Bis, Rue de Birague",,,75004,75104,"26,8",FREE MOBILE,4G | 5G,5G NR 3500 | 5G NR 700 | LTE 1800 | LTE 2100 | LTE 2600 | LTE 700 | LTE 900,En service | Projet approuvé | Techniquement opérationnel,0750991184,7,mobile_radio_site,ANFR Open Data,PUBLIC_DECLARATION
anfr-814339,814339,48.85527777777778,2.361111111111111,,8/10 r de Rivoli,,,75004,75104,26,ORANGE,3G | 4G | 5G,5G NR 3500 | 5G NR 700 | LTE 1800 | LTE 2100 | LTE 2600 | LTE 800 | UMTS 900,En service | Projet approuvé | Techniquement opérationnel,0752290447,7,mobile_radio_site,ANFR Open Data,PUBLIC_DECLARATION
anfr-1748473,1748473,48.853611111111114,2.368333333333333,,METRO Bastille L1,Place de la Bastille,,75004,75104,0,ORANGE,3G | 4G,LTE 1800 | LTE 2100 | LTE 2600 | LTE 800 | UMTS 900,En service,0752292023,5,mobile_radio_site,ANFR Open Data,PUBLIC_DECLARATION
anfr-2059773,2059773,48.85055555555556,2.3666666666666667,,25 Boulevard Bourdon,,,75004,75104,"32,5",ORANGE,3G | 4G | 5G,5G NR 3500 | 5G NR 700 | LTE 1800 | LTE 2100 | LTE 2600 | LTE 700 | LTE 800 | UMTS 900,En service | Techniquement opérationnel,0752292151,8,mobile_radio_site,ANFR Open Data,PUBLIC_DECLARATION
anfr-2126209,2126209,48.85333333333333,2.368333333333333,Métro BASTILLE L8,1 Place de la Bastille,,,75004,75104,0,ORANGE,3G | 4G,LTE 1800 | LTE 2100 | LTE 2600 | LTE 800 | UMTS 900,En service,0752292220,5,mobile_radio_site,ANFR Open Data,PUBLIC_DECLARATION
anfr-2287370,2287370,48.86055555555556,2.3497222222222223,,24 BOULEVARD DE SEBASTOPOL,24 RUE AUBRY LE BOUCHER,,75004,75104,17,ORANGE,4G,LTE 1800 | LTE 2100,En service,0752292386,2,mobile_radio_site,ANFR Open Data,PUBLIC_DECLARATION
anfr-2289701,2289701,48.86083333333333,2.3505555555555557,,"44, rue Quincampoix",,,75004,75104,"16,9",ORANGE,4G,LTE 2100,En service,0752292388,1,mobile_radio_site,ANFR Open Data,PUBLIC_DECLARATION
anfr-2438136,2438136,48.8575,2.358888888888889,,40 rue des Rosiers,,,75004,75104,"18,8",ORANGE,4G,LTE 1800 | LTE 2100,En service,0752292457,2,mobile_radio_site,ANFR Open Data,PUBLIC_DECLARATION
anfr-2451988,2451988,48.85611111111111,2.3669444444444445,,13 rue du pas de la mule,,,75004,75104,25,ORANGE,4G,LTE 1800 | LTE 2100,En service,0752292528,2,mobile_radio_site,ANFR Open Data,PUBLIC_DECLARATION
anfr-2995819,2995819,48.85722222222223,2.3511111111111114,,9 PLACE DE L'HOTEL DE VILLE,PARVIS DE L HOTEL DE VILLE,,75004,75104,"26,8",ORANGE | SFR,3G | 4G | 5G,5G NR 3500 | 5G NR 700 | LTE 1800 | LTE 2100 | LTE 2600 | LTE 700 | LTE 800 | UMTS 900,En service | Projet approuvé | Techniquement opérationnel,0752291942 | 0752703298,14,mobile_radio_site,ANFR Open Data,PUBLIC_DECLARATION
anfr-2999512,2999512,48.855000000000004,2.346388888888889,,1 rue de Lutèce,Préfecture de Paris,,75004,75104,"40,4",ORANGE,2G | 3G | 4G | 5G,5G NR 3500 | 5G NR 700 | GSM 900 | LTE 1800 | LTE 2100 | LTE 2600 | LTE 800 | UMTS 900,En service | Techniquement opérationnel,0752292837,8,mobile_radio_site,ANFR Open Data,PUBLIC_DECLARATION
anfr-3112633,3112633,48.86027777777778,2.3533333333333335,,"2, rue Beaubourg",,,75004,75104,"35,3",ORANGE | SFR,3G | 4G | 5G,5G NR 3500 | 5G NR 700 | LTE 1800 | LTE 2100 | LTE 2600 | LTE 700 | LTE 800 | UMTS 2100,En service | Projet approuvé | Techniquement opérationnel,0752293025 | 0752703264,10,mobile_radio_site,ANFR Open Data,PUBLIC_DECLARATION
anfr-3270611,3270611,48.8525,2.354166666666667,,8 rue boutarel,,,75004,75104,"22,7",ORANGE,4G | 5G,5G NR 3500 | 5G NR 700 | LTE 1800 | LTE 2100 | LTE 2600 | LTE 800,En service | Techniquement opérationnel,0752293041,6,mobile_radio_site,ANFR Open Data,PUBLIC_DECLARATION
anfr-480861,480861,48.85472222222222,2.3633333333333333,,2 r de turenne,,,75004,75104,"24,9",SFR,3G | 4G | 5G,5G NR 3500 | LTE 1800 | LTE 2100 | LTE 2600 | LTE 700 | LTE 800 | UMTS 900,En service | Projet approuvé,0752700318,7,mobile_radio_site,ANFR Open Data,PUBLIC_DECLARATION
anfr-867084,867084,48.85527777777778,2.358611111111111,,70 r f.miron,,,75004,75104,"25,9",SFR,2G | 3G | 4G | 5G,5G NR 2100 | 5G NR 3500 | GSM 900 | LTE 1800 | LTE 2100 | LTE 2600 | LTE 800 | UMTS 2100 | UMTS 900,En service | Projet approuvé | Techniquement opérationnel,0752700170,9,mobile_radio_site,ANFR Open Data,PUBLIC_DECLARATION
anfr-867154,867154,48.8525,2.3605555555555555,,"1, r de l'avé maria",,,75004,75104,"24,5",SFR,2G | 3G | 4G | 5G,5G NR 2100 | 5G NR 3500 | GSM 900 | LTE 1800 | LTE 2100 | LTE 2600 | LTE 700 | LTE 800 | UMTS 900,En service | Projet approuvé | Techniquement opérationnel,0752700365,9,mobile_radio_site,ANFR Open Data,PUBLIC_DECLARATION
anfr-1567966,1567966,48.852222222222224,2.3675,METRO BASTILLE,Place de la Bastille,,,75004,75104,3,SFR,3G | 4G,LTE 1800 | LTE 2100 | LTE 2600 | LTE 800 | UMTS 2100 | UMTS 900,En service,0752701413,6,mobile_radio_site,ANFR Open Data,PUBLIC_DECLARATION
anfr-2032101,2032101,48.85722222222223,2.3508333333333336,METRO HOTEL DE VILLE,Angle rue de la Coutellerie et rue de Rivoli,,,75004,75104,0,SFR,2G | 3G | 4G,GSM 1800 | GSM 900 | LTE 1800 | UMTS 900,En service | Projet approuvé,0752702222,4,mobile_radio_site,ANFR Open Data,PUBLIC_DECLARATION
anfr-2514364,2514364,48.85722222222223,2.361666666666667,,"27, rue des francs bourgeois",,,75004,75104,"29,5",SFR,2G | 3G | 4G | 5G,5G NR 3500 | GSM 900 | LTE 1800 | LTE 2100 | LTE 2600 | LTE 700 | LTE 800 | UMTS 2100 | UMTS 900,En service | Techniquement opérationnel,0752700173,9,mobile_radio_site,ANFR Open Data,PUBLIC_DECLARATION
anfr-2889755,2889755,48.85472222222222,2.3561111111111113,,15 RUE GEOFFROY L ASNIER,,,75004,75104,"22,1",SFR,4G | 5G,5G NR 3500 | LTE 1800 | LTE 2100 | LTE 2600 | LTE 700 | LTE 800,Projet approuvé,0752703011,6,mobile_radio_site,ANFR Open Data,PUBLIC_DECLARATION
anfr-2973430,2973430,48.85194444444445,2.3647222222222224,,25 B BOULEVARD HENRI IV,,,75004,75104,"23,1",SFR,4G,LTE 1800 | LTE 2600,En service,0752703243,2,mobile_radio_site,ANFR Open Data,PUBLIC_DECLARATION
anfr-2998948,2998948,48.85916666666667,2.3486111111111114,,6  BOULEVARD DE SEBASTOPOL,,,75004,75104,22,SFR,4G,LTE 1800 | LTE 2100,En service,0752703262,2,mobile_radio_site,ANFR Open Data,PUBLIC_DECLARATION
anfr-3002049,3002049,48.85527777777778,2.363611111111111,,8 Rue de Turenne,,,75004,75104,"25,9",SFR,4G | 5G,5G NR 3500 | LTE 1800 | LTE 2100 | LTE 2600 | LTE 700 | LTE 800,Projet approuvé,0752703311,6,mobile_radio_site,ANFR Open Data,PUBLIC_DECLARATION
anfr-465405,465405,48.84583333333334,2.358611111111111,,R Cuvier - Bât. F,4 Pl Jussieu,9 Quai St-Bernard,75005,75105,40,BOUYGUES TELECOM,2G | 3G | 4G | 5G,5G NR 2100 | 5G NR 3500 | GSM 900 | LTE 1800 | LTE 2100 | LTE 2600 | LTE 700 | LTE 800 | UMTS 900,En service | Projet approuvé | Techniquement opérationnel,0752750469,9,mobile_radio_site,ANFR Open Data,PUBLIC_DECLARATION
anfr-553143,553143,48.84111111111111,2.3458333333333337,,5-7 R Rataud,,,75005,75105,31,BOUYGUES TELECOM | SFR,2G | 3G | 4G | 5G,5G NR 2100 | 5G NR 3500 | GSM 900 | LTE 1800 | LTE 2100 | LTE 2600 | LTE 700 | LTE 800 | UMTS 2100 | UMTS 900,En service | Techniquement opérationnel,0752700294 | 0752750133,18,mobile_radio_site,ANFR Open Data,PUBLIC_DECLARATION
anfr-597223,597223,48.84861111111111,2.3575,,1 r des Fosses St Bernard,,,75005,75105,39,BOUYGUES TELECOM | ORANGE,2G | 3G | 4G | 5G,5G NR 2100 | 5G NR 3500 | 5G NR 700 | GSM 900 | LTE 1800 | LTE 2100 | LTE 2600 | LTE 700 | LTE 800 | UMTS 900,En service | Techniquement opérationnel,0752290071 | 0752750468,17,mobile_radio_site,ANFR Open Data,PUBLIC_DECLARATION
anfr-614084,614084,48.85027777777778,2.346388888888889,,57 BLD ST GERMAIN,E.S.T.P.,,75005,75105,35,BOUYGUES TELECOM | SFR,2G | 3G | 4G | 5G,5G NR 2100 | 5G NR 3500 | GSM 900 | LTE 1800 | LTE 2100 | LTE 2600 | LTE 700 | LTE 800 | UMTS 2100 | UMTS 900,En service | Projet approuvé | Techniquement opérationnel,0752700049 | 0752750467,17,mobile_radio_site,ANFR Open Data,PUBLIC_DECLARATION
anfr-782523,782523,48.846944444444446,2.354722222222222,,4 PL JUSSIEU,ACCÈS À LA TOUR N°16,,75005,75105,35,BOUYGUES TELECOM | ORANGE,2G | 3G | 4G | 5G,5G NR 2100 | 5G NR 3500 | 5G NR 700 | GSM 900 | LTE 1800 | LTE 2100 | LTE 2600 | LTE 700 | LTE 800 | UMTS 900,En service | Techniquement opérationnel,0752291865 | 0752750009,15,mobile_radio_site,ANFR Open Data,PUBLIC_DECLARATION
anfr-786150,786150,48.84805555555556,2.3472222222222223,,20 R DE L'ECOLE POLYTECHNIQUE,,,75005,75105,28,BOUYGUES TELECOM,3G | 4G | 5G,5G NR 2100 | 5G NR 3500 | LTE 1800 | LTE 2100 | LTE 2600 | LTE 700 | LTE 800 | UMTS 900,En service | Techniquement opérationnel,0752750162,8,mobile_radio_site,ANFR Open Data,PUBLIC_DECLARATION
anfr-834207,834207,48.846944444444446,2.343055555555556,,14 R SOUFFLOT,,,75005,75105,30,BOUYGUES TELECOM | FREE MOBILE | ORANGE | SFR,2G | 3G | 4G | 5G,5G NR 2100 | 5G NR 3500 | 5G NR 700 | GSM 900 | LTE 1800 | LTE 2100 | LTE 2600 | LTE 700 | LTE 800 | LTE 900 | UMTS 900,En service | Projet approuvé | Techniquement opérationnel,0750990122 | 0752292530 | 0752700395 | 0752750537,25,mobile_radio_site,ANFR Open Data,PUBLIC_DECLARATION
anfr-880104,880104,48.85305555555556,2.3444444444444446,,5 PL ST MICHEL,,,75005,75105,27,BOUYGUES TELECOM,2G | 3G | 4G | 5G,5G NR 2100 | 5G NR 3500 | GSM 900 | LTE 1800 | LTE 2100 | LTE 2600 | LTE 700 | LTE 800 | UMTS 900,En service | Techniquement opérationnel,0752750404,9,mobile_radio_site,ANFR Open Data,PUBLIC_DECLARATION
anfr-1377299,1377299,48.83972222222222,2.3555555555555556,,25 RUE GEOFFROY SAINT HILAIRE,,,75005,75105,35,BOUYGUES TELECOM | FREE MOBILE,2G | 3G | 4G | 5G,5G NR 2100 | 5G NR 3500 | 5G NR 700 | GSM 900 | LTE 1800 | LTE 2100 | LTE 2600 | LTE 700 | LTE 800 | LTE 900 | UMTS 900,En service | Techniquement opérationnel,0750990140 | 0752750076,16,mobile_radio_site,ANFR Open Data,PUBLIC_DECLARATION
anfr-1505265,1505265,48.85277777777778,2.347777777777778,,Rue Saint Julien Le Pauvre,,,75005,75105,"5,5",BOUYGUES TELECOM | SFR,2G | 3G | 4G,GSM 900 | LTE 1800 | LTE 2100 | LTE 2600 | LTE 800 | UMTS 900,En service,0752703567 | 0752753000,10,mobile_radio_site,ANFR Open Data,PUBLIC_DECLARATION
anfr-1505267,1505267,48.85,2.354166666666667,,rue des Bernardins,,,75005,75105,5,BOUYGUES TELECOM | SFR,2G | 3G | 4G,GSM 900 | LTE 1800 | LTE 2100 | LTE 2600 | LTE 800 | UMTS 900,En service,0752703564 | 0752753056,10,mobile_radio_site,ANFR Open Data,PUBLIC_DECLARATION
anfr-1505469,1505469,48.84916666666667,2.3577777777777778,,Quai Saint Bernard,,,75005,75105,"7,9",BOUYGUES TELECOM | SFR,2G | 3G | 4G,GSM 900 | LTE 1800 | LTE 2100 | LTE 2600 | LTE 800 | UMTS 900,En service,0752703563 | 0752752999,10,mobile_radio_site,ANFR Open Data,PUBLIC_DECLARATION
anfr-1533916,1533916,48.845,2.363888888888889,,QUAI SAINT BERNARD,,,75005,75105,"5,1",BOUYGUES TELECOM | SFR,2G | 3G | 4G,GSM 900 | LTE 1800 | LTE 2100 | LTE 2600 | LTE 800 | UMTS 900,En service,0752703550 | 0752752975,10,mobile_radio_site,ANFR Open Data,PUBLIC_DECLARATION
anfr-1726291,1726291,48.83972222222222,2.3369444444444447,,RER Port Royal,Boulevard de Port Royal,,75005,75105,0,BOUYGUES TELECOM | ORANGE | SFR,3G | 4G,LTE 1800 | LTE 2100 | LTE 2600 | LTE 800 | UMTS 2100 | UMTS 900,En service,0752292014 | 0752701970 | 0752752596,16,mobile_radio_site,ANFR Open Data,PUBLIC_DECLARATION
anfr-1896129,1896129,48.84527777777778,2.3422222222222224,,"216, r st jacques",,,75005,75105,"27,3",BOUYGUES TELECOM | SFR,2G | 3G | 4G | 5G,5G NR 2100 | 5G NR 3500 | GSM 900 | LTE 1800 | LTE 2100 | LTE 2600 | LTE 700 | LTE 800 | UMTS 900,En service | Techniquement opérationnel,0752700390 | 0752752158,14,mobile_radio_site,ANFR Open Data,PUBLIC_DECLARATION
anfr-2003407,2003407,48.83833333333334,2.3494444444444444,,16 RUE PASCAL,,,75005,75105,25,BOUYGUES TELECOM | FREE MOBILE,3G | 4G | 5G,5G NR 2100 | 5G NR 3500 | 5G NR 700 | LTE 1800 | LTE 2100 | LTE 2600 | LTE 700 | LTE 800 | LTE 900 | UMTS 900,En service | Projet approuvé | Techniquement opérationnel,0750990071 | 0752752219,14,mobile_radio_site,ANFR Open Data,PUBLIC_DECLARATION
anfr-2098056,2098056,48.84583333333334,2.354722222222222,Métro JUSSIEU L7 L10,Place Jussieu,,,75005,75105,0,BOUYGUES TELECOM | FREE MOBILE | ORANGE | SFR,2G | 3G | 4G,GSM 1800 | GSM 900 | LTE 1800 | LTE 2100 | LTE 2600 | LTE 700 | LTE 800 | UMTS 900,En service | Projet approuvé,0750990738 | 0752292115 | 0752702368 | 0752752785,19,mobile_radio_site,ANFR Open Data,PUBLIC_DECLARATION
anfr-2130353,2130353,48.84305555555556,2.3519444444444444,METRO PLACE MONGE,Place Monge,Ligne 7,,75005,75105,0,BOUYGUES TELECOM | ORANGE | SFR,2G | 3G | 4G,GSM 1800 | GSM 900 | LTE 1800 | UMTS 900,En service | Projet approuvé,0752292221 | 0752701976 | 0752752404,7,mobile_radio_site,ANFR Open Data,PUBLIC_DECLARATION
anfr-2276252,2276252,48.84666666666667,2.3519444444444444,METRO L10 CARDINAL LEMOINE,29 R MONGE,,,75005,75105,1,BOUYGUES TELECOM,3G | 4G,LTE 1800 | UMTS 900,En service,0752752612,2,mobile_radio_site,ANFR Open Data,PUBLIC_DECLARATION
anfr-2329840,2329840,48.844166666666666,2.345277777777778,,15-17 rue d'Ulm,Foyer franco-libanais,,75005,75105,29,BOUYGUES TELECOM | FREE MOBILE,3G | 4G | 5G,5G NR 2100 | 5G NR 3500 | 5G NR 700 | LTE 1800 | LTE 2100 | LTE 2600 | LTE 700 | LTE 800 | LTE 900 | UMTS 900,En service | Techniquement opérationnel,0750990006 | 0752752662,15,mobile_radio_site,ANFR Open Data,PUBLIC_DECLARATION
anfr-2670636,2670636,48.846111111111114,2.3555555555555556,,19 RUE DE JUSSIEU,,,75005,75105,"29,5",BOUYGUES TELECOM,3G | 4G | 5G,5G NR 2100 | 5G NR 3500 | LTE 1800 | LTE 2100 | LTE 2600 | LTE 700 | LTE 800 | UMTS 900,En service | Techniquement opérationnel,0752752798,8,mobile_radio_site,ANFR Open Data,PUBLIC_DECLARATION
anfr-2755798,2755798,48.84444444444445,2.3394444444444447,STATION Luxembourg RER B,69  BD ST MICHEL,,,75005,75105,1,BOUYGUES TELECOM,3G | 4G,LTE 1800 | LTE 2100 | LTE 2600 | LTE 700 | LTE 800 | UMTS 900,En service,0752752834,6,mobile_radio_site,ANFR Open Data,PUBLIC_DECLARATION
anfr-2952511,2952511,48.84444444444445,2.3505555555555557,,40 Rue Lacépède,,,75005,75105,30,BOUYGUES TELECOM | SFR,2G | 3G | 4G | 5G,5G NR 2100 | 5G NR 3500 | GSM 900 | LTE 1800 | LTE 2100 | LTE 2600 | LTE 700 | LTE 800 | UMTS 900,En service | Techniquement opérationnel,0752703209 | 0752750423,16,mobile_radio_site,ANFR Open Data,PUBLIC_DECLARATION
anfr-3086290,3086290,48.849444444444444,2.35,,36 Rue Des Bernardins,,,75005,75105,"29,5",BOUYGUES TELECOM,2G | 3G | 4G | 5G,5G NR 2100 | 5G NR 3500 | GSM 900 | LTE 1800 | LTE 2100 | LTE 2600 | LTE 700 | LTE 800 | UMTS 900,En service | Techniquement opérationnel,0752751614,9,mobile_radio_site,ANFR Open Data,PUBLIC_DECLARATION
anfr-3360340,3360340,48.838055555555556,2.3533333333333335,,3 R VESALE,,,75005,75105,"25,8",BOUYGUES TELECOM,4G | 5G,5G NR 2100 | LTE 1800 | LTE 2600 | LTE 700 | LTE 800,Projet approuvé,0752753067,5,mobile_radio_site,ANFR Open Data,PUBLIC_DECLARATION
anfr-3380026,3380026,48.84055555555556,2.361111111111111,,8 RUE POLIVEAU,,,75005,75105,"37,8",BOUYGUES TELECOM,2G | 3G | 4G | 5G,5G NR 2100 | 5G NR 3500 | GSM 900 | LTE 1800 | LTE 2100 | LTE 2600 | LTE 700 | LTE 800 | UMTS 900,En service | Techniquement opérationnel,0752751725,9,mobile_radio_site,ANFR Open Data,PUBLIC_DECLARATION
anfr-867109,867109,48.8425,2.352222222222222,,"3, r dolomieu",,,75005,75105,25,FREE MOBILE | SFR,3G | 4G | 5G,5G NR 3500 | 5G NR 700 | LTE 1800 | LTE 2100 | LTE 2600 | LTE 700 | LTE 800 | LTE 900 | UMTS 900,En service | Techniquement opérationnel,0750990023 | 0752700316,12,mobile_radio_site,ANFR Open Data,PUBLIC_DECLARATION
anfr-910697,910697,48.84527777777778,2.356666666666667,,pl jussieu,,,75005,75105,"30,6",FREE MOBILE,4G | 5G,5G NR 3500 | 5G NR 700 | LTE 1800 | LTE 2100 | LTE 2600 | LTE 700 | LTE 900,En service | Techniquement opérationnel,0750990005,7,mobile_radio_site,ANFR Open Data,PUBLIC_DECLARATION
anfr-1325198,1325198,48.841944444444444,2.3408333333333333,,"270, rue Saint Jacques",,,75005,75105,35,FREE MOBILE | SFR,2G | 3G | 4G | 5G,5G NR 2100 | 5G NR 3500 | 5G NR 700 | GSM 900 | LTE 1800 | LTE 2100 | LTE 2600 | LTE 700 | LTE 800 | LTE 900 | UMTS 900,En service | Projet approuvé | Techniquement opérationnel,0750990115 | 0752700027,16,mobile_radio_site,ANFR Open Data,PUBLIC_DECLARATION
anfr-1563254,1563254,48.848888888888894,2.3558333333333334,,Rue des fosses saint bernard,,,75005,75105,"32,3",FREE MOBILE,4G | 5G,5G NR 3500 | 5G NR 700 | LTE 1800 | LTE 2100 | LTE 2600 | LTE 700 | LTE 900,En service | Techniquement opérationnel,0750990219,7,mobile_radio_site,ANFR Open Data,PUBLIC_DECLARATION
anfr-1624004,1624004,48.84166666666667,2.3486111111111114,,8 r jean calvin,,,75005,75105,34,FREE MOBILE | ORANGE | SFR,2G | 3G | 4G | 5G,5G NR 3500 | 5G NR 700 | GSM 900 | LTE 1800 | LTE 2100 | LTE 2600 | LTE 700 | LTE 800 | LTE 900 | UMTS 900,En service | Techniquement opérationnel,0750990240 | 0752290416 | 0752702707,23,mobile_radio_site,ANFR Open Data,PUBLIC_DECLARATION
anfr-1624013,1624013,48.84861111111111,2.3505555555555557,,24 R St-Victor,,,75005,75105,35,FREE MOBILE | ORANGE,2G | 3G | 4G | 5G,5G NR 700 | GSM 900 | LTE 1800 | LTE 2100 | LTE 2600 | LTE 700 | LTE 800 | LTE 900 | UMTS 900,En service | Projet approuvé,0750990241 | 0752290332,12,mobile_radio_site,ANFR Open Data,PUBLIC_DECLARATION
anfr-1880004,1880004,48.846944444444446,2.3483333333333336,,8 rue Descartes,,,75005,75105,"26,4",FREE MOBILE,4G | 5G,5G NR 700 | LTE 1800 | LTE 2100 | LTE 2600 | LTE 700 | LTE 900,En service | Projet approuvé,0750990551,6,mobile_radio_site,ANFR Open Data,PUBLIC_DECLARATION
anfr-2052507,2052507,48.846944444444446,2.3516666666666666,Métro CARDINAL LEMOINE L8,44 Rue du Cardinal Lemoine Angle Rue Monge,,,75005,75105,0,FREE MOBILE | ORANGE | SFR,2G | 3G | 4G,GSM 1800 | GSM 900 | LTE 1800 | LTE 900 | UMTS 900,En service | Projet approuvé,0750990680 | 0752292130 | 0752702016,8,mobile_radio_site,ANFR Open Data,PUBLIC_DECLARATION
anfr-2058466,2058466,48.85027777777778,2.348055555555556,Métro MAUBERT MUTUALITE L10,Bld St Germain face Place Maubert,,,75005,75105,0,FREE MOBILE | ORANGE | SFR,2G | 3G | 4G,GSM 1800 | GSM 900 | LTE 1800 | LTE 900 | UMTS 900,En service | Projet approuvé,0750990669 | 0752292149 | 0752702325,8,mobile_radio_site,ANFR Open Data,PUBLIC_DECLARATION
anfr-2081187,2081187,48.84666666666667,2.3405555555555555,METRO GARE RER LUXEMBOURG,69 BOULEVARD SAINT MICHEL,,,75005,75105,0,FREE MOBILE | SFR,2G | 3G | 4G,GSM 1800 | GSM 900 | LTE 1800 | UMTS 900,En service | Projet approuvé,0750990681 | 0752702345,5,mobile_radio_site,ANFR Open Data,PUBLIC_DECLARATION
anfr-2289547,2289547,48.84027777777778,2.351388888888889,METRO CENSIER DAUBENTON L7,98 RUE MONGE,,,75005,75105,0,FREE MOBILE,4G,LTE 1800 | LTE 900,En service,0750990850,2,mobile_radio_site,ANFR Open Data,PUBLIC_DECLARATION
anfr-2314645,2314645,48.84111111111111,2.338611111111111,,38 r henri barbusse,,,75005,75105,28,FREE MOBILE | ORANGE,3G | 4G | 5G,5G NR 3500 | 5G NR 700 | LTE 1800 | LTE 2100 | LTE 2600 | LTE 700 | LTE 800 | LTE 900 | UMTS 900,En service | Techniquement opérationnel,0750991157 | 0752291439,14,mobile_radio_site,ANFR Open Data,PUBLIC_DECLARATION
anfr-2890471,2890471,48.84138888888889,2.361388888888889,,7 / 9RUE NICOLAS HOUEL,,,75005,75105,36,FREE MOBILE,4G | 5G,5G NR 3500 | 5G NR 700 | LTE 1800 | LTE 2100 | LTE 2600 | LTE 700 | LTE 900,En service | Techniquement opérationnel,0750990104,7,mobile_radio_site,ANFR Open Data,PUBLIC_DECLARATION
anfr-2995228,2995228,48.846111111111114,2.341388888888889,,9 rue Le Goff,,,75005,75105,31,FREE MOBILE,4G | 5G,5G NR 3500 | 5G NR 700 | LTE 1800 | LTE 2100 | LTE 2600 | LTE 700 | LTE 900,En service | Techniquement opérationnel,0750991134,7,mobile_radio_site,ANFR Open Data,PUBLIC_DECLARATION
anfr-3130346,3130346,48.837500000000006,2.3533333333333335,,78 bd  St Marcel,,,75005,75105,"31,4",FREE MOBILE | ORANGE,2G | 3G | 4G | 5G,5G NR 3500 | 5G NR 700 | GSM 900 | LTE 1800 | LTE 2100 | LTE 2600 | LTE 700 | LTE 800 | LTE 900 | UMTS 900,En service | Projet approuvé | Techniquement opérationnel,0750991168 | 0752290219,16,mobile_radio_site,ANFR Open Data,PUBLIC_DECLARATION
anfr-457726,457726,48.84388888888889,2.345555555555556,,15/17  r d'ulm,,,75005,75105,32,ORANGE | SFR,3G | 4G,LTE 1800 | LTE 2100 | LTE 2600 | LTE 800 | UMTS 2100 | UMTS 900,En service,0752290460 | 0752700295,9,mobile_radio_site,ANFR Open Data,PUBLIC_DECLARATION
anfr-814366,814366,48.837500000000006,2.348055555555556,,40 BD Port Royal,,,75005,75105,37,ORANGE,2G | 3G | 4G | 5G,5G NR 3500 | 5G NR 700 | GSM 900 | LTE 1800 | LTE 2100 | LTE 2600 | LTE 700 | LTE 800 | UMTS 900,En service | Techniquement opérationnel,0752290285,9,mobile_radio_site,ANFR Open Data,PUBLIC_DECLARATION
anfr-814370,814370,48.844722222222224,2.340277777777778,,91 Bd St Michel,,,75005,75105,40,ORANGE,2G | 3G | 4G | 5G,5G NR 3500 | 5G NR 700 | GSM 900 | LTE 1800 | LTE 2100 | LTE 2600 | LTE 700 | LTE 800 | UMTS 900,En service | Techniquement opérationnel,0752290286,9,mobile_radio_site,ANFR Open Data,PUBLIC_DECLARATION
anfr-815060,815060,48.84861111111111,2.3458333333333337,,place Marcelin Berthelot,,,75005,75105,35,ORANGE,2G | 3G | 4G | 5G,5G NR 2100 | 5G NR 3500 | 5G NR 700 | GSM 900 | LTE 1800 | LTE 2100 | LTE 2600 | LTE 700 | LTE 800 | UMTS 900,En service | Projet approuvé | Techniquement opérationnel,0752291377,10,mobile_radio_site,ANFR Open Data,PUBLIC_DECLARATION
anfr-1352105,1352105,48.8425,2.341666666666667,,"247, rue Saint Jacques",,,75005,75105,27,ORANGE,3G | 4G | 5G,5G NR 3500 | 5G NR 700 | LTE 1800 | LTE 2100 | LTE 2600 | LTE 800 | UMTS 900,En service | Techniquement opérationnel,0752291684,7,mobile_radio_site,ANFR Open Data,PUBLIC_DECLARATION
anfr-1621753,1621753,48.8425,2.3519444444444444,,1 PLACE MONGE,,,75005,75105,"24,6",ORANGE,4G | 5G,5G NR 3500 | 5G NR 700 | LTE 1800 | LTE 2100 | LTE 2600,En service | Techniquement opérationnel,0752291963,5,mobile_radio_site,ANFR Open Data,PUBLIC_DECLARATION
anfr-1849797,1849797,48.84166666666667,2.362777777777778,,20 Bd de l'Hopital,,,75005,75105,"31,8",ORANGE,3G | 4G | 5G,5G NR 3500 | 5G NR 700 | LTE 1800 | LTE 2100 | LTE 2600 | LTE 800 | UMTS 900,En service | Techniquement opérationnel,0752292052,7,mobile_radio_site,ANFR Open Data,PUBLIC_DECLARATION
anfr-1855349,1855349,48.846944444444446,2.3433333333333333,,12 Rue Soufflot,,,75005,75105,"28,9",ORANGE,4G | 5G,5G NR 3500 | 5G NR 700 | LTE 1800 | LTE 2100 | LTE 2600 | LTE 800,En service | Techniquement opérationnel,0752292054,6,mobile_radio_site,ANFR Open Data,PUBLIC_DECLARATION
anfr-2141623,2141623,48.84055555555556,2.3516666666666666,Métro CENSIER_DAUBENTON  L7,Rue Monge angle rue Daubenton,,,75005,75105,0,ORANGE | SFR,3G | 4G,LTE 1800 | LTE 2100 | LTE 2600 | LTE 800 | UMTS 2100 | UMTS 900,En service,0752292229 | 0752701993,11,mobile_radio_site,ANFR Open Data,PUBLIC_DECLARATION
anfr-2241502,2241502,48.84388888888889,2.3530555555555557,,16 rue Lacepede,,,75005,75105,31,ORANGE,3G | 4G | 5G,5G NR 3500 | 5G NR 700 | LTE 1800 | LTE 2100 | LTE 2600 | LTE 700 | LTE 800 | UMTS 900,En service | Techniquement opérationnel,0752292348,8,mobile_radio_site,ANFR Open Data,PUBLIC_DECLARATION
anfr-2281131,2281131,48.85305555555556,2.3466666666666667,GARE RER B ST MICHEL NOTRE DAM,QUAI ST MICHEL,,,75005,75105,1,ORANGE,3G | 4G,LTE 1800 | LTE 2100 | LTE 2600 | LTE 800 | UMTS 900,En service,0752292128,5,mobile_radio_site,ANFR Open Data,PUBLIC_DECLARATION
anfr-2449466,2449466,48.843333333333334,2.3525,,"75, rue monge",,,75005,75105,21,ORANGE,4G,LTE 1800 | LTE 2100,En service,0752292512,2,mobile_radio_site,ANFR Open Data,PUBLIC_DECLARATION
anfr-2451010,2451010,48.85027777777778,2.347777777777778,,66 Bld St Germain,,,75005,75105,25,ORANGE,4G,LTE 1800 | LTE 2100,En service,0752292521,2,mobile_radio_site,ANFR Open Data,PUBLIC_DECLARATION
anfr-2899116,2899116,48.84583333333334,2.3497222222222223,,7 Rue Clovis,,,75005,75105,"26,8",ORANGE,3G | 4G | 5G,5G NR 3500 | 5G NR 700 | LTE 1800 | LTE 2100 | LTE 2600 | LTE 700 | LTE 800 | UMTS 900,En service | Techniquement opérationnel,0752292771,8,mobile_radio_site,ANFR Open Data,PUBLIC_DECLARATION
anfr-321688,321688,48.849722222222226,2.3530555555555557,,"24 b , bd st germain",,,75005,75105,24,SFR,2G | 3G | 4G | 5G,5G NR 2100 | 5G NR 3500 | GSM 900 | LTE 1800 | LTE 2100 | LTE 2600 | LTE 700 | LTE 800 | UMTS 900,En service | Projet approuvé | Techniquement opérationnel,0752700351,9,mobile_radio_site,ANFR Open Data,PUBLIC_DECLARATION
anfr-867075,867075,48.85166666666667,2.343611111111111,,15 bd  st michel,,,75005,75105,"29,5",SFR,3G | 4G | 5G,5G NR 3500 | LTE 1800 | LTE 2100 | LTE 2600 | LTE 800 | UMTS 900,En service | Techniquement opérationnel,0752700388,6,mobile_radio_site,ANFR Open Data,PUBLIC_DECLARATION
anfr-1525211,1525211,48.84583333333334,2.362777777777778,,Quai Saint Bernard,,,75005,75105,"5,6",SFR,2G | 3G | 4G,GSM 900 | LTE 1800 | LTE 2600 | LTE 800 | UMTS 900,En service,0752703568,5,mobile_radio_site,ANFR Open Data,PUBLIC_DECLARATION
anfr-1568924,1568924,48.85333333333333,2.3441666666666667,RER ST MICHEL,place st michel,STATION RATP PARIS GARE RER ST MICHEL,,75005,75105,0,SFR,3G | 4G,LTE 1800 | LTE 2100 | LTE 2600 | LTE 800 | UMTS 2100 | UMTS 900,En service,0752701417,6,mobile_radio_site,ANFR Open Data,PUBLIC_DECLARATION
anfr-1935839,1935839,48.841944444444444,2.36,,16 RUE BUFFON,,,75005,75105,"31,3",SFR,2G | 3G | 4G,GSM 900 | LTE 1800 | LTE 2600 | LTE 800 | UMTS 2100 | UMTS 900,En service | Projet approuvé,0752702331,6,mobile_radio_site,ANFR Open Data,PUBLIC_DECLARATION
anfr-2681997,2681997,48.845555555555556,2.357222222222222,,4 PLACE JUSSIEU,tour 55/65,,75005,75105,"32,9",SFR,2G | 3G | 4G | 5G,5G NR 2100 | 5G NR 3500 | GSM 900 | LTE 1800 | LTE 2100 | LTE 2600 | LTE 700 | LTE 800 | UMTS 900,En service | Projet approuvé | Techniquement opérationnel,0752702839,9,mobile_radio_site,ANFR Open Data,PUBLIC_DECLARATION
anfr-2819457,2819457,48.847500000000004,2.3536111111111113,,40  RUE JUSSIEU,Rue des fosses saint-bernard,,75005,75105,"31,3",SFR,3G | 4G | 5G,5G NR 3500 | LTE 1800 | LTE 2100 | LTE 2600 | LTE 700 | LTE 800 | UMTS 900,En service | Techniquement opérationnel,0752702911,7,mobile_radio_site,ANFR Open Data,PUBLIC_DECLARATION
anfr-2872847,2872847,48.83722222222222,2.3511111111111114,,20 AVENUE DES GOBELINS,,,75005,75105,27,SFR,3G | 4G | 5G,5G NR 3500 | LTE 1800 | LTE 2100 | LTE 2600 | LTE 700 | LTE 800 | UMTS 900,En service | Techniquement opérationnel,0752702971,7,mobile_radio_site,ANFR Open Data,PUBLIC_DECLARATION
anfr-2903709,2903709,48.849444444444444,2.3458333333333337,,44 Rue DES ECOLES,,,75005,75105,26,SFR,3G | 4G | 5G,5G NR 2100 | 5G NR 3500 | LTE 1800 | LTE 2100 | LTE 2600 | LTE 700 | LTE 800 | UMTS 900,En service | Projet approuvé | Techniquement opérationnel,0752703067,8,mobile_radio_site,ANFR Open Data,PUBLIC_DECLARATION
anfr-2956591,2956591,48.837500000000006,2.3494444444444444,,11 Rue De Valence,,,75005,75105,32,SFR,3G | 4G | 5G,5G NR 3500 | LTE 1800 | LTE 2100 | LTE 2600 | LTE 700 | LTE 800 | UMTS 900,En service | Techniquement opérationnel,0752703210,7,mobile_radio_site,ANFR Open Data,PUBLIC_DECLARATION
anfr-2987654,2987654,48.84861111111111,2.3491666666666666,,16 RUE DES ECOLES,,,75005,75105,27,SFR,3G | 4G,LTE 1800 | LTE 2600 | UMTS 2100,En service | Projet approuvé,0752703240,3,mobile_radio_site,ANFR Open Data,PUBLIC_DECLARATION
anfr-3073332,3073332,48.84027777777778,2.3583333333333334,,28-30-32 Rue Poliveau,,,75005,75105,"28,7",SFR,3G | 4G | 5G,5G NR 3500 | LTE 1800 | LTE 2100 | LTE 2600 | LTE 700 | LTE 800 | UMTS 900,Projet approuvé,0752703342,7,mobile_radio_site,ANFR Open Data,PUBLIC_DECLARATION
anfr-84822,84822,48.853611111111114,2.3383333333333334,,4 R DE L'ANCIENNE COMEDIE,,,75006,75106,16,BOUYGUES TELECOM,4G,LTE 1800,En service,0752750488,1,mobile_radio_site,ANFR Open Data,PUBLIC_DECLARATION
anfr-441269,441269,48.85416666666667,2.341111111111111,,13 r de savoie,,,75006,75106,25,BOUYGUES TELECOM,3G | 4G | 5G,5G NR 2100 | 5G NR 3500 | LTE 1800 | LTE 2100 | LTE 2600 | LTE 700 | LTE 800 | UMTS 900,En service | Techniquement opérationnel,0752750725,8,mobile_radio_site,ANFR Open Data,PUBLIC_DECLARATION
anfr-449714,449714,48.85527777777778,2.3316666666666666,,43-45 r des Sts Pères,FACULTÉ DE MÉDECINE DE PARIS V,,75006,75106,65,BOUYGUES TELECOM | FREE MOBILE | ORANGE | SFR,2G | 3G | 4G | 5G,5G NR 2100 | 5G NR 3500 | 5G NR 700 | GSM 900 | LTE 1800 | LTE 2100 | LTE 2600 | LTE 700 | LTE 800 | LTE 900 | UMTS 900,En service | Projet approuvé | Techniquement opérationnel,0750990002 | 0752290019 | 0752700034 | 0752750759,32,mobile_radio_site,ANFR Open Data,PUBLIC_DECLARATION
anfr-547067,547067,48.845,2.324722222222222,,144 R DE RENNES,,,75006,75106,"27,4",BOUYGUES TELECOM,3G | 4G | 5G,5G NR 2100 | LTE 1800 | LTE 2100 | LTE 2600 | LTE 700 | LTE 800 | UMTS 900,En service | Projet approuvé | Techniquement opérationnel,0752751093,7,mobile_radio_site,ANFR Open Data,PUBLIC_DECLARATION
anfr-603512,603512,48.85583333333334,2.3372222222222225,,34 R MAZARINE,,,75006,75106,"25,7",BOUYGUES TELECOM,2G | 3G | 4G | 5G,5G NR 2100 | 5G NR 3500 | GSM 900 | LTE 1800 | LTE 2100 | LTE 2600 | LTE 700 | LTE 800 | UMTS 900,En service | Techniquement opérationnel,0752750826,9,mobile_radio_site,ANFR Open Data,PUBLIC_DECLARATION
anfr-725602,725602,48.84861111111111,2.341388888888889,,1 R DE VAUGIRARD,,,75006,75106,"27,1",BOUYGUES TELECOM,4G,LTE 1800,En service,0752750933,1,mobile_radio_site,ANFR Open Data,PUBLIC_DECLARATION
anfr-744812,744812,48.85,2.324722222222222,,"4, 14 R DUPIN",,,75006,75106,32,BOUYGUES TELECOM | FREE MOBILE | ORANGE | SFR,2G | 3G | 4G | 5G,5G NR 2100 | 5G NR 3500 | 5G NR 700 | GSM 900 | LTE 1800 | LTE 2100 | LTE 2600 | LTE 700 | LTE 800 | LTE 900 | UMTS 900,En service | Projet approuvé | Techniquement opérationnel,0750990772 | 0752292366 | 0752700192 | 0752750117,32,mobile_radio_site,ANFR Open Data,PUBLIC_DECLARATION
anfr-775174,775174,48.84666666666667,2.325833333333333,,92 R DE VAUGIRARD,,,75006,75106,"30,8",BOUYGUES TELECOM,4G | 5G,5G NR 2100 | 5G NR 3500 | LTE 1800 | LTE 2100 | LTE 2600 | LTE 700 | LTE 800,En service | Techniquement opérationnel,0752751085,7,mobile_radio_site,ANFR Open Data,PUBLIC_DECLARATION
anfr-783159,783159,48.85166666666667,2.336666666666667,,5 R LOBINEAU,,,75006,75106,"25,8",BOUYGUES TELECOM,4G | 5G,5G NR 2100 | 5G NR 3500 | LTE 1800 | LTE 2600 | LTE 700 | LTE 800,En service | Projet approuvé,0752751627,6,mobile_radio_site,ANFR Open Data,PUBLIC_DECLARATION
anfr-785501,785501,48.84305555555556,2.3336111111111113,,"92, 96 R D'ASSAS",,,75006,75106,37,BOUYGUES TELECOM,2G | 3G | 4G | 5G,5G NR 2100 | 5G NR 3500 | GSM 900 | LTE 1800 | LTE 2100 | LTE 2600 | LTE 700 | LTE 800 | UMTS 900,En service | Techniquement opérationnel,0752750500,9,mobile_radio_site,ANFR Open Data,PUBLIC_DECLARATION
anfr-798597,798597,48.852222222222224,2.3294444444444444,,4 R DE SEVRES,,,75006,75106,"32,8",BOUYGUES TELECOM | ORANGE,2G | 3G | 4G | 5G,5G NR 2100 | 5G NR 3500 | 5G NR 700 | GSM 900 | LTE 1800 | LTE 2100 | LTE 2600 | LTE 700 | LTE 800 | UMTS 900,En service | Projet approuvé | Techniquement opérationnel,0752290236 | 0752750801,16,mobile_radio_site,ANFR Open Data,PUBLIC_DECLARATION
anfr-833081,833081,48.84638888888889,2.3291666666666666,,101 bd  Raspail,,,75006,75106,35,BOUYGUES TELECOM | SFR,2G | 3G | 4G | 5G,5G NR 2100 | 5G NR 3500 | GSM 900 | LTE 1800 | LTE 2100 | LTE 2600 | LTE 700 | LTE 800 | UMTS 900,En service | Projet approuvé | Techniquement opérationnel,0752700244 | 0752750677,18,mobile_radio_site,ANFR Open Data,PUBLIC_DECLARATION
anfr-834337,834337,48.849722222222226,2.3400000000000003,,22 R MONSIEUR LE PRINCE,,,75006,75106,"30,9",BOUYGUES TELECOM,2G | 3G | 4G | 5G,5G NR 2100 | 5G NR 3500 | GSM 900 | LTE 1800 | LTE 2100 | LTE 2600 | LTE 700 | LTE 800 | UMTS 900,En service | Projet approuvé | Techniquement opérationnel,0752750769,9,mobile_radio_site,ANFR Open Data,PUBLIC_DECLARATION
anfr-834356,834356,48.849444444444444,2.335,,23 R SERVANDONI,,,75006,75106,27,BOUYGUES TELECOM,2G | 3G | 4G | 5G,5G NR 2100 | GSM 900 | LTE 1800 | LTE 2100 | LTE 2600 | LTE 800 | UMTS 900,En service | Techniquement opérationnel,0752751011,7,mobile_radio_site,ANFR Open Data,PUBLIC_DECLARATION
anfr-1505263,1505263,48.85388888888889,2.3444444444444446,,place Saint-Michel,,,75006,75106,"5,9",BOUYGUES TELECOM | SFR,2G | 3G | 4G,GSM 900 | LTE 1800 | LTE 2100 | LTE 2600 | LTE 800 | UMTS 900,En service,0752703566 | 0752753001,10,mobile_radio_site,ANFR Open Data,PUBLIC_DECLARATION
anfr-1538747,1538747,48.85277777777778,2.3377777777777777,,140 BD ST GERMAIN,,,75006,75106,"28,6",BOUYGUES TELECOM,4G,LTE 1800,En service,0752752052,1,mobile_radio_site,ANFR Open Data,PUBLIC_DECLARATION
anfr-1757093,1757093,48.8525,2.3347222222222226,,1 RUE PRINCESSE,,,75006,75106,29,BOUYGUES TELECOM,2G | 3G | 4G | 5G,5G NR 2100 | 5G NR 3500 | GSM 900 | LTE 1800 | LTE 2100 | LTE 2600 | LTE 700 | LTE 800 | UMTS 900,En service | Techniquement opérationnel,0752752133,9,mobile_radio_site,ANFR Open Data,PUBLIC_DECLARATION
anfr-1777776,1777776,48.848333333333336,2.330833333333333,,68 RUE DE VAUGIRARD,,,75006,75106,"30,3",BOUYGUES TELECOM,3G | 4G | 5G,5G NR 2100 | 5G NR 3500 | LTE 1800 | LTE 2600 | LTE 700 | LTE 800 | UMTS 900,En service | Projet approuvé,0752752129,7,mobile_radio_site,ANFR Open Data,PUBLIC_DECLARATION
anfr-1821441,1821441,48.849444444444444,2.3358333333333334,,"36, rue de Vaugirard",,,75006,75106,29,BOUYGUES TELECOM | FREE MOBILE,3G | 4G | 5G,5G NR 2100 | 5G NR 3500 | 5G NR 700 | LTE 1800 | LTE 2100 | LTE 2600 | LTE 700 | LTE 800 | LTE 900 | UMTS 900,En service | Projet approuvé | Techniquement opérationnel,0750990288 | 0752752128,15,mobile_radio_site,ANFR Open Data,PUBLIC_DECLARATION
anfr-2342572,2342572,48.850833333333334,2.341388888888889,,13 R DE L'ÉCOLE DE MEDECINE,,,75006,75106,15,BOUYGUES TELECOM,3G | 4G,LTE 1800 | UMTS 2100,En service,0752752666,2,mobile_radio_site,ANFR Open Data,PUBLIC_DECLARATION
anfr-2534798,2534798,48.85166666666667,2.329722222222222,,5 R DU CHERCHE MIDI,,,75006,75106,"19,9",BOUYGUES TELECOM,4G,LTE 1800,Projet approuvé,0752752753,1,mobile_radio_site,ANFR Open Data,PUBLIC_DECLARATION
anfr-2596495,2596495,48.845555555555556,2.319444444444444,,21 BD DU MONTPARNASSE  TDF,,,75006,75106,"30,1",BOUYGUES TELECOM,3G | 4G | 5G,5G NR 2100 | LTE 1800 | LTE 2100 | LTE 2600 | LTE 700 | LTE 800 | UMTS 900,En service | Techniquement opérationnel,0752752782,7,mobile_radio_site,ANFR Open Data,PUBLIC_DECLARATION
anfr-2873109,2873109,48.844166666666666,2.3291666666666666,,131 Boulevard Raspail,,,75006,75106,29,BOUYGUES TELECOM | SFR,3G | 4G | 5G,5G NR 3500 | LTE 1800 | LTE 2100 | LTE 2600 | LTE 700 | LTE 800 | UMTS 900,En service | Techniquement opérationnel,0752702984 | 0752751693,10,mobile_radio_site,ANFR Open Data,PUBLIC_DECLARATION
anfr-1304781,1304781,48.85166666666667,2.342777777777778,,"104, Boulevard Saint Germain",,,75006,75106,"32,4",FREE MOBILE | ORANGE,2G | 3G | 4G | 5G,5G NR 3500 | 5G NR 700 | GSM 900 | LTE 1800 | LTE 2100 | LTE 2600 | LTE 700 | LTE 800 | LTE 900 | UMTS 900,En service | Techniquement opérationnel,0750990111 | 0752290472,16,mobile_radio_site,ANFR Open Data,PUBLIC_DECLARATION
anfr-1487204,1487204,48.84722222222222,2.326666666666666,,"24, RUE DU REGARD",,,75006,75106,30,FREE MOBILE,4G | 5G,5G NR 3500 | 5G NR 700 | LTE 1800 | LTE 2100 | LTE 2600 | LTE 700 | LTE 900,En service | Projet approuvé | Techniquement opérationnel,0750990187,7,mobile_radio_site,ANFR Open Data,PUBLIC_DECLARATION
anfr-1539362,1539362,48.841944444444444,2.3336111111111113,,RUE JOSEPH BARA,,,75006,75106,"28,9",FREE MOBILE,4G | 5G,5G NR 3500 | 5G NR 700 | LTE 1800 | LTE 2100 | LTE 2600 | LTE 700 | LTE 900,En service | Techniquement opérationnel,0750990211,7,mobile_radio_site,ANFR Open Data,PUBLIC_DECLARATION
anfr-1885457,1885457,48.844166666666666,2.3294444444444444,,129 BOULEVARD RASPAIL,,,75006,75106,31,FREE MOBILE,4G | 5G,5G NR 3500 | 5G NR 700 | LTE 1800 | LTE 2100 | LTE 2600 | LTE 700 | LTE 900,En service | Techniquement opérationnel,0750990556,7,mobile_radio_site,ANFR Open Data,PUBLIC_DECLARATION
anfr-1916334,1916334,48.85583333333334,2.339166666666667,,15 rue guénégaud,,,75006,75106,27,FREE MOBILE | SFR,3G | 4G | 5G,5G NR 3500 | 5G NR 700 | LTE 1800 | LTE 2100 | LTE 2600 | LTE 700 | LTE 800 | LTE 900 | UMTS 900,En service | Techniquement opérationnel,0750990577 | 0752700355,13,mobile_radio_site,ANFR Open Data,PUBLIC_DECLARATION
anfr-2017710,2017710,48.85111111111111,2.3302777777777774,,76 RUE DE RENNES,,,75006,75106,"34,1",FREE MOBILE,4G | 5G,5G NR 3500 | 5G NR 700 | LTE 1800 | LTE 2100 | LTE 2600 | LTE 700 | LTE 900,En service | Techniquement opérationnel,0750990642,7,mobile_radio_site,ANFR Open Data,PUBLIC_DECLARATION
anfr-2058482,2058482,48.84805555555556,2.3277777777777775,Métro RENNES L12,Bld Raspail angle Rue de Rennes,,,75006,75106,0,FREE MOBILE | ORANGE | SFR,2G | 3G | 4G,GSM 1800 | GSM 900 | LTE 1800 | LTE 900 | UMTS 900,En service | Projet approuvé,0750990682 | 0752292150 | 0752702351,8,mobile_radio_site,ANFR Open Data,PUBLIC_DECLARATION
anfr-2311939,2311939,48.84666666666667,2.3316666666666666,,"69, rue Madame",,,75006,75106,"27,5",FREE MOBILE,4G | 5G,5G NR 3500 | 5G NR 700 | LTE 1800 | LTE 2100 | LTE 2600 | LTE 700 | LTE 900,En service | Techniquement opérationnel,0750990887,7,mobile_radio_site,ANFR Open Data,PUBLIC_DECLARATION
anfr-2379514,2379514,48.852222222222224,2.3238888888888884,,109 rue du Bac,,,75006,75106,"27,3",FREE MOBILE,4G | 5G,5G NR 3500 | 5G NR 700 | LTE 1800 | LTE 2100 | LTE 2600 | LTE 700 | LTE 900,En service | Techniquement opérationnel,0750990931,7,mobile_radio_site,ANFR Open Data,PUBLIC_DECLARATION
anfr-2673444,2673444,48.84583333333334,2.324444444444444,,6 rue Blaise Desgoffe,,,75006,75106,"31,9",FREE MOBILE,4G | 5G,5G NR 3500 | 5G NR 700 | LTE 1800 | LTE 2100 | LTE 2600 | LTE 700 | LTE 900,En service | Techniquement opérationnel,0750990984,7,mobile_radio_site,ANFR Open Data,PUBLIC_DECLARATION
anfr-2964674,2964674,48.847500000000004,2.322222222222222,,92 rue du Cherche-Midi,,,75006,75106,"23,1",FREE MOBILE,4G | 5G,5G NR 3500 | 5G NR 700 | LTE 1800 | LTE 2100 | LTE 2600 | LTE 700 | LTE 900,En service | Techniquement opérationnel,0750991103,7,mobile_radio_site,ANFR Open Data,PUBLIC_DECLARATION
anfr-2967175,2967175,48.85333333333333,2.3361111111111112,,31 r de buci,,,75006,75106,31,FREE MOBILE | SFR,2G | 3G | 4G | 5G,5G NR 2100 | 5G NR 3500 | 5G NR 700 | GSM 900 | LTE 1800 | LTE 2100 | LTE 2600 | LTE 700 | LTE 800 | LTE 900 | UMTS 900,En service | Projet approuvé | Techniquement opérationnel,0750991105 | 0752700198,16,mobile_radio_site,ANFR Open Data,PUBLIC_DECLARATION
anfr-2967518,2967518,48.8525,2.3433333333333333,QUARTIER LATIN,10 boulevard Saint-Michel,,,75006,75106,"26,1",FREE MOBILE,4G | 5G,5G NR 3500 | 5G NR 700 | LTE 1800 | LTE 2100 | LTE 2600 | LTE 700 | LTE 900,En service | Techniquement opérationnel,0750991106,7,mobile_radio_site,ANFR Open Data,PUBLIC_DECLARATION
anfr-2985944,2985944,48.85305555555556,2.3433333333333333,METRO SAINT-MICHEL_L4,Place Saint-Michel,,,75006,75106,0,FREE MOBILE,4G,LTE 1800 | LTE 2600 | LTE 700,Projet approuvé,0750991125,3,mobile_radio_site,ANFR Open Data,PUBLIC_DECLARATION
anfr-3019329,3019329,48.85277777777778,2.3324999999999996,,53 rue de Rennes,,,75006,75106,27,FREE MOBILE,4G | 5G,5G NR 3500 | 5G NR 700 | LTE 1800 | LTE 2100 | LTE 2600 | LTE 700 | LTE 900,En service | Techniquement opérationnel,0750991142,7,mobile_radio_site,ANFR Open Data,PUBLIC_DECLARATION
anfr-3097922,3097922,48.849444444444444,2.339166666666667,,7 Rue Corneille,,,75006,75106,31,FREE MOBILE,4G | 5G,5G NR 700 | LTE 1800 | LTE 2100 | LTE 2600 | LTE 700 | LTE 900,En service | Techniquement opérationnel,0750990253,6,mobile_radio_site,ANFR Open Data,PUBLIC_DECLARATION
anfr-3285435,3285435,48.85388888888889,2.339166666666667,,5- 5 Bis rue André Mazet,,,75006,75106,"26,3",FREE MOBILE,4G | 5G,5G NR 3500 | 5G NR 700 | LTE 1800 | LTE 2100 | LTE 2600 | LTE 700 | LTE 900,Projet approuvé,0750991188,7,mobile_radio_site,ANFR Open Data,PUBLIC_DECLARATION
anfr-554163,554163,48.845555555555556,2.3241666666666663,,9 R de Littre,,,75006,75106,"36,4",ORANGE,2G | 3G | 4G | 5G,5G NR 3500 | 5G NR 700 | GSM 900 | LTE 1800 | LTE 2100 | LTE 2600 | LTE 800 | UMTS 900,En service | Techniquement opérationnel,0752290487,8,mobile_radio_site,ANFR Open Data,PUBLIC_DECLARATION
anfr-611983,611983,48.84861111111111,2.3369444444444447,,15 r de vaugirard,,,75006,75106,36,ORANGE | SFR,2G | 3G | 4G | 5G,5G NR 3500 | GSM 900 | LTE 1800 | LTE 2100 | LTE 2600 | LTE 800 | UMTS 900,En service | Projet approuvé,0752291456 | 0752701325,13,mobile_radio_site,ANFR Open Data,PUBLIC_DECLARATION
anfr-814319,814319,48.849722222222226,2.326944444444444,,37 r du cherche midi,,,75006,75106,35,ORANGE,2G | 3G | 4G | 5G,5G NR 3500 | 5G NR 700 | GSM 900 | LTE 1800 | LTE 2100 | LTE 2600 | LTE 700 | LTE 800 | UMTS 900,En service | Techniquement opérationnel,0752290441,9,mobile_radio_site,ANFR Open Data,PUBLIC_DECLARATION
anfr-815099,815099,48.85111111111111,2.3375000000000004,,5/7 r de tournon,,,75006,75106,27,ORANGE,3G | 4G | 5G,5G NR 3500 | 5G NR 700 | LTE 1800 | LTE 2100 | LTE 2600 | LTE 800 | UMTS 900,En service | Techniquement opérationnel,0752290476,7,mobile_radio_site,ANFR Open Data,PUBLIC_DECLARATION
anfr-1185889,1185889,48.85444444444445,2.336666666666667,,"1, RUE JACOB",,,75006,75106,26,ORANGE,2G | 3G | 4G | 5G,5G NR 3500 | 5G NR 700 | GSM 900 | LTE 1800 | LTE 2100 | LTE 2600 | LTE 800 | UMTS 900,En service | Techniquement opérationnel,0752291595,8,mobile_radio_site,ANFR Open Data,PUBLIC_DECLARATION
anfr-1520488,1520488,48.85666666666667,2.339166666666667,,"11, quai conti",,,75006,75106,24,ORANGE,4G,LTE 1800 | LTE 2100,En service,0752291904,2,mobile_radio_site,ANFR Open Data,PUBLIC_DECLARATION
anfr-1554337,1554337,48.85388888888889,2.343888888888889,,"2, pl st michel",,,75006,75106,"27,5",ORANGE,3G | 4G,LTE 1800 | LTE 2100 | UMTS 900,En service,0752291938,3,mobile_radio_site,ANFR Open Data,PUBLIC_DECLARATION
anfr-1890252,1890252,48.84916666666667,2.333055555555555,,75-77 R BONAPARTE,,,75006,75106,29,ORANGE,4G | 5G,5G NR 3500 | 5G NR 700 | LTE 1800 | LTE 2100 | LTE 2600 | LTE 800,En service | Techniquement opérationnel,0752292047,6,mobile_radio_site,ANFR Open Data,PUBLIC_DECLARATION
anfr-2305629,2305629,48.852222222222224,2.3394444444444447,Métro ODEON L4 L10,1 Place Henri Mondor,,,75006,75106,0,ORANGE,3G | 4G,LTE 1800 | LTE 2100 | LTE 2600 | LTE 800 | UMTS 900,En service,0752292393,5,mobile_radio_site,ANFR Open Data,PUBLIC_DECLARATION
anfr-2310339,2310339,48.85166666666667,2.3313888888888887,Métro St SULPICE L4,65 rue de  Rennes,,,75006,75106,0,ORANGE,3G | 4G,LTE 1800 | LTE 2100 | LTE 2600 | LTE 800 | UMTS 900,En service,0752292396,5,mobile_radio_site,ANFR Open Data,PUBLIC_DECLARATION
anfr-2440352,2440352,48.84805555555556,2.3408333333333333,,"58, rue Monsieur le Prince",,,75006,75106,"9,4",ORANGE,4G,LTE 1800 | LTE 2100,En service,0752292469,2,mobile_radio_site,ANFR Open Data,PUBLIC_DECLARATION
anfr-2451932,2451932,48.852222222222224,2.3397222222222225,,128 bld St Germain,,,75006,75106,23,ORANGE,4G,LTE 1800 | LTE 2100,En service,0752292532,2,mobile_radio_site,ANFR Open Data,PUBLIC_DECLARATION
anfr-2453390,2453390,48.85638888888889,2.335277777777778,,12 rue des beaux arts,,,75006,75106,20,ORANGE,4G,LTE 1800 | LTE 2100,En service,0752292546,2,mobile_radio_site,ANFR Open Data,PUBLIC_DECLARATION
anfr-2459274,2459274,48.85333333333333,2.3355555555555556,,164 Bd St Germain,,,75006,75106,20,ORANGE,4G,LTE 1800 | LTE 2100,En service,0752292554,2,mobile_radio_site,ANFR Open Data,PUBLIC_DECLARATION
anfr-2459354,2459354,48.842222222222226,2.3302777777777774,,15 rue de la grande chaumiere,,,75006,75106,22,ORANGE,4G,LTE 1800 | LTE 2100,En service,0752292556,2,mobile_radio_site,ANFR Open Data,PUBLIC_DECLARATION
anfr-2477947,2477947,48.845555555555556,2.3255555555555554,,149 rue de Rennes,,,75006,75106,22,ORANGE,4G,LTE 1800 | LTE 2100,En service,0752292548,2,mobile_radio_site,ANFR Open Data,PUBLIC_DECLARATION
anfr-2480392,2480392,48.84388888888889,2.324722222222222,,73 Bd Montparnasse,,,75006,75106,22,ORANGE,4G,LTE 1800 | LTE 2100,En service,0752292541,2,mobile_radio_site,ANFR Open Data,PUBLIC_DECLARATION
anfr-2835525,2835525,48.85333333333333,2.3408333333333333,,48 Rue Saint-André des Arts,,,75006,75106,22,ORANGE,4G,LTE 1800 | LTE 2100,En service,0752292754,2,mobile_radio_site,ANFR Open Data,PUBLIC_DECLARATION
anfr-2886193,2886193,48.844166666666666,2.3291666666666666,,129 Boulevard Raspail,,,75006,75106,30,ORANGE,3G | 4G | 5G,5G NR 3500 | 5G NR 700 | LTE 1800 | LTE 2100 | LTE 2600 | LTE 700 | LTE 800 | UMTS 900,En service | Techniquement opérationnel,0752292768,8,mobile_radio_site,ANFR Open Data,PUBLIC_DECLARATION
anfr-2943868,2943868,48.84666666666667,2.3208333333333333,,108 rue du cherche midi,,,75006,75106,"25,5",ORANGE,4G | 5G,5G NR 3500 | 5G NR 700 | LTE 1800 | LTE 2100 | LTE 2600 | LTE 700,En service | Techniquement opérationnel,0752291935,6,mobile_radio_site,ANFR Open Data,PUBLIC_DECLARATION
anfr-2975430,2975430,48.84138888888889,2.332222222222222,,133 Boulevard du Montparnasse,,,75006,75106,27,ORANGE,4G | 5G,5G NR 3500 | 5G NR 700 | LTE 1800 | LTE 2100 | LTE 2600 | LTE 700 | LTE 800,En service | Projet approuvé | Techniquement opérationnel,0752291715,7,mobile_radio_site,ANFR Open Data,PUBLIC_DECLARATION
anfr-39207,39207,48.84722222222222,2.3302777777777774,,"35, r d'assas",,,75006,75106,31,SFR,2G | 3G | 4G | 5G,5G NR 3500 | GSM 900 | LTE 1800 | LTE 2100 | LTE 2600 | LTE 700 | LTE 800 | UMTS 2100 | UMTS 900,En service | Techniquement opérationnel,0752700097,9,mobile_radio_site,ANFR Open Data,PUBLIC_DECLARATION
anfr-815102,815102,48.85194444444445,2.3394444444444447,,91 Bd St Germain,,,75006,75106,30,SFR,2G | 3G | 4G | 5G,5G NR 2100 | 5G NR 3500 | GSM 900 | LTE 1800 | LTE 2100 | LTE 2600 | LTE 700 | LTE 800 | UMTS 900,En service | Projet approuvé | Techniquement opérationnel,0752700162,9,mobile_radio_site,ANFR Open Data,PUBLIC_DECLARATION
anfr-826157,826157,48.85138888888889,2.3361111111111112,,26 r st sulpice,,,75006,75106,"29,6",SFR,2G | 3G | 4G,GSM 900 | LTE 1800 | LTE 2100 | LTE 2600 | LTE 800 | UMTS 900,En service,0752700193,6,mobile_radio_site,ANFR Open Data,PUBLIC_DECLARATION
anfr-867063,867063,48.84305555555556,2.3299999999999996,,12 r bréa,,,75006,75106,"32,9",SFR,4G | 5G,5G NR 2100 | 5G NR 3500 | LTE 1800 | LTE 2100 | LTE 2600,En service | Projet approuvé | Techniquement opérationnel,0752700384,5,mobile_radio_site,ANFR Open Data,PUBLIC_DECLARATION
anfr-867127,867127,48.848333333333336,2.3397222222222225,,9 r de medicis,,,75006,75106,"25,1",SFR,2G | 3G | 4G,GSM 900 | LTE 1800 | LTE 2100 | LTE 2600 | LTE 800 | UMTS 900,En service,0752700197,6,mobile_radio_site,ANFR Open Data,PUBLIC_DECLARATION
anfr-1504573,1504573,48.85666666666667,2.3400000000000003,,Rue Dauphine,,,75006,75106,"5,2",SFR,2G | 3G | 4G,GSM 900 | LTE 1800 | LTE 2100 | LTE 2600 | LTE 800 | UMTS 900,En service,0752703523,6,mobile_radio_site,ANFR Open Data,PUBLIC_DECLARATION
anfr-1505261,1505261,48.85777777777778,2.335,,rue de Bonaparte,,,75006,75106,"5,2",SFR,2G | 3G | 4G,GSM 900 | LTE 1800 | LTE 2100 | LTE 2600 | LTE 800 | UMTS 900,En service,0752703521,6,mobile_radio_site,ANFR Open Data,PUBLIC_DECLARATION
anfr-2051517,2051517,48.85138888888889,2.331111111111111,Métro SAINT SULPICE,65 rue de Rennes,,,75006,75106,0,SFR,3G | 4G,LTE 1800 | LTE 2100 | LTE 2600 | LTE 800 | UMTS 2100 | UMTS 900,En service,0752702386,6,mobile_radio_site,ANFR Open Data,PUBLIC_DECLARATION
anfr-2307361,2307361,48.85194444444445,2.3408333333333333,METRO ODEON,1 PLACE HENRI MONDOR,,,75006,75106,0,SFR,3G | 4G,LTE 1800 | LTE 2100 | LTE 2600 | LTE 800 | UMTS 2100 | UMTS 900,En service,0752702730,6,mobile_radio_site,ANFR Open Data,PUBLIC_DECLARATION
anfr-2522701,2522701,48.85333333333333,2.333055555555555,,52 RUE BONAPARTE,,,75006,75106,22,SFR,4G,LTE 1800 | LTE 2100 | LTE 2600,En service,0752702792,3,mobile_radio_site,ANFR Open Data,PUBLIC_DECLARATION
anfr-3003770,3003770,48.84277777777778,2.3299999999999996,,21 RUE BREA,,,75006,75106,24,SFR,3G | 4G | 5G,5G NR 3500 | LTE 1800 | LTE 2100 | LTE 2600 | LTE 700 | LTE 800 | UMTS 900,En service | Techniquement opérationnel,0752703327,7,mobile_radio_site,ANFR Open Data,PUBLIC_DECLARATION
anfr-3313802,3313802,48.849444444444444,2.333055555555555,,75 RUE  BONAPARTE,,,75006,75106,29,SFR,3G | 4G | 5G,5G NR 3500 | LTE 1800 | LTE 2100 | LTE 2600 | LTE 700 | LTE 800 | UMTS 900,En service | Techniquement opérationnel,0752703582,7,mobile_radio_site,ANFR Open Data,PUBLIC_DECLARATION
anfr-501311,501311,48.861666666666665,2.3205555555555555,,284 bd st- germain,,,75007,75107,36,BOUYGUES TELECOM | ORANGE,2G | 3G | 4G | 5G,5G NR 2100 | 5G NR 3500 | 5G NR 700 | GSM 900 | LTE 1800 | LTE 2100 | LTE 2600 | LTE 700 | LTE 800 | UMTS 900,En service | Projet approuvé | Techniquement opérationnel,0752290266 | 0752750756,19,mobile_radio_site,ANFR Open Data,PUBLIC_DECLARATION
anfr-554087,554087,48.84777777777778,2.3144444444444443,,5 R DUROC,,,75007,75107,30,BOUYGUES TELECOM | FREE MOBILE,2G | 3G | 4G | 5G,5G NR 2100 | 5G NR 3500 | 5G NR 700 | GSM 900 | LTE 1800 | LTE 2100 | LTE 2600 | LTE 700 | LTE 800 | LTE 900 | UMTS 900,En service | Techniquement opérationnel,0750990058 | 0752750112,16,mobile_radio_site,ANFR Open Data,PUBLIC_DECLARATION
anfr-556512,556512,48.8525,2.3230555555555554,,116 R DU BAC,,,75007,75107,25,BOUYGUES TELECOM,4G | 5G,5G NR 2100 | 5G NR 3500 | LTE 1800 | LTE 2100 | LTE 2600 | LTE 700 | LTE 800,En service | Techniquement opérationnel,0752750820,7,mobile_radio_site,ANFR Open Data,PUBLIC_DECLARATION
anfr-568089,568089,48.86055555555556,2.3208333333333333,,233 bd st-germain,ASSEMBLEE NATIONALE,DEPENDANCE,75007,75107,"36,5",BOUYGUES TELECOM,3G | 4G,LTE 1800 | UMTS 2100,En service | Projet approuvé,0752751595,2,mobile_radio_site,ANFR Open Data,PUBLIC_DECLARATION
anfr-684024,684024,48.85916666666667,2.299722222222222,,"6, 8 R DU GÉNÉRAL CAMOU",,,75007,75107,38,BOUYGUES TELECOM | ORANGE | SFR,2G | 3G | 4G | 5G,5G NR 2100 | 5G NR 3500 | 5G NR 700 | GSM 900 | LTE 1800 | LTE 2100 | LTE 2600 | LTE 700 | LTE 800 | UMTS 900,En service | Techniquement opérationnel,0752291179 | 0752703012 | 0752750569,25,mobile_radio_site,ANFR Open Data,PUBLIC_DECLARATION
anfr-707212,707212,48.85333333333333,2.3144444444444443,,12 BD DES INVALIDES,,,75007,75107,"31,2",BOUYGUES TELECOM | SFR,2G | 3G | 4G | 5G,5G NR 2100 | 5G NR 3500 | GSM 900 | LTE 1800 | LTE 2100 | LTE 2600 | LTE 700 | LTE 800 | UMTS 900,En service | Projet approuvé | Techniquement opérationnel,0752700187 | 0752750887,17,mobile_radio_site,ANFR Open Data,PUBLIC_DECLARATION
anfr-707235,707235,48.85138888888889,2.3080555555555553,,1 PL DE FONTENOY,,,75007,75107,40,BOUYGUES TELECOM,2G | 3G | 4G | 5G,5G NR 2100 | 5G NR 3500 | GSM 900 | LTE 1800 | LTE 2100 | LTE 2600 | LTE 700 | LTE 800 | UMTS 900,En service | Techniquement opérationnel,0752750203,9,mobile_radio_site,ANFR Open Data,PUBLIC_DECLARATION
anfr-707238,707238,48.85583333333334,2.3205555555555555,,47 R DE BELLECHASSE,,,75007,75107,26,BOUYGUES TELECOM,2G | 3G | 4G | 5G,5G NR 2100 | 5G NR 3500 | GSM 900 | LTE 1800 | LTE 2100 | LTE 2600 | LTE 700 | LTE 800 | UMTS 900,En service | Techniquement opérationnel,0752750705,9,mobile_radio_site,ANFR Open Data,PUBLIC_DECLARATION
anfr-771771,771771,48.85916666666667,2.3097222222222222,,46 BD DE LATOUR MAUBOURG,,,75007,75107,"33,5",BOUYGUES TELECOM,2G | 3G | 4G | 5G,5G NR 2100 | 5G NR 3500 | GSM 900 | LTE 1800 | LTE 2100 | LTE 2600 | LTE 800 | UMTS 900,En service | Projet approuvé,0752750567,8,mobile_radio_site,ANFR Open Data,PUBLIC_DECLARATION
anfr-1329214,1329214,48.85722222222223,2.3005555555555555,,"42, Avenue de la Bourdonnais",,,75007,75107,33,BOUYGUES TELECOM | FREE MOBILE | SFR,2G | 3G | 4G | 5G,5G NR 2100 | 5G NR 3500 | 5G NR 700 | GSM 900 | LTE 1800 | LTE 2100 | LTE 2600 | LTE 700 | LTE 800 | LTE 900 | UMTS 900,En service | Projet approuvé | Techniquement opérationnel,0750990119 | 0752703578 | 0752750998,22,mobile_radio_site,ANFR Open Data,PUBLIC_DECLARATION
anfr-1468922,1468922,48.86138888888889,2.319444444444444,,3 R ARISTIDE BRIAND,ASSEMBLÉE NATIONALE,,75007,75107,20,BOUYGUES TELECOM,2G | 3G | 4G,GSM 1800 | LTE 1800 | UMTS 2100,En service,0752752009,3,mobile_radio_site,ANFR Open Data,PUBLIC_DECLARATION
anfr-1499227,1499227,48.849444444444444,2.318333333333333,,15 rue Rousselet,,,75007,75107,"24,2",BOUYGUES TELECOM | ORANGE,3G | 4G | 5G,5G NR 2100 | 5G NR 3500 | LTE 1800 | LTE 2100 | LTE 2600 | LTE 700 | LTE 800 | UMTS 900,En service | Projet approuvé,0752291889 | 0752751162,12,mobile_radio_site,ANFR Open Data,PUBLIC_DECLARATION
anfr-1517976,1517976,48.85666666666667,2.3274999999999997,,5-7 R DE MONTALEMBERT,,,75007,75107,31,BOUYGUES TELECOM,2G | 3G | 4G | 5G,5G NR 2100 | 5G NR 3500 | GSM 1800 | GSM 900 | LTE 1800 | LTE 2100 | LTE 2600 | LTE 700 | LTE 800 | UMTS 900,En service | Projet approuvé | Techniquement opérationnel,0752752028,10,mobile_radio_site,ANFR Open Data,PUBLIC_DECLARATION
anfr-1623837,1623837,48.85138888888889,2.3163888888888886,,5 rue Monsieur,,,75007,75107,25,BOUYGUES TELECOM | FREE MOBILE,3G | 4G | 5G,5G NR 2100 | 5G NR 3500 | 5G NR 700 | LTE 1800 | LTE 2100 | LTE 2600 | LTE 700 | LTE 800 | LTE 900 | UMTS 900,En service | Projet approuvé | Techniquement opérationnel,0750990234 | 0752751137,14,mobile_radio_site,ANFR Open Data,PUBLIC_DECLARATION
anfr-1689878,1689878,48.85861111111111,2.314722222222222,,25 bis rue Constantine,,,75007,75107,34,BOUYGUES TELECOM | FREE MOBILE,2G | 3G | 4G | 5G,5G NR 2100 | 5G NR 3500 | 5G NR 700 | GSM 900 | LTE 1800 | LTE 2100 | LTE 2600 | LTE 700 | LTE 800 | LTE 900 | UMTS 900,En service | Techniquement opérationnel,0750990263 | 0752750439,16,mobile_radio_site,ANFR Open Data,PUBLIC_DECLARATION
anfr-1958874,1958874,48.85944444444445,2.328333333333333,,56 Rue DE LILLE,CAISSE DES DEPOTS ET CONSIGNATIONS,,75007,75107,30,BOUYGUES TELECOM | FREE MOBILE,2G | 3G | 4G | 5G,5G NR 2100 | 5G NR 3500 | 5G NR 700 | GSM 900 | LTE 1800 | LTE 2100 | LTE 2600 | LTE 700 | LTE 800 | LTE 900 | UMTS 900,En service | Projet approuvé | Techniquement opérationnel,0750990552 | 0752752177,15,mobile_radio_site,ANFR Open Data,PUBLIC_DECLARATION
anfr-2066548,2066548,48.85944444444445,2.3227777777777776,,69 RUE DE L'UNIVERSITE,266 BD SAINT GERMAIN,,75007,75107,32,BOUYGUES TELECOM | FREE MOBILE,3G | 4G | 5G,5G NR 2100 | 5G NR 3500 | 5G NR 700 | LTE 1800 | LTE 2100 | LTE 2600 | LTE 700 | LTE 800 | LTE 900 | UMTS 900,En service | Techniquement opérationnel,0750990588 | 0752750363,15,mobile_radio_site,ANFR Open Data,PUBLIC_DECLARATION
anfr-2075405,2075405,48.85805555555556,2.3230555555555554,Métro SOLFERINO,Place Jacques Bainville,,,75007,75107,0,BOUYGUES TELECOM | FREE MOBILE | ORANGE | SFR,2G | 3G | 4G,GSM 1800 | GSM 900 | LTE 1800 | LTE 2100 | LTE 2600 | LTE 800 | LTE 900 | UMTS 900,En service,0750990739 | 0752292176 | 0752702380 | 0752752824,16,mobile_radio_site,ANFR Open Data,PUBLIC_DECLARATION
anfr-2109759,2109759,48.846944444444446,2.3166666666666664,Métro DUROC L10 L13,Place Léon Paul Fargue,56 Bd des Invalides,,75007,75107,0,BOUYGUES TELECOM | FREE MOBILE | ORANGE | SFR,3G | 4G,LTE 1800 | LTE 2100 | LTE 2600 | LTE 700 | LTE 800 | UMTS 900,En service | Projet approuvé,0750990909 | 0752292218 | 0752702651 | 0752752708,21,mobile_radio_site,ANFR Open Data,PUBLIC_DECLARATION
anfr-2143333,2143333,48.861666666666665,2.3141666666666665,Métro INVALIDES L8 L13,Rue de l'université,,,75007,75107,0,BOUYGUES TELECOM | FREE MOBILE | ORANGE | SFR,3G | 4G,LTE 1800 | LTE 2100 | LTE 2600 | LTE 700 | LTE 800 | LTE 900 | UMTS 900,En service,0750990853 | 0752292232 | 0752701991 | 0752752718,19,mobile_radio_site,ANFR Open Data,PUBLIC_DECLARATION
anfr-2155994,2155994,48.85777777777778,2.3099999999999996,METRO LA TOUR-MAUBOURG - L8,49 BD DE LA TOUR MAUBOURG,,,75007,75107,1,BOUYGUES TELECOM,3G | 4G,LTE 1800 | UMTS 900,En service,0752752402,2,mobile_radio_site,ANFR Open Data,PUBLIC_DECLARATION
anfr-2275284,2275284,48.84861111111111,2.3208333333333333,METRO L10 VANEAU,44 R DE SEVRES,,,75007,75107,1,BOUYGUES TELECOM,3G | 4G,LTE 1800 | UMTS 900,En service,0752752605,2,mobile_radio_site,ANFR Open Data,PUBLIC_DECLARATION
anfr-2289987,2289987,48.86138888888889,2.3202777777777777,Métro ASSEMBLEE NATIONALE L12,239 Boulevard Saint Germain,,,75007,75107,0,BOUYGUES TELECOM | FREE MOBILE | ORANGE | SFR,2G | 3G | 4G,GSM 1800 | GSM 900 | LTE 1800 | LTE 2100 | LTE 2600 | LTE 800 | LTE 900 | UMTS 900,En service,0750990852 | 0752292349 | 0752702365 | 0752752860,16,mobile_radio_site,ANFR Open Data,PUBLIC_DECLARATION
anfr-2559525,2559525,48.84805555555556,2.3186111111111107,,28 - 30 R ROUSSELET,,,75007,75107,"31,9",BOUYGUES TELECOM,2G | 3G | 4G | 5G,5G NR 2100 | GSM 900 | LTE 1800 | LTE 2100 | LTE 2600 | LTE 700 | LTE 800 | UMTS 900,En service | Techniquement opérationnel,0752752767,8,mobile_radio_site,ANFR Open Data,PUBLIC_DECLARATION
anfr-2712938,2712938,48.85166666666667,2.327222222222222,Métro SEVRES-BABYLONE,Angle 39 rue de Velpeau - 18 rue de Sèvres,,,75007,75107,0,BOUYGUES TELECOM | ORANGE | SFR,3G | 4G,LTE 1800 | LTE 2100 | LTE 2600 | LTE 800 | UMTS 900,En service,0752292431 | 0752702369 | 0752752727,15,mobile_radio_site,ANFR Open Data,PUBLIC_DECLARATION
anfr-2795776,2795776,48.861666666666665,2.3027777777777776,,3 AVENUE BOSQUET,21 Rue Cognacq-Jay,,75007,75107,"34,7",BOUYGUES TELECOM,3G | 4G | 5G,5G NR 2100 | 5G NR 3500 | LTE 1800 | LTE 2100 | LTE 2600 | LTE 700 | LTE 800 | UMTS 900,En service | Techniquement opérationnel,0752752852,8,mobile_radio_site,ANFR Open Data,PUBLIC_DECLARATION
anfr-2819814,2819814,48.85944444444445,2.307222222222222,,93 R ST DOMINIQUE,2-4 R AMÉLIE,0.21,75007,75107,"20,8",BOUYGUES TELECOM,4G,LTE 1800,En service,0752752857,1,mobile_radio_site,ANFR Open Data,PUBLIC_DECLARATION
anfr-2896968,2896968,48.86,2.2991666666666664,,Avenue Franco-Russe,,,75007,75107,28,BOUYGUES TELECOM | FREE MOBILE,4G | 5G,5G NR 2100 | 5G NR 3500 | 5G NR 700 | LTE 1800 | LTE 2100 | LTE 2600 | LTE 700 | LTE 800 | LTE 900,En service | Techniquement opérationnel,0750991062 | 0752751161,14,mobile_radio_site,ANFR Open Data,PUBLIC_DECLARATION
anfr-2912834,2912834,48.85611111111111,2.3094444444444444,,74 Bd de la TOUR MAUBOURG,,,75007,75107,31,BOUYGUES TELECOM,3G | 4G | 5G,5G NR 2100 | LTE 1800 | LTE 2100 | LTE 2600 | LTE 700 | LTE 800 | UMTS 900,En service | Techniquement opérationnel,0752751035,7,mobile_radio_site,ANFR Open Data,PUBLIC_DECLARATION
anfr-3109827,3109827,48.85583333333334,2.3252777777777776,,"62, rue du Bac",,,75007,75107,"28,3",BOUYGUES TELECOM | ORANGE,3G | 4G | 5G,5G NR 2100 | 5G NR 3500 | 5G NR 700 | LTE 1800 | LTE 2100 | LTE 2600 | LTE 700 | LTE 800 | UMTS 900,En service | Projet approuvé | Techniquement opérationnel,0752292797 | 0752752973,15,mobile_radio_site,ANFR Open Data,PUBLIC_DECLARATION
anfr-3121672,3121672,48.84916666666667,2.3091666666666666,,17 AVENUE DE SAXE,,,75007,75107,"29,8",BOUYGUES TELECOM | ORANGE,2G | 3G | 4G | 5G,5G NR 2100 | 5G NR 3500 | 5G NR 700 | GSM 900 | LTE 1800 | LTE 2100 | LTE 2600 | LTE 700 | LTE 800 | UMTS 900,En service | Projet approuvé | Techniquement opérationnel,0752291943 | 0752752990,16,mobile_radio_site,ANFR Open Data,PUBLIC_DECLARATION
anfr-1345686,1345686,48.85638888888889,2.3249999999999997,,209 BOULEVARD SAINT GERMAIN,,,75007,75107,"25,7",FREE MOBILE,4G | 5G,5G NR 3500 | 5G NR 700 | LTE 1800 | LTE 2100 | LTE 2600 | LTE 700 | LTE 900,En service | Techniquement opérationnel,0750990130,7,mobile_radio_site,ANFR Open Data,PUBLIC_DECLARATION
anfr-1345688,1345688,48.85333333333333,2.313611111111111,,3 PLACE VAUBAN,,,75007,75107,"28,8",FREE MOBILE,4G | 5G,5G NR 3500 | 5G NR 700 | LTE 1800 | LTE 2100 | LTE 2600 | LTE 700 | LTE 900,En service | Projet approuvé,0750990131,7,mobile_radio_site,ANFR Open Data,PUBLIC_DECLARATION
anfr-1435724,1435724,48.85861111111111,2.3097222222222222,,"54, Boulevard de la Tour Maubourg",,,75007,75107,"27,3",FREE MOBILE | SFR,2G | 4G | 5G,5G NR 3500 | 5G NR 700 | GSM 1800 | LTE 1800 | LTE 2100 | LTE 2600 | LTE 700 | LTE 800 | LTE 900,En service | Projet approuvé | Techniquement opérationnel,0750990158 | 0752700358,13,mobile_radio_site,ANFR Open Data,PUBLIC_DECLARATION
anfr-1498981,1498981,48.85611111111111,2.306111111111111,,RUE BOSQUET,,,75007,75107,"23,9",FREE MOBILE,4G | 5G,5G NR 3500 | 5G NR 700 | LTE 1800 | LTE 2100 | LTE 2600 | LTE 700 | LTE 900,En service | Techniquement opérationnel,0750990191,7,mobile_radio_site,ANFR Open Data,PUBLIC_DECLARATION
anfr-1510933,1510933,48.8575,2.318333333333333,,RUE DE MARTIGNAC,,,75007,75107,26,FREE MOBILE,4G | 5G,5G NR 3500 | 5G NR 700 | LTE 1800 | LTE 2100 | LTE 2600 | LTE 700 | LTE 900,En service | Techniquement opérationnel,0750990196,7,mobile_radio_site,ANFR Open Data,PUBLIC_DECLARATION
anfr-1604052,1604052,48.84805555555556,2.3186111111111107,,"RUE ROUSSELET, 28",,,75007,75107,"34,7",FREE MOBILE,4G | 5G,5G NR 3500 | 5G NR 700 | LTE 1800 | LTE 2100 | LTE 2600 | LTE 700 | LTE 900,En service | Techniquement opérationnel,0750990229,7,mobile_radio_site,ANFR Open Data,PUBLIC_DECLARATION
anfr-1791055,1791055,48.85388888888889,2.326388888888889,,17 boulevard Raspail,,,75007,75107,"32,2",FREE MOBILE,4G | 5G,5G NR 3500 | 5G NR 700 | LTE 1800 | LTE 2100 | LTE 2600 | LTE 700 | LTE 900,En service | Techniquement opérationnel,0750990300,7,mobile_radio_site,ANFR Open Data,PUBLIC_DECLARATION
anfr-1888010,1888010,48.85277777777778,2.3088888888888888,,23 avenue Duquesne,,,75007,75107,"22,5",FREE MOBILE,4G | 5G,5G NR 700 | LTE 1800 | LTE 2100 | LTE 2600 | LTE 700 | LTE 900,En service | Techniquement opérationnel,0750990561,6,mobile_radio_site,ANFR Open Data,PUBLIC_DECLARATION
anfr-2067599,2067599,48.855555555555554,2.3255555555555554,METRO RUE DU BAC,Angle du boulevard Raspail et de la rue du Bac,,,75007,75107,0,FREE MOBILE | SFR,2G | 3G | 4G,GSM 1800 | GSM 900 | LTE 1800 | LTE 900 | UMTS 900,En service,0750990672 | 0752702350,6,mobile_radio_site,ANFR Open Data,PUBLIC_DECLARATION
anfr-2081233,2081233,48.848888888888894,2.3211111111111107,Metro VANEAU,97 RUE DE SEVRES,,,75007,75107,0,FREE MOBILE | SFR,2G | 3G | 4G,GSM 1800 | GSM 900 | LTE 1800 | LTE 900 | UMTS 900,En service | Projet approuvé,0750990683 | 0752702347,6,mobile_radio_site,ANFR Open Data,PUBLIC_DECLARATION
anfr-2098483,2098483,48.85777777777778,2.3102777777777774,Métro LA TOUR MAUBOURG  L8,58-60 bd de la Tour Maubourg,,,75007,75107,0,FREE MOBILE | ORANGE | SFR,2G | 3G | 4G,GSM 900 | LTE 1800 | LTE 900 | UMTS 900,En service,0750990854 | 0752292212 | 0752702564,7,mobile_radio_site,ANFR Open Data,PUBLIC_DECLARATION
anfr-2166499,2166499,48.86083333333333,2.3074999999999997,,7 RUE JEAN NICOT,,,75007,75107,"27,5",FREE MOBILE,4G | 5G,5G NR 3500 | 5G NR 700 | LTE 1800 | LTE 2100 | LTE 2600 | LTE 700 | LTE 900,En service | Techniquement opérationnel,0750990774,7,mobile_radio_site,ANFR Open Data,PUBLIC_DECLARATION
anfr-2335273,2335273,48.8575,2.3152777777777778,METRO VARENNE L13,BOULEVARD DES INVALIDES,,,75007,75107,0,FREE MOBILE,4G,LTE 1800,Projet approuvé,0750990907,1,mobile_radio_site,ANFR Open Data,PUBLIC_DECLARATION
anfr-2632365,2632365,48.8575,2.303888888888889,GROS CAILLOU,30 AVENUE BOSQUET,,,75007,75107,"29,6",FREE MOBILE,4G | 5G,5G NR 3500 | 5G NR 700 | LTE 1800 | LTE 2100 | LTE 2600 | LTE 700 | LTE 900,En service | Techniquement opérationnel,0750990975,7,mobile_radio_site,ANFR Open Data,PUBLIC_DECLARATION
anfr-2813501,2813501,48.84916666666667,2.3097222222222222,,4  villa de Saxe,,,75007,75107,33,FREE MOBILE | SFR,3G | 4G | 5G,5G NR 3500 | 5G NR 700 | LTE 1800 | LTE 2100 | LTE 2600 | LTE 700 | LTE 800 | LTE 900 | UMTS 900,En service | Techniquement opérationnel,0750990212 | 0752702889,14,mobile_radio_site,ANFR Open Data,PUBLIC_DECLARATION
anfr-2856957,2856957,48.861111111111114,2.3033333333333332,,rue de l Université,,,75007,75107,"27,4",FREE MOBILE,4G | 5G,5G NR 3500 | 5G NR 700 | LTE 1800 | LTE 2100 | LTE 2600 | LTE 700 | LTE 900,En service | Techniquement opérationnel,0750991037,7,mobile_radio_site,ANFR Open Data,PUBLIC_DECLARATION
anfr-2950222,2950222,48.86194444444445,2.3033333333333332,,14 Rue Cognacq Jay,,,75007,75107,39,FREE MOBILE | ORANGE,4G | 5G,5G NR 3500 | 5G NR 700 | LTE 1800 | LTE 2100 | LTE 2600 | LTE 700 | LTE 800 | LTE 900,En service | Techniquement opérationnel,0750991098 | 0752292774,14,mobile_radio_site,ANFR Open Data,PUBLIC_DECLARATION
anfr-2995409,2995409,48.85388888888889,2.3175,,"16, rue Barbet de Jouy",,,75007,75107,20,FREE MOBILE | ORANGE,3G | 4G | 5G,5G NR 3500 | 5G NR 700 | LTE 1800 | LTE 2100 | LTE 2600 | LTE 700 | LTE 800 | LTE 900 | UMTS 900,En service | Techniquement opérationnel,0750990562 | 0752292830,14,mobile_radio_site,ANFR Open Data,PUBLIC_DECLARATION
anfr-104151,104151,48.85916666666667,2.3302777777777774,,27 quai Voltaire,,,75007,75107,24,ORANGE,3G | 4G,LTE 1800 | LTE 2100 | UMTS 900,En service,0752290344,3,mobile_radio_site,ANFR Open Data,PUBLIC_DECLARATION
anfr-705643,705643,48.85472222222222,2.308333333333333,,5 R Louis Codet,,,75007,75107,38,ORANGE,3G | 4G | 5G,5G NR 3500 | 5G NR 700 | LTE 1800 | LTE 2100 | LTE 2600 | LTE 800 | UMTS 900,En service | Techniquement opérationnel,0752290013,7,mobile_radio_site,ANFR Open Data,PUBLIC_DECLARATION
anfr-705645,705645,48.84666666666667,2.312777777777778,,55 av de saxe,C.P.E. Ségur,,75007,75107,42,ORANGE,2G | 3G | 4G | 5G,5G NR 3500 | 5G NR 700 | GSM 900 | LTE 1800 | LTE 2100 | LTE 2600 | LTE 800 | UMTS 900,En service | Techniquement opérationnel,0752290075,8,mobile_radio_site,ANFR Open Data,PUBLIC_DECLARATION
anfr-705647,705647,48.85527777777778,2.326111111111111,,7 Bd Raspail,,,75007,75107,32,ORANGE,2G | 3G | 4G,GSM 900 | LTE 1800 | LTE 2100 | LTE 2600 | LTE 800 | UMTS 900,En service,0752290329,6,mobile_radio_site,ANFR Open Data,PUBLIC_DECLARATION
anfr-707197,707197,48.85527777777778,2.304444444444444,,107 av de la Bourdonnais,,,75007,75107,"35,3",ORANGE,2G | 3G | 4G | 5G,5G NR 3500 | 5G NR 700 | GSM 900 | LTE 1800 | LTE 2100 | LTE 2600 | LTE 700 | LTE 800 | UMTS 900,En service | Techniquement opérationnel,0752290436,9,mobile_radio_site,ANFR Open Data,PUBLIC_DECLARATION
anfr-707199,707199,48.86027777777778,2.316111111111111,,28 r st dominique,Maison de la chimie,,75007,75107,33,ORANGE,2G | 3G | 4G,GSM 900 | LTE 1800 | LTE 2100 | LTE 2600 | LTE 800 | UMTS 900,En service,0752290453,6,mobile_radio_site,ANFR Open Data,PUBLIC_DECLARATION
anfr-707210,707210,48.85666666666667,2.318333333333333,,107 r de grenelle,cité Martignac,Annexe du Ministère de l'Education,75007,75107,"33,1",ORANGE,2G | 3G | 4G | 5G,5G NR 3500 | 5G NR 700 | GSM 900 | LTE 1800 | LTE 2100 | LTE 2600 | LTE 800 | UMTS 900,En service | Projet approuvé,0752291413,8,mobile_radio_site,ANFR Open Data,PUBLIC_DECLARATION
anfr-1023065,1023065,48.85777777777778,2.3097222222222222,,"60, bld de la Tour Maubourg",,,75007,75107,26,ORANGE,2G | 3G | 4G,GSM 900 | LTE 1800 | LTE 2100 | LTE 2600 | LTE 800 | UMTS 900,En service,0752291565,6,mobile_radio_site,ANFR Open Data,PUBLIC_DECLARATION
anfr-1339771,1339771,48.85944444444445,2.3016666666666663,,"11, RUE EDMOND VALENTIN",,,75007,75107,25,ORANGE,3G | 4G | 5G,5G NR 3500 | 5G NR 700 | LTE 1800 | LTE 2100 | LTE 2600 | LTE 700 | LTE 800 | UMTS 900,En service | Techniquement opérationnel,0752291671,8,mobile_radio_site,ANFR Open Data,PUBLIC_DECLARATION
anfr-1687269,1687269,48.855000000000004,2.3202777777777777,,"64, Rue de Varenne",,,75007,75107,"23,7",ORANGE,3G | 4G | 5G,5G NR 3500 | 5G NR 700 | LTE 1800 | LTE 2100 | LTE 2600 | LTE 800 | UMTS 900,En service | Projet approuvé | Techniquement opérationnel,0752291993,7,mobile_radio_site,ANFR Open Data,PUBLIC_DECLARATION
anfr-1795553,1795553,48.85861111111111,2.3024999999999998,,"110, rue Saint-Dominique",,,75007,75107,"25,1",ORANGE,3G | 4G | 5G,5G NR 3500 | 5G NR 700 | LTE 1800 | LTE 2100 | LTE 2600 | LTE 700 | LTE 800 | UMTS 900,En service | Techniquement opérationnel,0752292035,8,mobile_radio_site,ANFR Open Data,PUBLIC_DECLARATION
anfr-2041005,2041005,48.85583333333334,2.325833333333333,Métro RUE DU BAC L12,Rue du Bac angle Bld Raspail,,,75007,75107,0,ORANGE,3G | 4G,LTE 1800 | UMTS 900,En service,0752292099,2,mobile_radio_site,ANFR Open Data,PUBLIC_DECLARATION
anfr-2041007,2041007,48.84861111111111,2.3208333333333333,Métro VANEAU L10,Rue de Sèvres angle rue Vanneau,,,75007,75107,0,ORANGE,3G | 4G,LTE 1800 | UMTS 900,En service,0752292100,2,mobile_radio_site,ANFR Open Data,PUBLIC_DECLARATION
anfr-2078166,2078166,48.85888888888889,2.327222222222222,,51 RUE DE LILLE,,,75007,75107,31,ORANGE | SFR,2G | 3G | 4G | 5G,5G NR 3500 | GSM 900 | LTE 1800 | LTE 2100 | LTE 2600 | LTE 700 | LTE 800 | UMTS 900,En service | Techniquement opérationnel,0752292060 | 0752702133,13,mobile_radio_site,ANFR Open Data,PUBLIC_DECLARATION
anfr-2439233,2439233,48.85166666666667,2.3241666666666663,,"5, rue de babylone",,,75007,75107,10,ORANGE,4G,LTE 1800 | LTE 2100,En service,0752292450,2,mobile_radio_site,ANFR Open Data,PUBLIC_DECLARATION
anfr-2497674,2497674,48.85027777777778,2.3238888888888884,,"38, rue de sèvres",,,75007,75107,"17,7",ORANGE,4G,LTE 1800 | LTE 2100,En service,0752292595,2,mobile_radio_site,ANFR Open Data,PUBLIC_DECLARATION
anfr-2677139,2677139,48.861666666666665,2.306388888888889,,2 Rue du Colonel Combes,,,75007,75107,"30,3",ORANGE,3G | 4G | 5G,5G NR 3500 | 5G NR 700 | LTE 1800 | LTE 2100 | LTE 2600 | LTE 700 | LTE 800 | UMTS 900,En service | Techniquement opérationnel,0752292728,8,mobile_radio_site,ANFR Open Data,PUBLIC_DECLARATION
anfr-2702497,2702497,48.852222222222224,2.3144444444444443,Métro ST-FRANCOIS-XAVIER L13,Place André Tardieu,,,75007,75107,0,ORANGE,3G | 4G,LTE 1800 | LTE 2100 | LTE 2600 | LTE 700 | LTE 800 | UMTS 900,En service,0752292737,6,mobile_radio_site,ANFR Open Data,PUBLIC_DECLARATION
anfr-2863039,2863039,48.849444444444444,2.3141666666666665,,55B Avenue Duquesne,,,75007,75107,35,ORANGE,4G | 5G,5G NR 3500 | 5G NR 700 | LTE 1800 | LTE 2100 | LTE 2600 | LTE 700 | LTE 800,En service | Techniquement opérationnel,0752292759,7,mobile_radio_site,ANFR Open Data,PUBLIC_DECLARATION
anfr-2999825,2999825,48.85944444444445,2.304722222222222,,"94, rue Saint-Dominique",,,75007,75107,28,ORANGE,3G | 4G | 5G,5G NR 3500 | 5G NR 700 | LTE 1800 | LTE 2100 | LTE 2600 | LTE 700 | LTE 800 | UMTS 900,En service | Techniquement opérationnel,0752292838,8,mobile_radio_site,ANFR Open Data,PUBLIC_DECLARATION
anfr-3012171,3012171,48.86055555555556,2.317222222222222,,28 Rue Saint-Dominique,,,75007,75107,31,ORANGE | SFR,3G | 4G | 5G,5G NR 3500 | 5G NR 700 | LTE 1800 | LTE 2100 | LTE 2600 | LTE 700 | LTE 800 | UMTS 900,En service | Projet approuvé | Techniquement opérationnel,0752292806 | 0752703345,13,mobile_radio_site,ANFR Open Data,PUBLIC_DECLARATION
anfr-422982,422982,48.85138888888889,2.3102777777777774,,22 av duquesne,,,75007,75107,"26,9",SFR,2G | 3G | 4G | 5G,5G NR 2100 | 5G NR 3500 | GSM 900 | LTE 1800 | LTE 2100 | LTE 2600 | LTE 800 | UMTS 2100 | UMTS 900,En service | Projet approuvé | Techniquement opérationnel,0752700347,9,mobile_radio_site,ANFR Open Data,PUBLIC_DECLARATION
anfr-618618,618618,48.85666666666667,2.324722222222222,,213 bd  st germain,,,75007,75107,25,SFR,2G | 3G | 4G,GSM 900 | LTE 1800 | LTE 2100 | LTE 800 | UMTS 900,En service,0752700110,5,mobile_radio_site,ANFR Open Data,PUBLIC_DECLARATION
anfr-707214,707214,48.85444444444445,2.318333333333333,,3/5 r barbet de jouy,,,75007,75107,"26,6",SFR,2G | 3G | 4G | 5G,5G NR 2100 | 5G NR 3500 | GSM 900 | LTE 1800 | LTE 2100 | LTE 2600 | LTE 700 | LTE 800 | UMTS 2100 | UMTS 900,En service | Projet approuvé | Techniquement opérationnel,0752700091,10,mobile_radio_site,ANFR Open Data,PUBLIC_DECLARATION
anfr-707216,707216,48.85944444444445,2.301111111111111,,25 av rapp,,,75007,75107,"32,5",SFR,2G | 3G | 4G | 5G,5G NR 3500 | GSM 900 | LTE 1800 | LTE 2100 | LTE 2600 | LTE 700 | LTE 800 | UMTS 900,En service | Projet approuvé | Techniquement opérationnel,0752700398,8,mobile_radio_site,ANFR Open Data,PUBLIC_DECLARATION
anfr-707220,707220,48.85027777777778,2.3188888888888886,,5 r oudinot,,,75007,75107,"21,2",SFR,2G | 3G | 4G | 5G,5G NR 2100 | GSM 900 | LTE 1800 | LTE 2100 | LTE 2600 | LTE 800 | UMTS 900,En service | Projet approuvé,0752700369,7,mobile_radio_site,ANFR Open Data,PUBLIC_DECLARATION
anfr-1348363,1348363,48.84861111111111,2.3163888888888886,,57 boulevard des Invalides,,,75007,75107,"24,5",SFR,2G | 3G | 4G | 5G,5G NR 2100 | 5G NR 3500 | GSM 900 | LTE 1800 | LTE 2100 | LTE 2600 | LTE 800 | UMTS 900,En service | Projet approuvé | Techniquement opérationnel,0752701351,8,mobile_radio_site,ANFR Open Data,PUBLIC_DECLARATION
anfr-1505471,1505471,48.85916666666667,2.330833333333333,,rue de Beaune,,,75007,75107,"5,5",SFR,2G | 3G | 4G,GSM 900 | LTE 1800 | LTE 2100 | LTE 2600 | LTE 800 | UMTS 900,En service,0752703520,6,mobile_radio_site,ANFR Open Data,PUBLIC_DECLARATION
anfr-1510536,1510536,48.86277777777778,2.3177777777777777,,Quai d'Orsay,,,75007,75107,"5,1",SFR,2G | 3G | 4G,GSM 900 | LTE 1800 | LTE 2100 | LTE 2600 | LTE 800 | UMTS 900,En service,0752703526,6,mobile_radio_site,ANFR Open Data,PUBLIC_DECLARATION
anfr-1510538,1510538,48.86083333333333,2.324722222222222,,rue de la légion,,,75007,75107,"5,4",SFR,2G | 3G | 4G,GSM 900 | LTE 1800 | LTE 2100 | LTE 2600 | LTE 800 | UMTS 900,En service,0752703517,6,mobile_radio_site,ANFR Open Data,PUBLIC_DECLARATION
anfr-1598143,1598143,48.86277777777778,2.310833333333333,,Quai d'Orsay,,,75007,75107,5,SFR,2G | 3G | 4G,GSM 900 | LTE 1800 | LTE 2100 | LTE 2600 | LTE 800 | UMTS 900,En service,0752703528,6,mobile_radio_site,ANFR Open Data,PUBLIC_DECLARATION
anfr-1598145,1598145,48.86277777777778,2.308333333333333,,Quai d'Orsay,,,75007,75107,5,SFR,2G | 3G | 4G,GSM 900 | LTE 1800 | LTE 2100 | LTE 2600 | LTE 800 | UMTS 900,En service,0752703529,6,mobile_radio_site,ANFR Open Data,PUBLIC_DECLARATION
anfr-1598147,1598147,48.86277777777778,2.301388888888889,,Quai d'Orsay,,,75007,75107,5,SFR,2G | 3G | 4G,GSM 900 | LTE 1800 | LTE 2100 | LTE 2600 | LTE 800 | UMTS 900,En service,0752703530,6,mobile_radio_site,ANFR Open Data,PUBLIC_DECLARATION
anfr-1598149,1598149,48.86194444444445,2.2975,,Quai Branly,,,75007,75107,6,SFR,2G | 3G | 4G,GSM 900 | LTE 1800 | LTE 2100 | LTE 2600 | LTE 800 | UMTS 900,En service,0752703539,6,mobile_radio_site,ANFR Open Data,PUBLIC_DECLARATION
anfr-1598151,1598151,48.86,2.2938888888888886,,Quai Branly,,,75007,75107,6,SFR,2G | 3G | 4G,GSM 900 | LTE 1800 | LTE 2100 | LTE 2600 | LTE 800 | UMTS 900,En service,0752703540,6,mobile_radio_site,ANFR Open Data,PUBLIC_DECLARATION
anfr-1598153,1598153,48.85777777777778,2.290833333333333,,Quai Branly,,,75007,75107,"5,5",SFR,2G | 3G | 4G,GSM 900 | LTE 1800 | LTE 2100 | LTE 2600 | LTE 800 | UMTS 900,En service,0752703541,6,mobile_radio_site,ANFR Open Data,PUBLIC_DECLARATION
anfr-1648083,1648083,48.855000000000004,2.304444444444444,,111 AVENUE DE LA BOURDONNAIS,,,75007,75107,26,SFR,2G | 3G | 4G | 5G,5G NR 2100 | 5G NR 3500 | GSM 900 | LTE 1800 | LTE 2100 | LTE 2600 | LTE 800 | UMTS 900,En service | Projet approuvé | Techniquement opérationnel,0752701934,8,mobile_radio_site,ANFR Open Data,PUBLIC_DECLARATION
anfr-1884989,1884989,48.86083333333333,2.3166666666666664,,93 rue de l'Université,,,75007,75107,"22,1",SFR,2G | 3G | 4G | 5G,5G NR 3500 | GSM 900 | LTE 1800 | LTE 2100 | LTE 2600 | LTE 800 | UMTS 2100 | UMTS 900,En service | Techniquement opérationnel,0752702155,8,mobile_radio_site,ANFR Open Data,PUBLIC_DECLARATION
anfr-2674291,2674291,48.86083333333333,2.319722222222222,,106 RUE DE l'UNIVERSITE,,,75007,75107,29,SFR,4G,LTE 1800 | LTE 2100 | LTE 2600,En service,0752702836,3,mobile_radio_site,ANFR Open Data,PUBLIC_DECLARATION
anfr-2681993,2681993,48.861666666666665,2.3030555555555554,,19 RUE COGNACQ JAY,,,75007,75107,"37,2",SFR,2G | 3G | 4G | 5G,5G NR 2100 | 5G NR 3500 | GSM 900 | LTE 1800 | LTE 2100 | LTE 2600 | LTE 700 | LTE 800 | UMTS 900,En service | Techniquement opérationnel,0752702824,9,mobile_radio_site,ANFR Open Data,PUBLIC_DECLARATION
anfr-2950062,2950062,48.8575,2.2941666666666665,,6 Avenue Pierre Loti,Centre Emetteur TDF de la Tour Eiffel Pi,,75007,75107,10,SFR,3G | 4G | 5G,5G NR 3500 | LTE 1800 | LTE 2100 | LTE 2600 | LTE 700 | LTE 800 | UMTS 900,Projet approuvé,0752703204,7,mobile_radio_site,ANFR Open Data,PUBLIC_DECLARATION
anfr-2993612,2993612,48.85138888888889,2.323611111111111,,134  RUE DU BAC,,,75007,75107,17,SFR,3G | 4G,LTE 1800 | LTE 2600 | UMTS 2100,En service | Projet approuvé,0752703283,3,mobile_radio_site,ANFR Open Data,PUBLIC_DECLARATION
anfr-3118426,3118426,48.86083333333333,2.3030555555555554,,13 Avenue Bosquet,,,75007,75107,32,SFR,4G | 5G,5G NR 3500 | LTE 1800 | LTE 2100 | LTE 2600 | LTE 700 | LTE 800,Projet approuvé,0752703476,6,mobile_radio_site,ANFR Open Data,PUBLIC_DECLARATION
anfr-3280433,3280433,48.85444444444445,2.3077777777777775,,29 Rue Chevert,,,75007,75107,"21,8",SFR,4G | 5G,5G NR 3500 | LTE 1800 | LTE 2100 | LTE 2600 | LTE 700 | LTE 800,En service | Techniquement opérationnel,0752703579,6,mobile_radio_site,ANFR Open Data,PUBLIC_DECLARATION
anfr-518584,518584,48.87444444444444,2.3030555555555554,,15 AV DE FRIEDLAND,,,75008,75108,"36,3",BOUYGUES TELECOM,2G | 3G | 4G | 5G,5G NR 2100 | 5G NR 3500 | GSM 900 | LTE 1800 | LTE 2100 | LTE 2600 | LTE 700 | LTE 800 | UMTS 900,En service | Techniquement opérationnel,0752750493,9,mobile_radio_site,ANFR Open Data,PUBLIC_DECLARATION
anfr-521846,521846,48.87444444444444,2.2952777777777778,,SOUS ARC DE TRIOMPHE,,,75008,75108,5,BOUYGUES TELECOM,3G | 4G,LTE 1800 | UMTS 2100,En service,0752750186,2,mobile_radio_site,ANFR Open Data,PUBLIC_DECLARATION
anfr-531146,531146,48.86472222222223,2.3119444444444444,,COURS DE LA REINE-RIVE DROITE,,,75008,75108,"6,8",BOUYGUES TELECOM | FREE MOBILE | ORANGE | SFR,2G | 3G | 4G,GSM 900 | LTE 1800 | LTE 2100 | LTE 2600 | LTE 700 | LTE 800 | LTE 900 | UMTS 900,En service,0750990841 | 0752291274 | 0752702042 | 0752751519,14,mobile_radio_site,ANFR Open Data,PUBLIC_DECLARATION
anfr-540840,540840,48.88,2.323611111111111,,1 r de berne,,,75008,75108,32,BOUYGUES TELECOM | ORANGE,3G | 4G | 5G,5G NR 2100 | 5G NR 3500 | 5G NR 700 | LTE 1800 | LTE 2100 | LTE 2600 | LTE 700 | LTE 800 | UMTS 900,En service | Techniquement opérationnel,0752290165 | 0752750099,16,mobile_radio_site,ANFR Open Data,PUBLIC_DECLARATION
anfr-555139,555139,48.87277777777778,2.3049999999999997,,16 R DE BERRI,HOTEL CALIFORNIA,,75008,75108,38,BOUYGUES TELECOM | FREE MOBILE | ORANGE | SFR,2G | 3G | 4G | 5G,5G NR 3500 | 5G NR 700 | GSM 900 | LTE 1800 | LTE 2100 | LTE 2600 | LTE 700 | LTE 800 | LTE 900 | UMTS 2100 | UMTS 900,En service | Techniquement opérationnel,0750990549 | 0752291267 | 0752700402 | 0752751528,26,mobile_radio_site,ANFR Open Data,PUBLIC_DECLARATION
anfr-591977,591977,48.8775,2.303611111111111,,9 AV HOCHE,,,75008,75108,"32,3",BOUYGUES TELECOM,2G | 3G | 4G,GSM 1800 | LTE 1800 | UMTS 2100,En service,0752750462,3,mobile_radio_site,ANFR Open Data,PUBLIC_DECLARATION
anfr-766642,766642,48.868611111111115,2.322222222222222,,"9, r du faubourg st honoré",imm de bureaux,,75008,75108,"37,8",BOUYGUES TELECOM | FREE MOBILE | SFR,2G | 3G | 4G | 5G,5G NR 2100 | 5G NR 3500 | 5G NR 700 | GSM 900 | LTE 1800 | LTE 2100 | LTE 2600 | LTE 700 | LTE 800 | LTE 900 | UMTS 2100 | UMTS 900,En service | Techniquement opérationnel,0750990037 | 0752700106 | 0752751737,24,mobile_radio_site,ANFR Open Data,PUBLIC_DECLARATION
anfr-786781,786781,48.87111111111111,2.3055555555555554,,66 AV DES CHAMPS ELYSEES,,,75008,75108,"37,7",BOUYGUES TELECOM,2G | 3G | 4G | 5G,5G NR 2100 | 5G NR 3500 | GSM 900 | LTE 1800 | LTE 2100 | LTE 2600 | LTE 700 | LTE 800 | UMTS 900,En service | Techniquement opérationnel,0752750447,9,mobile_radio_site,ANFR Open Data,PUBLIC_DECLARATION
anfr-799693,799693,48.87,2.3225,,41 R BOISSY D'ANGLAS,,,75008,75108,"26,2",BOUYGUES TELECOM,3G | 4G | 5G,5G NR 2100 | LTE 1800 | LTE 2100 | LTE 2600 | LTE 700 | LTE 800 | UMTS 900,En service | Techniquement opérationnel,0752751630,7,mobile_radio_site,ANFR Open Data,PUBLIC_DECLARATION
anfr-805672,805672,48.86694444444444,2.3008333333333333,,17 AV GEORGE V,,,75008,75108,34,BOUYGUES TELECOM,2G | 3G | 4G | 5G,5G NR 2100 | 5G NR 3500 | GSM 900 | LTE 1800 | LTE 2100 | LTE 2600 | LTE 700 | LTE 800 | UMTS 900,En service | Techniquement opérationnel,0752750772,9,mobile_radio_site,ANFR Open Data,PUBLIC_DECLARATION
anfr-834390,834390,48.87027777777778,2.3005555555555555,,41 Av Georges V,,,75008,75108,37,BOUYGUES TELECOM,2G | 3G | 4G | 5G,5G NR 2100 | 5G NR 3500 | GSM 900 | LTE 1800 | LTE 2100 | LTE 2600 | LTE 700 | LTE 800 | UMTS 900,En service | Techniquement opérationnel,0752750308,9,mobile_radio_site,ANFR Open Data,PUBLIC_DECLARATION
anfr-834400,834400,48.87888888888889,2.3169444444444443,,29 r du Gnl Foy,43 r de Naples,,75008,75108,35,BOUYGUES TELECOM,4G | 5G,5G NR 2100 | 5G NR 3500 | LTE 1800 | LTE 2100 | LTE 2600 | LTE 700 | LTE 800,En service | Techniquement opérationnel,0752750356,7,mobile_radio_site,ANFR Open Data,PUBLIC_DECLARATION
anfr-1189574,1189574,48.87083333333334,2.302222222222222,,79 AV DES CHAMPS ELYSEES,,,75008,75108,"29,7",BOUYGUES TELECOM,3G,UMTS 2100,En service,0752751674,1,mobile_radio_site,ANFR Open Data,PUBLIC_DECLARATION
anfr-1281577,1281577,48.87166666666667,2.2983333333333333,,19 R VERNET,,,75008,75108,21,BOUYGUES TELECOM,2G | 4G,GSM 900 | LTE 1800,En service,0752751677,2,mobile_radio_site,ANFR Open Data,PUBLIC_DECLARATION
anfr-1434133,1434133,48.867222222222225,2.3216666666666663,,6-8 PL DE LA CONCORDE,,,75008,75108,26,BOUYGUES TELECOM,2G | 3G | 4G,GSM 1800 | LTE 1800 | UMTS 2100,En service,0752751853,3,mobile_radio_site,ANFR Open Data,PUBLIC_DECLARATION
anfr-1439236,1439236,48.87027777777778,2.3116666666666665,METRO PARIS CHRISTIES,9 Avenue de Matignon / 14 rue Jean Mermoz,,,75008,75108,33,BOUYGUES TELECOM,4G | 5G,5G NR 2100 | 5G NR 3500 | LTE 1800 | LTE 2100 | LTE 2600 | LTE 700 | LTE 800,En service | Techniquement opérationnel,0752750476,7,mobile_radio_site,ANFR Open Data,PUBLIC_DECLARATION
anfr-1468930,1468930,48.870555555555555,2.324444444444444,,19 PL DE LA MADELEINE,,,75008,75108,"3,5",BOUYGUES TELECOM,3G | 4G,LTE 1800 | UMTS 2100,En service,0752752008,2,mobile_radio_site,ANFR Open Data,PUBLIC_DECLARATION
anfr-1489326,1489326,48.86611111111111,2.305833333333333,,22 AV MONTAIGNE,,,75008,75108,38,BOUYGUES TELECOM,2G,GSM 1800,En service,0752752018,1,mobile_radio_site,ANFR Open Data,PUBLIC_DECLARATION
anfr-1546938,1546938,48.878055555555555,2.3225,,43-45 R DE ROME,,,75008,75108,"34,5",BOUYGUES TELECOM,3G | 4G | 5G,5G NR 2100 | 5G NR 3500 | LTE 1800 | LTE 2100 | LTE 2600 | LTE 700 | LTE 800 | UMTS 900,En service | Techniquement opérationnel,0752752063,8,mobile_radio_site,ANFR Open Data,PUBLIC_DECLARATION
anfr-1682203,1682203,48.876111111111115,2.315833333333333,,66 rue de Miromesnil,,,75008,75108,"26,7",BOUYGUES TELECOM | FREE MOBILE,3G | 4G | 5G,5G NR 2100 | 5G NR 3500 | 5G NR 700 | LTE 1800 | LTE 2100 | LTE 2600 | LTE 700 | LTE 800 | LTE 900 | UMTS 900,En service | Techniquement opérationnel,0750990258 | 0752750035,15,mobile_radio_site,ANFR Open Data,PUBLIC_DECLARATION
anfr-1848348,1848348,48.868611111111115,2.3066666666666666,,12 rue de Marignan,,,75008,75108,"32,5",BOUYGUES TELECOM | FREE MOBILE,3G | 4G | 5G,5G NR 2100 | 5G NR 3500 | 5G NR 700 | LTE 1800 | LTE 2100 | LTE 2600 | LTE 700 | LTE 800 | LTE 900 | UMTS 900,En service | Techniquement opérationnel,0750990456 | 0752751059,15,mobile_radio_site,ANFR Open Data,PUBLIC_DECLARATION
anfr-1917409,1917409,48.87277777777778,2.3166666666666664,,11 R DE PENTHIEVRE,PARKING MINISTERE INTERIEUR,,75008,75108,"35,5",BOUYGUES TELECOM,2G | 3G | 4G | 5G,5G NR 2100 | 5G NR 3500 | GSM 900 | LTE 1800 | LTE 2100 | LTE 2600 | LTE 700 | LTE 800 | UMTS 900,En service | Techniquement opérationnel,0752752162,9,mobile_radio_site,ANFR Open Data,PUBLIC_DECLARATION
anfr-1921600,1921600,48.87638888888889,2.323611111111111,gare St Lazare,20 RUE DE ROME,,,75008,75108,"35,9",BOUYGUES TELECOM | SFR,2G | 3G | 4G | 5G,5G NR 2100 | 5G NR 3500 | GSM 900 | LTE 1800 | LTE 2100 | LTE 2600 | LTE 700 | LTE 800 | UMTS 2100 | UMTS 900,En service | Projet approuvé | Techniquement opérationnel,0752701335 | 0752752167,18,mobile_radio_site,ANFR Open Data,PUBLIC_DECLARATION
anfr-1990179,1990179,48.87305555555555,2.3125,,59 R DE LA BOETIE,,,75008,75108,32,BOUYGUES TELECOM | FREE MOBILE,2G | 3G | 4G | 5G,5G NR 2100 | 5G NR 3500 | 5G NR 700 | GSM 900 | LTE 1800 | LTE 2100 | LTE 2600 | LTE 700 | LTE 800 | LTE 900 | UMTS 900,En service | Techniquement opérationnel,0750990172 | 0752752195,15,mobile_radio_site,ANFR Open Data,PUBLIC_DECLARATION
anfr-2050108,2050108,48.87833333333333,2.3255555555555554,,52 RUE DE LONDRES,TT TDF,,75008,75108,"29,5",BOUYGUES TELECOM,3G | 4G | 5G,5G NR 2100 | 5G NR 3500 | LTE 1800 | LTE 2100 | LTE 2600 | LTE 700 | LTE 800 | UMTS 900,En service | Techniquement opérationnel,0752752228,8,mobile_radio_site,ANFR Open Data,PUBLIC_DECLARATION
anfr-2052405,2052405,48.871944444444445,2.3216666666666663,,17 BD MALESHERBES,,,75008,75108,36,BOUYGUES TELECOM,2G | 3G | 4G | 5G,5G NR 2100 | GSM 900 | LTE 1800 | LTE 2100 | LTE 2600 | LTE 700 | LTE 800 | UMTS 900,En service | Techniquement opérationnel,0752752243,8,mobile_radio_site,ANFR Open Data,PUBLIC_DECLARATION
anfr-2060311,2060311,48.873333333333335,2.3094444444444444,,127 R DU FAUBOURG ST HONORÉ,,,75008,75108,31,BOUYGUES TELECOM,3G | 4G | 5G,5G NR 2100 | 5G NR 3500 | LTE 1800 | LTE 2100 | LTE 2600 | LTE 700 | LTE 800 | UMTS 900,En service | Techniquement opérationnel,0752752253,8,mobile_radio_site,ANFR Open Data,PUBLIC_DECLARATION
anfr-2070722,2070722,48.87638888888889,2.3125,,11 R DE TEHERAN,,,75008,75108,"30,5",BOUYGUES TELECOM,3G | 4G | 5G,5G NR 2100 | LTE 1800 | LTE 2100 | LTE 2600 | LTE 700 | LTE 800 | UMTS 900,En service | Projet approuvé,0752752259,7,mobile_radio_site,ANFR Open Data,PUBLIC_DECLARATION
anfr-2072077,2072077,48.87888888888889,2.3230555555555554,Métro EUROPE L3,1 RUE DE MADRID,,,75008,75108,0,BOUYGUES TELECOM | FREE MOBILE | ORANGE | SFR,2G | 3G | 4G,GSM 1800 | GSM 900 | LTE 1800 | LTE 900 | UMTS 900,En service | Projet approuvé,0750990740 | 0752292171 | 0752702008 | 0752752615,10,mobile_radio_site,ANFR Open Data,PUBLIC_DECLARATION
anfr-2091561,2091561,48.87083333333334,2.3102777777777774,,10 AV FRANKLIN DELANO ROOSEVELT,,,75008,75108,"36,7",BOUYGUES TELECOM,3G | 4G | 5G,5G NR 2100 | 5G NR 3500 | LTE 1800 | LTE 2100 | LTE 2600 | LTE 700 | LTE 800 | UMTS 900,En service | Techniquement opérationnel,0752752280,8,mobile_radio_site,ANFR Open Data,PUBLIC_DECLARATION
anfr-2132591,2132591,48.8675,2.313333333333333,Métro CHAMPS ELYSEES L1 L13,Station métro Champs Elysées Clémenceau,,,75008,75108,0,BOUYGUES TELECOM | ORANGE | SFR,3G | 4G,LTE 1800 | LTE 2100 | LTE 2600 | LTE 800 | UMTS 2100 | UMTS 900,En service,0752292224 | 0752701438 | 0752752597,16,mobile_radio_site,ANFR Open Data,PUBLIC_DECLARATION
anfr-2137874,2137874,48.873333333333335,2.2969444444444442,GARE RER ETOILE-CARNOT,6 Av Carnot - RER A,STATION RATP PARIS GARE RER ETOILE,,75008,75108,0,BOUYGUES TELECOM | SFR,3G | 4G,LTE 1800 | LTE 2100 | LTE 2600 | LTE 800 | UMTS 2100 | UMTS 900,En service,0752701428 | 0752751988,11,mobile_radio_site,ANFR Open Data,PUBLIC_DECLARATION
anfr-2155376,2155376,48.86638888888889,2.3230555555555554,Métro CONCORDE L1 L12,Place de la concorde,STATION RATP PARIS METRO CONCORDE,,75008,75108,0,BOUYGUES TELECOM | ORANGE | SFR,3G | 4G,LTE 1800 | LTE 2100 | LTE 2600 | LTE 800 | UMTS 2100 | UMTS 900,En service,0752292260 | 0752701432 | 0752752544,16,mobile_radio_site,ANFR Open Data,PUBLIC_DECLARATION
anfr-2187075,2187075,48.87694444444445,2.326666666666666,,15 R D'AMSTERDAM,,,75008,75108,"31,3",BOUYGUES TELECOM,2G | 3G | 4G | 5G,5G NR 2100 | 5G NR 3500 | GSM 900 | LTE 1800 | LTE 2100 | LTE 2600 | LTE 700 | LTE 800 | UMTS 900,En service | Techniquement opérationnel,0752752415,9,mobile_radio_site,ANFR Open Data,PUBLIC_DECLARATION
anfr-2200809,2200809,48.876111111111115,2.3252777777777776,METRO SAINT-LAZARE - L14,R INTERIEURE,,,75008,75108,0,BOUYGUES TELECOM,3G | 4G,LTE 1800 | LTE 2100 | LTE 2600 | LTE 800 | UMTS 900,En service,0752752438,5,mobile_radio_site,ANFR Open Data,PUBLIC_DECLARATION
anfr-2200811,2200811,48.87388888888889,2.315833333333333,METRO MIROMESNIL - L9-13,29 R LA BOETIE,,,75008,75108,0,BOUYGUES TELECOM,3G | 4G,LTE 1800 | LTE 2100 | LTE 2600 | LTE 800 | UMTS 2100 | UMTS 900,En service,0752752439,6,mobile_radio_site,ANFR Open Data,PUBLIC_DECLARATION
anfr-2240587,2240587,48.874722222222225,2.296111111111111,METRO CHARLES DE GAULLE-ETOILE,2 AV DE WAGRAM,,,75008,75108,1,BOUYGUES TELECOM,3G | 4G,LTE 1800 | LTE 2100 | LTE 2600 | LTE 800 | UMTS 900,En service,0752752539,5,mobile_radio_site,ANFR Open Data,PUBLIC_DECLARATION
anfr-2264278,2264278,48.87583333333333,2.326666666666666,METRO L2 ST LAZARE,2 R D'AMSTERDAM,,,75008,75108,1,BOUYGUES TELECOM,3G | 4G,LTE 1800 | LTE 2100 | LTE 2600 | LTE 800 | UMTS 900,En service,0752752571,5,mobile_radio_site,ANFR Open Data,PUBLIC_DECLARATION
anfr-2264280,2264280,48.86972222222222,2.3069444444444445,METRO L1 FRANKLIN ROOSEVELT,35 AV DES CHAMPS-ELYSEES,,,75008,75108,1,BOUYGUES TELECOM,3G | 4G,LTE 1800 | LTE 2100 | LTE 2600 | LTE 800 | UMTS 900,En service,0752752572,5,mobile_radio_site,ANFR Open Data,PUBLIC_DECLARATION
anfr-2287737,2287737,48.87083333333334,2.312777777777778,,19 AV DE MATIGNON,,,75008,75108,26,BOUYGUES TELECOM,4G,LTE 1800,En service,0752752645,1,mobile_radio_site,ANFR Open Data,PUBLIC_DECLARATION
anfr-2360296,2360296,48.86805555555556,2.3097222222222222,,39 AV FRANKLIN ROOSEVELT,,,75008,75108,"31,6",BOUYGUES TELECOM | FREE MOBILE | ORANGE | SFR,3G | 4G | 5G,5G NR 2100 | 5G NR 3500 | 5G NR 700 | LTE 1800 | LTE 2100 | LTE 2600 | LTE 700 | LTE 800 | LTE 900 | UMTS 900,En service | Techniquement opérationnel,0750990173 | 0752293024 | 0752702964 | 0752752680,29,mobile_radio_site,ANFR Open Data,PUBLIC_DECLARATION
anfr-2410217,2410217,48.87111111111111,2.3175,,8 R DES SAUSSAIES,,,75008,75108,"26,7",BOUYGUES TELECOM,4G | 5G,5G NR 2100 | 5G NR 3500 | LTE 1800 | LTE 2100 | LTE 2600 | LTE 700 | LTE 800,En service | Techniquement opérationnel,0752752705,7,mobile_radio_site,ANFR Open Data,PUBLIC_DECLARATION
anfr-2567460,2567460,48.87555555555556,2.326944444444444,,R ST LAZARE,,,75008,75108,10,BOUYGUES TELECOM,4G,LTE 1800,En service,0752752775,1,mobile_radio_site,ANFR Open Data,PUBLIC_DECLARATION
anfr-2664076,2664076,48.8725,2.3099999999999996,Métro ST PHILIPPE DU ROULE - L,69  AV F.D. ROOSEVELT - ST PHILIPPE DU ROULE - L9,,,75008,75108,1,BOUYGUES TELECOM,3G | 4G,LTE 1800 | LTE 2100 | LTE 2600 | LTE 700 | LTE 800 | UMTS 900,En service,0752752801,6,mobile_radio_site,ANFR Open Data,PUBLIC_DECLARATION
anfr-2817561,2817561,48.87694444444445,2.3016666666666663,,16 AV HOCHE,rue du faubourg saint-honore,,75008,75108,35,BOUYGUES TELECOM | SFR,2G | 3G | 4G | 5G,5G NR 2100 | 5G NR 3500 | GSM 900 | LTE 1800 | LTE 2100 | LTE 2600 | LTE 700 | LTE 800 | UMTS 900,En service | Techniquement opérationnel,0752702895 | 0752750715,16,mobile_radio_site,ANFR Open Data,PUBLIC_DECLARATION
anfr-2823848,2823848,48.87583333333333,2.324444444444444,Métro Saint Lazare,13 R D'AMSTERDAM,ST LAZARE - L13,,75008,75108,"0,6",BOUYGUES TELECOM,3G | 4G,LTE 1800 | LTE 2100 | LTE 2600 | LTE 800 | UMTS 900,En service,0752752862,5,mobile_radio_site,ANFR Open Data,PUBLIC_DECLARATION
anfr-2901838,2901838,48.8675,2.3080555555555553,,28 Rue BAYARD,,,75008,75108,37,BOUYGUES TELECOM,2G | 3G | 4G | 5G,5G NR 2100 | 5G NR 3500 | GSM 900 | LTE 1800 | LTE 2100 | LTE 2600 | LTE 700 | LTE 800 | UMTS 900,En service | Techniquement opérationnel,0752752316,9,mobile_radio_site,ANFR Open Data,PUBLIC_DECLARATION
anfr-2909668,2909668,48.871944444444445,2.314722222222222,,112 rue du Faubourg Saint-Honoré,,,75008,75108,"36,9",BOUYGUES TELECOM | FREE MOBILE,3G | 4G | 5G,5G NR 2100 | 5G NR 3500 | 5G NR 700 | LTE 1800 | LTE 2100 | LTE 2600 | LTE 700 | LTE 800 | LTE 900 | UMTS 900,En service | Projet approuvé | Techniquement opérationnel,0750991066 | 0752752216,15,mobile_radio_site,ANFR Open Data,PUBLIC_DECLARATION
anfr-2922340,2922340,48.88166666666667,2.326944444444444,,75 RUE D AMSTERDAM,,,75008,75108,33,BOUYGUES TELECOM | SFR,3G | 4G | 5G,5G NR 2100 | 5G NR 3500 | LTE 1800 | LTE 2100 | LTE 2600 | LTE 700 | LTE 800 | UMTS 900,En service | Techniquement opérationnel,0752703010 | 0752751667,15,mobile_radio_site,ANFR Open Data,PUBLIC_DECLARATION
anfr-2980112,2980112,48.87638888888889,2.3252777777777776,,GARE SAINT LAZARE,13 R D'AMSTERDAM,,75008,75108,8,BOUYGUES TELECOM | ORANGE,3G | 4G | 5G,5G NR 3500 | LTE 1800 | LTE 2100 | LTE 2600 | UMTS 900,En service | Projet approuvé | Techniquement opérationnel,0752293035 | 0752752905,10,mobile_radio_site,ANFR Open Data,PUBLIC_DECLARATION
anfr-3006130,3006130,48.87972222222222,2.303611111111111,,5  rue de Chazelles,Rue Léon Jost,,75008,75108,34,BOUYGUES TELECOM | SFR,3G | 4G | 5G,5G NR 2100 | 5G NR 3500 | LTE 1800 | LTE 2100 | LTE 2600 | LTE 700 | LTE 800 | UMTS 900,En service | Techniquement opérationnel,0752703294 | 0752750052,14,mobile_radio_site,ANFR Open Data,PUBLIC_DECLARATION
anfr-3120369,3120369,48.87138888888889,2.302222222222222,,91 AV DES CHAMPS ELYSEES,,,75008,75108,6,BOUYGUES TELECOM,4G,LTE 1800 | LTE 2100 | LTE 2600,En service,0752752985,3,mobile_radio_site,ANFR Open Data,PUBLIC_DECLARATION
anfr-3120382,3120382,48.87111111111111,2.3041666666666667,,76 AV DES CHAMPS ELYSEES,,,75008,75108,6,BOUYGUES TELECOM,4G,LTE 1800 | LTE 2100 | LTE 2600,En service,0752752986,3,mobile_radio_site,ANFR Open Data,PUBLIC_DECLARATION
anfr-3120385,3120385,48.871944444444445,2.3002777777777776,,103 AV DES CHAMPS ELYSEES,,,75008,75108,6,BOUYGUES TELECOM,4G,LTE 1800 | LTE 2100 | LTE 2600,En service,0752752984,3,mobile_radio_site,ANFR Open Data,PUBLIC_DECLARATION
anfr-3120393,3120393,48.87277777777778,2.298888888888889,,140 AV DES CHAMPS ELYSEES,,,75008,75108,6,BOUYGUES TELECOM,4G,LTE 1800 | LTE 2100 | LTE 2600,En service,0752752983,3,mobile_radio_site,ANFR Open Data,PUBLIC_DECLARATION
anfr-3300595,3300595,48.86944444444445,2.3252777777777776,METRO L14 MADELEINE,2 BD DE LA MEDELEINE,,,75008,75108,1,BOUYGUES TELECOM,3G | 4G,LTE 1800 | LTE 2100 | LTE 2600 | LTE 800 | UMTS 900,En service,0752753043,5,mobile_radio_site,ANFR Open Data,PUBLIC_DECLARATION
anfr-458162,458162,48.87555555555556,2.301388888888889,,21-25 r de balzac,,,75008,75108,"41,1",FREE MOBILE | SFR,2G | 3G | 4G | 5G,5G NR 3500 | 5G NR 700 | GSM 900 | LTE 1800 | LTE 2100 | LTE 2600 | LTE 700 | LTE 800 | LTE 900 | UMTS 2100 | UMTS 900,En service | Techniquement opérationnel,0750990038 | 0752700182,16,mobile_radio_site,ANFR Open Data,PUBLIC_DECLARATION
anfr-814202,814202,48.8775,2.3138888888888887,,27 r de lisbonne,,,75008,75108,"33,5",FREE MOBILE | ORANGE | SFR,2G | 3G | 4G | 5G,5G NR 3500 | 5G NR 700 | GSM 900 | LTE 1800 | LTE 2100 | LTE 2600 | LTE 700 | LTE 800 | LTE 900 | UMTS 2100 | UMTS 900,En service | Techniquement opérationnel,0750990829 | 0752291048 | 0752700188,22,mobile_radio_site,ANFR Open Data,PUBLIC_DECLARATION
anfr-1049513,1049513,48.87138888888889,2.3213888888888885,,8 rue de la ville l'évêque,,,75008,75108,"33,5",FREE MOBILE,4G | 5G,5G NR 3500 | 5G NR 700 | LTE 1800 | LTE 2100 | LTE 2600 | LTE 700 | LTE 900,En service | Techniquement opérationnel,0750990049,7,mobile_radio_site,ANFR Open Data,PUBLIC_DECLARATION
anfr-1305935,1305935,48.86888888888889,2.3,,31 AVENUE GEORGE V,,,75008,75108,"31,6",FREE MOBILE,4G | 5G,5G NR 3500 | 5G NR 700 | LTE 1800 | LTE 2100 | LTE 2600 | LTE 700 | LTE 900,En service | Techniquement opérationnel,0750990112,7,mobile_radio_site,ANFR Open Data,PUBLIC_DECLARATION
anfr-1353128,1353128,48.88194444444444,2.326388888888889,,28 RUE DE SAINT PETERSBOURG,,,75008,75108,"28,7",FREE MOBILE,4G | 5G,5G NR 3500 | 5G NR 700 | LTE 1800 | LTE 2100 | LTE 2600 | LTE 700 | LTE 900,En service | Techniquement opérationnel,0750990137,7,mobile_radio_site,ANFR Open Data,PUBLIC_DECLARATION
anfr-1449829,1449829,48.87361111111111,2.3202777777777777,,41 boulevard Malesherbes,,,75008,75108,"28,5",FREE MOBILE | ORANGE | SFR,2G | 3G | 4G | 5G,5G NR 3500 | 5G NR 700 | GSM 900 | LTE 1800 | LTE 2100 | LTE 2600 | LTE 700 | LTE 800 | LTE 900 | UMTS 900,En service | Techniquement opérationnel,0750990312 | 0752291593 | 0752701377,21,mobile_radio_site,ANFR Open Data,PUBLIC_DECLARATION
anfr-1470777,1470777,48.87972222222222,2.3177777777777777,,28 Rue de Naples,,,75008,75108,34,FREE MOBILE,4G | 5G,5G NR 3500 | 5G NR 700 | LTE 1800 | LTE 2100 | LTE 2600 | LTE 700 | LTE 900,En service | Techniquement opérationnel,0750990171,7,mobile_radio_site,ANFR Open Data,PUBLIC_DECLARATION
anfr-1694338,1694338,48.87166666666667,2.3205555555555555,,16 RUE LA VILLE L'EVEQUE,,,75008,75108,39,FREE MOBILE,4G | 5G,5G NR 3500 | 5G NR 700 | LTE 1800 | LTE 2100 | LTE 2600 | LTE 700 | LTE 900,En service | Techniquement opérationnel,0750990267,7,mobile_radio_site,ANFR Open Data,PUBLIC_DECLARATION
anfr-1711150,1711150,48.87694444444445,2.322222222222222,,5 Rue de Stockholm,,,75008,75108,"28,4",FREE MOBILE | ORANGE,3G | 4G | 5G,5G NR 3500 | 5G NR 700 | LTE 1800 | LTE 2100 | LTE 2600 | LTE 700 | LTE 800 | LTE 900 | UMTS 900,En service | Techniquement opérationnel,0750990084 | 0752292006,14,mobile_radio_site,ANFR Open Data,PUBLIC_DECLARATION
anfr-1755861,1755861,48.87222222222222,2.325833333333333,,19 RUE TRONCHET,,,75008,75108,"26,4",FREE MOBILE,4G | 5G,5G NR 3500 | 5G NR 700 | LTE 1800 | LTE 2100 | LTE 2600 | LTE 700 | LTE 900,En service | Techniquement opérationnel,0750990282,7,mobile_radio_site,ANFR Open Data,PUBLIC_DECLARATION
anfr-1843375,1843375,48.876111111111115,2.3125,,"9, rue de Téhéran",,,75008,75108,"35,6",FREE MOBILE,4G | 5G,5G NR 3500 | 5G NR 700 | LTE 1800 | LTE 2100 | LTE 2600 | LTE 700 | LTE 900,En service | Techniquement opérationnel,0750990398,7,mobile_radio_site,ANFR Open Data,PUBLIC_DECLARATION
anfr-1848341,1848341,48.8725,2.2969444444444442,,133 avenue des Champs Elysees,Publicis,,75008,75108,"36,3",FREE MOBILE | SFR,2G | 3G | 4G | 5G,5G NR 3500 | 5G NR 700 | GSM 900 | LTE 1800 | LTE 2100 | LTE 2600 | LTE 700 | LTE 800 | LTE 900 | UMTS 2100 | UMTS 900,En service | Techniquement opérationnel,0750990455 | 0752700383,16,mobile_radio_site,ANFR Open Data,PUBLIC_DECLARATION
anfr-1901095,1901095,48.86611111111111,2.3,,12 av marceau,,,75008,75108,"30,6",FREE MOBILE | ORANGE | SFR,2G | 3G | 4G | 5G,5G NR 3500 | 5G NR 700 | GSM 900 | LTE 1800 | LTE 2100 | LTE 2600 | LTE 700 | LTE 800 | LTE 900 | UMTS 2100 | UMTS 900,En service | Techniquement opérationnel,0750990566 | 0752291296 | 0752702370,23,mobile_radio_site,ANFR Open Data,PUBLIC_DECLARATION
anfr-1916157,1916157,48.865833333333335,2.3088888888888888,,8 RUE FRANCOIS PREMIER,,,75008,75108,"28,2",FREE MOBILE,4G | 5G,5G NR 3500 | 5G NR 700 | LTE 1800 | LTE 2100 | LTE 2600 | LTE 700 | LTE 900,En service | Techniquement opérationnel,0750990578,7,mobile_radio_site,ANFR Open Data,PUBLIC_DECLARATION
anfr-1935731,1935731,48.87583333333333,2.324444444444444,METRO ST-LAZARE L12,13 RUE AMSTERDAM,Niveau Ligne 12,,75008,75108,1,FREE MOBILE | ORANGE | SFR,3G | 4G,LTE 1800 | LTE 2100 | LTE 2600 | LTE 800 | LTE 900 | UMTS 2100 | UMTS 900,En service,0750990597 | 0752292732 | 0752702135,14,mobile_radio_site,ANFR Open Data,PUBLIC_DECLARATION
anfr-1942322,1942322,48.87166666666667,2.306111111111111,,49 RUE DE PONTHIEU,,,75008,75108,"33,3",FREE MOBILE,4G | 5G,5G NR 3500 | 5G NR 700 | LTE 1800 | LTE 2100 | LTE 2600 | LTE 700 | LTE 900,En service | Techniquement opérationnel,0750990599,7,mobile_radio_site,ANFR Open Data,PUBLIC_DECLARATION
anfr-1975895,1975895,48.87138888888889,2.3052777777777775,,55 RUE DE PONTHIEU,,,75008,75108,"37,3",FREE MOBILE,4G | 5G,5G NR 3500 | 5G NR 700 | LTE 1800 | LTE 2100 | LTE 2600 | LTE 700 | LTE 900,En service | Techniquement opérationnel,0750990615,7,mobile_radio_site,ANFR Open Data,PUBLIC_DECLARATION
anfr-1985092,1985092,48.87166666666667,2.3177777777777777,,11 RUE DES SAUSSAIES,,,75008,75108,"63,6",FREE MOBILE,4G | 5G,5G NR 3500 | 5G NR 700 | LTE 1800 | LTE 2100 | LTE 2600 | LTE 700 | LTE 900,En service | Techniquement opérationnel,0750990621,7,mobile_radio_site,ANFR Open Data,PUBLIC_DECLARATION
anfr-2043692,2043692,48.87972222222222,2.3213888888888885,,61 RUE DE ROME,,,75008,75108,"27,8",FREE MOBILE,4G | 5G,5G NR 3500 | 5G NR 700 | LTE 1800 | LTE 2100 | LTE 2600 | LTE 700 | LTE 900,En service | Techniquement opérationnel,0750990657,7,mobile_radio_site,ANFR Open Data,PUBLIC_DECLARATION
anfr-2055621,2055621,48.88027777777778,2.3094444444444444,METRO MONCEAU,PLACE DE LA REPUBLIQUE DOMINIQUAINE,,,75008,75108,0,FREE MOBILE | ORANGE | SFR,2G | 3G | 4G,GSM 1800 | GSM 900 | LTE 1800 | LTE 900 | UMTS 900,En service | Projet approuvé,0750990741 | 0752292134 | 0752702014,8,mobile_radio_site,ANFR Open Data,PUBLIC_DECLARATION
anfr-2061726,2061726,48.87166666666667,2.3005555555555555,Métro GEORGES V L1,101 avenue des Champs Elysées,,,75008,75108,0,FREE MOBILE | SFR,3G | 4G,LTE 1800 | LTE 2100 | LTE 2600 | LTE 800 | UMTS 2100 | UMTS 900,En service | Projet approuvé,0750990882 | 0752702235,7,mobile_radio_site,ANFR Open Data,PUBLIC_DECLARATION
anfr-2089207,2089207,48.87916666666667,2.303611111111111,Métro COURCELLES L2,Rue de Courcelles,,,75008,75108,0,FREE MOBILE,4G,LTE 1800,En service,0750990684,1,mobile_radio_site,ANFR Open Data,PUBLIC_DECLARATION
anfr-2091356,2091356,48.880833333333335,2.323611111111111,,23 RUE DE MOSCOU,,,75008,75108,"26,5",FREE MOBILE,4G | 5G,5G NR 3500 | 5G NR 700 | LTE 1800 | LTE 2100 | LTE 2600 | LTE 700 | LTE 900,En service | Techniquement opérationnel,0750990732,7,mobile_radio_site,ANFR Open Data,PUBLIC_DECLARATION
anfr-2190716,2190716,48.87444444444444,2.3052777777777775,,46 rue d Artois,,,75008,75108,"30,7",FREE MOBILE,4G | 5G,5G NR 3500 | 5G NR 700 | LTE 1800 | LTE 2100 | LTE 2600 | LTE 700 | LTE 900,En service | Techniquement opérationnel,0750990789,7,mobile_radio_site,ANFR Open Data,PUBLIC_DECLARATION
anfr-2208452,2208452,48.87833333333333,2.326111111111111,,"46, rue de Londres",,,75008,75108,26,FREE MOBILE,4G | 5G,5G NR 3500 | 5G NR 700 | LTE 1800 | LTE 2100 | LTE 2600 | LTE 700 | LTE 900,En service | Techniquement opérationnel,0750990796,7,mobile_radio_site,ANFR Open Data,PUBLIC_DECLARATION
anfr-2225608,2225608,48.86972222222222,2.310833333333333,,2 rue Jean Mermoz,,,75008,75108,"34,5",FREE MOBILE,4G | 5G,5G NR 3500 | 5G NR 700 | LTE 1800 | LTE 2100 | LTE 2600 | LTE 700 | LTE 900,En service | Projet approuvé | Techniquement opérationnel,0750990674,7,mobile_radio_site,ANFR Open Data,PUBLIC_DECLARATION
anfr-2241948,2241948,48.87916666666667,2.325833333333333,,33 rue de Liège,,,75008,75108,"26,3",FREE MOBILE,4G | 5G,5G NR 3500 | 5G NR 700 | LTE 1800 | LTE 2100 | LTE 2600 | LTE 700 | LTE 900,En service | Techniquement opérationnel,0750990828,7,mobile_radio_site,ANFR Open Data,PUBLIC_DECLARATION
anfr-2262975,2262975,48.87722222222222,2.308333333333333,,49 rue de Lisbonne,,,75008,75108,"28,6",FREE MOBILE,4G | 5G,5G NR 3500 | 5G NR 700 | LTE 1800 | LTE 2100 | LTE 2600 | LTE 700 | LTE 900,En service | Techniquement opérationnel,0750990836,7,mobile_radio_site,ANFR Open Data,PUBLIC_DECLARATION
anfr-2484379,2484379,48.8725,2.3099999999999996,METRO SAINT PHILIPPE DU R L9,face au 30 Av Franklin Roosevelt,,,75008,75108,0,FREE MOBILE | ORANGE | SFR,3G | 4G,LTE 1800 | LTE 2100 | LTE 2600 | LTE 700 | LTE 800 | UMTS 900,En service,0750990736 | 0752292139 | 0752701961,13,mobile_radio_site,ANFR Open Data,PUBLIC_DECLARATION
anfr-2526060,2526060,48.87111111111111,2.3,ARC DE TRIOMPHE,54 RUE DE BASSANO,,,75008,75108,31,FREE MOBILE,4G | 5G,5G NR 3500 | 5G NR 700 | LTE 1800 | LTE 2100 | LTE 2600 | LTE 700 | LTE 900,En service | Techniquement opérationnel,0750990957,7,mobile_radio_site,ANFR Open Data,PUBLIC_DECLARATION
anfr-2835287,2835287,48.873333333333335,2.3186111111111107,,11 B rue roquépine,,,75008,75108,16,FREE MOBILE,4G | 5G,5G NR 700 | LTE 1800 | LTE 2100 | LTE 2600 | LTE 700 | LTE 900,Projet approuvé,0750991030,6,mobile_radio_site,ANFR Open Data,PUBLIC_DECLARATION
anfr-2916724,2916724,48.87,2.3249999999999997,METRO_MADELEINE_L14,Place de la Madeleine,,,75008,75108,0,FREE MOBILE,4G,LTE 1800 | LTE 2600 | LTE 900,En service,0750991074,3,mobile_radio_site,ANFR Open Data,PUBLIC_DECLARATION
anfr-2973682,2973682,48.86611111111111,2.3163888888888886,,8 AVENUE DUTUIT,,,75008,75108,"15,7",FREE MOBILE,4G | 5G,5G NR 700 | LTE 1800 | LTE 2100 | LTE 2600 | LTE 700 | LTE 900,En service | Techniquement opérationnel,0750991112,6,mobile_radio_site,ANFR Open Data,PUBLIC_DECLARATION
anfr-2987595,2987595,48.867222222222225,2.3213888888888885,CONCORDE,8 place de la Concorde,,,75008,75108,"32,4",FREE MOBILE,4G | 5G,5G NR 3500 | 5G NR 700 | LTE 1800 | LTE 2100 | LTE 2600 | LTE 700 | LTE 900,Projet approuvé,0750991129,7,mobile_radio_site,ANFR Open Data,PUBLIC_DECLARATION
anfr-3023190,3023190,48.87083333333334,2.3080555555555553,,17 Rue du Colisée,,,75008,75108,30,FREE MOBILE | ORANGE,4G | 5G,5G NR 3500 | 5G NR 700 | LTE 1800 | LTE 2100 | LTE 2600 | LTE 700 | LTE 800 | LTE 900,En service | Techniquement opérationnel,0750991143 | 0752291992,13,mobile_radio_site,ANFR Open Data,PUBLIC_DECLARATION
anfr-3030289,3030289,48.875,2.3169444444444443,,"107, Bd Haussmann",,,75008,75108,"28,6",FREE MOBILE,4G | 5G,5G NR 3500 | 5G NR 700 | LTE 1800 | LTE 2100 | LTE 2600 | LTE 700 | LTE 900,Projet approuvé,0750991145,7,mobile_radio_site,ANFR Open Data,PUBLIC_DECLARATION
anfr-3266046,3266046,48.868611111111115,2.3241666666666663,,20 rue Royale,,,75008,75108,"36,4",FREE MOBILE,4G | 5G,5G NR 3500 | 5G NR 700 | LTE 1800 | LTE 2100 | LTE 2600 | LTE 700 | LTE 900,Projet approuvé,0750991185,7,mobile_radio_site,ANFR Open Data,PUBLIC_DECLARATION
anfr-3353074,3353074,48.87388888888889,2.3005555555555555,,11 bis rue Balzac,,,75008,75108,"28,4",FREE MOBILE,4G | 5G,5G NR 3500 | 5G NR 700 | LTE 1800 | LTE 2100 | LTE 2600 | LTE 700 | LTE 900,Projet approuvé,0750991199,7,mobile_radio_site,ANFR Open Data,PUBLIC_DECLARATION
anfr-443286,443286,48.87277777777778,2.3024999999999998,,12/14/16 r washington,,,75008,75108,30,ORANGE | SFR,2G | 3G | 4G | 5G,5G NR 3500 | 5G NR 700 | GSM 900 | LTE 1800 | LTE 2100 | LTE 2600 | LTE 800 | UMTS 2100 | UMTS 900,En service | Techniquement opérationnel,0752291429 | 0752700142,15,mobile_radio_site,ANFR Open Data,PUBLIC_DECLARATION
anfr-814156,814156,48.87222222222222,2.3175,,11 r des saussaies,,,75008,75108,45,ORANGE | SFR,2G | 3G | 4G | 5G,5G NR 3500 | 5G NR 700 | GSM 900 | LTE 1800 | LTE 2100 | LTE 2600 | LTE 700 | LTE 800 | UMTS 2100 | UMTS 900,En service | Projet approuvé,0752290382 | 0752700337,12,mobile_radio_site,ANFR Open Data,PUBLIC_DECLARATION
anfr-814235,814235,48.87361111111111,2.2975,,47 AV DE FRIEDLAND,,,75008,75108,21,ORANGE,4G | 5G,5G NR 3500 | 5G NR 700 | LTE 1800 | LTE 2100 | LTE 2600 | LTE 800,En service | Techniquement opérationnel,0752291058,6,mobile_radio_site,ANFR Open Data,PUBLIC_DECLARATION
anfr-814348,814348,48.87916666666667,2.3166666666666664,,43/45 r de Naples,,,75008,75108,41,ORANGE,2G | 3G | 4G | 5G,5G NR 3500 | 5G NR 700 | GSM 900 | LTE 1800 | LTE 2100 | LTE 2600 | LTE 700 | LTE 800 | UMTS 2100 | UMTS 900,En service | Techniquement opérationnel,0752290254,10,mobile_radio_site,ANFR Open Data,PUBLIC_DECLARATION
anfr-814358,814358,48.86805555555556,2.321944444444444,,8 r boissy d'anglas,,,75008,75108,35,ORANGE,2G | 3G | 4G | 5G,5G NR 3500 | 5G NR 700 | GSM 900 | LTE 1800 | LTE 2100 | LTE 2600 | LTE 800 | UMTS 900,En service | Techniquement opérationnel,0752290452,8,mobile_radio_site,ANFR Open Data,PUBLIC_DECLARATION
anfr-814981,814981,48.873333333333335,2.297222222222222,,bd  des champs elisées au niveau du n° 152,au rond point de la pl de gaulle,tunnel,75008,75108,4,ORANGE,3G | 4G,LTE 1800 | LTE 2100 | LTE 800 | UMTS 900,En service,0752291293,4,mobile_radio_site,ANFR Open Data,PUBLIC_DECLARATION
anfr-1043679,1043679,48.87888888888889,2.3211111111111107,,10 rue de Madrid,11 rue d'Edimbourg,Central téléphonique,75008,75108,35,ORANGE,2G | 3G | 4G | 5G,5G NR 3500 | 5G NR 700 | GSM 900 | LTE 1800 | LTE 2100 | LTE 2600 | LTE 700 | LTE 800 | UMTS 900,En service | Techniquement opérationnel,0752291575,9,mobile_radio_site,ANFR Open Data,PUBLIC_DECLARATION
anfr-1619239,1619239,48.86888888888889,2.3005555555555555,,33 AVENUE GEORGES V,,,75008,75108,"49,6",ORANGE,3G | 4G | 5G,5G NR 3500 | 5G NR 700 | LTE 1800 | LTE 2100 | LTE 2600 | LTE 800 | UMTS 900,En service | Techniquement opérationnel,0752291960,7,mobile_radio_site,ANFR Open Data,PUBLIC_DECLARATION
anfr-1619736,1619736,48.86611111111111,2.3125,,AVENUE WINSTON CHURCHILL,LE GRAND PALAIS,,75008,75108,"41,8",ORANGE,4G | 5G,5G NR 3500 | 5G NR 700 | LTE 1800 | LTE 2100 | LTE 2600,En service | Projet approuvé,0752291962,5,mobile_radio_site,ANFR Open Data,PUBLIC_DECLARATION
anfr-1664286,1664286,48.88138888888889,2.3230555555555554,,"33 Bis, Rue De Moscou",,,75008,75108,"24,1",ORANGE,4G,LTE 1800 | LTE 2100 | LTE 2600 | LTE 800,En service,0752291976,4,mobile_radio_site,ANFR Open Data,PUBLIC_DECLARATION
anfr-1664415,1664415,48.87694444444445,2.3102777777777774,,3 rue de Messine,,,75008,75108,"33,9",ORANGE,2G | 3G | 4G | 5G,5G NR 3500 | 5G NR 700 | GSM 900 | LTE 1800 | LTE 2100 | LTE 2600 | LTE 700 | LTE 800 | UMTS 2100 | UMTS 900,En service | Techniquement opérationnel,0752291975,10,mobile_radio_site,ANFR Open Data,PUBLIC_DECLARATION
anfr-1719071,1719071,48.870555555555555,2.3125,,"15, Avenue Matignon",,,75008,75108,21,ORANGE,3G | 4G,LTE 1800 | LTE 2100 | LTE 2600 | LTE 800 | UMTS 900,En service | Projet approuvé,0752292009,5,mobile_radio_site,ANFR Open Data,PUBLIC_DECLARATION
anfr-1739659,1739659,48.86888888888889,2.3088888888888888,METRO Franklin Roosevelt L1,Rond Point des Champs Elysées,,,75008,75108,0,ORANGE | SFR,3G | 4G,LTE 1800 | LTE 2100 | LTE 2600 | LTE 800 | UMTS 2100 | UMTS 900,En service,0752292019 | 0752701412,10,mobile_radio_site,ANFR Open Data,PUBLIC_DECLARATION
anfr-1791479,1791479,48.86888888888889,2.301111111111111,,32 AVENUE GEORGES V,,,75008,75108,"38,6",ORANGE | SFR,2G | 3G | 4G | 5G,5G NR 2100 | 5G NR 3500 | 5G NR 700 | GSM 900 | LTE 1800 | LTE 2100 | LTE 2600 | LTE 700 | LTE 800 | UMTS 2100 | UMTS 900,En service | Techniquement opérationnel,0752291060 | 0752702125,17,mobile_radio_site,ANFR Open Data,PUBLIC_DECLARATION
anfr-2054469,2054469,48.87388888888889,2.3141666666666665,Métro MIROMESNIL L9 L13,Rue de la Boetie angle Av Percier,,,75008,75108,0,ORANGE,3G | 4G,LTE 1800 | LTE 2100 | LTE 2600 | LTE 800 | UMTS 900,En service,0752292133,5,mobile_radio_site,ANFR Open Data,PUBLIC_DECLARATION
anfr-2058041,2058041,48.87583333333333,2.3241666666666663,Métro SAINT LAZARE L14,Gare st lazare - Cours de rome,,,75008,75108,0,ORANGE,3G | 4G,LTE 1800 | LTE 2100 | LTE 2600 | LTE 800 | UMTS 900,En service,0752292144,5,mobile_radio_site,ANFR Open Data,PUBLIC_DECLARATION
anfr-2092569,2092569,48.87111111111111,2.3249999999999997,Métro MADELEINE L8/L12,3 RUE TRONCHET,,,75008,75108,0,ORANGE,3G | 4G,LTE 1800 | LTE 2100 | LTE 2600 | LTE 800 | UMTS 900,En service,0752292204,5,mobile_radio_site,ANFR Open Data,PUBLIC_DECLARATION
anfr-2129286,2129286,48.86638888888889,2.303888888888889,,25 avenue Montaigne,HOTEL LE PLAZA,,75008,75108,37,ORANGE | SFR,2G | 3G | 4G | 5G,5G NR 3500 | 5G NR 700 | GSM 900 | LTE 1800 | LTE 2100 | LTE 2600 | LTE 800 | UMTS 2100 | UMTS 900,En service | Techniquement opérationnel,0752292222 | 0752702705,14,mobile_radio_site,ANFR Open Data,PUBLIC_DECLARATION
anfr-2138849,2138849,48.864444444444445,2.319722222222222,,Tunnel de la concorde Voie sur Berge,,,75008,75108,4,ORANGE,3G | 4G,LTE 1800 | LTE 2100 | LTE 800 | UMTS 900,En service,0752292226,4,mobile_radio_site,ANFR Open Data,PUBLIC_DECLARATION
anfr-2193270,2193270,48.86666666666667,2.3088888888888888,,8 rue Jean Goujon,,,75008,75108,"32,9",ORANGE,3G | 4G,LTE 1800 | LTE 2100 | LTE 2600 | LTE 700 | LTE 800 | UMTS 900,En service | Projet approuvé,0752292280,6,mobile_radio_site,ANFR Open Data,PUBLIC_DECLARATION
anfr-2274094,2274094,48.87583333333333,2.3230555555555554,,"10, rue du rocher",,,75008,75108,"25,2",ORANGE,4G,LTE 1800 | LTE 2100,En service,0752292368,2,mobile_radio_site,ANFR Open Data,PUBLIC_DECLARATION
anfr-2274116,2274116,48.87277777777778,2.315833333333333,,21/25 rue de penthièvre,,,75008,75108,"15,4",ORANGE,4G,LTE 1800 | LTE 2100,En service,0752292370,2,mobile_radio_site,ANFR Open Data,PUBLIC_DECLARATION
anfr-2277619,2277619,48.87416666666667,2.326666666666666,,72 BOULEVARD HAUSSMANN,,,75008,75108,"25,2",ORANGE,4G | 5G,5G NR 3500 | LTE 1800 | LTE 2100 | LTE 2600,En service | Techniquement opérationnel,0752292378,4,mobile_radio_site,ANFR Open Data,PUBLIC_DECLARATION
anfr-2284926,2284926,48.873333333333335,2.2991666666666664,,17 RUE LORD BYRON,142 AVENUE DES CHAMPS ELYSEES,,75008,75108,"19,1",ORANGE,4G,LTE 2100,En service,0752292382,1,mobile_radio_site,ANFR Open Data,PUBLIC_DECLARATION
anfr-2300474,2300474,48.8725,2.3233333333333333,,"19/21, rue pasquier",,,75008,75108,"15,8",ORANGE,4G,LTE 1800 | LTE 2100,En service,0752292379,2,mobile_radio_site,ANFR Open Data,PUBLIC_DECLARATION
anfr-2437674,2437674,48.87555555555556,2.301388888888889,,6 av bertie albrecht,,,75008,75108,41,ORANGE,3G | 4G | 5G,5G NR 3500 | 5G NR 700 | LTE 1800 | LTE 2100 | LTE 2600 | LTE 700 | LTE 800 | UMTS 900,En service | Techniquement opérationnel,0752292446,8,mobile_radio_site,ANFR Open Data,PUBLIC_DECLARATION
anfr-2447196,2447196,48.87305555555555,2.3180555555555555,,"16, rue cambacérès",,,75008,75108,"17,8",ORANGE,4G,LTE 1800 | LTE 2100,En service,0752292507,2,mobile_radio_site,ANFR Open Data,PUBLIC_DECLARATION
anfr-2453386,2453386,48.87444444444444,2.310833333333333,,5 rue de la baume,,,75008,75108,20,ORANGE,4G,LTE 1800 | LTE 2100,En service,0752292543,2,mobile_radio_site,ANFR Open Data,PUBLIC_DECLARATION
anfr-2460927,2460927,48.873333333333335,2.3241666666666663,,39 rue de l'arcade,,,75008,75108,22,ORANGE,4G,LTE 1800 | LTE 2100,En service,0752292561,2,mobile_radio_site,ANFR Open Data,PUBLIC_DECLARATION
anfr-2703460,2703460,48.87916666666667,2.303611111111111,Métro_COURCELLES_L2,53 Boulevard de Courcelles angle rue de Courcelles,,,75008,75108,0,ORANGE,3G | 4G,LTE 1800 | LTE 2100 | LTE 2600 | LTE 700 | LTE 800 | UMTS 900,En service,0752292739,6,mobile_radio_site,ANFR Open Data,PUBLIC_DECLARATION
anfr-2777967,2777967,48.8725,2.3105555555555553,,69 Rue de la Boétie,,,75008,75108,"32,3",ORANGE,3G | 4G | 5G,5G NR 3500 | LTE 1800 | LTE 2100 | LTE 2600 | LTE 700 | LTE 800 | UMTS 900,Projet approuvé,0752292749,7,mobile_radio_site,ANFR Open Data,PUBLIC_DECLARATION
anfr-2856767,2856767,48.87833333333333,2.3002777777777776,,79 boulevard de Courcelles,,,75008,75108,"22,8",ORANGE | SFR,3G | 4G | 5G,5G NR 3500 | LTE 1800 | LTE 2100 | LTE 2600 | LTE 700 | LTE 800 | UMTS 900,En service | Techniquement opérationnel,0752292511 | 0752702962,9,mobile_radio_site,ANFR Open Data,PUBLIC_DECLARATION
anfr-2870795,2870795,48.871944444444445,2.2980555555555555,,25 Rue Vernet,,,75008,75108,29,ORANGE | SFR,3G | 4G | 5G,5G NR 3500 | 5G NR 700 | LTE 1800 | LTE 2100 | LTE 2600 | LTE 700 | LTE 800 | UMTS 900,En service | Techniquement opérationnel,0752291995 | 0752702973,14,mobile_radio_site,ANFR Open Data,PUBLIC_DECLARATION
anfr-2948102,2948102,48.87361111111111,2.313055555555555,,50 rue La Boétie,,,75008,75108,32,ORANGE,3G | 4G | 5G,5G NR 3500 | 5G NR 700 | LTE 1800 | LTE 2100 | LTE 2600 | LTE 700 | LTE 800 | UMTS 900,En service | Techniquement opérationnel,0752292793,8,mobile_radio_site,ANFR Open Data,PUBLIC_DECLARATION
anfr-3248232,3248232,48.86833333333333,2.3163888888888886,,Avenue Gabriel,Intersection avec rue de l'Elysée,,75008,75108,18,ORANGE,4G | 5G,5G NR 3500 | LTE 1800 | LTE 2100 | LTE 2600,En service | Projet approuvé,0752293038,4,mobile_radio_site,ANFR Open Data,PUBLIC_DECLARATION
anfr-3320952,3320952,48.87027777777778,2.3211111111111107,,11-15 Rue d Anjou,,,75008,75108,40,ORANGE,2G | 3G | 4G | 5G,5G NR 3500 | GSM 900 | LTE 1800 | LTE 2100 | LTE 2600 | LTE 700 | LTE 800 | UMTS 900,En service | Techniquement opérationnel,0752290031,8,mobile_radio_site,ANFR Open Data,PUBLIC_DECLARATION
anfr-3331128,3331128,48.86888888888889,2.3166666666666664,Hôtel de Hirsch,"2, rue de l'Elysée",,,75008,75108,"21,6",ORANGE,4G | 5G,5G NR 3500 | 5G NR 700 | LTE 1800 | LTE 2100 | LTE 2600 | LTE 800,En service | Techniquement opérationnel,0752293053,6,mobile_radio_site,ANFR Open Data,PUBLIC_DECLARATION
anfr-424443,424443,48.87888888888889,2.317222222222222,,25 r du gl foy,,,75008,75108,"31,7",SFR,3G | 4G | 5G,5G NR 3500 | LTE 1800 | LTE 2600 | UMTS 2100,En service | Techniquement opérationnel,0752700307,4,mobile_radio_site,ANFR Open Data,PUBLIC_DECLARATION
anfr-799681,799681,48.87861111111111,2.3208333333333333,,12 r de madrid,,,75008,75108,"30,8",SFR,4G,LTE 1800 | LTE 2100 | LTE 2600,En service,0752700360,3,mobile_radio_site,ANFR Open Data,PUBLIC_DECLARATION
anfr-814352,814352,48.87,2.3055555555555554,,41 r marbeuf,,,75008,75108,"36,2",SFR,2G | 3G | 4G | 5G,5G NR 3500 | GSM 900 | LTE 1800 | LTE 2100 | LTE 2600 | LTE 700 | LTE 800 | UMTS 2100 | UMTS 900,En service | Techniquement opérationnel,0752700021,9,mobile_radio_site,ANFR Open Data,PUBLIC_DECLARATION
anfr-867111,867111,48.87833333333333,2.3041666666666667,,73 r courcelles,,,75008,75108,28,SFR,4G,LTE 1800 | LTE 2100 | LTE 2600,En service,0752700367,3,mobile_radio_site,ANFR Open Data,PUBLIC_DECLARATION
anfr-1051670,1051670,48.86666666666667,2.3125,,"3, avenue du Général Eisenhower",Grand palais,,75008,75108,60,SFR,3G | 4G,LTE 1800 | LTE 2100 | LTE 2600 | UMTS 2100,En service,0752702012,4,mobile_radio_site,ANFR Open Data,PUBLIC_DECLARATION
anfr-1405272,1405272,48.87166666666667,2.3066666666666666,,52 R DE PONTHIEU,,,75008,75108,31,SFR,2G | 3G | 4G,GSM 900 | LTE 1800 | LTE 2100 | LTE 2600 | LTE 800 | UMTS 900,En service,0752700387,6,mobile_radio_site,ANFR Open Data,PUBLIC_DECLARATION
anfr-1567960,1567960,48.87416666666667,2.2955555555555556,METRO L1.2.6 ETOILE,PLACE DE L'ETOILE,,,75008,75108,0,SFR,3G | 4G,LTE 1800 | LTE 2100 | LTE 2600 | LTE 800 | UMTS 2100 | UMTS 900,En service,0752701410,6,mobile_radio_site,ANFR Open Data,PUBLIC_DECLARATION
anfr-1659053,1659053,48.87277777777778,2.3152777777777778,METRO MIROMESNIL,Angle Av Delcasse et Av de la Boetie,,,75008,75108,0,SFR,3G | 4G,LTE 1800 | LTE 2100 | LTE 2600 | LTE 800 | UMTS 2100 | UMTS 900,En service,0752701989,6,mobile_radio_site,ANFR Open Data,PUBLIC_DECLARATION
anfr-1669174,1669174,48.87555555555556,2.324444444444444,METRO ST-LAZARE L13,COURS DE ROME - GARE SAINT-LAZARE,niveau ligne 13,,75008,75108,0,SFR,2G | 3G | 4G,GSM 900 | LTE 1800 | UMTS 900,En service,0752702019,3,mobile_radio_site,ANFR Open Data,PUBLIC_DECLARATION
anfr-1843629,1843629,48.87555555555556,2.3249999999999997,METRO L14/ST LAZARE,Cour de Rome,,,75008,75108,0,SFR,3G | 4G,LTE 1800 | LTE 2100 | LTE 2600 | LTE 800 | UMTS 2100 | UMTS 900,En service,0752702140,6,mobile_radio_site,ANFR Open Data,PUBLIC_DECLARATION
anfr-1861676,1861676,48.87361111111111,2.313333333333333,,50 RUE DE LA BOETIE,,,75008,75108,"32,1",SFR,2G | 3G | 4G | 5G,5G NR 3500 | GSM 900 | LTE 1800 | LTE 2100 | LTE 2600 | LTE 800 | UMTS 2100 | UMTS 900,En service | Projet approuvé,0752702132,8,mobile_radio_site,ANFR Open Data,PUBLIC_DECLARATION
anfr-1944757,1944757,48.87638888888889,2.326666666666666,GARE ST-LAZARE,13-15 R D'AMSTERDAM,,,75008,75108,"31,8",SFR,2G | 3G | 4G | 5G,5G NR 3500 | GSM 900 | LTE 1800 | LTE 2100 | LTE 2600 | LTE 700 | LTE 800 | UMTS 2100 | UMTS 900,En service | Techniquement opérationnel,0752701400,9,mobile_radio_site,ANFR Open Data,PUBLIC_DECLARATION
anfr-2183103,2183103,48.867222222222225,2.3213888888888885,,6 place  de la Concorde,,,75008,75108,30,SFR,2G | 3G | 4G | 5G,5G NR 3500 | GSM 900 | LTE 1800 | LTE 2100 | LTE 2600 | LTE 700 | LTE 800 | UMTS 900,En service | Techniquement opérationnel,0752702668,8,mobile_radio_site,ANFR Open Data,PUBLIC_DECLARATION
anfr-2499738,2499738,48.874722222222225,2.318333333333333,,97 BOULEVARD HAUSSMANN,,,75008,75108,29,SFR,3G | 4G,LTE 1800 | LTE 2100 | LTE 2600 | LTE 800 | UMTS 900,En service,0752702789,5,mobile_radio_site,ANFR Open Data,PUBLIC_DECLARATION
anfr-2748272,2748272,48.86972222222222,2.3102777777777774,,6 ROND-POINT DES CHAMPS ELYSEES-MARCEL DASSAULT,,,75008,75108,"28,3",SFR,3G | 4G | 5G,5G NR 2100 | 5G NR 3500 | LTE 1800 | LTE 2100 | LTE 2600 | LTE 700 | LTE 800 | UMTS 900,En service | Projet approuvé | Techniquement opérationnel,0752702862,8,mobile_radio_site,ANFR Open Data,PUBLIC_DECLARATION
anfr-2873465,2873465,48.87305555555555,2.3169444444444443,,9 Rue de Penthièvre,,,75008,75108,"27,2",SFR,4G | 5G,5G NR 3500 | LTE 1800 | LTE 2100 | LTE 2600 | LTE 700 | LTE 800,Projet approuvé,0752702931,6,mobile_radio_site,ANFR Open Data,PUBLIC_DECLARATION
anfr-2886564,2886564,48.87083333333334,2.3238888888888884,,19  place de la Madeleine,Boulevard MALESHERBES,,75008,75108,26,SFR,4G | 5G,5G NR 3500 | LTE 1800 | LTE 2100 | LTE 2600 | LTE 700 | LTE 800,Projet approuvé,0752703006,6,mobile_radio_site,ANFR Open Data,PUBLIC_DECLARATION
anfr-2901508,2901508,48.87916666666667,2.3213888888888885,,3 RUE D'EDIMBOURG,,,75008,75108,28,SFR,3G | 4G | 5G,5G NR 3500 | LTE 1800 | LTE 2100 | LTE 2600 | LTE 700 | LTE 800 | UMTS 900,En service | Techniquement opérationnel,0752703072,7,mobile_radio_site,ANFR Open Data,PUBLIC_DECLARATION
anfr-2905052,2905052,48.87861111111111,2.326944444444444,,31 RUE D'AMSTERDAM,,,75008,75108,"24,8",SFR,3G | 4G | 5G,5G NR 3500 | LTE 1800 | LTE 2100 | LTE 2600 | LTE 700 | LTE 800 | UMTS 900,En service | Techniquement opérationnel,0752703061,7,mobile_radio_site,ANFR Open Data,PUBLIC_DECLARATION
anfr-2940436,2940436,48.87916666666667,2.3163888888888886,,47/43 Rue de Naples,,,75008,75108,35,SFR,3G | 4G | 5G,5G NR 3500 | LTE 1800 | LTE 2100 | LTE 2600 | LTE 700 | LTE 800 | UMTS 900,En service | Techniquement opérationnel,0752703132,7,mobile_radio_site,ANFR Open Data,PUBLIC_DECLARATION
anfr-2943687,2943687,48.880833333333335,2.3238888888888884,,21 Rue de Moscou,,,75008,75108,"26,3",SFR,4G | 5G,5G NR 3500 | LTE 1800 | LTE 2100 | LTE 2600 | LTE 700 | LTE 800,Projet approuvé,0752703202,6,mobile_radio_site,ANFR Open Data,PUBLIC_DECLARATION
anfr-2973411,2973411,48.873333333333335,2.305833333333333,,26  RUE DE BERRI,,,75008,75108,21,SFR,3G | 4G,LTE 1800 | LTE 2600 | UMTS 2100,En service | Projet approuvé,0752703239,3,mobile_radio_site,ANFR Open Data,PUBLIC_DECLARATION
anfr-2975221,2975221,48.879444444444445,2.326944444444444,,43  RUE D AMSTERDAM,,,75008,75108,18,SFR,4G,LTE 1800,En service,0752703244,1,mobile_radio_site,ANFR Open Data,PUBLIC_DECLARATION
anfr-2976120,2976120,48.867222222222225,2.3216666666666663,,6  PLACE DE LA CONCORDE,Automobile Club de France,,75008,75108,20,SFR,3G | 4G,LTE 1800 | LTE 2600 | UMTS 2100,En service | Projet approuvé,0752703261,3,mobile_radio_site,ANFR Open Data,PUBLIC_DECLARATION
anfr-2984269,2984269,48.87583333333333,2.3138888888888887,,3 AVENUE DE MESSINE,,,75008,75108,23,SFR,3G | 4G,LTE 1800 | LTE 2600 | UMTS 2100,En service | Projet approuvé,0752703276,3,mobile_radio_site,ANFR Open Data,PUBLIC_DECLARATION
anfr-2987652,2987652,48.87416666666667,2.308333333333333,,174  RUE DU FAUBOURG SAINT HONORE,,,75008,75108,23,SFR,4G,LTE 1800 | LTE 2100,En service,0752703237,2,mobile_radio_site,ANFR Open Data,PUBLIC_DECLARATION
anfr-2987656,2987656,48.871944444444445,2.308611111111111,,102  RUE LA BOETIE,,,75008,75108,"19,2",SFR,4G,LTE 1800 | LTE 2100,En service,0752703246,2,mobile_radio_site,ANFR Open Data,PUBLIC_DECLARATION
anfr-2988543,2988543,48.875277777777775,2.3097222222222222,,162  BOULEVARD HAUSSMANN,,,75008,75108,21,SFR,4G,LTE 1800 | LTE 2100,En service,0752703272,2,mobile_radio_site,ANFR Open Data,PUBLIC_DECLARATION
anfr-2993614,2993614,48.86555555555556,2.322222222222222,,9 bv  place de la concorde,,,75008,75108,18,SFR,3G | 4G | 5G,5G NR 3500 | LTE 1800 | LTE 2100 | LTE 2600 | UMTS 900,En service | Projet approuvé,0752703297,5,mobile_radio_site,ANFR Open Data,PUBLIC_DECLARATION
anfr-3050173,3050173,48.875277777777775,2.3252777777777776,,123 rue Saint Lazare,,,75008,75108,"29,2",SFR,4G | 5G,5G NR 3500 | LTE 1800 | LTE 2100 | LTE 2600 | LTE 700 | LTE 800,Projet approuvé,0752703372,6,mobile_radio_site,ANFR Open Data,PUBLIC_DECLARATION
anfr-3051015,3051015,48.86944444444445,2.324722222222222,METRO MADELEINE,Angle Place de la Madeleine et Bd de la Madeleine,Metro L8 /L12,,75008,75108,0,SFR,3G | 4G,LTE 1800 | LTE 2100 | LTE 2600 | LTE 800 | UMTS 900,En service,0752703389,5,mobile_radio_site,ANFR Open Data,PUBLIC_DECLARATION
anfr-3074465,3074465,48.87027777777778,2.313055555555555,,8 Avenue Matignon,,,75008,75108,"15,1",SFR,3G | 4G | 5G,5G NR 3500 | LTE 1800 | LTE 2100 | LTE 2600 | LTE 700 | LTE 800 | UMTS 900,Projet approuvé,0752703447,7,mobile_radio_site,ANFR Open Data,PUBLIC_DECLARATION
anfr-556113,556113,48.882777777777775,2.3347222222222226,,11 R FROMENTIN,,,75009,75109,"31,7",BOUYGUES TELECOM,4G | 5G,5G NR 2100 | 5G NR 3500 | LTE 1800 | LTE 2100 | LTE 2600 | LTE 700 | LTE 800,En service | Techniquement opérationnel,0752750213,7,mobile_radio_site,ANFR Open Data,PUBLIC_DECLARATION
anfr-614914,614914,48.88305555555556,2.3475,,17 BD ROCHECHOUART,,,75009,75109,"28,6",BOUYGUES TELECOM,4G | 5G,5G NR 2100 | 5G NR 3500 | LTE 1800 | LTE 2600 | LTE 700 | LTE 800,En service | Projet approuvé | Techniquement opérationnel,0752750475,6,mobile_radio_site,ANFR Open Data,PUBLIC_DECLARATION
anfr-716059,716059,48.882222222222225,2.341666666666667,,51 BD DE ROCHECHOUART,,,75009,75109,33,BOUYGUES TELECOM,2G | 3G | 4G | 5G,5G NR 2100 | GSM 900 | LTE 1800 | LTE 2100 | LTE 2600 | LTE 800 | UMTS 900,En service | Projet approuvé,0752750314,7,mobile_radio_site,ANFR Open Data,PUBLIC_DECLARATION
anfr-716069,716069,48.878055555555555,2.3369444444444447,,51 R ST GEORGES,,,75009,75109,30,BOUYGUES TELECOM | FREE MOBILE,2G | 3G | 4G | 5G,5G NR 2100 | 5G NR 3500 | 5G NR 700 | GSM 900 | LTE 1800 | LTE 2100 | LTE 2600 | LTE 700 | LTE 800 | LTE 900 | UMTS 900,En service | Techniquement opérationnel,0750990046 | 0752750919,16,mobile_radio_site,ANFR Open Data,PUBLIC_DECLARATION
anfr-752656,752656,48.87138888888889,2.3444444444444446,,28 BD POISSONNIERE,,,75009,75109,32,BOUYGUES TELECOM,2G | 3G | 4G,GSM 900 | LTE 1800 | LTE 2100 | LTE 2600 | LTE 700 | LTE 800 | UMTS 900,En service | Projet approuvé,0752750073,7,mobile_radio_site,ANFR Open Data,PUBLIC_DECLARATION
anfr-786748,786748,48.87444444444444,2.328611111111111,,102 R DE PROVENCE,,,75009,75109,"44,5",BOUYGUES TELECOM | FREE MOBILE | SFR,2G | 3G | 4G | 5G,5G NR 2100 | 5G NR 3500 | 5G NR 700 | GSM 900 | LTE 1800 | LTE 2100 | LTE 2600 | LTE 700 | LTE 800 | LTE 900 | UMTS 900,En service | Techniquement opérationnel,0750990055 | 0752701314 | 0752751347,21,mobile_radio_site,ANFR Open Data,PUBLIC_DECLARATION
anfr-834232,834232,48.87583333333333,2.343888888888889,,68 R LAFAYETTE,,,75009,75109,34,BOUYGUES TELECOM,2G | 3G | 4G | 5G,5G NR 2100 | 5G NR 3500 | GSM 900 | LTE 1800 | LTE 2100 | LTE 2600 | LTE 700 | LTE 800 | UMTS 900,En service | Techniquement opérationnel,0752750592,9,mobile_radio_site,ANFR Open Data,PUBLIC_DECLARATION
anfr-834325,834325,48.88111111111111,2.3497222222222223,,38 R DE DUNKERQUE,,,75009,75109,31,BOUYGUES TELECOM,2G | 3G | 4G | 5G,5G NR 2100 | 5G NR 3500 | GSM 900 | LTE 1800 | LTE 2600 | LTE 700 | LTE 800 | UMTS 900,En service | Techniquement opérationnel,0752750762,8,mobile_radio_site,ANFR Open Data,PUBLIC_DECLARATION
anfr-834384,834384,48.87833333333333,2.3333333333333335,,"10, 12 R JEAN BAPTISTE PIGALLE",PARC TRINITE,,75009,75109,"39,5",BOUYGUES TELECOM | ORANGE | SFR,2G | 3G | 4G | 5G,5G NR 2100 | 5G NR 3500 | 5G NR 700 | GSM 900 | LTE 1800 | LTE 2100 | LTE 2600 | LTE 700 | LTE 800 | UMTS 900,En service | Projet approuvé | Techniquement opérationnel,0752291906 | 0752700352 | 0752751437,24,mobile_radio_site,ANFR Open Data,PUBLIC_DECLARATION
anfr-1004673,1004673,48.871944444444445,2.3369444444444447,,20 bd des Italiens,agence BNP-Paribas,,75009,75109,32,BOUYGUES TELECOM,2G | 3G | 4G | 5G,5G NR 2100 | 5G NR 3500 | GSM 900 | LTE 1800 | LTE 2100 | LTE 2600 | LTE 800 | UMTS 900,En service | Techniquement opérationnel,0752751492,8,mobile_radio_site,ANFR Open Data,PUBLIC_DECLARATION
anfr-1058745,1058745,48.8725,2.3277777777777775,,38 R GODOT DE MAUROY,,,75009,75109,31,BOUYGUES TELECOM,3G | 4G | 5G,5G NR 2100 | 5G NR 3500 | LTE 1800 | LTE 2600 | LTE 700 | LTE 800 | UMTS 900,En service | Techniquement opérationnel,0752751666,7,mobile_radio_site,ANFR Open Data,PUBLIC_DECLARATION
anfr-1335188,1335188,48.870555555555555,2.3294444444444444,,1 R SCRIBE,Hotel Scribe,,75009,75109,"35,1",BOUYGUES TELECOM | SFR,2G | 3G | 4G | 5G,5G NR 2100 | 5G NR 3500 | GSM 900 | LTE 1800 | LTE 2100 | LTE 2600 | LTE 700 | LTE 800 | UMTS 2100 | UMTS 900,En service | Techniquement opérationnel,0752700419 | 0752751696,15,mobile_radio_site,ANFR Open Data,PUBLIC_DECLARATION
anfr-1419432,1419432,48.88,2.341111111111111,,50 R DE LA TOUR D AUVERGNE,,,75009,75109,"29,4",BOUYGUES TELECOM,4G | 5G,5G NR 2100 | LTE 1800 | LTE 2100 | LTE 2600 | LTE 700 | LTE 800,En service | Techniquement opérationnel,0752751972,6,mobile_radio_site,ANFR Open Data,PUBLIC_DECLARATION
anfr-1429400,1429400,48.87361111111111,2.3372222222222225,,19/25 rue Laffitte,,,75009,75109,45,BOUYGUES TELECOM,2G | 3G | 4G | 5G,5G NR 2100 | 5G NR 3500 | GSM 900 | LTE 1800 | LTE 2100 | LTE 2600 | LTE 700 | LTE 800 | UMTS 900,En service | Techniquement opérationnel,0752752027,9,mobile_radio_site,ANFR Open Data,PUBLIC_DECLARATION
anfr-1533882,1533882,48.876111111111115,2.3299999999999996,,76 R ST LAZARE,,,75009,75109,"35,7",BOUYGUES TELECOM | SFR,2G | 3G | 4G | 5G,5G NR 2100 | 5G NR 3500 | GSM 900 | LTE 1800 | LTE 2100 | LTE 2600 | LTE 700 | LTE 800 | UMTS 2100 | UMTS 900,En service | Projet approuvé | Techniquement opérationnel,0752700196 | 0752752046,17,mobile_radio_site,ANFR Open Data,PUBLIC_DECLARATION
anfr-1790655,1790655,48.8725,2.329722222222222,AUBER RER A,6 R AUBER,,,75009,75109,0,BOUYGUES TELECOM | ORANGE | SFR,3G | 4G,LTE 1800 | LTE 2100 | LTE 2600 | LTE 800 | UMTS 2100 | UMTS 900,En service,0752292032 | 0752702141 | 0752751989,16,mobile_radio_site,ANFR Open Data,PUBLIC_DECLARATION
anfr-2000485,2000485,48.88,2.345,,38 RUE CONDORCET,,,75009,75109,29,BOUYGUES TELECOM | FREE MOBILE,3G | 4G | 5G,5G NR 2100 | 5G NR 3500 | 5G NR 700 | LTE 1800 | LTE 2100 | LTE 2600 | LTE 700 | LTE 800 | LTE 900 | UMTS 900,En service | Techniquement opérationnel,0750990625 | 0752751018,13,mobile_radio_site,ANFR Open Data,PUBLIC_DECLARATION
anfr-2055662,2055662,48.87861111111111,2.3377777777777777,Métro Saint Georges L12,"Place St Georges, Rue N D de Lorette",,,75009,75109,0,BOUYGUES TELECOM | FREE MOBILE | ORANGE | SFR,2G | 3G | 4G,GSM 900 | LTE 1800 | LTE 900 | UMTS 900,En service,0750990700 | 0752292136 | 0752702536 | 0752752621,9,mobile_radio_site,ANFR Open Data,PUBLIC_DECLARATION
anfr-2156924,2156924,48.87583333333333,2.3441666666666667,METRO CADET,68 R LA FAYETTE,CADET - L7,,75009,75109,1,BOUYGUES TELECOM,3G | 4G,LTE 1800 | UMTS 900,En service,0752752409,2,mobile_radio_site,ANFR Open Data,PUBLIC_DECLARATION
anfr-2219374,2219374,48.87638888888889,2.3324999999999996,,PL ESTIENNE D'ORVES,,,75009,75109,10,BOUYGUES TELECOM,4G,LTE 1800,En service,0752752469,1,mobile_radio_site,ANFR Open Data,PUBLIC_DECLARATION
anfr-2273693,2273693,48.87361111111111,2.328611111111111,METRO L3 L9 - HAVRE CAUMARTIN,60 BD HAUSSMANN,,,75009,75109,1,BOUYGUES TELECOM | ORANGE,3G | 4G,LTE 1800 | LTE 2100 | LTE 2600 | LTE 800 | UMTS 900,En service,0752292214 | 0752752595,10,mobile_radio_site,ANFR Open Data,PUBLIC_DECLARATION
anfr-2598186,2598186,48.87361111111111,2.332222222222222,,40 BD HAUSSMANN - GALERIE LAFAYETTE,,,75009,75109,"51,1",BOUYGUES TELECOM,3G | 4G | 5G,5G NR 2100 | 5G NR 3500 | LTE 1800 | LTE 2100 | LTE 2600 | LTE 700 | LTE 800 | UMTS 900,En service | Techniquement opérationnel,0752752774,8,mobile_radio_site,ANFR Open Data,PUBLIC_DECLARATION
anfr-2759830,2759830,48.87305555555555,2.3327777777777774,METRO CHAUSSEE D'ANTIN L7_L9,23  BD HAUSSMANN ANGLE R LA FAYETTE,,,75009,75109,1,BOUYGUES TELECOM | FREE MOBILE | ORANGE,2G | 3G | 4G,GSM 900 | LTE 1800 | LTE 2100 | LTE 2600 | LTE 700 | LTE 800 | UMTS 900,En service | Projet approuvé,0750991122 | 0752292730 | 0752752845,16,mobile_radio_site,ANFR Open Data,PUBLIC_DECLARATION
anfr-2910354,2910354,48.87972222222222,2.335,,39 RUE CATHERINE DE LA ROCHEFOUCAULD,,,75009,75109,"26,5",BOUYGUES TELECOM,3G | 4G | 5G,5G NR 2100 | LTE 1800 | LTE 2100 | LTE 2600 | LTE 700 | LTE 800 | UMTS 900,En service | Techniquement opérationnel,0752752880,7,mobile_radio_site,ANFR Open Data,PUBLIC_DECLARATION
anfr-2913577,2913577,48.870555555555555,2.3316666666666666,METRO_OPERA_L3/L7/L8,Place de l Opera,,,75009,75109,0,BOUYGUES TELECOM | FREE MOBILE | ORANGE,3G | 4G,LTE 1800 | LTE 2100 | LTE 2600 | LTE 800 | LTE 900 | UMTS 900,En service,0750991068 | 0752292734 | 0752753050,13,mobile_radio_site,ANFR Open Data,PUBLIC_DECLARATION
anfr-3025797,3025797,48.87638888888889,2.3469444444444445,,18 RUE PAPILLON,,,75009,75109,"28,5",BOUYGUES TELECOM,3G | 4G | 5G,5G NR 2100 | LTE 1800 | LTE 2100 | LTE 2600 | LTE 700 | LTE 800 | UMTS 900,En service | Techniquement opérationnel,0752752919,7,mobile_radio_site,ANFR Open Data,PUBLIC_DECLARATION
anfr-3038170,3038170,48.87305555555555,2.340277777777778,,9 RUE DROUOT,,,75009,75109,"27,3",BOUYGUES TELECOM,3G | 4G | 5G,5G NR 2100 | 5G NR 3500 | LTE 1800 | LTE 2100 | LTE 2600 | LTE 700 | LTE 800 | UMTS 900,En service | Techniquement opérationnel,0752752924,8,mobile_radio_site,ANFR Open Data,PUBLIC_DECLARATION
anfr-3173473,3173473,48.873333333333335,2.3444444444444446,,8 R DE MONTYON,,,75009,75109,"29,3",BOUYGUES TELECOM,4G | 5G,5G NR 2100 | LTE 1800 | LTE 2100 | LTE 2600 | LTE 700 | LTE 800,Projet approuvé,0752753007,6,mobile_radio_site,ANFR Open Data,PUBLIC_DECLARATION
anfr-3247793,3247793,48.880833333333335,2.3369444444444447,,35 rue Victor Massé,,,75009,75109,"34,9",BOUYGUES TELECOM | FREE MOBILE,3G | 4G | 5G,5G NR 2100 | 5G NR 3500 | 5G NR 700 | LTE 1800 | LTE 2100 | LTE 2600 | LTE 700 | LTE 800 | LTE 900 | UMTS 900,En service | Projet approuvé | Techniquement opérationnel,0750991183 | 0752750615,14,mobile_radio_site,ANFR Open Data,PUBLIC_DECLARATION
anfr-3352101,3352101,48.87583333333333,2.3405555555555555,,12 R DE CHATEAUDUN,,,75009,75109,"25,8",BOUYGUES TELECOM,4G,LTE 1800,Projet approuvé,0752753066,1,mobile_radio_site,ANFR Open Data,PUBLIC_DECLARATION
anfr-1206017,1206017,48.878055555555555,2.345555555555556,,37 RUE DE BELLEFOND,,,75009,75109,27,FREE MOBILE,4G | 5G,5G NR 700 | LTE 1800 | LTE 2100 | LTE 2600 | LTE 700 | LTE 900,En service | Projet approuvé,0750990072,6,mobile_radio_site,ANFR Open Data,PUBLIC_DECLARATION
anfr-1327884,1327884,48.88055555555555,2.3313888888888887,,43 RUE BLANCHE,,,75009,75109,"29,1",FREE MOBILE,4G | 5G,5G NR 3500 | 5G NR 700 | LTE 1800 | LTE 2100 | LTE 2600 | LTE 700 | LTE 900,En service | Techniquement opérationnel,0750990120,7,mobile_radio_site,ANFR Open Data,PUBLIC_DECLARATION
anfr-1327897,1327897,48.88111111111111,2.3408333333333333,,26 AVENUE TRUDAINE,,,75009,75109,"26,7",FREE MOBILE,4G | 5G,5G NR 3500 | 5G NR 700 | LTE 1800 | LTE 2100 | LTE 2600 | LTE 700 | LTE 900,En service | Projet approuvé,0750990117,7,mobile_radio_site,ANFR Open Data,PUBLIC_DECLARATION
anfr-1609764,1609764,48.87555555555556,2.341666666666667,,9 rue Buffault,,,75009,75109,32,FREE MOBILE | ORANGE,2G | 3G | 4G | 5G,5G NR 3500 | 5G NR 700 | GSM 900 | LTE 1800 | LTE 2100 | LTE 2600 | LTE 700 | LTE 800 | LTE 900 | UMTS 900,En service | Techniquement opérationnel,0750990230 | 0752290450,16,mobile_radio_site,ANFR Open Data,PUBLIC_DECLARATION
anfr-1681889,1681889,48.87361111111111,2.345277777777778,,14 rue de Trévis,,,75009,75109,32,FREE MOBILE,4G | 5G,5G NR 3500 | 5G NR 700 | LTE 1800 | LTE 2100 | LTE 2600 | LTE 700 | LTE 900,En service | Projet approuvé | Techniquement opérationnel,0750990259,7,mobile_radio_site,ANFR Open Data,PUBLIC_DECLARATION
anfr-1770086,1770086,48.87361111111111,2.3358333333333334,,20 rue La Fayette,,,75009,75109,"34,3",FREE MOBILE,4G | 5G,5G NR 3500 | 5G NR 700 | LTE 1800 | LTE 2100 | LTE 2600 | LTE 700 | LTE 900,En service | Techniquement opérationnel,0750990294,7,mobile_radio_site,ANFR Open Data,PUBLIC_DECLARATION
anfr-1965511,1965511,48.8725,2.329722222222222,,8 RUE AUBER,,,75009,75109,"30,5",FREE MOBILE,4G | 5G,5G NR 700 | LTE 1800 | LTE 2100 | LTE 2600 | LTE 700 | LTE 900,En service | Techniquement opérationnel,0750990611,6,mobile_radio_site,ANFR Open Data,PUBLIC_DECLARATION
anfr-2009458,2009458,48.87111111111111,2.326944444444444,,11 BIS RUE GODOT DE MAUROY,,,75009,75109,"27,6",FREE MOBILE,4G | 5G,5G NR 700 | LTE 1800 | LTE 2100 | LTE 2600 | LTE 700 | LTE 900,En service | Projet approuvé,0750990637,6,mobile_radio_site,ANFR Open Data,PUBLIC_DECLARATION
anfr-2049244,2049244,48.87138888888889,2.335277777777778,,34 BOULEVARD DES ITALIENS,,,75009,75109,"29,2",FREE MOBILE,4G | 5G,5G NR 3500 | 5G NR 700 | LTE 1800 | LTE 2100 | LTE 2600 | LTE 700 | LTE 900,En service | Techniquement opérationnel,0750990660,7,mobile_radio_site,ANFR Open Data,PUBLIC_DECLARATION
anfr-2056739,2056739,48.8775,2.328611111111111,,24 RUE DE LONDRES,,,75009,75109,"30,9",FREE MOBILE,4G | 5G,5G NR 3500 | 5G NR 700 | LTE 1800 | LTE 2100 | LTE 2600 | LTE 700 | LTE 900,En service | Projet approuvé | Techniquement opérationnel,0750990666,7,mobile_radio_site,ANFR Open Data,PUBLIC_DECLARATION
anfr-2070360,2070360,48.876111111111115,2.343888888888889,Métro CADET  L7,65 Rue de la Fayette,,,75009,75109,0,FREE MOBILE | ORANGE | SFR,2G | 3G | 4G,GSM 1800 | GSM 900 | LTE 1800 | LTE 900 | UMTS 900,En service,0750990759 | 0752292162 | 0752702185,8,mobile_radio_site,ANFR Open Data,PUBLIC_DECLARATION
anfr-2097435,2097435,48.875,2.340277777777778,Métro LE PELETIER L7,Rue Lafayette angle rue de la Victoire,,,75009,75109,0,FREE MOBILE | ORANGE,3G | 4G,LTE 1800 | LTE 900 | UMTS 900,En service,0750990746 | 0752292116,4,mobile_radio_site,ANFR Open Data,PUBLIC_DECLARATION
anfr-2208450,2208450,48.87888888888889,2.341666666666667,,5 CITE FENELON,,,75009,75109,"27,4",FREE MOBILE,4G | 5G,5G NR 700 | LTE 1800 | LTE 2100 | LTE 2600 | LTE 700 | LTE 900,En service | Techniquement opérationnel,0750990797,6,mobile_radio_site,ANFR Open Data,PUBLIC_DECLARATION
anfr-2289541,2289541,48.88138888888889,2.3488888888888892,,46 RUE DE DUNKERQUE,,,75009,75109,"26,7",FREE MOBILE,4G | 5G,5G NR 3500 | 5G NR 700 | LTE 1800 | LTE 2100 | LTE 2600 | LTE 700 | LTE 900,En service | Techniquement opérationnel,0750990847,7,mobile_radio_site,ANFR Open Data,PUBLIC_DECLARATION
anfr-2301145,2301145,48.876111111111115,2.3324999999999996,,59 RUE DE CHATEAUDUN,,,75009,75109,"32,5",FREE MOBILE,4G | 5G,5G NR 3500 | 5G NR 700 | LTE 1800 | LTE 2100 | LTE 2600 | LTE 700 | LTE 900,En service | Techniquement opérationnel,0750990883,7,mobile_radio_site,ANFR Open Data,PUBLIC_DECLARATION
anfr-2462330,2462330,48.875277777777775,2.3313888888888887,,"23, rue de Mogador",,,75009,75109,"31,4",FREE MOBILE,4G | 5G,5G NR 3500 | 5G NR 700 | LTE 1800 | LTE 2100 | LTE 2600 | LTE 700 | LTE 900,En service | Techniquement opérationnel,0750990944,7,mobile_radio_site,ANFR Open Data,PUBLIC_DECLARATION
anfr-2477646,2477646,48.8825,2.3358333333333334,,29 BOULEVARD DE CLICHY,,,75009,75109,"25,1",FREE MOBILE,4G | 5G,5G NR 3500 | 5G NR 700 | LTE 1800 | LTE 2100 | LTE 2600 | LTE 700 | LTE 900,En service | Techniquement opérationnel,0750990949,7,mobile_radio_site,ANFR Open Data,PUBLIC_DECLARATION
anfr-2819365,2819365,48.87555555555556,2.3280555555555553,,109 Rue Saint-Lazare,Passage du Havre,Centre commercial,75009,75109,6,FREE MOBILE,4G | 5G,5G NR 3500 | 5G NR 700 | LTE 1800 | LTE 2100 | LTE 2600 | LTE 700 | LTE 900,En service | Projet approuvé | Techniquement opérationnel,0750991023,7,mobile_radio_site,ANFR Open Data,PUBLIC_DECLARATION
anfr-2823433,2823433,48.87388888888889,2.3277777777777775,,64 Boulevard Haussmann,,,75009,75109,25,FREE MOBILE,4G | 5G,5G NR 3500 | 5G NR 700 | LTE 1800 | LTE 2100 | LTE 2600 | LTE 700 | LTE 900,En service | Projet approuvé | Techniquement opérationnel,0750991026,7,mobile_radio_site,ANFR Open Data,PUBLIC_DECLARATION
anfr-2912400,2912400,48.88027777777778,2.341388888888889,,63 Rue Condorcet,,,75009,75109,"25,7",FREE MOBILE,4G | 5G,5G NR 3500 | 5G NR 700 | LTE 1800 | LTE 2100 | LTE 2600 | LTE 700 | LTE 900,En service | Techniquement opérationnel,0750991070,7,mobile_radio_site,ANFR Open Data,PUBLIC_DECLARATION
anfr-3086320,3086320,48.882777777777775,2.334166666666667,,34 RUE PIERRE FONTAINE,,,75009,75109,29,FREE MOBILE | SFR,3G | 4G | 5G,5G NR 2100 | 5G NR 3500 | 5G NR 700 | LTE 1800 | LTE 2100 | LTE 2600 | LTE 700 | LTE 800 | LTE 900 | UMTS 900,En service | Projet approuvé | Techniquement opérationnel,0750990656 | 0752703450,15,mobile_radio_site,ANFR Open Data,PUBLIC_DECLARATION
anfr-535954,535954,48.87388888888889,2.3319444444444444,,79 r de provence,,,75009,75109,51,ORANGE,2G | 3G | 4G | 5G,5G NR 3500 | 5G NR 700 | GSM 900 | LTE 1800 | LTE 2100 | LTE 2600 | LTE 700 | LTE 800 | UMTS 900,En service | Techniquement opérationnel,0752291441,9,mobile_radio_site,ANFR Open Data,PUBLIC_DECLARATION
anfr-717934,717934,48.87638888888889,2.348055555555556,,79-81 r du faubourg poissonnière,,,75009,75109,39,ORANGE | SFR,2G | 3G | 4G | 5G,5G NR 3500 | GSM 900 | LTE 1800 | LTE 2100 | LTE 2600 | LTE 700 | LTE 800 | UMTS 2100 | UMTS 900,En service | Projet approuvé | Techniquement opérationnel,0752290221 | 0752700115,16,mobile_radio_site,ANFR Open Data,PUBLIC_DECLARATION
anfr-813651,813651,48.88,2.3383333333333334,,18-20 r de navarin,,,75009,75109,42,ORANGE,2G | 3G | 4G | 5G,5G NR 2100 | 5G NR 3500 | 5G NR 700 | GSM 900 | LTE 1800 | LTE 2100 | LTE 2600 | LTE 700 | LTE 800 | UMTS 900,En service | Projet approuvé | Techniquement opérationnel,0752290011,10,mobile_radio_site,ANFR Open Data,PUBLIC_DECLARATION
anfr-814213,814213,48.87972222222222,2.3299999999999996,,40/42 r de Clichy,,,75009,75109,36,ORANGE,2G | 3G | 4G | 5G,5G NR 3500 | 5G NR 700 | GSM 900 | LTE 1800 | LTE 2100 | LTE 2600 | LTE 700 | LTE 800 | UMTS 900,En service | Techniquement opérationnel,0752290300,9,mobile_radio_site,ANFR Open Data,PUBLIC_DECLARATION
anfr-814356,814356,48.87638888888889,2.327222222222222,,12 r d'amsterdam,,,75009,75109,32,ORANGE,2G | 3G | 4G | 5G,5G NR 2100 | 5G NR 3500 | 5G NR 700 | GSM 900 | LTE 1800 | LTE 2100 | LTE 2600 | LTE 700 | LTE 800 | UMTS 900,En service | Projet approuvé | Techniquement opérationnel,0752290451,10,mobile_radio_site,ANFR Open Data,PUBLIC_DECLARATION
anfr-814362,814362,48.87305555555555,2.3444444444444446,,5 r de Monthyon,,,75009,75109,32,ORANGE,2G | 3G | 4G | 5G,5G NR 3500 | 5G NR 700 | GSM 900 | LTE 1800 | LTE 2100 | LTE 2600 | LTE 700 | LTE 800 | UMTS 900,En service | Techniquement opérationnel,0752290470,9,mobile_radio_site,ANFR Open Data,PUBLIC_DECLARATION
anfr-814378,814378,48.88194444444444,2.3336111111111113,,1 r mansart,,,75009,75109,24,ORANGE,4G | 5G,5G NR 3500 | 5G NR 700 | LTE 1800 | LTE 2100 | LTE 2600 | LTE 800,En service | Techniquement opérationnel,0752290481,6,mobile_radio_site,ANFR Open Data,PUBLIC_DECLARATION
anfr-911761,911761,48.870555555555555,2.3277777777777775,,"7, r caumartin",,,75009,75109,35,ORANGE,2G | 3G | 4G | 5G,5G NR 3500 | 5G NR 700 | GSM 900 | LTE 1800 | LTE 2100 | LTE 2600 | LTE 700 | LTE 800 | UMTS 900,En service | Techniquement opérationnel,0752291515,9,mobile_radio_site,ANFR Open Data,PUBLIC_DECLARATION
anfr-1044949,1044949,48.875277777777775,2.335,,52 rue de la Victoire,,,75009,75109,26,ORANGE,3G | 4G | 5G,5G NR 3500 | 5G NR 700 | LTE 1800 | LTE 2100 | LTE 2600 | LTE 800 | UMTS 900,En service | Techniquement opérationnel,0752291577,7,mobile_radio_site,ANFR Open Data,PUBLIC_DECLARATION
anfr-1084441,1084441,48.88305555555556,2.3466666666666667,,20 rue Gérando,,,75009,75109,26,ORANGE,2G | 3G | 4G,GSM 900 | LTE 1800 | LTE 2100 | LTE 2600 | LTE 800 | UMTS 900,En service,0752291585,6,mobile_radio_site,ANFR Open Data,PUBLIC_DECLARATION
anfr-2058039,2058039,48.87583333333333,2.3274999999999997,Métro SAINT LAZARE LIGNE 12,Gare st lazare Station de METRO Ligne 12,92 Rue saint-lazare,,75009,75109,0,ORANGE,3G | 4G,LTE 1800 | LTE 2100 | LTE 2600 | LTE 800 | UMTS 900,En service,0752292142,5,mobile_radio_site,ANFR Open Data,PUBLIC_DECLARATION
anfr-2088080,2088080,48.87138888888889,2.3444444444444446,Métro GRAND BOULEVARD L8/L9,32 BOULEVARD POISSONNIERE,,,75009,75109,0,ORANGE,3G | 4G,LTE 1800 | LTE 2100 | LTE 2600 | LTE 800 | UMTS 900,En service,0752292199,5,mobile_radio_site,ANFR Open Data,PUBLIC_DECLARATION
anfr-2449470,2449470,48.87388888888889,2.3433333333333333,,45 rue Richer,,,75009,75109,18,ORANGE,4G,LTE 1800 | LTE 2100,En service,0752292517,2,mobile_radio_site,ANFR Open Data,PUBLIC_DECLARATION
anfr-2719655,2719655,48.8725,2.3377777777777777,,12 bd Haussmann,Hôtel Millennium,,75009,75109,"37,9",ORANGE,2G | 3G | 4G | 5G,5G NR 3500 | 5G NR 700 | GSM 900 | LTE 1800 | LTE 2100 | LTE 2600 | LTE 700 | LTE 800 | UMTS 900,En service | Techniquement opérationnel,0752292744,9,mobile_radio_site,ANFR Open Data,PUBLIC_DECLARATION
anfr-2981075,2981075,48.88138888888889,2.347777777777778,,69b rue de Dunkerque,,,75009,75109,"33,8",ORANGE,4G | 5G,5G NR 3500 | 5G NR 700 | LTE 1800 | LTE 2100 | LTE 2600 | LTE 700 | LTE 800,En service | Projet approuvé | Techniquement opérationnel,0752292817,7,mobile_radio_site,ANFR Open Data,PUBLIC_DECLARATION
anfr-781293,781293,48.87444444444444,2.3313888888888887,,18 r de mogador,,,75009,75109,"23,9",SFR,3G | 4G,LTE 1800 | LTE 2600 | UMTS 2100,En service,0752700382,3,mobile_radio_site,ANFR Open Data,PUBLIC_DECLARATION
anfr-866227,866227,48.88138888888889,2.3466666666666667,,"66, r de Rochechouart",,,75009,75109,33,SFR,2G | 3G | 4G | 5G,5G NR 3500 | GSM 900 | LTE 1800 | LTE 2100 | LTE 2600 | LTE 700 | LTE 800 | UMTS 2100 | UMTS 900,En service | Techniquement opérationnel,0752700123,9,mobile_radio_site,ANFR Open Data,PUBLIC_DECLARATION
anfr-1186148,1186148,48.88055555555555,2.3397222222222225,,6 rue Victor Massé,Grand Hôtel de Turin,,75009,75109,"24,9",SFR,4G | 5G,5G NR 3500 | LTE 1800 | LTE 2100 | LTE 2600,En service | Techniquement opérationnel,0752701316,4,mobile_radio_site,ANFR Open Data,PUBLIC_DECLARATION
anfr-1494615,1494615,48.88,2.343888888888889,,43 Rue Condorcet,,,75009,75109,27,SFR,2G | 3G | 4G,GSM 900 | LTE 1800 | LTE 2100 | LTE 2600 | UMTS 2100,En service,0752700393,5,mobile_radio_site,ANFR Open Data,PUBLIC_DECLARATION
anfr-1684051,1684051,48.87444444444444,2.3397222222222225,,24 RUE CHAUCHAT,,,75009,75109,"25,8",SFR,2G | 3G | 4G | 5G,5G NR 2100 | GSM 900 | LTE 1800 | LTE 2100 | LTE 2600 | LTE 800 | UMTS 900,En service | Projet approuvé,0752702023,7,mobile_radio_site,ANFR Open Data,PUBLIC_DECLARATION
anfr-1907319,1907319,48.87833333333333,2.338611111111111,,6 r laferrière,,,75009,75109,30,SFR,2G | 3G | 4G | 5G,5G NR 3500 | GSM 900 | LTE 1800 | LTE 2100 | LTE 2600 | LTE 700 | LTE 800 | UMTS 2100 | UMTS 900,En service | Techniquement opérationnel,0752700200,9,mobile_radio_site,ANFR Open Data,PUBLIC_DECLARATION
anfr-1918651,1918651,48.875,2.3400000000000003,METRO LE PELETIER,Face au 10 rue de la Victoire,,,75009,75109,0,SFR,2G | 3G | 4G,GSM 1800 | GSM 900 | LTE 1800 | UMTS 900,En service,0752702240,4,mobile_radio_site,ANFR Open Data,PUBLIC_DECLARATION
anfr-2063238,2063238,48.876111111111115,2.338611111111111,Métro NOTRE-DAME-DE-LORETTE,Face au 1 rue Bourdaloue,,,75009,75109,0,SFR,2G | 3G | 4G,GSM 900 | LTE 1800 | UMTS 900,En service,0752702552,3,mobile_radio_site,ANFR Open Data,PUBLIC_DECLARATION
anfr-2138190,2138190,48.87416666666667,2.336388888888889,,38 RUE DE PROVENCE,,,75009,75109,"26,1",SFR,2G | 3G | 4G | 5G,5G NR 3500 | GSM 900 | LTE 1800 | LTE 2100 | LTE 2600 | LTE 800 | UMTS 900,En service | Techniquement opérationnel,0752702655,7,mobile_radio_site,ANFR Open Data,PUBLIC_DECLARATION
anfr-2280160,2280160,48.8825,2.3324999999999996,,32 RUE DE DOUAI,,,75009,75109,"23,8",SFR,2G | 3G | 4G | 5G,5G NR 3500 | GSM 900 | LTE 1800 | LTE 2100 | LTE 2600 | LTE 700 | LTE 800 | UMTS 2100 | UMTS 900,En service | Techniquement opérationnel,0752702710,9,mobile_radio_site,ANFR Open Data,PUBLIC_DECLARATION
anfr-2790716,2790716,48.87138888888889,2.345277777777778,,20 Boulevard Poissonnière,RUE ROUGEMONT,,75009,75109,28,SFR,3G | 4G | 5G,5G NR 3500 | LTE 1800 | LTE 2100 | LTE 2600 | LTE 700 | LTE 800 | UMTS 900,En service | Techniquement opérationnel,0752702885,7,mobile_radio_site,ANFR Open Data,PUBLIC_DECLARATION
anfr-2872863,2872863,48.876111111111115,2.3383333333333334,,1 Rue Bourdaloue,,,75009,75109,"24,3",SFR,4G | 5G,5G NR 2100 | 5G NR 3500 | LTE 1800 | LTE 2100 | LTE 2600 | LTE 700 | LTE 800,Projet approuvé,0752702990,7,mobile_radio_site,ANFR Open Data,PUBLIC_DECLARATION
anfr-2914433,2914433,48.879444444444445,2.335,,40 rue Catherine de la Rochefoucauld,Rue la Bruyère,,75009,75109,27,SFR,3G | 4G | 5G,5G NR 3500 | LTE 1800 | LTE 2100 | LTE 2600 | LTE 700 | LTE 800 | UMTS 900,En service | Techniquement opérationnel,0752703097,7,mobile_radio_site,ANFR Open Data,PUBLIC_DECLARATION
anfr-2954995,2954995,48.87361111111111,2.345,,15 RUE DE TREVISE,,,75009,75109,"27,3",SFR,4G | 5G,5G NR 3500 | LTE 1800 | LTE 2100 | LTE 2600 | LTE 700 | LTE 800,Projet approuvé,0752703212,6,mobile_radio_site,ANFR Open Data,PUBLIC_DECLARATION
anfr-2976137,2976137,48.87166666666667,2.342777777777778,,2  BOULEVARD MONTMARTRE,,,75009,75109,24,SFR,3G | 4G,LTE 1800 | LTE 2600 | UMTS 2100,En service | Projet approuvé,0752703242,3,mobile_radio_site,ANFR Open Data,PUBLIC_DECLARATION
anfr-2984261,2984261,48.87305555555555,2.333888888888889,,36 BOULEVARD HAUSSMANN,,,75009,75109,18,SFR,4G,LTE 1800 | LTE 2100,En service,0752703268,2,mobile_radio_site,ANFR Open Data,PUBLIC_DECLARATION
anfr-2984281,2984281,48.87638888888889,2.345,,71 Rue de la Fayette,,,75009,75109,"27,8",SFR,4G | 5G,5G NR 3500 | LTE 1800 | LTE 2100 | LTE 2600 | LTE 700 | LTE 800,Projet approuvé,0752703280,6,mobile_radio_site,ANFR Open Data,PUBLIC_DECLARATION
anfr-2988545,2988545,48.874722222222225,2.332222222222222,,39  RUE DE LA CHAUSSEE D ANTIN,,,75009,75109,"20,5",SFR,3G | 4G,LTE 1800 | UMTS 2100,En service | Projet approuvé,0752703274,2,mobile_radio_site,ANFR Open Data,PUBLIC_DECLARATION
anfr-2998950,2998950,48.873333333333335,2.3433333333333333,,3  RUE GEOFFROY MARIE,,,75009,75109,"19,7",SFR,3G | 4G,LTE 1800 | LTE 2600 | UMTS 2100,En service | Projet approuvé,0752703292,3,mobile_radio_site,ANFR Open Data,PUBLIC_DECLARATION
anfr-3050458,3050458,48.87361111111111,2.328333333333333,METRO HAVRE CAUMARTIN,66 BOULEVARD HAUSSMANN (en Face),L3 L9,,75009,75109,0,SFR,3G | 4G,LTE 1800 | LTE 2100 | LTE 2600 | LTE 800 | UMTS 900,En service,0752703378,5,mobile_radio_site,ANFR Open Data,PUBLIC_DECLARATION
anfr-3159928,3159928,48.875277777777775,2.3422222222222224,,10 Passage des Deux Sœurs,,,75009,75109,6,SFR,2G | 3G | 4G,GSM 900 | LTE 1800 | LTE 2100 | LTE 2600 | LTE 700 | LTE 800 | UMTS 900,En service,0752703537,7,mobile_radio_site,ANFR Open Data,PUBLIC_DECLARATION
anfr-3197259,3197259,48.87861111111111,2.3380555555555556,,7 Rue Laferrière,,,75009,75109,29,SFR,3G | 4G | 5G,5G NR 3500 | LTE 1800 | LTE 2100 | LTE 2600 | LTE 700 | LTE 800 | UMTS 900,Projet approuvé,0752703574,7,mobile_radio_site,ANFR Open Data,PUBLIC_DECLARATION
anfr-3312111,3312111,48.873333333333335,2.332222222222222,,"40, BOULEVARD HAUSSMANN",,,75009,75109,"48,8",SFR,3G | 4G | 5G,5G NR 3500 | LTE 1800 | LTE 2100 | LTE 2600 | LTE 700 | LTE 800 | UMTS 900,En service | Techniquement opérationnel,0752703045,7,mobile_radio_site,ANFR Open Data,PUBLIC_DECLARATION
anfr-532191,532191,48.87694444444445,2.3666666666666667,,14-28 r des ecluses st martin,,,75010,75110,"36,6",BOUYGUES TELECOM | ORANGE,2G | 3G | 4G | 5G,5G NR 2100 | 5G NR 3500 | 5G NR 700 | GSM 900 | LTE 1800 | LTE 2100 | LTE 2600 | LTE 700 | LTE 800 | UMTS 900,En service | Techniquement opérationnel,0752290253 | 0752750602,16,mobile_radio_site,ANFR Open Data,PUBLIC_DECLARATION
anfr-566771,566771,48.87694444444445,2.361666666666667,,166 A 170 R DU FAUBOURG ST MARTIN,,,75010,75110,41,BOUYGUES TELECOM | SFR,2G | 3G | 4G | 5G,5G NR 2100 | 5G NR 3500 | GSM 900 | LTE 1800 | LTE 2100 | LTE 2600 | LTE 700 | LTE 800 | UMTS 2100 | UMTS 900,En service | Techniquement opérationnel,0752700020 | 0752750348,17,mobile_radio_site,ANFR Open Data,PUBLIC_DECLARATION
anfr-735014,735014,48.882222222222225,2.358888888888889,,206 r du faubourg st denis,,,75010,75110,31,BOUYGUES TELECOM | ORANGE,2G | 3G | 4G | 5G,5G NR 2100 | 5G NR 3500 | 5G NR 700 | GSM 900 | LTE 1800 | LTE 2100 | LTE 2600 | LTE 700 | LTE 800 | UMTS 900,En service | Projet approuvé | Techniquement opérationnel,0752291484 | 0752750617,16,mobile_radio_site,ANFR Open Data,PUBLIC_DECLARATION
anfr-739386,739386,48.87777777777778,2.352222222222222,,118 R LAFAYETTE,,,75010,75110,27,BOUYGUES TELECOM,4G | 5G,5G NR 2100 | 5G NR 3500 | LTE 1800 | LTE 2100 | LTE 2600 | LTE 700 | LTE 800,En service | Projet approuvé,0752750678,7,mobile_radio_site,ANFR Open Data,PUBLIC_DECLARATION
anfr-767866,767866,48.884166666666665,2.363611111111111,,3 BD DE LA CHAPELLE,,,75010,75110,38,BOUYGUES TELECOM,2G | 3G | 4G | 5G,5G NR 2100 | 5G NR 3500 | GSM 900 | LTE 1800 | LTE 2100 | LTE 2600 | LTE 700 | LTE 800 | UMTS 900,En service | Techniquement opérationnel,0752750342,9,mobile_radio_site,ANFR Open Data,PUBLIC_DECLARATION
anfr-783044,783044,48.871944444444445,2.355277777777778,,41 Bd de Strasbourg,,,75010,75110,36,BOUYGUES TELECOM | ORANGE | SFR,2G | 3G | 4G | 5G,5G NR 2100 | 5G NR 3500 | 5G NR 700 | GSM 900 | LTE 1800 | LTE 2100 | LTE 2600 | LTE 700 | LTE 800 | UMTS 2100 | UMTS 900,En service | Techniquement opérationnel,0752292436 | 0752700053 | 0752751159,26,mobile_radio_site,ANFR Open Data,PUBLIC_DECLARATION
anfr-813657,813657,48.88305555555556,2.3516666666666666,,r ambroise paré,r guy¿patin,,75010,75110,40,BOUYGUES TELECOM | FREE MOBILE | ORANGE,2G | 3G | 4G | 5G,5G NR 2100 | 5G NR 3500 | 5G NR 700 | GSM 900 | LTE 1800 | LTE 2100 | LTE 2600 | LTE 700 | LTE 800 | LTE 900 | UMTS 900,En service | Techniquement opérationnel,0750990033 | 0752290018 | 0752752945,22,mobile_radio_site,ANFR Open Data,PUBLIC_DECLARATION
anfr-833876,833876,48.87222222222222,2.361666666666667,,5 R LEGOUVE,,,75010,75110,30,BOUYGUES TELECOM,2G | 3G | 4G | 5G,5G NR 2100 | 5G NR 3500 | GSM 900 | LTE 1800 | LTE 2100 | LTE 2600 | LTE 700 | LTE 800 | UMTS 900,En service | Techniquement opérationnel,0752750031,9,mobile_radio_site,ANFR Open Data,PUBLIC_DECLARATION
anfr-834254,834254,48.87861111111111,2.3569444444444447,,156 R DU FAUBOURG ST DENIS,,,75010,75110,28,BOUYGUES TELECOM,2G | 3G | 4G | 5G,5G NR 2100 | 5G NR 3500 | GSM 900 | LTE 1800 | LTE 2100 | LTE 2600 | LTE 700 | LTE 800 | UMTS 900,En service | Techniquement opérationnel,0752750663,9,mobile_radio_site,ANFR Open Data,PUBLIC_DECLARATION
anfr-834333,834333,48.87166666666667,2.368055555555556,,20 R ALIBERT,,,75010,75110,"28,3",BOUYGUES TELECOM,3G | 4G | 5G,5G NR 2100 | 5G NR 3500 | LTE 1800 | LTE 2600 | LTE 700 | LTE 800 | UMTS 900,En service | Techniquement opérationnel,0752750763,7,mobile_radio_site,ANFR Open Data,PUBLIC_DECLARATION
anfr-838369,838369,48.87222222222222,2.3725,,1 PASSAGE DU BUISSON ST LOUIS,,,75010,75110,27,BOUYGUES TELECOM,4G | 5G,5G NR 2100 | 5G NR 3500 | LTE 1800 | LTE 2100 | LTE 2600 | LTE 700 | LTE 800,En service | Techniquement opérationnel,0752750301,7,mobile_radio_site,ANFR Open Data,PUBLIC_DECLARATION
anfr-1422239,1422239,48.873333333333335,2.3530555555555557,,12 R DES PETITES ECURIES,,,75010,75110,"26,4",BOUYGUES TELECOM,3G | 4G | 5G,5G NR 2100 | 5G NR 3500 | LTE 1800 | LTE 2100 | LTE 2600 | LTE 700 | LTE 800 | UMTS 900,En service | Techniquement opérationnel,0752751967,8,mobile_radio_site,ANFR Open Data,PUBLIC_DECLARATION
anfr-1434139,1434139,48.88,2.3583333333333334,RER E-Magenta,5 R DE L'AQUEDUC,,,75010,75110,0,BOUYGUES TELECOM,2G | 3G,GSM 1800 | UMTS 2100,En service,0752751852,2,mobile_radio_site,ANFR Open Data,PUBLIC_DECLARATION
anfr-1434167,1434167,48.88055555555555,2.3658333333333332,,31 R LOUIS BLANC,,,75010,75110,30,BOUYGUES TELECOM,4G | 5G,5G NR 2100 | LTE 1800 | LTE 2100 | LTE 2600 | LTE 700 | LTE 800,En service | Techniquement opérationnel,0752751976,6,mobile_radio_site,ANFR Open Data,PUBLIC_DECLARATION
anfr-1434949,1434949,48.88111111111111,2.3519444444444444,,140 BD MAGENTA,,,75010,75110,"27,2",BOUYGUES TELECOM,3G | 4G | 5G,5G NR 2100 | 5G NR 3500 | LTE 1800 | LTE 2100 | LTE 2600 | LTE 700 | LTE 800 | UMTS 900,En service | Projet approuvé | Techniquement opérationnel,0752751984,8,mobile_radio_site,ANFR Open Data,PUBLIC_DECLARATION
anfr-1476410,1476410,48.87722222222222,2.359166666666667,Gare de l'Est,Place du 11 Novembre 1918,Hall voyageurs,"Division de l'équipement, DV 35",75010,75110,30,BOUYGUES TELECOM | ORANGE | SFR,2G | 3G | 4G,GSM 900 | LTE 1800 | LTE 2100 | LTE 2600 | LTE 700 | LTE 800 | UMTS 900,En service,0752292769 | 0752701386 | 0752752881,19,mobile_radio_site,ANFR Open Data,PUBLIC_DECLARATION
anfr-1573104,1573104,48.87083333333334,2.361388888888889,,30 BD MAGENTA,,,75010,75110,"24,9",BOUYGUES TELECOM,3G | 4G | 5G,5G NR 2100 | 5G NR 3500 | LTE 1800 | LTE 2100 | LTE 2600 | LTE 700 | LTE 800 | UMTS 900,En service | Techniquement opérationnel,0752752074,8,mobile_radio_site,ANFR Open Data,PUBLIC_DECLARATION
anfr-1646030,1646030,48.876111111111115,2.3497222222222223,,11 rue des Messageries,,,75010,75110,"33,3",BOUYGUES TELECOM | FREE MOBILE,2G | 3G | 4G | 5G,5G NR 2100 | 5G NR 3500 | 5G NR 700 | GSM 900 | LTE 1800 | LTE 2100 | LTE 2600 | LTE 700 | LTE 800 | LTE 900 | UMTS 900,En service | Projet approuvé | Techniquement opérationnel,0750990029 | 0752750616,16,mobile_radio_site,ANFR Open Data,PUBLIC_DECLARATION
anfr-1806342,1806342,48.86805555555556,2.3622222222222224,,2 BD ST MARTIN,,,75010,75110,5,BOUYGUES TELECOM,2G | 3G | 4G,GSM 1800 | LTE 1800 | LTE 2600 | UMTS 2100,En service,0752752149,4,mobile_radio_site,ANFR Open Data,PUBLIC_DECLARATION
anfr-1811231,1811231,48.87555555555556,2.37,,17-21 AVENUE CLAUDE VELLEFAUX,,,75010,75110,35,BOUYGUES TELECOM,5G,5G NR 2100,Projet approuvé,0752752150,1,mobile_radio_site,ANFR Open Data,PUBLIC_DECLARATION
anfr-1882907,1882907,48.87111111111111,2.356388888888889,,45 R DU FAUBOURG ST MARTIN,,,75010,75110,23,BOUYGUES TELECOM,2G | 4G,GSM 900 | LTE 1800 | LTE 2600 | LTE 800,En service,0752752157,4,mobile_radio_site,ANFR Open Data,PUBLIC_DECLARATION
anfr-1966709,1966709,48.874722222222225,2.366388888888889,,23 R DE LA GRANGE AUX BELLES,,,75010,75110,10,BOUYGUES TELECOM,3G | 4G,LTE 1800 | LTE 800 | UMTS 900,En service,0752752165,3,mobile_radio_site,ANFR Open Data,PUBLIC_DECLARATION
anfr-2087378,2087378,48.88111111111111,2.362777777777778,,197 RUE LA FAYETTE,,,75010,75110,"26,6",BOUYGUES TELECOM,3G | 4G | 5G,5G NR 2100 | 5G NR 3500 | LTE 1800 | LTE 2100 | LTE 2600 | LTE 700 | LTE 800 | UMTS 900,En service | Techniquement opérationnel,0752752274,8,mobile_radio_site,ANFR Open Data,PUBLIC_DECLARATION
anfr-2106673,2106673,48.87555555555556,2.3583333333333334,,74 BD DE STRASBOURG,,,75010,75110,30,BOUYGUES TELECOM | FREE MOBILE,2G | 3G | 4G | 5G,5G NR 2100 | 5G NR 3500 | 5G NR 700 | GSM 900 | LTE 1800 | LTE 2100 | LTE 2600 | LTE 700 | LTE 800 | LTE 900 | UMTS 900,En service | Techniquement opérationnel,0750990195 | 0752752277,16,mobile_radio_site,ANFR Open Data,PUBLIC_DECLARATION
anfr-2171865,2171865,48.879444444444445,2.363611111111111,,206 R FAUBOURG ST-MARTIN,,,75010,75110,"33,7",BOUYGUES TELECOM,3G | 4G | 5G,5G NR 2100 | 5G NR 3500 | LTE 1800 | LTE 2100 | LTE 2600 | LTE 700 | LTE 800 | UMTS 900,En service | Techniquement opérationnel,0752752420,8,mobile_radio_site,ANFR Open Data,PUBLIC_DECLARATION
anfr-2172178,2172178,48.87972222222222,2.3511111111111114,,12 RUE  DE ROCROY,,,75010,75110,"26,5",BOUYGUES TELECOM,2G | 3G | 4G | 5G,5G NR 2100 | 5G NR 3500 | GSM 900 | LTE 1800 | LTE 2100 | LTE 2600 | LTE 700 | LTE 800 | UMTS 900,En service | Projet approuvé | Techniquement opérationnel,0752752419,9,mobile_radio_site,ANFR Open Data,PUBLIC_DECLARATION
anfr-2228533,2228533,48.87083333333334,2.366388888888889,,66 QUAI DE JEMMAPES,,,75010,75110,29,BOUYGUES TELECOM | FREE MOBILE,3G | 4G | 5G,5G NR 2100 | 5G NR 3500 | 5G NR 700 | LTE 1800 | LTE 2100 | LTE 2600 | LTE 700 | LTE 800 | LTE 900 | UMTS 900,En service | Techniquement opérationnel,0750990304 | 0752752476,14,mobile_radio_site,ANFR Open Data,PUBLIC_DECLARATION
anfr-2233076,2233076,48.87305555555555,2.365555555555556,,59 RUE BICHAT,,,75010,75110,"24,3",BOUYGUES TELECOM,4G | 5G,5G NR 2100 | 5G NR 3500 | LTE 1800 | LTE 2100 | LTE 2600 | LTE 700 | LTE 800,En service | Techniquement opérationnel,0752752522,7,mobile_radio_site,ANFR Open Data,PUBLIC_DECLARATION
anfr-2246135,2246135,48.87916666666667,2.354722222222222,,8 BOULEVARD DE DENAIN,,,75010,75110,"30,3",BOUYGUES TELECOM,3G | 4G | 5G,5G NR 2100 | 5G NR 3500 | LTE 1800 | LTE 2100 | LTE 2600 | LTE 700 | LTE 800 | UMTS 900,En service | Projet approuvé | Techniquement opérationnel,0752752553,8,mobile_radio_site,ANFR Open Data,PUBLIC_DECLARATION
anfr-2275703,2275703,48.876111111111115,2.3580555555555556,METRO L5 L7 GARE DE L'EST,78 BD DE STRASBOURG,,,75010,75110,4,BOUYGUES TELECOM,3G | 4G,LTE 1800 | LTE 2100 | LTE 2600 | LTE 800 | UMTS 900,En service,0752752609,5,mobile_radio_site,ANFR Open Data,PUBLIC_DECLARATION
anfr-2316590,2316590,48.880833333333335,2.355277777777778,RER GARE DU NORD,PLACE NAPOLEON III,,,75010,75110,9,BOUYGUES TELECOM | FREE MOBILE | ORANGE,3G | 4G,LTE 1800 | LTE 2100 | LTE 2600 | LTE 700 | LTE 800 | LTE 900 | UMTS 900,En service,0750990893 | 0752292418 | 0752752863,16,mobile_radio_site,ANFR Open Data,PUBLIC_DECLARATION
anfr-2389059,2389059,48.88361111111111,2.35,METRO BARBES-ROCHECHOUART L14,49 BD DE LA CHAPELLE,ANGLE BD BARBÈS/BD ROCHECHOUART,,75010,75110,1,BOUYGUES TELECOM,2G | 3G | 4G,GSM 900 | LTE 1800 | LTE 2100 | LTE 2600 | LTE 700 | LTE 800 | UMTS 900,En service,0752752703,7,mobile_radio_site,ANFR Open Data,PUBLIC_DECLARATION
anfr-2443634,2443634,48.871944444444445,2.3491666666666666,,38 RUE DE L'ECHIQUIER,,,75010,75110,29,BOUYGUES TELECOM | FREE MOBILE,3G | 4G | 5G,5G NR 2100 | 5G NR 3500 | 5G NR 700 | LTE 1800 | LTE 2100 | LTE 2600 | LTE 700 | LTE 800 | LTE 900 | UMTS 900,En service | Projet approuvé | Techniquement opérationnel,0750990222 | 0752752726,15,mobile_radio_site,ANFR Open Data,PUBLIC_DECLARATION
anfr-2535748,2535748,48.88,2.3583333333333334,TUNNEL RER E - MAGENTA,GARE D'HAUSSMANN ST-LAZARE,,,75010,75110,10,BOUYGUES TELECOM,3G | 4G,LTE 1800 | LTE 2100 | LTE 2600 | LTE 700 | LTE 800 | UMTS 900,En service,0752752765,6,mobile_radio_site,ANFR Open Data,PUBLIC_DECLARATION
anfr-2578499,2578499,48.882222222222225,2.358888888888889,,206 R FAUBOURG ST DENIS,,,75010,75110,10,BOUYGUES TELECOM,3G | 4G,LTE 1800 | LTE 2100 | LTE 2600 | LTE 700 | LTE 800 | UMTS 900,En service,0752752764,6,mobile_radio_site,ANFR Open Data,PUBLIC_DECLARATION
anfr-2584737,2584737,48.884166666666665,2.3675,METRO L5 STALINGRAD,151  BD DE LA VILLETTE,,,75010,75110,1,BOUYGUES TELECOM,2G | 3G | 4G,GSM 900 | LTE 1800 | LTE 2100 | LTE 2600 | LTE 700 | LTE 800 | UMTS 900,En service | Projet approuvé,0752752747,7,mobile_radio_site,ANFR Open Data,PUBLIC_DECLARATION
anfr-2662988,2662988,48.8775,2.3708333333333336,METRO L2 COLONEL FABIEN,83  BD DE LA VILLETTE - ANGLE PL DU COLONEL FABIEN,L2,,75010,75110,1,BOUYGUES TELECOM,3G | 4G,LTE 1800 | LTE 2100 | LTE 2600 | LTE 700 | LTE 800 | UMTS 900,En service,0752752800,6,mobile_radio_site,ANFR Open Data,PUBLIC_DECLARATION
anfr-2678149,2678149,48.87444444444444,2.3544444444444443,,7 R DE PARADIS,,,75010,75110,28,BOUYGUES TELECOM | SFR,2G | 3G | 4G | 5G,5G NR 2100 | 5G NR 3500 | GSM 900 | LTE 1800 | LTE 2100 | LTE 2600 | LTE 700 | LTE 800 | UMTS 2100 | UMTS 900,En service | Techniquement opérationnel,0752700381 | 0752752799,16,mobile_radio_site,ANFR Open Data,PUBLIC_DECLARATION
anfr-2858771,2858771,48.86888888888889,2.3666666666666667,,31 QUAI DE VALMY,,,75010,75110,28,BOUYGUES TELECOM,2G | 4G | 5G,5G NR 2100 | 5G NR 3500 | GSM 900 | LTE 1800 | LTE 2100 | LTE 2600 | LTE 700 | LTE 800,En service | Techniquement opérationnel,0752751180,8,mobile_radio_site,ANFR Open Data,PUBLIC_DECLARATION
anfr-2899325,2899325,48.88361111111111,2.368611111111111,,9 Pl de la bataille de Stalingrad,rue faubourg st martin,,75010,75110,31,BOUYGUES TELECOM | SFR,3G | 4G | 5G,5G NR 2100 | 5G NR 3500 | LTE 1800 | LTE 2100 | LTE 2600 | LTE 700 | LTE 800 | UMTS 900,En service | Techniquement opérationnel,0752703025 | 0752750673,15,mobile_radio_site,ANFR Open Data,PUBLIC_DECLARATION
anfr-3024538,3024538,48.86944444444445,2.354722222222222,,2 BD DE STRASBOURG,,,75010,75110,25,BOUYGUES TELECOM,4G,LTE 1800,Projet approuvé,0752752917,1,mobile_radio_site,ANFR Open Data,PUBLIC_DECLARATION
anfr-3043735,3043735,48.87444444444444,2.348055555555556,,48 R DU FAUBOURG POISSONNIÈRE,,,75010,75110,"25,9",BOUYGUES TELECOM,4G | 5G,5G NR 2100 | LTE 1800 | LTE 2100 | LTE 2600 | LTE 700 | LTE 800,Projet approuvé,0752752929,6,mobile_radio_site,ANFR Open Data,PUBLIC_DECLARATION
anfr-3064236,3064236,48.87444444444444,2.3580555555555556,,68 BD DE MAGENTA,,,75010,75110,"27,3",BOUYGUES TELECOM,3G | 4G | 5G,5G NR 2100 | LTE 1800 | LTE 2100 | LTE 2600 | LTE 700 | LTE 800 | UMTS 900,En service | Projet approuvé | Techniquement opérationnel,0752752941,7,mobile_radio_site,ANFR Open Data,PUBLIC_DECLARATION
anfr-3163058,3163058,48.87777777777778,2.3694444444444445,,10 R ALBERT CAMUS,,,75010,75110,"32,2",BOUYGUES TELECOM,4G | 5G,5G NR 2100 | LTE 1800 | LTE 2100 | LTE 2600 | LTE 700 | LTE 800,En service | Techniquement opérationnel,0752753004,6,mobile_radio_site,ANFR Open Data,PUBLIC_DECLARATION
anfr-3291844,3291844,48.88027777777778,2.36,,181 R LA FAYETTE,,,75010,75110,"29,1",BOUYGUES TELECOM,4G | 5G,5G NR 2100 | LTE 1800 | LTE 2100 | LTE 2600 | LTE 700 | LTE 800,Projet approuvé,0752753035,6,mobile_radio_site,ANFR Open Data,PUBLIC_DECLARATION
anfr-3301538,3301538,48.87972222222222,2.354722222222222,METRO L4 GARE DU NORD,8 BD DENAIN,,,75010,75110,0,BOUYGUES TELECOM,3G | 4G,LTE 1800 | LTE 2100 | LTE 2600 | LTE 800 | UMTS 900,En service,0752753047,5,mobile_radio_site,ANFR Open Data,PUBLIC_DECLARATION
anfr-862509,862509,48.88111111111111,2.3605555555555555,,200 r du faubourg st denis,,,75010,75110,"35,5",FREE MOBILE | SFR,2G | 3G | 4G | 5G,5G NR 3500 | 5G NR 700 | GSM 900 | LTE 1800 | LTE 2100 | LTE 2600 | LTE 700 | LTE 800 | LTE 900 | UMTS 2100 | UMTS 900,En service | Techniquement opérationnel,0750990043 | 0752700203,16,mobile_radio_site,ANFR Open Data,PUBLIC_DECLARATION
anfr-914973,914973,48.878055555555555,2.354722222222222,,bd  de magenta 106,,,75010,75110,29,FREE MOBILE,4G | 5G,5G NR 3500 | 5G NR 700 | LTE 1800 | LTE 2100 | LTE 2600 | LTE 700 | LTE 900,En service | Techniquement opérationnel,0750990008,7,mobile_radio_site,ANFR Open Data,PUBLIC_DECLARATION
anfr-989086,989086,48.8725,2.3558333333333334,,51 BOULEVARD DE STRASBOURG,,,75010,75110,"29,5",FREE MOBILE,4G | 5G,5G NR 3500 | 5G NR 700 | LTE 1800 | LTE 2100 | LTE 2600 | LTE 700 | LTE 900,En service | Techniquement opérationnel,0750990001,7,mobile_radio_site,ANFR Open Data,PUBLIC_DECLARATION
anfr-1407004,1407004,48.87888888888889,2.3697222222222223,,99 Boulevard de la Villette,,,75010,75110,"38,5",FREE MOBILE,4G | 5G,5G NR 3500 | 5G NR 700 | LTE 1800 | LTE 2100 | LTE 2600 | LTE 700 | LTE 900,En service | Techniquement opérationnel,0750990150,7,mobile_radio_site,ANFR Open Data,PUBLIC_DECLARATION
anfr-1407208,1407208,48.874722222222225,2.371111111111111,,24 Rue Sambre et Meuse,,,75010,75110,"35,6",FREE MOBILE | SFR,2G | 3G | 4G | 5G,5G NR 3500 | 5G NR 700 | GSM 900 | LTE 1800 | LTE 2100 | LTE 2600 | LTE 700 | LTE 800 | LTE 900 | UMTS 2100 | UMTS 900,En service | Techniquement opérationnel,0750990149 | 0752700146,16,mobile_radio_site,ANFR Open Data,PUBLIC_DECLARATION
anfr-1629445,1629445,48.88055555555555,2.351388888888889,,"39, rue de Dunkerque",,,75010,75110,"32,2",FREE MOBILE,4G | 5G,5G NR 3500 | 5G NR 700 | LTE 1800 | LTE 2100 | LTE 2600 | LTE 700 | LTE 900,En service | Techniquement opérationnel,0750990242,7,mobile_radio_site,ANFR Open Data,PUBLIC_DECLARATION
anfr-1723372,1723372,48.87111111111111,2.3605555555555555,,25 BOULEVARD MAGENTA,,,75010,75110,"30,8",FREE MOBILE,4G | 5G,5G NR 3500 | 5G NR 700 | LTE 1800 | LTE 2100 | LTE 2600 | LTE 700 | LTE 900,En service | Techniquement opérationnel,0750990271,7,mobile_radio_site,ANFR Open Data,PUBLIC_DECLARATION
anfr-1760688,1760688,48.87694444444445,2.362777777777778,,15-19 rue du Terrage,,,75010,75110,"37,8",FREE MOBILE,4G | 5G,5G NR 3500 | 5G NR 700 | LTE 1800 | LTE 2100 | LTE 2600 | LTE 700 | LTE 900,En service | Techniquement opérationnel,0750990289,7,mobile_radio_site,ANFR Open Data,PUBLIC_DECLARATION
anfr-1805088,1805088,48.87388888888889,2.3647222222222224,,44 RUE BICHAT,,,75010,75110,"25,6",FREE MOBILE,4G | 5G,5G NR 700 | LTE 1800 | LTE 2100 | LTE 2600 | LTE 700 | LTE 900,En service | Projet approuvé,0750990306,6,mobile_radio_site,ANFR Open Data,PUBLIC_DECLARATION
anfr-2009462,2009462,48.880833333333335,2.3644444444444446,,213 RUE DU FAUBOURG SAINT MARTIN,,,75010,75110,"25,1",FREE MOBILE,4G | 5G,5G NR 3500 | 5G NR 700 | LTE 1800 | LTE 2100 | LTE 2600 | LTE 700 | LTE 900,En service | Techniquement opérationnel,0750990639,7,mobile_radio_site,ANFR Open Data,PUBLIC_DECLARATION
anfr-2023673,2023673,48.87083333333334,2.361111111111111,Métro Jacques Bonsergent,Place Jacques Bonsergent,,,75010,75110,0,FREE MOBILE | ORANGE | SFR,3G | 4G,LTE 1800 | LTE 2100 | LTE 2600 | LTE 800 | LTE 900 | UMTS 2100 | UMTS 900,En service,0750990671 | 0752292076 | 0752701995,14,mobile_radio_site,ANFR Open Data,PUBLIC_DECLARATION
anfr-2045851,2045851,48.87027777777778,2.371111111111111,Metro GONCOURT L11,Rue du Faubourg du Temple,,,75010,75110,0,FREE MOBILE | ORANGE | SFR,2G | 3G | 4G,GSM 1800 | GSM 900 | LTE 1800 | LTE 900 | UMTS 900,En service | Projet approuvé,0750990690 | 0752292112 | 0752702200,8,mobile_radio_site,ANFR Open Data,PUBLIC_DECLARATION
anfr-2045855,2045855,48.87916666666667,2.3625000000000003,Métro CHATEAU LANDON L7,Rue du Chateau Landon,,,75010,75110,0,FREE MOBILE,4G,LTE 1800,En service,0750990689,1,mobile_radio_site,ANFR Open Data,PUBLIC_DECLARATION
anfr-2060437,2060437,48.88305555555556,2.3672222222222223,,251 RUE DU FAUBOURG SAINT MARTIN,,,75010,75110,"29,8",FREE MOBILE,4G | 5G,5G NR 3500 | 5G NR 700 | LTE 1800 | LTE 2100 | LTE 2600 | LTE 700 | LTE 900,En service | Techniquement opérationnel,0750990663,7,mobile_radio_site,ANFR Open Data,PUBLIC_DECLARATION
anfr-2061741,2061741,48.87722222222222,2.3491666666666666,Métro POISSSONNIERE L7,93 rue la Fayette,,,75010,75110,0,FREE MOBILE | SFR,2G | 3G | 4G,GSM 1800 | GSM 900 | LTE 1800 | UMTS 900,En service,0750990701 | 0752702241,5,mobile_radio_site,ANFR Open Data,PUBLIC_DECLARATION
anfr-2062070,2062070,48.884166666666665,2.358611111111111,,39 BOULEVARD DE LA CHAPELLE,,,75010,75110,"24,7",FREE MOBILE,4G | 5G,5G NR 3500 | 5G NR 700 | LTE 1800 | LTE 2100 | LTE 2600 | LTE 700 | LTE 900,En service | Techniquement opérationnel,0750990670,7,mobile_radio_site,ANFR Open Data,PUBLIC_DECLARATION
anfr-2304489,2304489,48.87916666666667,2.357222222222222,,162 rue du fbg st denis,,,75010,75110,28,FREE MOBILE,4G | 5G,5G NR 3500 | 5G NR 700 | LTE 1800 | LTE 2100 | LTE 2600 | LTE 700 | LTE 900,En service | Techniquement opérationnel,0750990884,7,mobile_radio_site,ANFR Open Data,PUBLIC_DECLARATION
anfr-2307197,2307197,48.86833333333333,2.3622222222222224,,16 place de la république,,,75010,75110,"35,6",FREE MOBILE | SFR,2G | 3G | 4G | 5G,5G NR 3500 | 5G NR 700 | GSM 900 | LTE 1800 | LTE 2100 | LTE 2600 | LTE 700 | LTE 800 | LTE 900 | UMTS 900,En service | Techniquement opérationnel,0750990885 | 0752700006,15,mobile_radio_site,ANFR Open Data,PUBLIC_DECLARATION
anfr-2354165,2354165,48.88388888888889,2.3641666666666667,,41 RUE DU CHATEAU LANDON,,,75010,75110,"38,5",FREE MOBILE,4G | 5G,5G NR 3500 | 5G NR 700 | LTE 1800 | LTE 2100 | LTE 2600 | LTE 700 | LTE 900,En service | Techniquement opérationnel,0750990923,7,mobile_radio_site,ANFR Open Data,PUBLIC_DECLARATION
anfr-2466289,2466289,48.87916666666667,2.3622222222222224,,1-3 rue du Château Landon,,,75010,75110,31,FREE MOBILE,4G | 5G,5G NR 3500 | 5G NR 700 | LTE 1800 | LTE 2100 | LTE 2600 | LTE 700 | LTE 900,En service | Techniquement opérationnel,0750990947,7,mobile_radio_site,ANFR Open Data,PUBLIC_DECLARATION
anfr-2850250,2850250,48.87694444444445,2.359166666666667,,RUE DU 8 MAI 1945,,,75010,75110,30,FREE MOBILE,4G,LTE 1800 | LTE 2600 | LTE 700 | LTE 900,En service | Projet approuvé,0750991034,4,mobile_radio_site,ANFR Open Data,PUBLIC_DECLARATION
anfr-2894178,2894178,48.871944444444445,2.3766666666666665,METRO_BELLEVILLE_L2_L11,Angle boulevard de la Vilette et rue de Belleville,,,75010,75110,0,FREE MOBILE,4G,LTE 1800 | LTE 2600 | LTE 900,En service,0750991061,3,mobile_radio_site,ANFR Open Data,PUBLIC_DECLARATION
anfr-3050764,3050764,48.87361111111111,2.3736111111111113,,14 Rue du Chalet,,,75010,75110,21,FREE MOBILE | SFR,4G | 5G,5G NR 3500 | 5G NR 700 | LTE 1800 | LTE 2100 | LTE 2600 | LTE 700 | LTE 800 | LTE 900,En service | Projet approuvé | Techniquement opérationnel,0750991071 | 0752703373,13,mobile_radio_site,ANFR Open Data,PUBLIC_DECLARATION
anfr-3051621,3051621,48.87638888888889,2.368333333333333,,49-51-53 rue de la Grange aux Belles,,,75010,75110,28,FREE MOBILE | SFR,2G | 3G | 4G | 5G,5G NR 3500 | 5G NR 700 | GSM 900 | LTE 1800 | LTE 2100 | LTE 2600 | LTE 700 | LTE 800 | LTE 900 | UMTS 900,En service | Projet approuvé | Techniquement opérationnel,0750991150 | 0752702800,15,mobile_radio_site,ANFR Open Data,PUBLIC_DECLARATION
anfr-3107438,3107438,48.8725,2.37,,"10/12, AVENUE CLAUDE VELLEFAUX",,,75010,75110,28,FREE MOBILE,4G | 5G,5G NR 3500 | 5G NR 700 | LTE 1800 | LTE 2100 | LTE 2600 | LTE 700 | LTE 900,Projet approuvé,0750991164,7,mobile_radio_site,ANFR Open Data,PUBLIC_DECLARATION
anfr-3289907,3289907,48.875,2.3533333333333335,,"22B, Rue de Paradis",,,75010,75110,28,FREE MOBILE,4G | 5G,5G NR 3500 | 5G NR 700 | LTE 1800 | LTE 2100 | LTE 2600 | LTE 700 | LTE 900,Projet approuvé,0750991189,7,mobile_radio_site,ANFR Open Data,PUBLIC_DECLARATION
anfr-772828,772828,48.87416666666667,2.3583333333333334,,64 bd Magenta,,,75010,75110,23,ORANGE | SFR,2G | 3G | 4G | 5G,5G NR 3500 | 5G NR 700 | GSM 900 | LTE 1800 | LTE 2100 | LTE 2600 | LTE 700 | LTE 800 | UMTS 2100 | UMTS 900,En service | Techniquement opérationnel,0752291165 | 0752700150,15,mobile_radio_site,ANFR Open Data,PUBLIC_DECLARATION
anfr-814159,814159,48.88,2.3594444444444447,,175 r lafayette,,,75010,75110,31,ORANGE,4G | 5G,5G NR 3500 | 5G NR 700 | LTE 1800 | LTE 2100 | LTE 2600 | LTE 800,En service | Projet approuvé | Techniquement opérationnel,0752290388,6,mobile_radio_site,ANFR Open Data,PUBLIC_DECLARATION
anfr-814255,814255,48.87083333333334,2.358611111111111,,33 r du château d'eau,,,75010,75110,34,ORANGE,2G | 3G | 4G | 5G,5G NR 3500 | 5G NR 700 | GSM 900 | LTE 1800 | LTE 2100 | LTE 2600 | LTE 700 | LTE 800 | UMTS 900,En service | Techniquement opérationnel,0752290227,9,mobile_radio_site,ANFR Open Data,PUBLIC_DECLARATION
anfr-814271,814271,48.87222222222222,2.347777777777778,,17 Faubourg Poissonnières,,,75010,75110,39,ORANGE,2G | 3G | 4G | 5G,5G NR 3500 | 5G NR 700 | GSM 900 | LTE 1800 | LTE 2100 | LTE 2600 | LTE 700 | LTE 800 | UMTS 900,En service | Techniquement opérationnel,0752291178,9,mobile_radio_site,ANFR Open Data,PUBLIC_DECLARATION
anfr-814374,814374,48.870555555555555,2.368333333333333,,15 r bichat,,,75010,75110,"26,7",ORANGE,2G | 3G | 4G | 5G,5G NR 3500 | 5G NR 700 | GSM 900 | LTE 1800 | LTE 2100 | LTE 2600 | LTE 700 | LTE 800 | UMTS 900,En service | Techniquement opérationnel,0752290474,9,mobile_radio_site,ANFR Open Data,PUBLIC_DECLARATION
anfr-814382,814382,48.875,2.3530555555555557,,24 r de paradis,,,75010,75110,31,ORANGE,2G | 3G | 4G | 5G,5G NR 3500 | 5G NR 700 | GSM 900 | LTE 1800 | LTE 2100 | LTE 2600 | LTE 700 | LTE 800 | UMTS 900,En service | Techniquement opérationnel,0752290497,9,mobile_radio_site,ANFR Open Data,PUBLIC_DECLARATION
anfr-814962,814962,48.88,2.3530555555555557,,126 Bd Magenta,R de Dunkerque,,75010,75110,34,ORANGE,2G | 3G | 4G | 5G,5G NR 3500 | 5G NR 700 | GSM 900 | LTE 1800 | LTE 2100 | LTE 2600 | LTE 700 | LTE 800 | UMTS 2100 | UMTS 900,En service | Techniquement opérationnel,0752291283,10,mobile_radio_site,ANFR Open Data,PUBLIC_DECLARATION
anfr-814964,814964,48.86944444444445,2.3658333333333332,,22 r léon jouhaux,,,75010,75110,26,ORANGE,3G | 4G | 5G,5G NR 3500 | 5G NR 700 | LTE 1800 | LTE 2100 | LTE 2600 | LTE 800 | UMTS 900,En service | Techniquement opérationnel,0752291289,7,mobile_radio_site,ANFR Open Data,PUBLIC_DECLARATION
anfr-1373943,1373943,48.87972222222222,2.3697222222222223,,105 Bd de la Villette,,,75010,75110,"36,2",ORANGE,3G | 4G | 5G,5G NR 3500 | 5G NR 700 | LTE 1800 | LTE 2100 | LTE 2600 | LTE 800 | UMTS 900,En service | Techniquement opérationnel,0752290301,7,mobile_radio_site,ANFR Open Data,PUBLIC_DECLARATION
anfr-1523669,1523669,48.8775,2.3536111111111113,,20 rue des Petits Hotels,,,75010,75110,31,ORANGE,3G | 4G,LTE 1800 | LTE 2100 | LTE 2600 | LTE 800 | UMTS 900,En service,0752291905,5,mobile_radio_site,ANFR Open Data,PUBLIC_DECLARATION
anfr-1618345,1618345,48.87305555555555,2.3630555555555555,,21 RUE JEAN POULMARCH,,,75010,75110,"23,1",ORANGE,4G | 5G,5G NR 3500 | 5G NR 700 | LTE 1800 | LTE 2100 | LTE 2600 | LTE 800,En service | Projet approuvé,0752291961,6,mobile_radio_site,ANFR Open Data,PUBLIC_DECLARATION
anfr-2129811,2129811,48.88138888888889,2.356388888888889,,GARE DU NORD L5,Place Napoléon III,,75010,75110,0,ORANGE,3G | 4G,LTE 1800 | LTE 2100 | LTE 2600 | LTE 800 | UMTS 900,En service,0752292223,5,mobile_radio_site,ANFR Open Data,PUBLIC_DECLARATION
anfr-2137887,2137887,48.87583333333333,2.358611111111111,Métro GARE DE L'EST,93 boulevard de Strasbourg,,,75010,75110,0,ORANGE | SFR,2G | 3G | 4G,GSM 900 | LTE 1800 | LTE 2100 | LTE 2600 | LTE 800 | UMTS 2100 | UMTS 900,En service,0752292156 | 0752702649,11,mobile_radio_site,ANFR Open Data,PUBLIC_DECLARATION
anfr-2186558,2186558,48.87972222222222,2.3561111111111113,Métro GARE DU NORD L4,15 Rue de Dunkerque,L4/L5,,75010,75110,0,ORANGE,3G | 4G,LTE 1800 | LTE 2100 | LTE 800 | UMTS 900,En service,0752292278,4,mobile_radio_site,ANFR Open Data,PUBLIC_DECLARATION
anfr-2375835,2375835,48.88361111111111,2.35,METRO_BARBES_ROCHECHOUART_L4,49 Boulevard de la Chapelle angle Bd Barbès/Bd Rochechouart,,,75010,75110,0,ORANGE,3G | 4G,LTE 1800 | LTE 2100 | LTE 2600 | LTE 700 | LTE 800 | UMTS 900,En service,0752292425,6,mobile_radio_site,ANFR Open Data,PUBLIC_DECLARATION
anfr-2378384,2378384,48.88138888888889,2.3641666666666667,,209/213 rue Lafayette,,,75010,75110,30,ORANGE,3G | 4G,LTE 1800 | LTE 2100 | LTE 2600 | LTE 800 | UMTS 900,En service,0752292426,5,mobile_radio_site,ANFR Open Data,PUBLIC_DECLARATION
anfr-2442990,2442990,48.884166666666665,2.3675,METRO_STALINGRAD_L5_L2,151 boulevard de la Villette,,,75010,75110,0,ORANGE,3G | 4G,LTE 1800 | LTE 2100 | LTE 2600 | LTE 700 | LTE 800 | UMTS 2100 | UMTS 900,En service | Projet approuvé,0752292490,7,mobile_radio_site,ANFR Open Data,PUBLIC_DECLARATION
anfr-2449350,2449350,48.87555555555556,2.356388888888889,,77 Boulevard de Magenta,,,75010,75110,20,ORANGE,4G,LTE 1800 | LTE 2100,En service,0752292513,2,mobile_radio_site,ANFR Open Data,PUBLIC_DECLARATION
anfr-2453924,2453924,48.8725,2.350277777777778,,24 rue Hauteville,,,75010,75110,22,ORANGE,4G,LTE 1800 | LTE 2100,En service,0752292549,2,mobile_radio_site,ANFR Open Data,PUBLIC_DECLARATION
anfr-2459358,2459358,48.876666666666665,2.3533333333333335,,33 rue Chabrol,,,75010,75110,"16,5",ORANGE,4G,LTE 1800 | LTE 2100,En service,0752292558,2,mobile_radio_site,ANFR Open Data,PUBLIC_DECLARATION
anfr-2559113,2559113,48.87222222222222,2.376388888888889,METRO BELLEVILLE L2 L11,Angle boulevard de la Vilette et rue de Belleville,,,75010,75110,0,ORANGE,3G | 4G,LTE 1800 | LTE 2100 | LTE 2600 | LTE 800 | UMTS 900,En service,0752292632,5,mobile_radio_site,ANFR Open Data,PUBLIC_DECLARATION
anfr-2703457,2703457,48.8725,2.3555555555555556,Mètro CHATEAU D'EAU L4,51 boulevard de Strasbourg,,,75010,75110,0,ORANGE,3G | 4G,LTE 1800 | LTE 2100 | LTE 2600 | LTE 700 | LTE 800 | UMTS 900,En service,0752292738,6,mobile_radio_site,ANFR Open Data,PUBLIC_DECLARATION
anfr-3190750,3190750,48.87861111111111,2.3583333333333334,,33 rue d'Alsace,,,75010,75110,"26,5",ORANGE,3G | 4G | 5G,5G NR 3500 | 5G NR 700 | LTE 1800 | LTE 2100 | LTE 2600 | LTE 800 | UMTS 900,Projet approuvé,0752293033,7,mobile_radio_site,ANFR Open Data,PUBLIC_DECLARATION
anfr-422984,422984,48.86972222222222,2.363611111111111,,14 r beaurepaire,,,75010,75110,"26,5",SFR,3G | 4G,LTE 2600 | UMTS 2100,En service,0752700359,2,mobile_radio_site,ANFR Open Data,PUBLIC_DECLARATION
anfr-602039,602039,48.876666666666665,2.357222222222222,,"5, r d'alsace",,,75010,75110,33,SFR,4G,LTE 1800 | LTE 2100 | LTE 2600,En service,0752700363,3,mobile_radio_site,ANFR Open Data,PUBLIC_DECLARATION
anfr-771569,771569,48.87777777777778,2.355,,98 Bd Magenta,,,75010,75110,29,SFR,4G | 5G,5G NR 3500 | LTE 1800 | LTE 2100 | LTE 2600,En service | Techniquement opérationnel,0752700202,4,mobile_radio_site,ANFR Open Data,PUBLIC_DECLARATION
anfr-796084,796084,48.87027777777778,2.3691666666666666,,16 r bichat,,,75010,75110,25,SFR,2G | 3G | 4G | 5G,5G NR 2100 | 5G NR 3500 | GSM 900 | LTE 1800 | LTE 2100 | LTE 2600 | LTE 700 | LTE 800 | UMTS 900,En service | Projet approuvé | Techniquement opérationnel,0752700298,9,mobile_radio_site,ANFR Open Data,PUBLIC_DECLARATION
anfr-797894,797894,48.88333333333333,2.365277777777778,,18 r chaudron,,,75010,75110,"22,4",SFR,2G | 3G | 4G | 5G,5G NR 3500 | GSM 900 | LTE 1800 | LTE 2100 | LTE 2600 | LTE 800 | UMTS 900,En service | Projet approuvé,0752700357,7,mobile_radio_site,ANFR Open Data,PUBLIC_DECLARATION
anfr-867103,867103,48.88361111111111,2.3555555555555556,,"114, r de maubeuge",,,75010,75110,"37,3",SFR,2G | 3G | 4G | 5G,5G NR 3500 | GSM 900 | LTE 1800 | LTE 2100 | LTE 2600 | LTE 700 | LTE 800 | UMTS 2100 | UMTS 900,En service | Techniquement opérationnel,0752700204,9,mobile_radio_site,ANFR Open Data,PUBLIC_DECLARATION
anfr-1611711,1611711,48.87166666666667,2.3483333333333336,,51 r de l'Echiquier,,,75010,75110,"26,2",SFR,4G,LTE 1800 | LTE 2100 | LTE 2600,En service,0752700172,3,mobile_radio_site,ANFR Open Data,PUBLIC_DECLARATION
anfr-1625090,1625090,48.87833333333333,2.355,,Tunnel entre gare du Nord et Châtelet,repeteur 5,,75010,75110,7,SFR,2G | 3G | 4G,GSM 900 | LTE 1800 | LTE 2100 | LTE 2600 | LTE 700 | LTE 800 | UMTS 900,En service,0752703545,7,mobile_radio_site,ANFR Open Data,PUBLIC_DECLARATION
anfr-1625119,1625119,48.87638888888889,2.3525,,Tunnel entre gare du Nord et Châtelet,repeteur 6,,75010,75110,7,SFR,2G | 3G | 4G,GSM 900 | LTE 1800 | LTE 2100 | LTE 2600 | LTE 700 | LTE 800 | UMTS 900,En service,0752703513,7,mobile_radio_site,ANFR Open Data,PUBLIC_DECLARATION
anfr-1628826,1628826,48.88111111111111,2.3561111111111113,GARE DU NORD,,,,75010,75110,6,SFR,2G | 3G | 4G,GSM 900 | LTE 1800 | LTE 2100 | LTE 2600 | LTE 700 | LTE 800 | UMTS 900,En service,0752703510,7,mobile_radio_site,ANFR Open Data,PUBLIC_DECLARATION
anfr-1628828,1628828,48.88111111111111,2.3561111111111113,GARE DU NORD,,,,75010,75110,6,SFR,2G | 3G | 4G,GSM 900 | LTE 1800 | LTE 2100 | LTE 2600 | LTE 700 | LTE 800 | UMTS 900,En service,0752703511,7,mobile_radio_site,ANFR Open Data,PUBLIC_DECLARATION
anfr-1628832,1628832,48.88111111111111,2.3561111111111113,GARE DU NORD,,,,75010,75110,"5,5",SFR,2G | 3G | 4G,GSM 900 | LTE 1800 | LTE 2100 | LTE 2600 | LTE 700 | LTE 800 | UMTS 900,En service,0752703536,7,mobile_radio_site,ANFR Open Data,PUBLIC_DECLARATION
anfr-1650333,1650333,48.880833333333335,2.3622222222222224,,2 RUE PHILIPPE DE GIRARD,,,75010,75110,20,SFR,3G | 4G,LTE 1800 | LTE 2600 | UMTS 2100,En service,0752701951,3,mobile_radio_site,ANFR Open Data,PUBLIC_DECLARATION
anfr-1843631,1843631,48.87972222222222,2.355,METRO GARE DU NORD,PLACE NAPOLEON III,L5,,75010,75110,0,SFR,3G | 4G,LTE 1800 | LTE 2100 | LTE 2600 | LTE 800 | UMTS 2100 | UMTS 900,En service,0752702145,6,mobile_radio_site,ANFR Open Data,PUBLIC_DECLARATION
anfr-1922978,1922978,48.87222222222222,2.376388888888889,METRO BELLEVILLE,1 boulevard de la Vilette,,,75010,75110,0,SFR,3G | 4G,LTE 1800 | LTE 2100 | LTE 2600 | LTE 800 | UMTS 900,En service,0752702188,5,mobile_radio_site,ANFR Open Data,PUBLIC_DECLARATION
anfr-2032109,2032109,48.88138888888889,2.3644444444444446,METRO LOUIS BLANC,234 RUE DU FAUBOURG SAINT MARTIN,,,75010,75110,0,SFR,3G | 4G,LTE 1800 | LTE 2100 | LTE 2600 | LTE 700 | LTE 800 | UMTS 900,En service,0752702515,6,mobile_radio_site,ANFR Open Data,PUBLIC_DECLARATION
anfr-2087181,2087181,48.88388888888889,2.3675,Métro STALINGRAD,151 boulevard de la Villette,,,75010,75110,0,SFR,3G | 4G,LTE 1800 | LTE 2100 | LTE 2600 | LTE 700 | LTE 800 | UMTS 900,En service,0752702635,6,mobile_radio_site,ANFR Open Data,PUBLIC_DECLARATION
anfr-2883044,2883044,48.888888888888886,2.3658333333333332,tunnel EOLE - RER E,Rue d'Aubervilliers / Sortie Tunnel Villette,"Ligne 979000 1,44",,75010,75110,8,SFR,2G | 3G | 4G,GSM 900 | LTE 1800 | LTE 2100 | LTE 2600 | LTE 700 | LTE 800 | UMTS 900,En service,0752703534,7,mobile_radio_site,ANFR Open Data,PUBLIC_DECLARATION
anfr-2901578,2901578,48.882777777777775,2.351388888888889,,2 Rue Guy Patin- centre Vigo Petersen,,,75010,75110,30,SFR,3G | 4G | 5G,5G NR 2100 | 5G NR 3500 | LTE 1800 | LTE 2100 | LTE 2600 | LTE 700 | LTE 800 | UMTS 900,En service | Projet approuvé | Techniquement opérationnel,0752703027,8,mobile_radio_site,ANFR Open Data,PUBLIC_DECLARATION
anfr-2928056,2928056,48.882222222222225,2.363611111111111,,36 rue de l'acqueduc,Rue Louis Blanc,,75010,75110,26,SFR,4G | 5G,5G NR 3500 | LTE 1800 | LTE 2100 | LTE 2600 | LTE 700 | LTE 800,Projet approuvé,0752703105,6,mobile_radio_site,ANFR Open Data,PUBLIC_DECLARATION
anfr-2971847,2971847,48.87138888888889,2.3744444444444444,,115  RUE DU FAUBOURG DU TEMPLE,,,75010,75110,14,SFR,4G,LTE 1800 | LTE 2100,En service,0752703235,2,mobile_radio_site,ANFR Open Data,PUBLIC_DECLARATION
anfr-2989663,2989663,48.88027777777778,2.363888888888889,,207  RUE DU FAUBOURG SAINT MARTIN,,,75010,75110,"12,5",SFR,3G | 4G,LTE 1800 | LTE 2600 | UMTS 2100,En service | Projet approuvé,0752703277,3,mobile_radio_site,ANFR Open Data,PUBLIC_DECLARATION
anfr-2993061,2993061,48.87111111111111,2.3533333333333335,,2 rue de l'Echiquier 10,,,75010,75110,18,SFR,4G,LTE 1800 | LTE 2100,En service,0752703291,2,mobile_radio_site,ANFR Open Data,PUBLIC_DECLARATION
anfr-2994210,2994210,48.88194444444444,2.3675,,218  RUE LA FAYETTE,,,75010,75110,22,SFR,4G,LTE 1800 | LTE 2100,En service,0752703278,2,mobile_radio_site,ANFR Open Data,PUBLIC_DECLARATION
anfr-3013698,3013698,48.873333333333335,2.371111111111111,,212 RUE SAINT MAUR,,,75010,75110,"23,5",SFR,3G | 4G | 5G,5G NR 2100 | 5G NR 3500 | LTE 1800 | LTE 2100 | LTE 2600 | LTE 700 | LTE 800 | UMTS 900,En service | Projet approuvé | Techniquement opérationnel,0752703347,8,mobile_radio_site,ANFR Open Data,PUBLIC_DECLARATION
anfr-3042668,3042668,48.88361111111111,2.3630555555555555,,9 BD DE LA CHAPELLE,,,75010,75110,27,SFR,4G | 5G,5G NR 3500 | LTE 1800 | LTE 2100 | LTE 2600 | LTE 700 | LTE 800,Projet approuvé,0752703367,6,mobile_radio_site,ANFR Open Data,PUBLIC_DECLARATION
anfr-3050537,3050537,48.88027777777778,2.355,METRO GARE DU NORD_L4,15 RUE DE DUNKERQUE,10 PLACE  NAPOLEON  III,,75010,75110,0,SFR,3G | 4G,LTE 1800 | LTE 2100 | LTE 2600 | LTE 800 | UMTS 900,En service,0752703376,5,mobile_radio_site,ANFR Open Data,PUBLIC_DECLARATION
anfr-3050973,3050973,48.87583333333333,2.358611111111111,Métro GARE DE L'EST,4 rue du 8 mai 1945,Metro L5 / L7,,75010,75110,0,SFR,3G | 4G,LTE 1800 | LTE 2100 | LTE 2600 | LTE 800 | UMTS 900,En service,0752703385,5,mobile_radio_site,ANFR Open Data,PUBLIC_DECLARATION
anfr-3051421,3051421,48.86944444444445,2.3525,METRO STRASBOURG ST DENIS,Angle bvd Saint-Denis/rue Saint Denis,Metro L8 / L9,,75002,75110,0,SFR,3G | 4G,LTE 800 | UMTS 900,En service,0752703392,2,mobile_radio_site,ANFR Open Data,PUBLIC_DECLARATION
anfr-3070245,3070245,48.87166666666667,2.3516666666666666,,19 Rue d'Enghien,,,75010,75110,"31,1",SFR,3G | 4G | 5G,5G NR 3500 | LTE 1800 | LTE 2100 | LTE 2600 | LTE 700 | LTE 800 | UMTS 900,Projet approuvé,0752703437,7,mobile_radio_site,ANFR Open Data,PUBLIC_DECLARATION
anfr-3166732,3166732,48.876666666666665,2.3536111111111113,RER E - CHABROL,Rue de CHABROL,ligne 9790000 pk 0.2,Rameau CHABROL,75010,75110,0,SFR,2G | 3G | 4G,GSM 900 | LTE 1800 | LTE 2100 | LTE 2600 | LTE 700 | LTE 800 | UMTS 900,En service,0752703569,7,mobile_radio_site,ANFR Open Data,PUBLIC_DECLARATION
anfr-440178,440178,48.86,2.3738888888888887,,17 imp truillot,,,75011,75111,24,BOUYGUES TELECOM | ORANGE,3G | 4G | 5G,5G NR 2100 | 5G NR 3500 | 5G NR 700 | LTE 1800 | LTE 2100 | LTE 2600 | LTE 700 | LTE 800 | UMTS 900,En service | Techniquement opérationnel,0752291425 | 0752751602,15,mobile_radio_site,ANFR Open Data,PUBLIC_DECLARATION
anfr-447968,447968,48.855000000000004,2.3730555555555557,,33 R DE LA ROQUETTE,,,75011,75111,"40,6",BOUYGUES TELECOM,2G | 3G | 4G | 5G,5G NR 2100 | 5G NR 3500 | GSM 900 | LTE 1800 | LTE 2100 | LTE 2600 | LTE 700 | LTE 800 | UMTS 900,En service | Techniquement opérationnel,0752750584,9,mobile_radio_site,ANFR Open Data,PUBLIC_DECLARATION
anfr-450539,450539,48.86611111111111,2.365555555555556,,6 Bd Voltaire,,,75011,75111,34,BOUYGUES TELECOM | ORANGE | SFR,2G | 3G | 4G | 5G,5G NR 2100 | 5G NR 3500 | 5G NR 700 | GSM 900 | LTE 1800 | LTE 2100 | LTE 2600 | LTE 700 | LTE 800 | UMTS 900,En service | Projet approuvé | Techniquement opérationnel,0752291567 | 0752700175 | 0752750300,24,mobile_radio_site,ANFR Open Data,PUBLIC_DECLARATION
anfr-560146,560146,48.86666666666667,2.3805555555555555,,"137,139 R OBERKAMPF",,,75011,75111,38,BOUYGUES TELECOM | ORANGE,2G | 3G | 4G | 5G,5G NR 2100 | 5G NR 3500 | 5G NR 700 | GSM 900 | LTE 1800 | LTE 2100 | LTE 2600 | LTE 700 | LTE 800 | UMTS 900,En service | Projet approuvé | Techniquement opérationnel,0752291399 | 0752750152,19,mobile_radio_site,ANFR Open Data,PUBLIC_DECLARATION
anfr-568482,568482,48.87166666666667,2.376388888888889,,19 R LOUIS BONNET,,,75011,75111,30,BOUYGUES TELECOM,2G | 3G | 4G | 5G,5G NR 2100 | 5G NR 3500 | GSM 900 | LTE 1800 | LTE 2100 | LTE 2600 | LTE 700 | LTE 800 | UMTS 900,En service | Techniquement opérationnel,0752750719,9,mobile_radio_site,ANFR Open Data,PUBLIC_DECLARATION
anfr-610928,610928,48.869166666666665,2.3741666666666665,,154 R ST MAUR,,,75011,75111,25,BOUYGUES TELECOM,2G | 4G | 5G,5G NR 2100 | GSM 900 | LTE 1800 | LTE 2100 | LTE 2600 | LTE 700 | LTE 800,En service | Techniquement opérationnel,0752750863,7,mobile_radio_site,ANFR Open Data,PUBLIC_DECLARATION
anfr-610944,610944,48.85638888888889,2.3858333333333333,,53-55 R LEON FROT,,,75011,75111,"27,7",BOUYGUES TELECOM,2G | 3G | 4G | 5G,5G NR 2100 | 5G NR 3500 | GSM 900 | LTE 1800 | LTE 2100 | LTE 2600 | LTE 700 | LTE 800 | UMTS 900,En service | Techniquement opérationnel,0752750745,9,mobile_radio_site,ANFR Open Data,PUBLIC_DECLARATION
anfr-644275,644275,48.867222222222225,2.3708333333333336,,10 R DE LA PIERRE LEVEE,,,75011,75111,35,BOUYGUES TELECOM,3G | 4G | 5G,5G NR 2100 | 5G NR 3500 | LTE 1800 | LTE 2100 | LTE 2600 | LTE 700 | LTE 800 | UMTS 900,En service | Techniquement opérationnel,0752750738,8,mobile_radio_site,ANFR Open Data,PUBLIC_DECLARATION
anfr-657994,657994,48.85166666666667,2.3833333333333333,,"17, 19 R FAIDHERBE",,,75011,75111,41,BOUYGUES TELECOM | ORANGE,2G | 3G | 4G | 5G,5G NR 2100 | 5G NR 3500 | 5G NR 700 | GSM 900 | LTE 1800 | LTE 2100 | LTE 2600 | LTE 700 | LTE 800 | UMTS 900,En service | Projet approuvé | Techniquement opérationnel,0752291573 | 0752750806,18,mobile_radio_site,ANFR Open Data,PUBLIC_DECLARATION
anfr-691512,691512,48.85166666666667,2.3755555555555556,,97 r du Faubourg St Antoine,,,75011,75111,35,BOUYGUES TELECOM | ORANGE,2G | 3G | 4G | 5G,5G NR 2100 | 5G NR 3500 | 5G NR 700 | GSM 900 | LTE 1800 | LTE 2100 | LTE 2600 | LTE 700 | LTE 800 | UMTS 900,En service | Techniquement opérationnel,0752290122 | 0752750138,18,mobile_radio_site,ANFR Open Data,PUBLIC_DECLARATION
anfr-691522,691522,48.85416666666667,2.3775,,121-125 Av Ledru Rollin,,,75011,75111,41,BOUYGUES TELECOM | ORANGE | SFR,2G | 3G | 4G | 5G,5G NR 2100 | 5G NR 3500 | 5G NR 700 | GSM 900 | LTE 1800 | LTE 2100 | LTE 2600 | LTE 700 | LTE 800 | UMTS 2100 | UMTS 900,En service | Techniquement opérationnel,0752290376 | 0752700252 | 0752750753,24,mobile_radio_site,ANFR Open Data,PUBLIC_DECLARATION
anfr-692259,692259,48.86138888888889,2.3852777777777776,,61 r de la Folie Regnault,,,75011,75111,37,BOUYGUES TELECOM | ORANGE,2G | 3G | 4G | 5G,5G NR 2100 | 5G NR 3500 | GSM 900 | LTE 1800 | LTE 2100 | LTE 2600 | LTE 700 | LTE 800 | UMTS 900,En service | Techniquement opérationnel,0752290489 | 0752750612,14,mobile_radio_site,ANFR Open Data,PUBLIC_DECLARATION
anfr-695031,695031,48.862500000000004,2.3775,,27 r st Ambroise,,,75011,75111,32,BOUYGUES TELECOM | FREE MOBILE | SFR,2G | 3G | 4G | 5G,5G NR 2100 | 5G NR 3500 | 5G NR 700 | GSM 900 | LTE 1800 | LTE 2100 | LTE 2600 | LTE 700 | LTE 800 | LTE 900 | UMTS 2100 | UMTS 900,En service | Techniquement opérationnel,0750990825 | 0752700251 | 0752750807,25,mobile_radio_site,ANFR Open Data,PUBLIC_DECLARATION
anfr-695336,695336,48.8575,2.3822222222222225,,"12, 14 R Auguste Laurent",,,75011,75111,34,BOUYGUES TELECOM,2G | 4G | 5G,5G NR 2100 | 5G NR 3500 | GSM 900 | LTE 1800 | LTE 2600 | LTE 700 | LTE 800,En service | Techniquement opérationnel,0752750049,7,mobile_radio_site,ANFR Open Data,PUBLIC_DECLARATION
anfr-695344,695344,48.859722222222224,2.388333333333333,,204 R de la Roquette,,,75011,75111,30,BOUYGUES TELECOM,4G | 5G,5G NR 2100 | 5G NR 3500 | LTE 1800 | LTE 2100 | LTE 2600 | LTE 700 | LTE 800,En service | Techniquement opérationnel,0752750409,7,mobile_radio_site,ANFR Open Data,PUBLIC_DECLARATION
anfr-695348,695348,48.85138888888889,2.3944444444444444,,26 AV Philippe Auguste,,,75011,75111,36,BOUYGUES TELECOM,4G | 5G,5G NR 2100 | 5G NR 3500 | LTE 1800 | LTE 2100 | LTE 2600 | LTE 700 | LTE 800,En service | Techniquement opérationnel,0752750549,7,mobile_radio_site,ANFR Open Data,PUBLIC_DECLARATION
anfr-695350,695350,48.86472222222223,2.368888888888889,,33 Bd Voltaire,,,75011,75111,30,BOUYGUES TELECOM,2G | 3G | 4G | 5G,5G NR 2100 | 5G NR 3500 | GSM 900 | LTE 1800 | LTE 2100 | LTE 2600 | LTE 700 | LTE 800 | UMTS 900,En service | Techniquement opérationnel,0752750913,9,mobile_radio_site,ANFR Open Data,PUBLIC_DECLARATION
anfr-695352,695352,48.85583333333334,2.3827777777777777,,7 R Gobert,,,75011,75111,25,BOUYGUES TELECOM,3G | 4G | 5G,5G NR 2100 | 5G NR 3500 | LTE 1800 | LTE 2100 | LTE 2600 | LTE 700 | LTE 800 | UMTS 900,En service | Techniquement opérationnel,0752751343,8,mobile_radio_site,ANFR Open Data,PUBLIC_DECLARATION
anfr-800931,800931,48.856944444444444,2.3786111111111112,,179 -181 AV LEDR ROLLIN,,,75011,75111,"31,2",BOUYGUES TELECOM,3G | 4G | 5G,5G NR 2100 | 5G NR 3500 | LTE 1800 | LTE 2100 | LTE 2600 | LTE 700 | LTE 800 | UMTS 900,En service | Techniquement opérationnel,0752750907,8,mobile_radio_site,ANFR Open Data,PUBLIC_DECLARATION
anfr-1007468,1007468,48.865,2.3744444444444444,,48 AV DE LA REPUBLIQUE,,,75011,75111,28,BOUYGUES TELECOM,3G | 4G | 5G,5G NR 2100 | 5G NR 3500 | LTE 1800 | LTE 2100 | LTE 2600 | LTE 700 | LTE 800 | UMTS 900,En service | Techniquement opérationnel,0752751661,8,mobile_radio_site,ANFR Open Data,PUBLIC_DECLARATION
anfr-1434131,1434131,48.868611111111115,2.3805555555555555,,25 BD BELLEVILLE,,,75011,75111,"31,1",BOUYGUES TELECOM,2G,GSM 1800,En service,0752751788,1,mobile_radio_site,ANFR Open Data,PUBLIC_DECLARATION
anfr-1461500,1461500,48.85722222222223,2.3925,,129 BD DE CHARONNE,,,75011,75111,"30,1",BOUYGUES TELECOM,3G | 4G | 5G,5G NR 2100 | 5G NR 3500 | LTE 1800 | LTE 2100 | LTE 2600 | LTE 700 | LTE 800 | UMTS 900,En service | Techniquement opérationnel,0752751994,8,mobile_radio_site,ANFR Open Data,PUBLIC_DECLARATION
anfr-1466968,1466968,48.85111111111111,2.3805555555555555,,12 R DE LA FORGE ROYALE,,,75011,75111,16,BOUYGUES TELECOM,2G | 3G | 4G,GSM 1800 | LTE 1800 | UMTS 2100,En service,0752751996,3,mobile_radio_site,ANFR Open Data,PUBLIC_DECLARATION
anfr-1474194,1474194,48.850833333333334,2.3897222222222223,,57 rue de Montreuil,,,75011,75111,43,BOUYGUES TELECOM | FREE MOBILE | SFR,3G | 4G | 5G,5G NR 2100 | 5G NR 3500 | 5G NR 700 | LTE 1800 | LTE 2100 | LTE 2600 | LTE 700 | LTE 800 | LTE 900 | UMTS 900,En service | Techniquement opérationnel,0750990176 | 0752702959 | 0752750540,21,mobile_radio_site,ANFR Open Data,PUBLIC_DECLARATION
anfr-1475936,1475936,48.86833333333333,2.379722222222222,,110 RUE JEAN-PIERRE TIMBAUD,,,75011,75111,"46,7",BOUYGUES TELECOM | FREE MOBILE | SFR,2G | 3G | 4G | 5G,5G NR 2100 | 5G NR 3500 | 5G NR 700 | GSM 900 | LTE 1800 | LTE 2100 | LTE 2600 | LTE 700 | LTE 800 | LTE 900 | UMTS 2100 | UMTS 900,En service | Techniquement opérationnel,0750990179 | 0752700255 | 0752752980,23,mobile_radio_site,ANFR Open Data,PUBLIC_DECLARATION
anfr-1544676,1544676,48.86277777777778,2.3833333333333333,,104 AV DE LA REPUBLIQUE,,,75011,75111,"27,4",BOUYGUES TELECOM,4G | 5G,5G NR 2100 | 5G NR 3500 | LTE 1800 | LTE 2100 | LTE 2600 | LTE 700 | LTE 800,En service | Techniquement opérationnel,0752752065,7,mobile_radio_site,ANFR Open Data,PUBLIC_DECLARATION
anfr-1838956,1838956,48.85472222222222,2.395277777777778,,87/89 BOULEVARD DE CHARONNE,,,75011,75111,25,BOUYGUES TELECOM | FREE MOBILE | SFR,2G | 3G | 4G | 5G,5G NR 2100 | 5G NR 3500 | 5G NR 700 | GSM 900 | LTE 1800 | LTE 2100 | LTE 2600 | LTE 700 | LTE 800 | LTE 900 | UMTS 2100 | UMTS 900,En service | Projet approuvé | Techniquement opérationnel,0750990012 | 0752702143 | 0752752072,22,mobile_radio_site,ANFR Open Data,PUBLIC_DECLARATION
anfr-1853200,1853200,48.85333333333333,2.3708333333333336,,5 R du Faubourg St-Antoine,,,75011,75111,"25,4",BOUYGUES TELECOM | FREE MOBILE,3G | 4G | 5G,5G NR 2100 | 5G NR 3500 | 5G NR 700 | LTE 1800 | LTE 2100 | LTE 2600 | LTE 700 | LTE 800 | LTE 900 | UMTS 900,En service | Projet approuvé | Techniquement opérationnel,0750990503 | 0752750915,15,mobile_radio_site,ANFR Open Data,PUBLIC_DECLARATION
anfr-1888222,1888222,48.85166666666667,2.3786111111111112,,13 RUE TROUSSEAU,,,75011,75111,"27,7",BOUYGUES TELECOM | FREE MOBILE | SFR,2G | 3G | 4G | 5G,5G NR 2100 | 5G NR 3500 | 5G NR 700 | GSM 900 | LTE 1800 | LTE 2100 | LTE 2600 | LTE 700 | LTE 800 | LTE 900 | UMTS 900,En service | Techniquement opérationnel,0750990550 | 0752702798 | 0752752076,22,mobile_radio_site,ANFR Open Data,PUBLIC_DECLARATION
anfr-2101038,2101038,48.85583333333334,2.390833333333333,,165 Rue de Charonne,,,75011,75111,34,BOUYGUES TELECOM | FREE MOBILE | ORANGE | SFR,2G | 3G | 4G | 5G,5G NR 2100 | 5G NR 3500 | 5G NR 700 | GSM 900 | LTE 1800 | LTE 2100 | LTE 2600 | LTE 700 | LTE 800 | LTE 900 | UMTS 900,En service | Projet approuvé | Techniquement opérationnel,0750990752 | 0752291979 | 0752702809 | 0752752719,33,mobile_radio_site,ANFR Open Data,PUBLIC_DECLARATION
anfr-2210187,2210187,48.85305555555556,2.388611111111111,,197 Bd Voltaire,r Léon Frot,,75011,75111,32,BOUYGUES TELECOM | FREE MOBILE,3G | 4G | 5G,5G NR 2100 | 5G NR 3500 | 5G NR 700 | LTE 1800 | LTE 2100 | LTE 2600 | LTE 700 | LTE 800 | LTE 900 | UMTS 900,En service | Techniquement opérationnel,0750990799 | 0752750686,15,mobile_radio_site,ANFR Open Data,PUBLIC_DECLARATION
anfr-2230498,2230498,48.86555555555556,2.3744444444444444,Métro PARMENTIER_L3,88bis avenue Parmentier,,,75011,75111,0,BOUYGUES TELECOM | ORANGE,3G | 4G,LTE 1800 | LTE 2100 | LTE 2600 | LTE 700 | LTE 800 | UMTS 900,En service,0752292323 | 0752752479,12,mobile_radio_site,ANFR Open Data,PUBLIC_DECLARATION
anfr-2238943,2238943,48.864444444444445,2.368611111111111,METRO OBERKAMPF - L5-9,20 R DE CRUSSOL,,,75011,75111,1,BOUYGUES TELECOM,3G | 4G,LTE 1800 | LTE 2100 | LTE 2600 | LTE 800 | UMTS 2100 | UMTS 900,En service,0752752534,6,mobile_radio_site,ANFR Open Data,PUBLIC_DECLARATION
anfr-2294006,2294006,48.85805555555556,2.3691666666666666,,41 RUE SAINT SABIN,,,75011,75111,"26,8",BOUYGUES TELECOM | FREE MOBILE,2G | 3G | 4G | 5G,5G NR 2100 | 5G NR 3500 | 5G NR 700 | GSM 900 | LTE 1800 | LTE 2100 | LTE 2600 | LTE 700 | LTE 800 | LTE 900 | UMTS 900,En service | Techniquement opérationnel,0750990846 | 0752752138,16,mobile_radio_site,ANFR Open Data,PUBLIC_DECLARATION
anfr-2310611,2310611,48.85444444444445,2.3858333333333333,METRO CHARONNE L9,188 BD VOLTAIRE -,CHARONNE - L9,,75011,75111,1,BOUYGUES TELECOM,3G | 4G,LTE 1800 | LTE 2100 | LTE 2600 | LTE 800 | UMTS 900,En service,0752752652,5,mobile_radio_site,ANFR Open Data,PUBLIC_DECLARATION
anfr-2463116,2463116,48.86055555555556,2.370277777777778,,11 RUE ALPHONSE BAUDIN,,,75011,75111,31,BOUYGUES TELECOM | FREE MOBILE,2G | 3G | 4G | 5G,5G NR 2100 | 5G NR 3500 | 5G NR 700 | GSM 900 | LTE 1800 | LTE 2100 | LTE 2600 | LTE 700 | LTE 800 | LTE 900 | UMTS 900,En service | Techniquement opérationnel,0750990945 | 0752750788,16,mobile_radio_site,ANFR Open Data,PUBLIC_DECLARATION
anfr-2532004,2532004,48.85888888888889,2.383888888888889,,3 R SERVAN,,,75011,75111,"35,9",BOUYGUES TELECOM | SFR,2G | 3G | 4G | 5G,5G NR 2100 | 5G NR 3500 | GSM 900 | LTE 1800 | LTE 2100 | LTE 2600 | LTE 700 | LTE 800 | UMTS 2100 | UMTS 900,En service | Techniquement opérationnel,0752700037 | 0752752732,17,mobile_radio_site,ANFR Open Data,PUBLIC_DECLARATION
anfr-2553420,2553420,48.85333333333333,2.388333333333333,,6 R LEON FROT,,,75011,75111,"27,3",BOUYGUES TELECOM,3G | 4G | 5G,5G NR 2100 | 5G NR 3500 | LTE 1800 | LTE 2100 | LTE 2600 | LTE 700 | LTE 800 | UMTS 900,En service | Techniquement opérationnel,0752752769,8,mobile_radio_site,ANFR Open Data,PUBLIC_DECLARATION
anfr-2700081,2700081,48.858333333333334,2.378888888888889,METRO VOLTAIRE L9,130 BD VOLTAIRE,,,75011,75111,1,BOUYGUES TELECOM,3G | 4G,LTE 1800 | LTE 2100 | LTE 2600 | LTE 800 | UMTS 900,En service,0752752762,5,mobile_radio_site,ANFR Open Data,PUBLIC_DECLARATION
anfr-2701278,2701278,48.868611111111115,2.377222222222222,,10 B R MORAND,,,75011,75111,"24,8",BOUYGUES TELECOM,3G | 4G | 5G,5G NR 2100 | LTE 1800 | LTE 2100 | LTE 2600 | LTE 700 | LTE 800 | UMTS 900,En service | Techniquement opérationnel,0752752768,7,mobile_radio_site,ANFR Open Data,PUBLIC_DECLARATION
anfr-2758386,2758386,48.86972222222222,2.3708333333333336,,135 AV PARMENTIER,,,75011,75111,29,BOUYGUES TELECOM,3G | 4G | 5G,5G NR 2100 | 5G NR 3500 | LTE 1800 | LTE 2100 | LTE 2600 | LTE 700 | LTE 800 | UMTS 900,En service | Projet approuvé | Techniquement opérationnel,0752752832,8,mobile_radio_site,ANFR Open Data,PUBLIC_DECLARATION
anfr-2952312,2952312,48.8525,2.3930555555555557,,53 AV PHILIPPE AUGUSTE,,,75011,75111,"29,3",BOUYGUES TELECOM,3G | 4G | 5G,5G NR 2100 | LTE 1800 | LTE 2100 | LTE 2600 | LTE 700 | LTE 800 | UMTS 900,En service | Techniquement opérationnel,0752752895,7,mobile_radio_site,ANFR Open Data,PUBLIC_DECLARATION
anfr-3115323,3115323,48.84916666666667,2.3938888888888887,,290 Boulevard Voltaire,,,75011,75111,"26,9",BOUYGUES TELECOM,3G | 4G | 5G,5G NR 2100 | 5G NR 3500 | LTE 1800 | LTE 2100 | LTE 2600 | LTE 700 | LTE 800 | UMTS 900,En service | Projet approuvé | Techniquement opérationnel,0752752807,8,mobile_radio_site,ANFR Open Data,PUBLIC_DECLARATION
anfr-3329133,3329133,48.86472222222223,2.378888888888889,,"65, avenue de la République",,,75011,75111,"30,9",BOUYGUES TELECOM | FREE MOBILE,4G | 5G,5G NR 2100 | 5G NR 3500 | 5G NR 700 | LTE 1800 | LTE 2100 | LTE 2600 | LTE 700 | LTE 800 | LTE 900,En service | Projet approuvé | Techniquement opérationnel,0750990791 | 0752753063,12,mobile_radio_site,ANFR Open Data,PUBLIC_DECLARATION
anfr-695039,695039,48.85805555555556,2.3775,,64 r Sedaine,,,75011,75111,23,FREE MOBILE | SFR,3G | 4G | 5G,5G NR 3500 | 5G NR 700 | LTE 1800 | LTE 2100 | LTE 2600 | LTE 700 | LTE 900 | UMTS 2100,En service | Techniquement opérationnel,0750990056 | 0752700400,11,mobile_radio_site,ANFR Open Data,PUBLIC_DECLARATION
anfr-1068655,1068655,48.86638888888889,2.3830555555555555,,135 BOULEVARD DE MENILMONTANT,,,75011,75111,"27,6",FREE MOBILE,4G | 5G,5G NR 700 | LTE 1800 | LTE 2100 | LTE 2600 | LTE 700 | LTE 900,En service | Projet approuvé,0750990057,6,mobile_radio_site,ANFR Open Data,PUBLIC_DECLARATION
anfr-1190339,1190339,48.8675,2.372777777777778,,107 AVENUE PARMENTIER,,,75011,75111,"27,5",FREE MOBILE,4G | 5G,5G NR 3500 | 5G NR 700 | LTE 1800 | LTE 2100 | LTE 2600 | LTE 700 | LTE 900,En service | Techniquement opérationnel,0750990065,7,mobile_radio_site,ANFR Open Data,PUBLIC_DECLARATION
anfr-1288056,1288056,48.87083333333334,2.376388888888889,,7 RUE LOUIS BONNET,,,75011,75111,25,FREE MOBILE,4G | 5G,5G NR 3500 | 5G NR 700 | LTE 1800 | LTE 2100 | LTE 2600 | LTE 700 | LTE 900,En service | Techniquement opérationnel,0750990093,7,mobile_radio_site,ANFR Open Data,PUBLIC_DECLARATION
anfr-1319364,1319364,48.86805555555556,2.368333333333333,,103 RUE DE LA FOLIE MERICOURT,,,75011,75111,"30,2",FREE MOBILE,4G | 5G,5G NR 700 | LTE 1800 | LTE 2100 | LTE 2600 | LTE 700 | LTE 900,En service | Projet approuvé,0750990114,6,mobile_radio_site,ANFR Open Data,PUBLIC_DECLARATION
anfr-1470783,1470783,48.85888888888889,2.3855555555555554,,16 RUE DE LA CROIX FAUBIN,,,75011,75111,"30,6",FREE MOBILE,4G | 5G,5G NR 3500 | 5G NR 700 | LTE 1800 | LTE 2100 | LTE 2600 | LTE 700 | LTE 900,En service | Techniquement opérationnel,0750990174,7,mobile_radio_site,ANFR Open Data,PUBLIC_DECLARATION
anfr-1523228,1523228,48.85388888888889,2.374722222222222,,PASSAGE DES TAILLANDIERS,,,75011,75111,"27,4",FREE MOBILE,4G | 5G,5G NR 3500 | 5G NR 700 | LTE 1800 | LTE 2100 | LTE 2600 | LTE 700 | LTE 900,En service | Techniquement opérationnel,0750990201,7,mobile_radio_site,ANFR Open Data,PUBLIC_DECLARATION
anfr-1623267,1623267,48.858333333333334,2.3722222222222222,,21 rue du chemin vert,,,75011,75111,"30,5",FREE MOBILE,4G | 5G,5G NR 3500 | 5G NR 700 | LTE 1800 | LTE 2100 | LTE 2600 | LTE 700 | LTE 900,En service | Techniquement opérationnel,0750990243,7,mobile_radio_site,ANFR Open Data,PUBLIC_DECLARATION
anfr-1627613,1627613,48.855000000000004,2.3858333333333333,,123 r de charonne,,,75011,75111,"28,2",FREE MOBILE | ORANGE,4G | 5G,5G NR 3500 | 5G NR 700 | LTE 1800 | LTE 2100 | LTE 2600 | LTE 700 | LTE 800 | LTE 900,En service | Techniquement opérationnel,0750990244 | 0752291499,13,mobile_radio_site,ANFR Open Data,PUBLIC_DECLARATION
anfr-1922294,1922294,48.86416666666667,2.375,,67-69 AVENUE PARMENTIER,,,75011,75111,"29,2",FREE MOBILE,4G | 5G,5G NR 3500 | 5G NR 700 | LTE 1800 | LTE 2100 | LTE 2600 | LTE 700 | LTE 900,En service | Techniquement opérationnel,0750990589,7,mobile_radio_site,ANFR Open Data,PUBLIC_DECLARATION
anfr-1954394,1954394,48.85055555555556,2.3819444444444446,,191 RUE DU FAUBOURG SAINT ANTOINE,,,75011,75111,"24,2",FREE MOBILE,4G | 5G,5G NR 3500 | 5G NR 700 | LTE 1800 | LTE 2100 | LTE 2600 | LTE 700 | LTE 900,En service | Techniquement opérationnel,0750990606,7,mobile_radio_site,ANFR Open Data,PUBLIC_DECLARATION
anfr-2008503,2008503,48.85638888888889,2.3941666666666666,METRO ALEXANDRE DUMAS L2,Face au 111 boulevard de Charonne,,,75011,75111,0,FREE MOBILE | ORANGE | SFR,2G | 3G | 4G,GSM 1800 | GSM 900 | LTE 1800 | LTE 900 | UMTS 900,En service | Projet approuvé,0750990694 | 0752292074 | 0752701987,8,mobile_radio_site,ANFR Open Data,PUBLIC_DECLARATION
anfr-2009460,2009460,48.85055555555556,2.395277777777778,,94 RUE DE MONTREUIL,,,75011,75111,"21,5",FREE MOBILE,4G | 5G,5G NR 3500 | 5G NR 700 | LTE 1800 | LTE 2100 | LTE 2600 | LTE 700 | LTE 900,En service | Techniquement opérationnel,0750990638,7,mobile_radio_site,ANFR Open Data,PUBLIC_DECLARATION
anfr-2027194,2027194,48.85861111111111,2.388611111111111,,196 BIS RUE DE LA ROQUETTE,,,75011,75111,"23,2",FREE MOBILE,4G | 5G,5G NR 3500 | 5G NR 700 | LTE 1800 | LTE 2100 | LTE 2600 | LTE 700 | LTE 900,En service | Techniquement opérationnel,0750990645,7,mobile_radio_site,ANFR Open Data,PUBLIC_DECLARATION
anfr-2029694,2029694,48.861111111111114,2.3672222222222223,Métro SAINT SEBASTIEN FRO,Bld des filles du Calvaire angle Rue Froissart,,,75011,75111,0,FREE MOBILE | ORANGE | SFR,2G | 3G | 4G,GSM 1800 | GSM 900 | LTE 1800 | LTE 900 | UMTS 900,En service | Projet approuvé,0750990673 | 0752292080 | 0752702248,8,mobile_radio_site,ANFR Open Data,PUBLIC_DECLARATION
anfr-2052493,2052493,48.86333333333334,2.3669444444444445,Métro FILLES DU CALVAIRE L8,"Bld du temple, face Cirque d'Hiver",,,75011,75111,0,FREE MOBILE | ORANGE | SFR,2G | 3G | 4G,GSM 1800 | GSM 900 | LTE 1800 | LTE 900 | UMTS 900,En service | Projet approuvé,0750990702 | 0752292132 | 0752702344,8,mobile_radio_site,ANFR Open Data,PUBLIC_DECLARATION
anfr-2054232,2054232,48.86638888888889,2.365,,54 Bd du temple,,,75011,75111,30,FREE MOBILE,4G | 5G,5G NR 3500 | 5G NR 700 | LTE 1800 | LTE 2100 | LTE 2600 | LTE 700 | LTE 900,En service | Techniquement opérationnel,0750990207,7,mobile_radio_site,ANFR Open Data,PUBLIC_DECLARATION
anfr-2085974,2085974,48.861666666666665,2.3744444444444444,,69 BOULEVARD VOLTAIRE,,,75011,75111,"27,9",FREE MOBILE,4G | 5G,5G NR 3500 | 5G NR 700 | LTE 1800 | LTE 2100 | LTE 2600 | LTE 700 | LTE 900,En service | Techniquement opérationnel,0750990712,7,mobile_radio_site,ANFR Open Data,PUBLIC_DECLARATION
anfr-2089712,2089712,48.856944444444444,2.379722222222222,,170 AVENUE LEDRU ROLLIN,,,75011,75111,"33,1",FREE MOBILE,4G | 5G,5G NR 3500 | 5G NR 700 | LTE 1800 | LTE 2100 | LTE 2600 | LTE 700 | LTE 900,En service | Techniquement opérationnel,0750990723,7,mobile_radio_site,ANFR Open Data,PUBLIC_DECLARATION
anfr-2093452,2093452,48.856944444444444,2.3705555555555557,Métro BREGUET SABIN L5,Boulevard Richard Lenoir angle Rue St Sabin,,,75011,75111,0,FREE MOBILE | ORANGE | SFR,2G | 3G | 4G,GSM 1800 | GSM 900 | LTE 1800 | LTE 900 | UMTS 900,En service | Projet approuvé,0750990730 | 0752292114 | 0752702261,8,mobile_radio_site,ANFR Open Data,PUBLIC_DECLARATION
anfr-2097422,2097422,48.86694444444444,2.3830555555555555,Métro MENILMONTANT L2,Bld de Menilmontant,,,75011,75111,0,FREE MOBILE | ORANGE,3G | 4G,LTE 1800 | LTE 900 | UMTS 900,En service,0750990742 | 0752292146,4,mobile_radio_site,ANFR Open Data,PUBLIC_DECLARATION
anfr-2166501,2166501,48.864444444444445,2.3777777777777778,,70 AVENUE DE LA REPUBLIQUE,,,75011,75111,31,FREE MOBILE,4G | 5G,5G NR 3500 | 5G NR 700 | LTE 1800 | LTE 2100 | LTE 2600 | LTE 700 | LTE 900,En service | Projet approuvé | Techniquement opérationnel,0750990775,7,mobile_radio_site,ANFR Open Data,PUBLIC_DECLARATION
anfr-2166503,2166503,48.87,2.3713888888888888,,"150, avenue Parmentier",,,75011,75111,31,FREE MOBILE,4G | 5G,5G NR 3500 | 5G NR 700 | LTE 1800 | LTE 2100 | LTE 2600 | LTE 700 | LTE 900,En service | Techniquement opérationnel,0750990776,7,mobile_radio_site,ANFR Open Data,PUBLIC_DECLARATION
anfr-2244236,2244236,48.85583333333334,2.3716666666666666,,22 RUE SAINT SABIN,,,75011,75111,"23,9",FREE MOBILE,4G | 5G,5G NR 3500 | 5G NR 700 | LTE 1800 | LTE 2100 | LTE 2600 | LTE 700 | LTE 900,En service | Techniquement opérationnel,0750990830,7,mobile_radio_site,ANFR Open Data,PUBLIC_DECLARATION
anfr-2295705,2295705,48.861111111111114,2.3738888888888887,METRO SAINT AMBROISE L9,74 BOULEVARD VOLTAIRE,,,75011,75111,0,FREE MOBILE,4G,LTE 1800 | LTE 900,En service,0750990881,2,mobile_radio_site,ANFR Open Data,PUBLIC_DECLARATION
anfr-2462326,2462326,48.85666666666667,2.3741666666666665,,34 RUE SEDAINE,,,75011,75111,"20,8",FREE MOBILE,4G | 5G,5G NR 3500 | 5G NR 700 | LTE 1800 | LTE 2100 | LTE 2600 | LTE 700 | LTE 900,En service | Techniquement opérationnel,0750990946,7,mobile_radio_site,ANFR Open Data,PUBLIC_DECLARATION
anfr-2499401,2499401,48.8575,2.3805555555555555,METRO_VOLTAIRE_L9,130 boulevard Voltaire,,,75011,75111,0,FREE MOBILE | ORANGE | SFR,2G | 3G | 4G,GSM 1800 | GSM 900 | LTE 1800 | LTE 2100 | LTE 2600 | LTE 800 | LTE 900 | UMTS 900,En service | Projet approuvé,0750991020 | 0752292596 | 0752702011,12,mobile_radio_site,ANFR Open Data,PUBLIC_DECLARATION
anfr-2568098,2568098,48.86194444444445,2.3819444444444446,,47 RUE SERVAN,,,75011,75111,"25,3",FREE MOBILE,4G | 5G,5G NR 3500 | 5G NR 700 | LTE 1800 | LTE 2100 | LTE 2600 | LTE 700 | LTE 900,En service | Techniquement opérationnel,0750990970,7,mobile_radio_site,ANFR Open Data,PUBLIC_DECLARATION
anfr-2579187,2579187,48.855000000000004,2.381111111111111,ROQUETTE,"19, RUE GODEFROY CAVAIGNAC",,,75011,75111,"27,7",FREE MOBILE,4G | 5G,5G NR 3500 | 5G NR 700 | LTE 1800 | LTE 2100 | LTE 2600 | LTE 700 | LTE 900,En service | Techniquement opérationnel,0750990971,7,mobile_radio_site,ANFR Open Data,PUBLIC_DECLARATION
anfr-2679794,2679794,48.865833333333335,2.3725,,"31, av de la République",,,75011,75111,30,FREE MOBILE,4G | 5G,5G NR 3500 | 5G NR 700 | LTE 1800 | LTE 2100 | LTE 2600 | LTE 700 | LTE 900,Projet approuvé,0750990987,7,mobile_radio_site,ANFR Open Data,PUBLIC_DECLARATION
anfr-2715848,2715848,48.849722222222226,2.3986111111111112,,15  Boulevard de Charonne,,,75011,75111,35,FREE MOBILE | SFR,2G | 3G | 4G | 5G,5G NR 3500 | 5G NR 700 | GSM 900 | LTE 1800 | LTE 2100 | LTE 2600 | LTE 700 | LTE 800 | LTE 900 | UMTS 900,En service | Techniquement opérationnel,0750990017 | 0752702849,15,mobile_radio_site,ANFR Open Data,PUBLIC_DECLARATION
anfr-2752482,2752482,48.865,2.383888888888889,,"15, rue des Nanettes - 26D rue des Bluets",,,75011,75111,"26,6",FREE MOBILE,4G | 5G,5G NR 3500 | 5G NR 700 | LTE 1800 | LTE 2100 | LTE 2600 | LTE 700 | LTE 900,En service | Techniquement opérationnel,0750991006,7,mobile_radio_site,ANFR Open Data,PUBLIC_DECLARATION
anfr-2848907,2848907,48.86,2.3736111111111113,,21 impasse Truillot,,,75011,75111,"23,9",FREE MOBILE,4G | 5G,5G NR 3500 | 5G NR 700 | LTE 1800 | LTE 2100 | LTE 2600 | LTE 700 | LTE 900,En service | Techniquement opérationnel,0750991033,7,mobile_radio_site,ANFR Open Data,PUBLIC_DECLARATION
anfr-2912776,2912776,48.86083333333333,2.3847222222222224,,14 bisRue Duranti,,,75011,75111,24,FREE MOBILE | SFR,3G | 4G | 5G,5G NR 3500 | 5G NR 700 | LTE 1800 | LTE 2100 | LTE 2600 | LTE 700 | LTE 800 | LTE 900 | UMTS 900,En service | Techniquement opérationnel,0750991018 | 0752703089,14,mobile_radio_site,ANFR Open Data,PUBLIC_DECLARATION
anfr-3063480,3063480,48.868611111111115,2.3766666666666665,,"10-12, rue Morand",,,75011,75111,"24,8",FREE MOBILE,4G | 5G,5G NR 3500 | 5G NR 700 | LTE 1800 | LTE 2100 | LTE 2600 | LTE 700 | LTE 900,En service | Projet approuvé | Techniquement opérationnel,0750991156,7,mobile_radio_site,ANFR Open Data,PUBLIC_DECLARATION
anfr-3064274,3064274,48.85722222222223,2.383888888888889,ROQUETTE,"10, rue Mercoeur",,,75011,75111,"28,4",FREE MOBILE,4G | 5G,5G NR 3500 | 5G NR 700 | LTE 1800 | LTE 2100 | LTE 2600 | LTE 700 | LTE 900,En service | Projet approuvé | Techniquement opérationnel,0750991158,7,mobile_radio_site,ANFR Open Data,PUBLIC_DECLARATION
anfr-3123591,3123591,48.85277777777778,2.3855555555555554,,30b Rue Chanzy,,,75011,75111,"25,8",FREE MOBILE,4G | 5G,5G NR 3500 | 5G NR 700 | LTE 1800 | LTE 2100 | LTE 2600 | LTE 700 | LTE 900,En service | Techniquement opérationnel,0750991170,7,mobile_radio_site,ANFR Open Data,PUBLIC_DECLARATION
anfr-104159,104159,48.855000000000004,2.3725,,25/29 r de la roquette,,,75011,75111,40,ORANGE,2G | 3G | 4G | 5G,5G NR 3500 | 5G NR 700 | GSM 900 | LTE 1800 | LTE 2100 | LTE 2600 | LTE 700 | LTE 800 | UMTS 900,En service | Techniquement opérationnel,0752290348,9,mobile_radio_site,ANFR Open Data,PUBLIC_DECLARATION
anfr-612735,612735,48.86638888888889,2.375,,"7, Cité d'Angoulême",,,75011,75111,26,ORANGE,3G | 4G | 5G,5G NR 3500 | 5G NR 700 | LTE 1800 | LTE 2100 | LTE 2600 | LTE 700 | LTE 800 | UMTS 900,En service | Techniquement opérationnel,0752291308,8,mobile_radio_site,ANFR Open Data,PUBLIC_DECLARATION
anfr-614101,614101,48.864444444444445,2.3736111111111113,,1 R DU MARCHE DE POPINCOURT,,,75011,75111,30,ORANGE,3G | 4G | 5G,5G NR 3500 | 5G NR 700 | LTE 1800 | LTE 2100 | LTE 2600 | LTE 800 | UMTS 900,En service | Techniquement opérationnel,0752290454,7,mobile_radio_site,ANFR Open Data,PUBLIC_DECLARATION
anfr-649704,649704,48.85805555555556,2.3822222222222225,,142 r de la roquette,,,75011,75111,34,ORANGE,2G | 3G | 4G | 5G,5G NR 3500 | 5G NR 700 | GSM 900 | LTE 1800 | LTE 2100 | LTE 2600 | LTE 700 | LTE 800 | UMTS 900,En service | Techniquement opérationnel,0752291460,9,mobile_radio_site,ANFR Open Data,PUBLIC_DECLARATION
anfr-691514,691514,48.86083333333333,2.3805555555555555,,90 r du Chem Vert,,,75011,75111,33,ORANGE,2G | 3G | 4G | 5G,5G NR 3500 | 5G NR 700 | GSM 900 | LTE 1800 | LTE 2100 | LTE 2600 | LTE 700 | LTE 800 | UMTS 900,En service | Techniquement opérationnel,0752290290,9,mobile_radio_site,ANFR Open Data,PUBLIC_DECLARATION
anfr-694487,694487,48.86833333333333,2.3691666666666666,,8 b  r de la fontaine au roi,,,75011,75111,25,ORANGE,3G | 4G | 5G,5G NR 3500 | 5G NR 700 | LTE 1800 | LTE 2100 | LTE 2600 | LTE 800 | UMTS 900,En service | Projet approuvé,0752291216,7,mobile_radio_site,ANFR Open Data,PUBLIC_DECLARATION
anfr-708444,708444,48.870555555555555,2.3755555555555556,,7 r Robert Houdin,,,75011,75111,27,ORANGE,2G | 3G | 4G | 5G,5G NR 3500 | 5G NR 700 | GSM 900 | LTE 1800 | LTE 2100 | LTE 2600 | LTE 700 | LTE 800 | UMTS 900,En service | Techniquement opérationnel,0752290313,9,mobile_radio_site,ANFR Open Data,PUBLIC_DECLARATION
anfr-1040782,1040782,48.85777777777778,2.372777777777778,,15 rue Breguet,,,75011,75111,29,ORANGE,4G | 5G,5G NR 3500 | 5G NR 700 | LTE 1800 | LTE 2100 | LTE 2600 | LTE 800,En service | Techniquement opérationnel,0752291569,6,mobile_radio_site,ANFR Open Data,PUBLIC_DECLARATION
anfr-2046977,2046977,48.848888888888894,2.394722222222222,METRO NATION,Place de la Nation,Station Métro Nation L1_2_6,,75011,75111,3,ORANGE | SFR,3G | 4G,LTE 1800 | LTE 2100 | LTE 2600 | LTE 800 | UMTS 2100 | UMTS 900,En service,0752292021 | 0752701411,10,mobile_radio_site,ANFR Open Data,PUBLIC_DECLARATION
anfr-2048571,2048571,48.848888888888894,2.3969444444444443,Station RER Nation,Place de la nation,,,75011,75111,0,ORANGE,3G | 4G,LTE 1800 | LTE 2100 | LTE 2600 | LTE 800 | UMTS 900,En service,0752292122,5,mobile_radio_site,ANFR Open Data,PUBLIC_DECLARATION
anfr-2091025,2091025,48.8575,2.368333333333333,Métro CHELIN VERT L8,Bld Beaumarchais angle Rue St Gilles,,,75011,75111,0,ORANGE | SFR,2G | 3G | 4G,GSM 1800 | GSM 900 | LTE 1800 | UMTS 900,En service | Projet approuvé,0752292202 | 0752702263,6,mobile_radio_site,ANFR Open Data,PUBLIC_DECLARATION
anfr-2255172,2255172,48.861111111111114,2.374722222222222,Métro SAINT AMBROISE L9,71 Boulevard Voltaire,,,75011,75111,0,ORANGE,3G | 4G,LTE 1800 | LTE 2100 | LTE 2600 | LTE 800 | UMTS 900,En service,0752292356,5,mobile_radio_site,ANFR Open Data,PUBLIC_DECLARATION
anfr-2303849,2303849,48.85444444444445,2.3858333333333333,Métro CHARONNE L9,169 Boulevard Voltaire,,,75011,75111,0,ORANGE,3G | 4G,LTE 1800 | LTE 2100 | LTE 2600 | LTE 800 | UMTS 900,En service,0752292391,5,mobile_radio_site,ANFR Open Data,PUBLIC_DECLARATION
anfr-2446650,2446650,48.850833333333334,2.3786111111111112,,147 rue du faubourg St Antoine,,,75011,75111,21,ORANGE,4G,LTE 1800 | LTE 2100,En service,0752292505,2,mobile_radio_site,ANFR Open Data,PUBLIC_DECLARATION
anfr-2823034,2823034,48.862500000000004,2.3705555555555557,,8 B passage St Pierre Amelot,,,75011,75111,31,ORANGE,2G | 3G | 4G | 5G,5G NR 3500 | 5G NR 700 | GSM 900 | LTE 1800 | LTE 2100 | LTE 2600 | LTE 700 | LTE 800 | UMTS 900,En service | Techniquement opérationnel,0752292753,9,mobile_radio_site,ANFR Open Data,PUBLIC_DECLARATION
anfr-2868004,2868004,48.855555555555554,2.394722222222222,,37 B Rue Robert Et Sonia Delaunay,,,75011,75111,"24,9",ORANGE,4G | 5G,5G NR 3500 | 5G NR 700 | LTE 1800 | LTE 2100 | LTE 2600 | LTE 800,En service | Projet approuvé | Techniquement opérationnel,0752292762,6,mobile_radio_site,ANFR Open Data,PUBLIC_DECLARATION
anfr-3008836,3008836,48.852222222222224,2.3938888888888887,,46 Avenue Philippe Auguste,,,75011,75111,46,ORANGE,2G | 3G | 4G | 5G,5G NR 3500 | 5G NR 700 | GSM 900 | LTE 1800 | LTE 2100 | LTE 2600 | LTE 700 | LTE 800 | UMTS 900,En service | Techniquement opérationnel,0752290431,9,mobile_radio_site,ANFR Open Data,PUBLIC_DECLARATION
anfr-3227409,3227409,48.86638888888889,2.3713888888888888,,2 Rue de la Pierre Levée,,,75011,75111,24,ORANGE,4G | 5G,5G NR 3500 | LTE 1800 | LTE 2100 | LTE 2600,En service | Techniquement opérationnel,0752293036,4,mobile_radio_site,ANFR Open Data,PUBLIC_DECLARATION
anfr-39047,39047,48.852222222222224,2.3825,,"6, rue de chanzy",,,75011,75111,38,SFR,2G | 3G | 4G | 5G,5G NR 3500 | GSM 900 | LTE 1800 | LTE 2100 | LTE 2600 | LTE 700 | LTE 800 | UMTS 2100 | UMTS 900,En service | Techniquement opérationnel,0752700058,9,mobile_radio_site,ANFR Open Data,PUBLIC_DECLARATION
anfr-287578,287578,48.855000000000004,2.3691666666666666,,"14,  Bd Beaumarchais",,,75011,75111,"25,3",SFR,4G | 5G,5G NR 3500 | LTE 1800 | LTE 2100 | LTE 2600 | LTE 700 | LTE 800,En service | Projet approuvé,0752700375,6,mobile_radio_site,ANFR Open Data,PUBLIC_DECLARATION
anfr-624836,624836,48.85638888888889,2.3713888888888888,,"4, r breguet",,,75011,75111,"26,1",SFR,4G | 5G,5G NR 2100 | 5G NR 3500 | LTE 1800 | LTE 2100 | LTE 2600 | LTE 700 | LTE 800,En service | Projet approuvé | Techniquement opérationnel,0752700325,7,mobile_radio_site,ANFR Open Data,PUBLIC_DECLARATION
anfr-627732,627732,48.864444444444445,2.3725,,46 r oberkampf,,,75011,75111,33,SFR,2G | 3G | 4G | 5G,5G NR 3500 | GSM 900 | LTE 1800 | LTE 2100 | LTE 2600 | LTE 700 | LTE 800 | UMTS 2100 | UMTS 900,En service | Projet approuvé,0752700205,9,mobile_radio_site,ANFR Open Data,PUBLIC_DECLARATION
anfr-695023,695023,48.86,2.3713888888888888,,14-16 r Pelée,,,75011,75111,"33,2",SFR,2G | 3G | 4G | 5G,5G NR 3500 | GSM 900 | LTE 1800 | LTE 2100 | LTE 2600 | LTE 700 | LTE 800 | UMTS 2100 | UMTS 900,En service | Techniquement opérationnel,0752700119,9,mobile_radio_site,ANFR Open Data,PUBLIC_DECLARATION
anfr-695025,695025,48.8575,2.383611111111111,,21 r Mercoeur,,,75011,75111,"34,5",SFR,2G | 3G | 4G | 5G,5G NR 3500 | GSM 900 | LTE 1800 | LTE 2100 | LTE 2600 | LTE 700 | LTE 800 | UMTS 2100 | UMTS 900,En service | Techniquement opérationnel,0752700250,9,mobile_radio_site,ANFR Open Data,PUBLIC_DECLARATION
anfr-695027,695027,48.864444444444445,2.374722222222222,,75 b  av Parmentier,,,75011,75111,28,SFR,2G | 3G | 4G | 5G,5G NR 2100 | 5G NR 3500 | GSM 900 | LTE 1800 | LTE 2100 | LTE 2600 | LTE 700 | LTE 800 | UMTS 2100 | UMTS 900,En service | Projet approuvé | Techniquement opérationnel,0752700111,10,mobile_radio_site,ANFR Open Data,PUBLIC_DECLARATION
anfr-695033,695033,48.853611111111114,2.3894444444444445,,14 cité de Beauharnais,,,75011,75111,"32,3",SFR,2G | 3G | 4G | 5G,5G NR 3500 | GSM 900 | LTE 1800 | LTE 2100 | LTE 2600 | LTE 700 | LTE 800 | UMTS 2100 | UMTS 900,En service | Techniquement opérationnel,0752700267,9,mobile_radio_site,ANFR Open Data,PUBLIC_DECLARATION
anfr-695037,695037,48.85805555555556,2.3894444444444445,,"129,  av Philippe Auguste",,,75011,75111,25,SFR,3G | 4G,LTE 1800 | LTE 2100 | LTE 2600 | UMTS 2100,En service,0752700333,4,mobile_radio_site,ANFR Open Data,PUBLIC_DECLARATION
anfr-695330,695330,48.849444444444444,2.395,,3 av Philippe Auguste,,,75011,75111,"25,5",SFR,3G | 4G | 5G,5G NR 3500 | LTE 1800 | LTE 2100 | LTE 2600 | LTE 700 | LTE 800 | UMTS 900,En service | Projet approuvé,0752700266,7,mobile_radio_site,ANFR Open Data,PUBLIC_DECLARATION
anfr-1659047,1659047,48.86194444444445,2.3733333333333335,METRO ST AMBROISE,57 BOULEVARD VOLTAIRE,,,75011,75111,0,SFR,3G | 4G,LTE 1800 | LTE 2100 | LTE 2600 | LTE 800 | UMTS 900,En service,0752701986,5,mobile_radio_site,ANFR Open Data,PUBLIC_DECLARATION
anfr-2031206,2031206,48.87027777777778,2.3758333333333335,,3 rue Robert HOUDIN,,,75011,75111,"25,7",SFR,2G | 3G | 4G | 5G,5G NR 3500 | GSM 900 | LTE 1800 | LTE 2100 | LTE 2600 | LTE 800 | UMTS 900,En service | Techniquement opérationnel,0752702528,7,mobile_radio_site,ANFR Open Data,PUBLIC_DECLARATION
anfr-2045046,2045046,48.85472222222222,2.3852777777777776,METRO CHARONNE,BOULEVARD VOLTAIRE,,,75011,75111,0,SFR,3G | 4G,LTE 1800 | LTE 2100 | LTE 2600 | LTE 800 | UMTS 2100 | UMTS 900,En service,0752702549,6,mobile_radio_site,ANFR Open Data,PUBLIC_DECLARATION
anfr-2063318,2063318,48.865,2.3736111111111113,Métro PARMENTIER,88 b avenue Parmentier,,,75011,75111,0,SFR,3G | 4G,LTE 1800 | LTE 2100 | LTE 2600 | LTE 700 | LTE 800 | UMTS 900,En service,0752702604,6,mobile_radio_site,ANFR Open Data,PUBLIC_DECLARATION
anfr-2096008,2096008,48.86555555555556,2.3672222222222223,METRO OBERKAMPF,18 BOULEVARD VOLTAIRE,,,75011,75111,0,SFR,3G | 4G,LTE 1800 | LTE 2100 | LTE 2600 | LTE 800 | UMTS 2100 | UMTS 900,En service,0752702650,6,mobile_radio_site,ANFR Open Data,PUBLIC_DECLARATION
anfr-2199062,2199062,48.86527777777778,2.3819444444444446,,16 RUE CRESPIN DU GAST,,,75011,75111,"25,7",SFR,2G | 3G | 4G | 5G,5G NR 3500 | GSM 900 | LTE 1800 | LTE 2100 | LTE 2600 | LTE 700 | LTE 800 | UMTS 900,En service | Techniquement opérationnel,0752702665,8,mobile_radio_site,ANFR Open Data,PUBLIC_DECLARATION
anfr-2912516,2912516,48.85416666666667,2.3733333333333335,,15 Pass. Thiéré,,,75011,75111,"22,5",SFR,3G | 4G | 5G,5G NR 3500 | LTE 1800 | LTE 2100 | LTE 2600 | LTE 700 | LTE 800 | UMTS 900,En service | Techniquement opérationnel,0752703086,7,mobile_radio_site,ANFR Open Data,PUBLIC_DECLARATION
anfr-2942008,2942008,48.865,2.3722222222222222,,4 Rue Gambey,,,75011,75111,"20,5",SFR,3G | 4G | 5G,5G NR 3500 | LTE 1800 | LTE 2100 | LTE 2600 | LTE 700 | LTE 800 | UMTS 900,En service | Techniquement opérationnel,0752703129,7,mobile_radio_site,ANFR Open Data,PUBLIC_DECLARATION
anfr-2976112,2976112,48.864444444444445,2.379722222222222,,71  AVENUE DE LA REPUBLIQUE,,,75011,75111,"22,2",SFR,4G,LTE 1800 | LTE 2600,En service,0752703256,2,mobile_radio_site,ANFR Open Data,PUBLIC_DECLARATION
anfr-3021131,3021131,48.868611111111115,2.368611111111111,,5 Rue de la Fontaine au Roi,,,75011,75111,23,SFR,4G | 5G,5G NR 3500 | LTE 1800 | LTE 2100 | LTE 2600 | LTE 700 | LTE 800,Projet approuvé,0752703351,6,mobile_radio_site,ANFR Open Data,PUBLIC_DECLARATION
anfr-3051425,3051425,48.86277777777778,2.3875,Métro PERE LACHAISE,65 BD DE MENILMONTANT,Metro L2 / L3,,75011,75111,0,SFR,3G | 4G,LTE 1800 | LTE 2100 | LTE 2600 | LTE 800 | UMTS 900,En service,0752703394,5,mobile_radio_site,ANFR Open Data,PUBLIC_DECLARATION
anfr-3087218,3087218,48.85527777777778,2.381388888888889,,20 Rue Godefroy Cavaignac,,,75011,75111,22,SFR,3G | 4G | 5G,5G NR 3500 | LTE 1800 | LTE 2100 | LTE 2600 | LTE 700 | LTE 800 | UMTS 900,Projet approuvé,0752703455,7,mobile_radio_site,ANFR Open Data,PUBLIC_DECLARATION
anfr-84680,84680,48.84583333333334,2.415277777777778,,7 R ELIE FAURE,,,75012,75112,41,BOUYGUES TELECOM,2G | 3G | 4G | 5G,5G NR 2100 | 5G NR 3500 | GSM 900 | LTE 1800 | LTE 2100 | LTE 2600 | LTE 700 | LTE 800 | UMTS 900,En service | Techniquement opérationnel,0752750371,9,mobile_radio_site,ANFR Open Data,PUBLIC_DECLARATION
anfr-436995,436995,48.83777777777778,2.3958333333333335,,7-8 sq georges contenot,,,75012,75112,"43,5",BOUYGUES TELECOM | SFR,2G | 3G | 4G | 5G,5G NR 2100 | 5G NR 3500 | GSM 900 | LTE 1800 | LTE 2100 | LTE 2600 | LTE 700 | LTE 800 | UMTS 900,En service | Techniquement opérationnel,0752700033 | 0752750547,17,mobile_radio_site,ANFR Open Data,PUBLIC_DECLARATION
anfr-483754,483754,48.82055555555556,2.4608333333333334,,RTE DE LA PYRAMIDE,Pont sur A4 (VINCENNES),,75012,75112,"1,6",BOUYGUES TELECOM,2G | 3G | 4G | 5G,5G NR 2100 | 5G NR 3500 | GSM 900 | LTE 1800 | LTE 2100 | LTE 2600 | LTE 700 | LTE 800 | UMTS 900,En service | Techniquement opérationnel,0752750477,9,mobile_radio_site,ANFR Open Data,PUBLIC_DECLARATION
anfr-602006,602006,48.82083333333334,2.450555555555556,Bois de Vincennes,2 rte de la ferme,Tribune de l'Hippodrome de Vincennes,,75012,75112,"40,7",BOUYGUES TELECOM | FREE MOBILE | ORANGE | SFR,2G | 3G | 4G | 5G,5G NR 2100 | 5G NR 3500 | 5G NR 700 | GSM 900 | LTE 1800 | LTE 2100 | LTE 2600 | LTE 700 | LTE 800 | LTE 900 | UMTS 900,En service | Projet approuvé | Techniquement opérationnel,0750990610 | 0752290158 | 0752700044 | 0752752720,28,mobile_radio_site,ANFR Open Data,PUBLIC_DECLARATION
anfr-626549,626549,48.83527777777778,2.440277777777778,,route de la Pyramide,stade Bonvoisin,,75012,75112,"20,6",BOUYGUES TELECOM,2G | 3G | 4G | 5G,5G NR 2100 | 5G NR 3500 | GSM 900 | LTE 1800 | LTE 2100 | LTE 2600 | LTE 700 | LTE 800 | UMTS 900,En service | Projet approuvé | Techniquement opérationnel,0752751610,9,mobile_radio_site,ANFR Open Data,PUBLIC_DECLARATION
anfr-689802,689802,48.83166666666667,2.404444444444444,,Bd périphérique direction Bagnolet,Rte de la Croix Rouge/Rte de Reuilly,Tunnel pelouse de Reuilly,75012,75112,7,BOUYGUES TELECOM | ORANGE | SFR,2G | 3G | 4G,GSM 900 | LTE 1800 | LTE 2100 | LTE 800 | UMTS 2100 | UMTS 900,En service,0752290148 | 0752700085 | 0752751653,12,mobile_radio_site,ANFR Open Data,PUBLIC_DECLARATION
anfr-689810,689810,48.84138888888889,2.388611111111111,,157-159 av daumesnil,,,75012,75112,43,BOUYGUES TELECOM | ORANGE,2G | 3G | 4G | 5G,5G NR 2100 | 5G NR 3500 | 5G NR 700 | GSM 900 | LTE 1800 | LTE 2100 | LTE 2600 | LTE 700 | LTE 800 | UMTS 900,En service | Techniquement opérationnel,0752290223 | 0752750543,18,mobile_radio_site,ANFR Open Data,PUBLIC_DECLARATION
anfr-689824,689824,48.841944444444444,2.397222222222222,,76-82 r de picpus,,,75012,75112,35,BOUYGUES TELECOM | ORANGE,4G | 5G,5G NR 2100 | 5G NR 3500 | 5G NR 700 | LTE 1800 | LTE 2100 | LTE 2600 | LTE 700 | LTE 800,En service | Projet approuvé | Techniquement opérationnel,0752290405 | 0752751045,13,mobile_radio_site,ANFR Open Data,PUBLIC_DECLARATION
anfr-691876,691876,48.84305555555556,2.4025,,"24, 26 R SIBUET",,,75012,75112,32,BOUYGUES TELECOM,2G | 3G | 4G | 5G,5G NR 3500 | GSM 900 | LTE 1800 | LTE 2600 | LTE 800 | UMTS 900,En service | Projet approuvé,0752750041,6,mobile_radio_site,ANFR Open Data,PUBLIC_DECLARATION
anfr-696114,696114,48.84638888888889,2.371111111111111,,"17/19/21, r traversière",,,75012,75112,37,BOUYGUES TELECOM | SFR,2G | 3G | 4G | 5G,5G NR 2100 | 5G NR 3500 | GSM 900 | LTE 1800 | LTE 2100 | LTE 2600 | LTE 700 | LTE 800 | UMTS 2100 | UMTS 900,En service | Projet approuvé | Techniquement opérationnel,0752700326 | 0752751073,19,mobile_radio_site,ANFR Open Data,PUBLIC_DECLARATION
anfr-696130,696130,48.84583333333334,2.381388888888889,,3 AV DE CORBERA,,,75012,75112,30,BOUYGUES TELECOM,2G | 3G | 4G | 5G,5G NR 2100 | 5G NR 3500 | GSM 900 | LTE 1800 | LTE 2100 | LTE 2600 | LTE 700 | LTE 800 | UMTS 900,En service | Techniquement opérationnel,0752750137,9,mobile_radio_site,ANFR Open Data,PUBLIC_DECLARATION
anfr-696132,696132,48.846111111111114,2.4102777777777775,,35 R MONTERA,,,75012,75112,39,BOUYGUES TELECOM,2G | 3G | 4G | 5G,5G NR 2100 | 5G NR 3500 | GSM 900 | LTE 1800 | LTE 2600 | LTE 700 | LTE 800 | UMTS 900,En service | Techniquement opérationnel,0752750196,8,mobile_radio_site,ANFR Open Data,PUBLIC_DECLARATION
anfr-696138,696138,48.84916666666667,2.3783333333333334,,5 PL D'ALIGRE,,,75012,75112,"29,1",BOUYGUES TELECOM,3G | 4G | 5G,5G NR 2100 | 5G NR 3500 | LTE 1800 | LTE 2100 | LTE 2600 | LTE 700 | LTE 800 | UMTS 900,En service | Projet approuvé | Techniquement opérationnel,0752750733,8,mobile_radio_site,ANFR Open Data,PUBLIC_DECLARATION
anfr-696143,696143,48.84527777777778,2.3958333333333335,,2 AV DE ST MANDÉ,,,75012,75112,42,BOUYGUES TELECOM,2G | 3G | 4G | 5G,5G NR 2100 | GSM 900 | LTE 1800 | LTE 2100 | LTE 2600 | LTE 700 | LTE 800 | UMTS 900,En service | Techniquement opérationnel,0752750771,8,mobile_radio_site,ANFR Open Data,PUBLIC_DECLARATION
anfr-696147,696147,48.834722222222226,2.3938888888888887,,283 R DE CHARENTON,,,75012,75112,46,BOUYGUES TELECOM,3G | 4G | 5G,5G NR 2100 | 5G NR 3500 | LTE 1800 | LTE 2100 | LTE 2600 | LTE 700 | LTE 800 | UMTS 900,En service | Techniquement opérationnel,0752751144,8,mobile_radio_site,ANFR Open Data,PUBLIC_DECLARATION
anfr-773035,773035,48.849444444444444,2.3841666666666668,,27 R DE CHALIGNY,,,75012,75112,62,BOUYGUES TELECOM,2G | 3G | 4G | 5G,5G NR 2100 | 5G NR 3500 | GSM 900 | LTE 1800 | LTE 2100 | LTE 2600 | LTE 700 | LTE 800 | UMTS 900,En service | Techniquement opérationnel,0752750758,9,mobile_radio_site,ANFR Open Data,PUBLIC_DECLARATION
anfr-838319,838319,48.84111111111111,2.411111111111111,,13 AV EMILE LAURENT,,,75012,75112,31,BOUYGUES TELECOM,3G | 4G | 5G,5G NR 2100 | 5G NR 3500 | LTE 1800 | LTE 2100 | LTE 2600 | LTE 700 | LTE 800 | UMTS 900,En service | Techniquement opérationnel,0752750414,8,mobile_radio_site,ANFR Open Data,PUBLIC_DECLARATION
anfr-931766,931766,48.844166666666666,2.3744444444444444,,43 COURS LOUIS ARMAND,gare de lyon,,75012,75112,"10,7",BOUYGUES TELECOM,3G | 4G,LTE 1800 | UMTS 2100,En service,0752751642,2,mobile_radio_site,ANFR Open Data,PUBLIC_DECLARATION
anfr-969952,969952,48.84277777777778,2.3930555555555557,,107 R DE REUILLY,,,75012,75112,"47,7",BOUYGUES TELECOM,3G | 4G | 5G,5G NR 2100 | 5G NR 3500 | LTE 1800 | LTE 2100 | LTE 2600 | LTE 700 | LTE 800 | UMTS 900,En service | Techniquement opérationnel,0752751660,8,mobile_radio_site,ANFR Open Data,PUBLIC_DECLARATION
anfr-982283,982283,48.835,2.406111111111111,,104 Bd Poniatowski,,,75012,75112,29,BOUYGUES TELECOM,2G | 3G | 4G | 5G,5G NR 2100 | 5G NR 3500 | GSM 900 | LTE 1800 | LTE 2100 | LTE 2600 | LTE 700 | LTE 800 | UMTS 900,En service | Techniquement opérationnel,0752750130,9,mobile_radio_site,ANFR Open Data,PUBLIC_DECLARATION
anfr-1292181,1292181,48.84,2.4008333333333334,,12-14 BD DE PICPUS,,,75012,75112,"43,1",BOUYGUES TELECOM | FREE MOBILE,3G | 4G | 5G,5G NR 2100 | 5G NR 3500 | 5G NR 700 | LTE 1800 | LTE 2100 | LTE 2600 | LTE 700 | LTE 800 | LTE 900 | UMTS 900,En service | Techniquement opérationnel,0750990100 | 0752750367,15,mobile_radio_site,ANFR Open Data,PUBLIC_DECLARATION
anfr-1292188,1292188,48.83861111111111,2.4058333333333333,,15 RUE ROTTENBOURG,,,75012,75112,"45,6",BOUYGUES TELECOM | FREE MOBILE,2G | 4G | 5G,5G NR 2100 | 5G NR 3500 | 5G NR 700 | GSM 900 | LTE 1800 | LTE 2100 | LTE 2600 | LTE 700 | LTE 800 | LTE 900,En service | Techniquement opérationnel,0750990101 | 0752750502,15,mobile_radio_site,ANFR Open Data,PUBLIC_DECLARATION
anfr-1429431,1429431,48.84638888888889,2.3766666666666665,,31 B BD DIDEROT,,,75012,75112,"29,2",BOUYGUES TELECOM | FREE MOBILE,3G | 4G | 5G,5G NR 2100 | 5G NR 3500 | 5G NR 700 | LTE 1800 | LTE 2100 | LTE 2600 | LTE 700 | LTE 800 | LTE 900 | UMTS 900,En service | Techniquement opérationnel,0750990015 | 0752751978,15,mobile_radio_site,ANFR Open Data,PUBLIC_DECLARATION
anfr-1443672,1443672,48.84111111111111,2.3794444444444447,,20 ALL DE BERCY,,,75012,75112,"6,5",BOUYGUES TELECOM | FREE MOBILE | ORANGE | SFR,2G | 3G | 4G,GSM 900 | LTE 1800 | LTE 2100 | LTE 2600 | LTE 700 | LTE 800 | LTE 900 | UMTS 900,En service | Projet approuvé,0750991015 | 0752292850 | 0752703323 | 0752752841,25,mobile_radio_site,ANFR Open Data,PUBLIC_DECLARATION
anfr-1466007,1466007,48.84666666666667,2.3716666666666666,,11  rue de Lyon,,,75012,75112,"31,6",BOUYGUES TELECOM | FREE MOBILE | ORANGE,2G | 3G | 4G | 5G,5G NR 2100 | 5G NR 3500 | 5G NR 700 | GSM 900 | LTE 1800 | LTE 2100 | LTE 2600 | LTE 700 | LTE 800 | LTE 900 | UMTS 900,En service | Techniquement opérationnel,0750990166 | 0752291503 | 0752752218,24,mobile_radio_site,ANFR Open Data,PUBLIC_DECLARATION
anfr-1491398,1491398,48.84583333333334,2.3708333333333336,,RUE TRAVERSIERE,,,75012,75112,6,BOUYGUES TELECOM | FREE MOBILE | ORANGE | SFR,2G | 3G | 4G,GSM 900 | LTE 1800 | LTE 2100 | LTE 2600 | LTE 700 | LTE 800 | LTE 900 | UMTS 900,En service,0750991090 | 0752292843 | 0752703308 | 0752752837,25,mobile_radio_site,ANFR Open Data,PUBLIC_DECLARATION
anfr-1496784,1496784,48.84777777777778,2.3844444444444446,,28 R DE CHALIGNY,,,75012,75112,39,BOUYGUES TELECOM | FREE MOBILE | SFR,3G | 4G | 5G,5G NR 2100 | 5G NR 3500 | 5G NR 700 | LTE 1800 | LTE 2100 | LTE 2600 | LTE 700 | LTE 800 | LTE 900 | UMTS 900,En service | Projet approuvé | Techniquement opérationnel,0750990010 | 0752703441 | 0752752020,21,mobile_radio_site,ANFR Open Data,PUBLIC_DECLARATION
anfr-1508857,1508857,48.8425,2.3730555555555557,,42-50 QUAI DE LA RAPÉE,,,75012,75112,"56,2",BOUYGUES TELECOM,3G | 4G,LTE 1800 | UMTS 2100,En service,0752752022,2,mobile_radio_site,ANFR Open Data,PUBLIC_DECLARATION
anfr-1510589,1510589,48.846944444444446,2.368611111111111,,Avenue Ledru Rollin,Gare de Lyon,,75012,75112,6,BOUYGUES TELECOM | FREE MOBILE | ORANGE | SFR,2G | 3G | 4G,GSM 900 | LTE 1800 | LTE 2100 | LTE 2600 | LTE 700 | LTE 800 | LTE 900 | UMTS 900,En service | Projet approuvé,0750991011 | 0752292851 | 0752703309 | 0752752843,23,mobile_radio_site,ANFR Open Data,PUBLIC_DECLARATION
anfr-1576396,1576396,48.84027777777778,2.3833333333333333,,ALLEE DE BERCY,,,75012,75112,"6,5",BOUYGUES TELECOM | FREE MOBILE | ORANGE | SFR,2G | 3G | 4G,GSM 900 | LTE 1800 | LTE 2100 | LTE 2600 | LTE 700 | LTE 800 | LTE 900 | UMTS 900,En service,0750991094 | 0752292853 | 0752703334 | 0752752850,25,mobile_radio_site,ANFR Open Data,PUBLIC_DECLARATION
anfr-1688520,1688520,48.83111111111111,2.45,,11 avenue de Tremblay,institut national des Sports,,75012,75112,27,BOUYGUES TELECOM | FREE MOBILE,2G | 3G | 4G | 5G,5G NR 2100 | 5G NR 3500 | 5G NR 700 | GSM 900 | LTE 1800 | LTE 2100 | LTE 2600 | LTE 700 | LTE 800 | LTE 900 | UMTS 900,En service | Techniquement opérationnel,0750990256 | 0752750057,15,mobile_radio_site,ANFR Open Data,PUBLIC_DECLARATION
anfr-1853096,1853096,48.831388888888895,2.388611111111111,,40 AV DES TERROIRS DE FRANCE,IMMEUBLE LUMIERE,,75012,75112,45,BOUYGUES TELECOM,3G | 4G | 5G,5G NR 2100 | 5G NR 3500 | LTE 1800 | LTE 2100 | LTE 2600 | LTE 700 | LTE 800 | UMTS 900,En service | Techniquement opérationnel,0752750873,8,mobile_radio_site,ANFR Open Data,PUBLIC_DECLARATION
anfr-1979399,1979399,48.84277777777778,2.3758333333333335,,62 à 86 allée de Bercy,,,75012,75112,46,BOUYGUES TELECOM | FREE MOBILE,2G | 3G | 4G | 5G,5G NR 2100 | 5G NR 3500 | 5G NR 700 | GSM 900 | LTE 1800 | LTE 2100 | LTE 2600 | LTE 700 | LTE 800 | LTE 900 | UMTS 900,En service | Techniquement opérationnel,0750990616 | 0752750740,16,mobile_radio_site,ANFR Open Data,PUBLIC_DECLARATION
anfr-1989508,1989508,48.83833333333334,2.381111111111111,,77 R DE BERCY,Hôtel Mercure,,75012,75112,36,BOUYGUES TELECOM | SFR,2G | 3G | 4G | 5G,5G NR 2100 | 5G NR 3500 | GSM 900 | LTE 1800 | LTE 2100 | LTE 2600 | LTE 700 | LTE 800 | UMTS 900,En service | Techniquement opérationnel,0752700160 | 0752752210,16,mobile_radio_site,ANFR Open Data,PUBLIC_DECLARATION
anfr-2093436,2093436,48.84027777777778,2.395,Métro DAUMESNIL  L6-8,6 place Félix Eboue,,,75012,75112,0,BOUYGUES TELECOM | ORANGE | SFR,3G | 4G,LTE 1800 | LTE 2100 | LTE 2600 | LTE 800 | UMTS 900,En service,0752292207 | 0752702383 | 0752752772,15,mobile_radio_site,ANFR Open Data,PUBLIC_DECLARATION
anfr-2159951,2159951,48.84027777777778,2.379722222222222,METRO BERCY,Place du Bataillon du Pacifique,,,75012,75112,0,BOUYGUES TELECOM | FREE MOBILE | ORANGE | SFR,3G | 4G,LTE 1800 | LTE 2100 | LTE 2600 | LTE 700 | LTE 800 | LTE 900 | UMTS 900,En service,0750990767 | 0752292620 | 0752702262 | 0752752773,19,mobile_radio_site,ANFR Open Data,PUBLIC_DECLARATION
anfr-2200162,2200162,48.84388888888889,2.3733333333333335,METRO GARE DE LYON - L14,191 R DE BERCY,,,75012,75112,0,BOUYGUES TELECOM,3G | 4G,LTE 1800 | LTE 2100 | LTE 2600 | LTE 800 | UMTS 900,En service,0752752433,5,mobile_radio_site,ANFR Open Data,PUBLIC_DECLARATION
anfr-2207929,2207929,48.83916666666667,2.3894444444444445,Métro DUGOMMIER L6,1 Boulevard de Reuilly,,,75012,75112,0,BOUYGUES TELECOM | ORANGE | SFR,3G | 4G,LTE 1800 | LTE 2100 | LTE 2600 | LTE 700 | LTE 800 | UMTS 900,En service,0752292292 | 0752701990 | 0752752448,18,mobile_radio_site,ANFR Open Data,PUBLIC_DECLARATION
anfr-2214988,2214988,48.83694444444445,2.4025,Metro L8/Michel Bizot,254  AV DAUMESNIL,,,75012,75112,1,BOUYGUES TELECOM,3G | 4G,LTE 1800 | LTE 2100 | LTE 2600 | LTE 700 | LTE 800 | UMTS 900,En service,0752752449,6,mobile_radio_site,ANFR Open Data,PUBLIC_DECLARATION
anfr-2264282,2264282,48.85305555555556,2.370277777777778,METRO L1-5 BASTILLE,1 R DE CHARENTON,,,75012,75112,1,BOUYGUES TELECOM,3G | 4G,LTE 1800 | LTE 2100 | LTE 2600 | LTE 800 | UMTS 900,En service,0752752573,5,mobile_radio_site,ANFR Open Data,PUBLIC_DECLARATION
anfr-2266122,2266122,48.840833333333336,2.379166666666667,,120 R DE BERCY,,,75012,75112,"39,4",BOUYGUES TELECOM,3G | 4G | 5G,5G NR 2100 | 5G NR 3500 | LTE 1800 | LTE 2100 | LTE 2600 | LTE 700 | LTE 800 | UMTS 900,En service | Techniquement opérationnel,0752752570,8,mobile_radio_site,ANFR Open Data,PUBLIC_DECLARATION
anfr-2430408,2430408,48.83361111111111,2.386111111111111,Métro COUR ST EMILION L14,34 R FRANCOIS TRUFFAUT,,,75012,75112,1,BOUYGUES TELECOM | ORANGE,3G | 4G,LTE 1800 | LTE 2100 | LTE 2600 | LTE 800 | UMTS 900,En service,0752292417 | 0752752713,10,mobile_radio_site,ANFR Open Data,PUBLIC_DECLARATION
anfr-2437978,2437978,48.845555555555556,2.3969444444444443,,9 Rue DE ST MANDE,,,75012,75112,"38,6",BOUYGUES TELECOM,2G | 3G | 4G | 5G,5G NR 2100 | 5G NR 3500 | GSM 900 | LTE 1800 | LTE 2100 | LTE 2600 | LTE 700 | LTE 800 | UMTS 900,En service | Techniquement opérationnel,0752752723,9,mobile_radio_site,ANFR Open Data,PUBLIC_DECLARATION
anfr-2469774,2469774,48.84277777777778,2.401111111111111,,34 R DE SANTERRE,,,75012,75112,26,BOUYGUES TELECOM,3G | 4G | 5G,5G NR 2100 | LTE 1800 | LTE 2100 | LTE 2600 | LTE 700 | LTE 800 | UMTS 900,En service | Techniquement opérationnel,0752752735,7,mobile_radio_site,ANFR Open Data,PUBLIC_DECLARATION
anfr-2535351,2535351,48.83305555555556,2.404444444444444,,R JOSEPH CHAILLEY,2 SQ LOUIS GENTIL,,75012,75112,"27,9",BOUYGUES TELECOM,3G | 4G | 5G,5G NR 2100 | 5G NR 3500 | LTE 1800 | LTE 2100 | LTE 2600 | LTE 700 | LTE 800 | UMTS 900,En service | Techniquement opérationnel,0752752757,8,mobile_radio_site,ANFR Open Data,PUBLIC_DECLARATION
anfr-2794541,2794541,48.84055555555556,2.407222222222222,,56 R DU SAHEL,,,75012,75112,"22,3",BOUYGUES TELECOM,3G | 4G | 5G,5G NR 2100 | LTE 1800 | LTE 2100 | LTE 2600 | LTE 700 | LTE 800 | UMTS 900,En service | Techniquement opérationnel,0752752853,7,mobile_radio_site,ANFR Open Data,PUBLIC_DECLARATION
anfr-2804996,2804996,48.840833333333336,2.391388888888889,,175 AV DAUMESNIL,,,75012,75112,"34,7",BOUYGUES TELECOM,3G | 4G | 5G,5G NR 2100 | LTE 1800 | LTE 2100 | LTE 2600 | LTE 700 | LTE 800 | UMTS 900,En service | Techniquement opérationnel,0752752854,7,mobile_radio_site,ANFR Open Data,PUBLIC_DECLARATION
anfr-2817474,2817474,48.84277777777778,2.3761111111111113,Gare de Lyon,64 ALLEE DE BERCY,QUAIS RER D,,75012,75112,6,BOUYGUES TELECOM | FREE MOBILE | ORANGE | SFR,2G | 3G | 4G,GSM 900 | LTE 1800 | LTE 2100 | LTE 2600 | LTE 700 | LTE 800 | LTE 900 | UMTS 900,En service,0750991046 | 0752292809 | 0752703335 | 0752752851,25,mobile_radio_site,ANFR Open Data,PUBLIC_DECLARATION
anfr-2912838,2912838,48.83361111111111,2.399722222222222,,32 Av du Général Michel Bizot,,,75012,75112,37,BOUYGUES TELECOM | SFR,2G | 3G | 4G | 5G,5G NR 2100 | 5G NR 3500 | GSM 900 | LTE 1800 | LTE 2100 | LTE 2600 | LTE 700 | LTE 800 | UMTS 900,En service | Techniquement opérationnel,0752703101 | 0752750659,15,mobile_radio_site,ANFR Open Data,PUBLIC_DECLARATION
anfr-2946422,2946422,48.834722222222226,2.388333333333333,,31-33-35 R BARON LE ROY,,,75012,75112,30,BOUYGUES TELECOM | SFR,2G | 3G | 4G | 5G,5G NR 2100 | 5G NR 3500 | GSM 900 | LTE 1800 | LTE 2100 | LTE 2600 | LTE 700 | LTE 800 | UMTS 900,En service | Techniquement opérationnel,0752702983 | 0752752265,16,mobile_radio_site,ANFR Open Data,PUBLIC_DECLARATION
anfr-3036842,3036842,48.843611111111116,2.3891666666666667,,39 R JACQUES HILLAIRET,,,75012,75112,"32,6",BOUYGUES TELECOM,3G | 4G | 5G,5G NR 2100 | 5G NR 3500 | LTE 1800 | LTE 2100 | LTE 2600 | LTE 700 | LTE 800 | UMTS 900,En service | Projet approuvé | Techniquement opérationnel,0752752922,8,mobile_radio_site,ANFR Open Data,PUBLIC_DECLARATION
anfr-3059526,3059526,48.84777777777778,2.391111111111111,,152 BD DIDEROT,,,75012,75112,"30,5",BOUYGUES TELECOM | FREE MOBILE | SFR,2G | 3G | 4G | 5G,5G NR 2100 | 5G NR 3500 | 5G NR 700 | GSM 900 | LTE 1800 | LTE 2100 | LTE 2600 | LTE 700 | LTE 800 | LTE 900 | UMTS 900,En service | Projet approuvé | Techniquement opérationnel,0750990963 | 0752703416 | 0752750045,24,mobile_radio_site,ANFR Open Data,PUBLIC_DECLARATION
anfr-3085969,3085969,48.84583333333334,2.3716666666666666,MICRO,19 BD DIDEROT,,,75012,75112,21,BOUYGUES TELECOM,4G,LTE 1800,Projet approuvé,0752752966,1,mobile_radio_site,ANFR Open Data,PUBLIC_DECLARATION
anfr-3113354,3113354,48.835,2.3983333333333334,,60 - 62 RUE DE WATTIGNIES,,,75012,75112,"32,4",BOUYGUES TELECOM | FREE MOBILE,4G | 5G,5G NR 2100 | 5G NR 3500 | 5G NR 700 | LTE 1800 | LTE 2100 | LTE 2600 | LTE 700 | LTE 800 | LTE 900,En service | Techniquement opérationnel,0750990590 | 0752752979,14,mobile_radio_site,ANFR Open Data,PUBLIC_DECLARATION
anfr-3130399,3130399,48.84305555555556,2.3866666666666667,,11 RUE MONTGALLET,,,75012,75112,"28,8",BOUYGUES TELECOM | FREE MOBILE,3G | 4G | 5G,5G NR 2100 | 5G NR 3500 | 5G NR 700 | LTE 1800 | LTE 2100 | LTE 2600 | LTE 700 | LTE 800 | LTE 900 | UMTS 900,En service | Projet approuvé | Techniquement opérationnel,0750991169 | 0752752883,14,mobile_radio_site,ANFR Open Data,PUBLIC_DECLARATION
anfr-3301323,3301323,48.84777777777778,2.3969444444444443,GARE RER A NATION,PL DE LA NATION,,,75012,75112,1,BOUYGUES TELECOM,3G | 4G,LTE 1800 | LTE 2100 | LTE 2600 | LTE 800 | UMTS 900,En service,0752753044,5,mobile_radio_site,ANFR Open Data,PUBLIC_DECLARATION
anfr-3310077,3310077,48.83583333333333,2.402222222222222,,65 AV DU GAL MICHEL BIZOT,,,75012,75112,28,BOUYGUES TELECOM,4G | 5G,5G NR 2100 | LTE 1800 | LTE 2600 | LTE 700 | LTE 800,Projet approuvé,0752753057,5,mobile_radio_site,ANFR Open Data,PUBLIC_DECLARATION
anfr-3339571,3339571,48.839444444444446,2.385,,BD DE BERCY,,,75012,75112,6,BOUYGUES TELECOM,3G | 4G,LTE 1800 | LTE 2100 | LTE 2600 | LTE 700 | LTE 800 | UMTS 900,En service | Projet approuvé,0752753065,6,mobile_radio_site,ANFR Open Data,PUBLIC_DECLARATION
anfr-457891,457891,48.8325,2.3991666666666664,,"27, Bd Poniatowski",,,75012,75112,"26,5",FREE MOBILE | SFR,3G | 4G | 5G,5G NR 3500 | 5G NR 700 | LTE 1800 | LTE 2100 | LTE 2600 | LTE 700 | LTE 900 | UMTS 2100,En service | Techniquement opérationnel,0750990051 | 0752700372,11,mobile_radio_site,ANFR Open Data,PUBLIC_DECLARATION
anfr-690758,690758,48.836666666666666,2.3866666666666667,,9/11 pl lachambeaudie,,,75012,75112,27,FREE MOBILE | ORANGE,2G | 3G | 4G | 5G,5G NR 3500 | 5G NR 700 | GSM 900 | LTE 1800 | LTE 2100 | LTE 2600 | LTE 700 | LTE 800 | LTE 900 | UMTS 900,En service | Techniquement opérationnel,0750990050 | 0752291412,15,mobile_radio_site,ANFR Open Data,PUBLIC_DECLARATION
anfr-976293,976293,48.842222222222226,2.4119444444444444,Quartier Pte de St Mandé,Ctre International de Séjour de Paris,"4-6 , r Maurice Ravel",,75012,75112,51,FREE MOBILE | ORANGE | SFR,2G | 3G | 4G | 5G,5G NR 3500 | 5G NR 700 | GSM 900 | LTE 1800 | LTE 2100 | LTE 2600 | LTE 700 | LTE 800 | LTE 900 | UMTS 900,En service | Techniquement opérationnel,0750990664 | 0752291974 | 0752700014,18,mobile_radio_site,ANFR Open Data,PUBLIC_DECLARATION
anfr-1213362,1213362,48.83916666666667,2.3958333333333335,,6 Place Félix Eboué,,,75012,75112,"31,5",FREE MOBILE,4G | 5G,5G NR 700 | LTE 1800 | LTE 2100 | LTE 2600 | LTE 700 | LTE 900,En service | Projet approuvé,0750990079,6,mobile_radio_site,ANFR Open Data,PUBLIC_DECLARATION
anfr-1301332,1301332,48.84388888888889,2.38,,7 RUE DE RAMBOUILLET,,,75012,75112,"30,4",FREE MOBILE,4G | 5G,5G NR 700 | LTE 1800 | LTE 2100 | LTE 2600 | LTE 700 | LTE 900,En service | Projet approuvé,0750990103,6,mobile_radio_site,ANFR Open Data,PUBLIC_DECLARATION
anfr-1301391,1301391,48.845,2.4099999999999997,,121 BD SOULT,,,75012,75112,40,FREE MOBILE | ORANGE,2G | 3G | 4G | 5G,5G NR 3500 | 5G NR 700 | GSM 900 | LTE 1800 | LTE 2100 | LTE 2600 | LTE 700 | LTE 800 | LTE 900 | UMTS 900,En service | Techniquement opérationnel,0750990105 | 0752290198,15,mobile_radio_site,ANFR Open Data,PUBLIC_DECLARATION
anfr-1303226,1303226,48.83416666666667,2.406111111111111,,8 Rue Marcel Dubois,,,75012,75112,"30,3",FREE MOBILE,4G | 5G,5G NR 700 | LTE 1800 | LTE 2100 | LTE 2600 | LTE 700 | LTE 900,En service | Projet approuvé,0750990110,6,mobile_radio_site,ANFR Open Data,PUBLIC_DECLARATION
anfr-1332248,1332248,48.839444444444446,2.3819444444444446,,1 RUE CORBINEAU,,,75012,75112,"31,7",FREE MOBILE,4G | 5G,5G NR 3500 | 5G NR 700 | LTE 1800 | LTE 2100 | LTE 2600 | LTE 700 | LTE 900,En service | Techniquement opérationnel,0750990121,7,mobile_radio_site,ANFR Open Data,PUBLIC_DECLARATION
anfr-1393195,1393195,48.83861111111111,2.3786111111111112,,8 Bd de Bercy,Palais Omnisport,,75012,75112,34,FREE MOBILE | ORANGE | SFR,3G | 4G | 5G,5G NR 3500 | 5G NR 700 | LTE 1800 | LTE 2100 | LTE 2600 | LTE 800 | LTE 900 | UMTS 900,En service | Projet approuvé | Techniquement opérationnel,0750991060 | 0752290347 | 0752703206,17,mobile_radio_site,ANFR Open Data,PUBLIC_DECLARATION
anfr-1467306,1467306,48.85,2.3697222222222223,,7 rue Biscornet,,,75012,75112,31,FREE MOBILE,4G | 5G,5G NR 700 | LTE 1800 | LTE 2100 | LTE 2600 | LTE 700 | LTE 900,En service | Techniquement opérationnel,0750990168,6,mobile_radio_site,ANFR Open Data,PUBLIC_DECLARATION
anfr-1607797,1607797,48.83583333333333,2.4030555555555555,,136 rue de picpus,,,75012,75112,"30,5",FREE MOBILE,4G | 5G,5G NR 3500 | 5G NR 700 | LTE 1800 | LTE 2100 | LTE 2600 | LTE 700 | LTE 900,En service | Projet approuvé,0750990231,7,mobile_radio_site,ANFR Open Data,PUBLIC_DECLARATION
anfr-1650166,1650166,48.846111111111114,2.3980555555555556,,"12, AVENUE DU BEL AIR",,,75012,75112,"30,8",FREE MOBILE,4G | 5G,5G NR 3500 | 5G NR 700 | LTE 1800 | LTE 2100 | LTE 2600 | LTE 700 | LTE 900,En service | Techniquement opérationnel,0750990254,7,mobile_radio_site,ANFR Open Data,PUBLIC_DECLARATION
anfr-1682207,1682207,48.839444444444446,2.3891666666666667,,209 Rue de Charenton,,,75012,75112,29,FREE MOBILE | SFR,2G | 3G | 4G | 5G,5G NR 3500 | 5G NR 700 | GSM 900 | LTE 1800 | LTE 2100 | LTE 2600 | LTE 700 | LTE 800 | LTE 900 | UMTS 2100 | UMTS 900,En service | Techniquement opérationnel,0750990260 | 0752700263,16,mobile_radio_site,ANFR Open Data,PUBLIC_DECLARATION
anfr-1902022,1902022,48.84805555555556,2.379166666666667,,20 22 RUE BECCARIA,,,75012,75112,"26,8",FREE MOBILE,4G | 5G,5G NR 3500 | 5G NR 700 | LTE 1800 | LTE 2100 | LTE 2600 | LTE 700 | LTE 900,En service | Techniquement opérationnel,0750990568,7,mobile_radio_site,ANFR Open Data,PUBLIC_DECLARATION
anfr-1911617,1911617,48.84638888888889,2.393611111111111,,6 RUE MARIE BENOIST,,,75012,75112,30,FREE MOBILE,4G | 5G,5G NR 700 | LTE 1800 | LTE 2100 | LTE 2600 | LTE 700 | LTE 900,En service | Techniquement opérationnel,0750990575,6,mobile_radio_site,ANFR Open Data,PUBLIC_DECLARATION
anfr-1912597,1912597,48.85138888888889,2.375,,84 rue du faubourg Saint-Antoine,,,75012,75112,"28,5",FREE MOBILE,4G | 5G,5G NR 3500 | 5G NR 700 | LTE 1800 | LTE 2100 | LTE 2600 | LTE 700 | LTE 900,En service | Techniquement opérationnel,0750990576,7,mobile_radio_site,ANFR Open Data,PUBLIC_DECLARATION
anfr-2082147,2082147,48.844166666666666,2.39,Métro MONTGALLET L8,Rue de Reuilly angle Rue Montgallet,,,75012,75112,0,FREE MOBILE,4G,LTE 1800,En service,0750990696,1,mobile_radio_site,ANFR Open Data,PUBLIC_DECLARATION
anfr-2085976,2085976,48.835,2.4394444444444447,,ROUTE DE LA PYRAMIDE,CENTRE SPORTIF VINCENNES,,75012,75112,17,FREE MOBILE,4G | 5G,5G NR 3500 | 5G NR 700 | LTE 1800 | LTE 2100 | LTE 2600 | LTE 700 | LTE 900,En service | Techniquement opérationnel,0750990713,7,mobile_radio_site,ANFR Open Data,PUBLIC_DECLARATION
anfr-2118264,2118264,48.83222222222223,2.3975,Métro PTE DE CHARENTON L8,25 BOULEVARD Poniatowski (EN FACE),,,75012,75112,0,FREE MOBILE | ORANGE | SFR,2G | 3G | 4G,GSM 1800 | GSM 900 | LTE 1800 | LTE 900 | UMTS 900,En service,0750990760 | 0752292182 | 0752702258,8,mobile_radio_site,ANFR Open Data,PUBLIC_DECLARATION
anfr-2194373,2194373,48.8425,2.4069444444444446,,26 Avenue du Dr Arnold Netter,,,75012,75112,"42,3",FREE MOBILE,4G | 5G,5G NR 3500 | 5G NR 700 | LTE 1800 | LTE 2100 | LTE 2600 | LTE 700 | LTE 900,En service | Techniquement opérationnel,0750990790,7,mobile_radio_site,ANFR Open Data,PUBLIC_DECLARATION
anfr-2201605,2201605,48.84055555555556,2.386111111111111,,23 RUE DU CHAROLAIS,,,75012,75112,"30,5",FREE MOBILE,4G | 5G,5G NR 3500 | 5G NR 700 | LTE 1800 | LTE 2100 | LTE 2600 | LTE 700 | LTE 900,En service | Techniquement opérationnel,0750990794,7,mobile_radio_site,ANFR Open Data,PUBLIC_DECLARATION
anfr-2235191,2235191,48.84111111111111,2.3905555555555553,,163 AVENUE DAUMESNIL,,,75012,75112,"35,5",FREE MOBILE,4G | 5G,5G NR 3500 | 5G NR 700 | LTE 1800 | LTE 2100 | LTE 2600 | LTE 700 | LTE 900,En service | Techniquement opérationnel,0750990824,7,mobile_radio_site,ANFR Open Data,PUBLIC_DECLARATION
anfr-2289557,2289557,48.83527777777778,2.4058333333333333,METRO PORTE DOREE L8,117 BOULEVARD PONIATOWSKI,,,75012,75112,0,FREE MOBILE,4G,LTE 1800 | LTE 900,En service,0750990858,2,mobile_radio_site,ANFR Open Data,PUBLIC_DECLARATION
anfr-2290544,2290544,48.83916666666667,2.3958333333333335,METRO DAUMESNIL FELIX EBOUE,6 PLACE FELIX EBOUE,,,75012,75112,0,FREE MOBILE,4G,LTE 1800 | LTE 2100 | LTE 2600 | LTE 900,En service | Projet approuvé,0750990857,4,mobile_radio_site,ANFR Open Data,PUBLIC_DECLARATION
anfr-2316441,2316441,48.843333333333334,2.401388888888889,,31 37 BOULEVARD PICPUS,,,75012,75112,37,FREE MOBILE,4G | 5G,5G NR 3500 | 5G NR 700 | LTE 1800 | LTE 2100 | LTE 2600 | LTE 700 | LTE 900,En service | Techniquement opérationnel,0750990889,7,mobile_radio_site,ANFR Open Data,PUBLIC_DECLARATION
anfr-2316443,2316443,48.84638888888889,2.3675,,100 QUAI DE LA RAPEE,,,75012,75112,"32,5",FREE MOBILE,4G | 5G,5G NR 3500 | 5G NR 700 | LTE 1800 | LTE 2100 | LTE 2600 | LTE 700 | LTE 900,En service | Techniquement opérationnel,0750990890,7,mobile_radio_site,ANFR Open Data,PUBLIC_DECLARATION
anfr-2316445,2316445,48.847500000000004,2.368888888888889,,246 RUE DE BERCY,,,75012,75112,40,FREE MOBILE,4G | 5G,5G NR 3500 | 5G NR 700 | LTE 1800 | LTE 2100 | LTE 2600 | LTE 700 | LTE 900,En service | Techniquement opérationnel,0750990891,7,mobile_radio_site,ANFR Open Data,PUBLIC_DECLARATION
anfr-2685590,2685590,48.831388888888895,2.3875,,1 rue de Libourne,,,75012,75112,40,FREE MOBILE,4G | 5G,5G NR 3500 | 5G NR 700 | LTE 1800 | LTE 2100 | LTE 2600 | LTE 700 | LTE 900,En service | Techniquement opérationnel,0750990069,7,mobile_radio_site,ANFR Open Data,PUBLIC_DECLARATION
anfr-2693851,2693851,48.83861111111111,2.411388888888889,,15 rue de la Nouvelle-Caledonie,,,75012,75112,"15,4",FREE MOBILE,4G | 5G,5G NR 3500 | 5G NR 700 | LTE 1800 | LTE 2100 | LTE 2600 | LTE 700 | LTE 900,En service | Techniquement opérationnel,0750990991,7,mobile_radio_site,ANFR Open Data,PUBLIC_DECLARATION
anfr-2709664,2709664,48.84666666666667,2.406388888888889,,"84, rue du Docteur Arnold Netter",,,75012,75112,"29,6",FREE MOBILE,4G | 5G,5G NR 3500 | 5G NR 700 | LTE 1800 | LTE 2100 | LTE 2600 | LTE 700 | LTE 900,En service | Techniquement opérationnel,0750990993,7,mobile_radio_site,ANFR Open Data,PUBLIC_DECLARATION
anfr-2720923,2720923,48.841944444444444,2.3958333333333335,,40 bis rue de la Gare de Reuilly,,,75012,75112,22,FREE MOBILE,4G | 5G,5G NR 3500 | 5G NR 700 | LTE 1800 | LTE 2100 | LTE 2600 | LTE 700 | LTE 900,En service | Techniquement opérationnel,0750990999,7,mobile_radio_site,ANFR Open Data,PUBLIC_DECLARATION
anfr-2775071,2775071,48.84527777777778,2.4027777777777777,,2 Rue Marsoulan,SQUARE Courteline,,75012,75112,30,FREE MOBILE | SFR,3G | 4G | 5G,5G NR 3500 | 5G NR 700 | LTE 1800 | LTE 2100 | LTE 2600 | LTE 700 | LTE 800 | LTE 900 | UMTS 900,En service | Techniquement opérationnel,0750990255 | 0752702881,14,mobile_radio_site,ANFR Open Data,PUBLIC_DECLARATION
anfr-2881617,2881617,48.83583333333333,2.408611111111111,,9 avenue Armand Rousseau,,,75012,75112,"30,7",FREE MOBILE,4G | 5G,5G NR 3500 | LTE 1800 | LTE 2100 | LTE 2600,En service | Techniquement opérationnel,0750991049,4,mobile_radio_site,ANFR Open Data,PUBLIC_DECLARATION
anfr-2906178,2906178,48.84388888888889,2.391111111111111,,97 Rue de Reuilly,,,75012,75112,"27,8",FREE MOBILE | SFR,3G | 4G | 5G,5G NR 3500 | 5G NR 700 | LTE 1800 | LTE 2100 | LTE 2600 | LTE 700 | LTE 800 | LTE 900 | UMTS 900,En service | Techniquement opérationnel,0750991036 | 0752703017,14,mobile_radio_site,ANFR Open Data,PUBLIC_DECLARATION
anfr-2965125,2965125,48.84527777777778,2.381388888888889,,135 RUE DE CHARENTON,,,75012,75112,"32,1",FREE MOBILE,4G | 5G,5G NR 3500 | 5G NR 700 | LTE 1800 | LTE 2100 | LTE 2600 | LTE 700 | LTE 900,En service | Projet approuvé | Techniquement opérationnel,0750991104,7,mobile_radio_site,ANFR Open Data,PUBLIC_DECLARATION
anfr-3086324,3086324,48.83638888888889,2.3930555555555557,,67 rue DES MEUNIERS,,,75012,75112,30,FREE MOBILE | SFR,3G | 4G | 5G,5G NR 3500 | 5G NR 700 | LTE 1800 | LTE 2100 | LTE 2600 | LTE 700 | LTE 800 | LTE 900 | UMTS 900,En service | Projet approuvé | Techniquement opérationnel,0750990593 | 0752703451,14,mobile_radio_site,ANFR Open Data,PUBLIC_DECLARATION
anfr-3196082,3196082,48.85,2.3761111111111113,,7 rue Théophile Roussel,,,75012,75112,"31,3",FREE MOBILE,4G | 5G,5G NR 3500 | 5G NR 700 | LTE 1800 | LTE 2100 | LTE 2600 | LTE 700 | LTE 900,Projet approuvé,0750991179,7,mobile_radio_site,ANFR Open Data,PUBLIC_DECLARATION
anfr-3238294,3238294,48.84916666666667,2.3761111111111113,,9 rue Emilio Castelar,,,75012,75112,"29,7",FREE MOBILE,4G | 5G,5G NR 3500 | 5G NR 700 | LTE 1800 | LTE 2100 | LTE 2600 | LTE 700 | LTE 900,Projet approuvé,0750991182,7,mobile_radio_site,ANFR Open Data,PUBLIC_DECLARATION
anfr-103929,103929,48.848333333333336,2.3938888888888887,,278 r du faubourg st antoine,,,75012,75112,35,ORANGE,2G | 3G | 4G | 5G,5G NR 2100 | 5G NR 3500 | 5G NR 700 | GSM 900 | LTE 1800 | LTE 2100 | LTE 2600 | LTE 800 | UMTS 900,En service | Projet approuvé | Techniquement opérationnel,0752290228,9,mobile_radio_site,ANFR Open Data,PUBLIC_DECLARATION
anfr-295710,295710,48.84527777777778,2.3777777777777778,,"50, av daumesnil",,,75012,75112,40,ORANGE,2G | 3G | 4G | 5G,5G NR 3500 | 5G NR 700 | GSM 900 | LTE 1800 | LTE 2100 | LTE 2600 | LTE 700 | LTE 800 | UMTS 900,En service | Techniquement opérationnel,0752291033,9,mobile_radio_site,ANFR Open Data,PUBLIC_DECLARATION
anfr-435600,435600,48.844722222222224,2.3991666666666664,,22/26 av de St Mandé,,,75012,75112,40,ORANGE | SFR,2G | 3G | 4G | 5G,5G NR 3500 | 5G NR 700 | GSM 900 | LTE 1800 | LTE 2100 | LTE 2600 | LTE 700 | LTE 800 | UMTS 2100 | UMTS 900,En service | Techniquement opérationnel,0752291166 | 0752700132,18,mobile_radio_site,ANFR Open Data,PUBLIC_DECLARATION
anfr-439210,439210,48.845,2.3847222222222224,,163 r de charenton,,,75012,75112,59,ORANGE | SFR,2G | 3G | 4G | 5G,5G NR 3500 | 5G NR 700 | GSM 900 | LTE 1800 | LTE 2100 | LTE 2600 | LTE 700 | LTE 800 | UMTS 2100 | UMTS 900,En service | Techniquement opérationnel,0752291423 | 0752700007,18,mobile_radio_site,ANFR Open Data,PUBLIC_DECLARATION
anfr-439752,439752,48.84916666666667,2.3855555555555554,,9 r de reuilly,,,75012,75112,25,ORANGE,3G | 4G | 5G,5G NR 3500 | 5G NR 700 | LTE 1800 | LTE 2100 | LTE 2600 | LTE 700 | LTE 800 | UMTS 900,En service | Techniquement opérationnel,0752291426,8,mobile_radio_site,ANFR Open Data,PUBLIC_DECLARATION
anfr-580684,580684,48.849444444444444,2.3875,,220/222 r du faubourg st antoine,,,75012,75112,39,ORANGE | SFR,2G | 3G | 4G | 5G,5G NR 3500 | 5G NR 700 | GSM 900 | LTE 1800 | LTE 2100 | LTE 2600 | LTE 700 | LTE 800 | UMTS 2100 | UMTS 900,En service | Techniquement opérationnel,0752290258 | 0752700157,12,mobile_radio_site,ANFR Open Data,PUBLIC_DECLARATION
anfr-689816,689816,48.845,2.3880555555555554,,6/8 pl maurice de fontenay,,,75012,75112,41,ORANGE,4G | 5G,5G NR 2100 | 5G NR 3500 | 5G NR 700 | LTE 1800 | LTE 2100 | LTE 2600 | LTE 800,En service | Projet approuvé | Techniquement opérationnel,0752290250,7,mobile_radio_site,ANFR Open Data,PUBLIC_DECLARATION
anfr-689820,689820,48.83166666666667,2.3858333333333333,,2 R des Pirogues de Bercy,,,75012,75112,32,ORANGE,3G | 4G | 5G,5G NR 3500 | 5G NR 700 | LTE 1800 | LTE 2100 | LTE 2600 | LTE 800 | UMTS 900,En service | Techniquement opérationnel,0752290326,7,mobile_radio_site,ANFR Open Data,PUBLIC_DECLARATION
anfr-690752,690752,48.84305555555556,2.3733333333333335,,189 r de bercy,,,75012,75112,49,ORANGE,3G | 4G | 5G,5G NR 2100 | 5G NR 3500 | 5G NR 700 | LTE 1800 | LTE 2100 | LTE 2600 | LTE 800 | UMTS 2100 | UMTS 900,En service | Projet approuvé | Techniquement opérationnel,0752291035,9,mobile_radio_site,ANFR Open Data,PUBLIC_DECLARATION
anfr-690756,690756,48.835,2.4408333333333334,,rte de la pyramide,Stade L.Lagrange,,75012,75112,"16,9",ORANGE,2G | 3G | 4G | 5G,5G NR 3500 | 5G NR 700 | GSM 900 | LTE 1800 | LTE 2100 | LTE 2600 | LTE 800 | UMTS 900,En service | Techniquement opérationnel,0752291153,8,mobile_radio_site,ANFR Open Data,PUBLIC_DECLARATION
anfr-792220,792220,48.81777777777778,2.456388888888889,,av de gravelle,"Autoroute A4 - P.R 4,9 - Sens Paris-Province",,75012,75112,11,ORANGE | SFR,2G | 3G | 4G,GSM 900 | LTE 1800 | LTE 2100 | LTE 800 | UMTS 2100 | UMTS 900,En service,0752291344 | 0752700151,9,mobile_radio_site,ANFR Open Data,PUBLIC_DECLARATION
anfr-814295,814295,48.8425,2.3722222222222222,,54 quai de la Rapée,,,75012,75112,48,ORANGE,3G | 4G | 5G,5G NR 3500 | 5G NR 700 | LTE 1800 | LTE 2100 | LTE 2600 | LTE 800 | UMTS 900,En service | Techniquement opérationnel,0752290425,7,mobile_radio_site,ANFR Open Data,PUBLIC_DECLARATION
anfr-1041584,1041584,48.84305555555556,2.408888888888889,,8 Villa du Bel Air,,,75012,75112,36,ORANGE,4G | 5G,5G NR 3500 | 5G NR 700 | LTE 2100 | LTE 2600 | LTE 700 | LTE 800,En service | Techniquement opérationnel,0752291571,6,mobile_radio_site,ANFR Open Data,PUBLIC_DECLARATION
anfr-1342522,1342522,48.85138888888889,2.3705555555555557,,120 rue de Lyon,Opéra Bastille,,75012,75112,45,ORANGE | SFR,2G | 3G | 4G | 5G,5G NR 3500 | 5G NR 700 | GSM 900 | LTE 1800 | LTE 2100 | LTE 2600 | LTE 700 | LTE 800 | UMTS 2100 | UMTS 900,En service | Projet approuvé | Techniquement opérationnel,0752291670 | 0752700185,18,mobile_radio_site,ANFR Open Data,PUBLIC_DECLARATION
anfr-1407381,1407381,48.84805555555556,2.3761111111111113,,20 rue Abel,,,75012,75112,30,ORANGE,4G | 5G,5G NR 3500 | 5G NR 700 | LTE 1800 | LTE 2100 | LTE 2600 | LTE 700 | LTE 800,En service | Techniquement opérationnel,0752291705,7,mobile_radio_site,ANFR Open Data,PUBLIC_DECLARATION
anfr-1512392,1512392,48.84027777777778,2.3941666666666666,,187 avenue Daumesnil,,,75012,75112,28,ORANGE,2G | 3G | 4G,GSM 900 | LTE 1800 | LTE 2100 | LTE 2600 | LTE 800 | UMTS 900,En service,0752291896,6,mobile_radio_site,ANFR Open Data,PUBLIC_DECLARATION
anfr-1606555,1606555,48.82638888888889,2.4650000000000003,,Avenue du Tremblay,Pont Autoroutier A4,,75012,75112,11,ORANGE | SFR,2G | 3G | 4G,GSM 900 | LTE 1800 | LTE 2100 | LTE 800 | UMTS 2100 | UMTS 900,En service,0752291954 | 0752700320,9,mobile_radio_site,ANFR Open Data,PUBLIC_DECLARATION
anfr-1615755,1615755,48.84777777777778,2.3822222222222225,,184 Rue Du Faubourg St Antoine,20 Rue De Citeaux,,75012,75112,"46,6",ORANGE,2G | 3G | 4G | 5G,5G NR 2100 | 5G NR 3500 | 5G NR 700 | GSM 900 | LTE 1800 | LTE 2100 | LTE 2600 | LTE 700 | LTE 800 | UMTS 900,En service | Projet approuvé | Techniquement opérationnel,0752291958,10,mobile_radio_site,ANFR Open Data,PUBLIC_DECLARATION
anfr-1624724,1624724,48.84583333333334,2.3741666666666665,,Station METRO GARE DE LYON,Station souterraine,,75012,75112,0,ORANGE,3G | 4G,LTE 1800 | LTE 2100 | LTE 800 | UMTS 900,En service,0752291965,4,mobile_radio_site,ANFR Open Data,PUBLIC_DECLARATION
anfr-1726779,1726779,48.844166666666666,2.4397222222222226,Station Chateau de Vincennes,Cours des Maréchaux,,,75012,75112,0,ORANGE,3G | 4G,LTE 1800 | LTE 2100 | LTE 2600 | LTE 800 | UMTS 900,En service,0752292018,5,mobile_radio_site,ANFR Open Data,PUBLIC_DECLARATION
anfr-1855670,1855670,48.82972222222222,2.401388888888889,,tunnel bd périphérique,sous av de la porte de charenton,,75012,75112,"10,1",ORANGE | SFR,2G | 3G | 4G,GSM 900 | LTE 1800 | LTE 2100 | LTE 800 | UMTS 2100 | UMTS 900,En service,0752291146 | 0752702148,10,mobile_radio_site,ANFR Open Data,PUBLIC_DECLARATION
anfr-1916279,1916279,48.827222222222225,2.39,,bd périphérique,Quai de Bercy,,75012,75112,8,ORANGE,3G | 4G,LTE 800 | UMTS 900,En service,0752292057,2,mobile_radio_site,ANFR Open Data,PUBLIC_DECLARATION
anfr-2002151,2002151,48.843333333333334,2.4450000000000003,,2 ème base de Soutien au Commandement,Cours des Maréchaux,,75012,75112,33,ORANGE,3G | 4G | 5G,5G NR 3500 | 5G NR 700 | LTE 1800 | LTE 2100 | LTE 2600 | LTE 700 | LTE 800 | UMTS 900,En service | Techniquement opérationnel,0752292071,8,mobile_radio_site,ANFR Open Data,PUBLIC_DECLARATION
anfr-2074033,2074033,48.83555555555556,2.406111111111111,Métro PORTE DOREE L8,117 boulevard Poniatowski (en face),Av Daumesnil angle Boulevard Poniatowski,,75012,75112,0,ORANGE,3G | 4G,LTE 1800 | UMTS 900,En service,0752292181,2,mobile_radio_site,ANFR Open Data,PUBLIC_DECLARATION
anfr-2099923,2099923,48.843333333333334,2.3741666666666665,RER Gare de Lyon,191 Allée de Bercy,,,75012,75112,0,ORANGE | SFR,3G | 4G,LTE 1800 | LTE 2100 | LTE 2600 | LTE 800 | UMTS 2100 | UMTS 900,En service,0752292213 | 0752701407,11,mobile_radio_site,ANFR Open Data,PUBLIC_DECLARATION
anfr-2107113,2107113,48.845,2.3722222222222222,Métro GARE DE LYON L14,Place Louis Armand,,,75012,75112,0,ORANGE | SFR,3G | 4G,LTE 1800 | LTE 2100 | LTE 2600 | LTE 800 | UMTS 2100 | UMTS 900,En service,0752292216 | 0752702541,11,mobile_radio_site,ANFR Open Data,PUBLIC_DECLARATION
anfr-2430996,2430996,48.83416666666667,2.3938888888888887,,"314, rue de Charenton",,,75012,75112,16,ORANGE,4G,LTE 1800 | LTE 2100,En service,0752292438,2,mobile_radio_site,ANFR Open Data,PUBLIC_DECLARATION
anfr-2479666,2479666,48.84111111111111,2.379166666666667,,120 rue De Bercy,,,75012,75112,"40,1",ORANGE,3G | 4G | 5G,5G NR 3500 | 5G NR 700 | LTE 1800 | LTE 2100 | LTE 2600 | LTE 700 | LTE 800 | UMTS 900,En service | Techniquement opérationnel,0752292565,8,mobile_radio_site,ANFR Open Data,PUBLIC_DECLARATION
anfr-2580641,2580641,48.83722222222222,2.3963888888888887,,5-6 sq georges contenot,,,75012,75112,"39,2",ORANGE,2G | 3G | 4G | 5G,5G NR 3500 | 5G NR 700 | GSM 900 | LTE 1800 | LTE 2100 | LTE 2600 | LTE 700 | LTE 800 | UMTS 900,En service | Techniquement opérationnel,0752290495,9,mobile_radio_site,ANFR Open Data,PUBLIC_DECLARATION
anfr-2623216,2623216,48.82944444444445,2.4522222222222223,,11 av du Tremblay,route de la Pyramide,,75012,75112,20,ORANGE | SFR,3G | 4G | 5G,5G NR 3500 | 5G NR 700 | LTE 1800 | LTE 2100 | LTE 2600 | LTE 700 | LTE 800 | UMTS 2100 | UMTS 900,En service | Techniquement opérationnel,0752292714 | 0752700430,12,mobile_radio_site,ANFR Open Data,PUBLIC_DECLARATION
anfr-2728260,2728260,48.846111111111114,2.3694444444444445,,227 Rue de Bercy,,,75012,75112,36,ORANGE,4G | 5G,5G NR 3500 | 5G NR 700 | LTE 1800 | LTE 2100 | LTE 2600 | LTE 800,En service | Techniquement opérationnel,0752292746,6,mobile_radio_site,ANFR Open Data,PUBLIC_DECLARATION
anfr-2849339,2849339,48.836111111111116,2.4025,,69/71 av Michel Bizot,130 PICPUS,,75012,75112,32,ORANGE | SFR,2G | 3G | 4G | 5G,5G NR 2100 | 5G NR 3500 | 5G NR 700 | GSM 900 | LTE 1800 | LTE 2100 | LTE 2600 | LTE 700 | LTE 800 | UMTS 900,En service | Projet approuvé | Techniquement opérationnel,0752290270 | 0752702934,17,mobile_radio_site,ANFR Open Data,PUBLIC_DECLARATION
anfr-3102837,3102837,48.84055555555556,2.401111111111111,,18 Boulevard de Picpus,,,75012,75112,"39,3",ORANGE | SFR,2G | 3G | 4G | 5G,5G NR 3500 | 5G NR 700 | GSM 900 | LTE 1800 | LTE 2100 | LTE 2600 | LTE 700 | LTE 800 | UMTS 900,En service | Projet approuvé | Techniquement opérationnel,0752290188 | 0752703434,15,mobile_radio_site,ANFR Open Data,PUBLIC_DECLARATION
anfr-454833,454833,48.830555555555556,2.3875,,Bercy Expo,40 av des terroirs de france,,75012,75112,38,SFR,2G | 3G | 4G | 5G,5G NR 3500 | GSM 900 | LTE 1800 | LTE 2100 | LTE 2600 | LTE 700 | LTE 800 | UMTS 2100 | UMTS 900,En service | Techniquement opérationnel,0752700246,9,mobile_radio_site,ANFR Open Data,PUBLIC_DECLARATION
anfr-690766,690766,48.84583333333334,2.3819444444444446,,7 AV DE CORBERA,,,75012,75112,"34,8",SFR,2G | 3G | 4G | 5G,5G NR 3500 | GSM 900 | LTE 1800 | LTE 2100 | LTE 2600 | LTE 700 | LTE 800 | UMTS 2100 | UMTS 900,En service | Techniquement opérationnel,0752700249,9,mobile_radio_site,ANFR Open Data,PUBLIC_DECLARATION
anfr-690776,690776,48.84166666666667,2.385,,41 r du charolais,,,75012,75112,33,SFR,2G | 3G | 4G | 5G,5G NR 3500 | GSM 900 | LTE 1800 | LTE 2100 | LTE 2600 | LTE 700 | LTE 800 | UMTS 2100 | UMTS 900,En service | Techniquement opérationnel,0752700247,9,mobile_radio_site,ANFR Open Data,PUBLIC_DECLARATION
anfr-690780,690780,48.836666666666666,2.408333333333333,,6 BLD SOULT,,,75012,75112,33,SFR,2G | 3G | 4G | 5G,5G NR 3500 | GSM 900 | LTE 1800 | LTE 2100 | LTE 2600 | LTE 700 | LTE 800 | UMTS 2100 | UMTS 900,En service | Techniquement opérationnel,0752700274,9,mobile_radio_site,ANFR Open Data,PUBLIC_DECLARATION
anfr-690782,690782,48.8425,2.397222222222222,,70 r de picpus,,,75012,75112,29,SFR,2G | 3G | 4G | 5G,5G NR 2100 | 5G NR 3500 | GSM 900 | LTE 1800 | LTE 2100 | LTE 2600 | LTE 700 | LTE 800 | UMTS 2100 | UMTS 900,En service | Projet approuvé | Techniquement opérationnel,0752700264,10,mobile_radio_site,ANFR Open Data,PUBLIC_DECLARATION
anfr-690784,690784,48.839444444444446,2.4052777777777776,,44 b  r de la véga,,,75012,75112,"33,5",SFR,2G | 3G | 4G | 5G,5G NR 3500 | GSM 900 | LTE 1800 | LTE 2100 | LTE 2600 | LTE 700 | LTE 800 | UMTS 2100 | UMTS 900,En service | Techniquement opérationnel,0752700275,9,mobile_radio_site,ANFR Open Data,PUBLIC_DECLARATION
anfr-696094,696094,48.84166666666667,2.4102777777777775,,4 r ernest lavisse,,,75012,75112,36,SFR,3G | 4G | 5G,5G NR 3500 | LTE 1800 | LTE 2100 | LTE 2600 | LTE 700 | LTE 800 | UMTS 900,En service | Techniquement opérationnel,0752700227,7,mobile_radio_site,ANFR Open Data,PUBLIC_DECLARATION
anfr-696102,696102,48.834722222222226,2.3944444444444444,,293 r de charenton,,,75012,75112,44,SFR,2G | 3G | 4G | 5G,5G NR 3500 | GSM 900 | LTE 1800 | LTE 2100 | LTE 2600 | LTE 700 | LTE 800 | UMTS 2100 | UMTS 900,En service | Techniquement opérationnel,0752700262,9,mobile_radio_site,ANFR Open Data,PUBLIC_DECLARATION
anfr-696104,696104,48.84444444444445,2.3730555555555557,,2 pl louis armand,Hôtel MERCURE,,75012,75112,"40,5",SFR,2G | 3G | 4G | 5G,5G NR 3500 | GSM 900 | LTE 1800 | LTE 2100 | LTE 2600 | LTE 700 | LTE 800 | UMTS 2100 | UMTS 900,En service | Projet approuvé | Techniquement opérationnel,0752700345,9,mobile_radio_site,ANFR Open Data,PUBLIC_DECLARATION
anfr-696120,696120,48.83888888888889,2.4,,"10, r sidi brahim",,,75012,75112,25,SFR,4G,LTE 1800 | LTE 2100 | LTE 2600,En service,0752700334,3,mobile_radio_site,ANFR Open Data,PUBLIC_DECLARATION
anfr-847600,847600,48.84,2.375277777777778,,139 r de bercy,,,75012,75112,19,SFR,2G | 3G | 4G | 5G,5G NR 3500 | GSM 900 | LTE 1800 | LTE 2100 | LTE 2600 | LTE 700 | LTE 800 | UMTS 900,En service | Techniquement opérationnel,0752700432,8,mobile_radio_site,ANFR Open Data,PUBLIC_DECLARATION
anfr-1273156,1273156,48.844166666666666,2.3894444444444445,,42 rue Montgallet,,,75012,75112,35,SFR,2G | 3G | 4G | 5G,5G NR 3500 | GSM 900 | LTE 1800 | LTE 2100 | LTE 2600 | LTE 700 | LTE 800 | UMTS 2100 | UMTS 900,En service | Techniquement opérationnel,0752700265,9,mobile_radio_site,ANFR Open Data,PUBLIC_DECLARATION
anfr-1379818,1379818,48.844166666666666,2.3741666666666665,,rue de Chalon,Gare de Lyon - Tunnel Châlon,,75012,75112,6,SFR,2G | 3G | 4G,GSM 900 | LTE 1800 | LTE 800 | UMTS 2100 | UMTS 900,En service | Projet approuvé,0752701361,5,mobile_radio_site,ANFR Open Data,PUBLIC_DECLARATION
anfr-1567730,1567730,48.845555555555556,2.3730555555555557,METRO GARE DE LYON L1,Boulevard Diderot face à la gare SNCF,,,75012,75112,0,SFR,3G | 4G,LTE 1800 | LTE 2100 | LTE 2600 | LTE 800 | UMTS 2100 | UMTS 900,En service,0752701409,6,mobile_radio_site,ANFR Open Data,PUBLIC_DECLARATION
anfr-1568926,1568926,48.839444444444446,2.3963888888888887,RER NATION,Place de la Nation Ligne A,_Gare RER Nation,,75012,75112,0,SFR,3G | 4G,LTE 1800 | LTE 2100 | LTE 2600 | LTE 800 | UMTS 2100 | UMTS 900,En service,0752701418,6,mobile_radio_site,ANFR Open Data,PUBLIC_DECLARATION
anfr-1914989,1914989,48.84722222222222,2.3697222222222223,,29 av Ledru Rollin,,,75012,75112,"29,4",SFR,2G | 3G | 4G | 5G,5G NR 2100 | 5G NR 3500 | GSM 900 | LTE 1800 | LTE 2100 | LTE 2600 | LTE 700 | LTE 800 | UMTS 2100 | UMTS 900,En service | Projet approuvé | Techniquement opérationnel,0752700408,10,mobile_radio_site,ANFR Open Data,PUBLIC_DECLARATION
anfr-1982692,1982692,48.83416666666667,2.410833333333333,,Tunnel périphérique,au niveau de la porte Dorée,,75012,75112,"8,8",SFR,2G | 3G | 4G,GSM 900 | LTE 1800 | LTE 800 | UMTS 2100 | UMTS 900,En service,0752702491,5,mobile_radio_site,ANFR Open Data,PUBLIC_DECLARATION
anfr-1982694,1982694,48.8275,2.3897222222222223,,Pt de Bercy - Bld Périphérique,Accès A4,,75012,75112,11,SFR,2G | 3G | 4G,GSM 900 | LTE 1800 | LTE 800 | UMTS 2100 | UMTS 900,En service,0752702492,5,mobile_radio_site,ANFR Open Data,PUBLIC_DECLARATION
anfr-2044022,2044022,48.83722222222222,2.4025,METRO MICHEL BIZOT,Angle av Daumesnil et rue de Toul,,,75012,75112,0,SFR,3G | 4G,LTE 1800 | LTE 2100 | LTE 2600 | LTE 700 | LTE 800 | UMTS 900,En service,0752702266,6,mobile_radio_site,ANFR Open Data,PUBLIC_DECLARATION
anfr-2053386,2053386,48.83555555555556,2.406111111111111,METRO PORTE DOREE,117 BOULEVARD PONIATOWSKI (EN FACE),,,75012,75112,0,SFR,2G | 3G | 4G,GSM 1800 | GSM 900 | LTE 1800 | UMTS 900,En service,0752702182,4,mobile_radio_site,ANFR Open Data,PUBLIC_DECLARATION
anfr-2879103,2879103,48.847500000000004,2.3780555555555556,,103 RUE DE CHARENTON,,,75012,75112,"22,5",SFR,3G | 4G | 5G,5G NR 3500 | LTE 1800 | LTE 2100 | LTE 2600 | LTE 700 | LTE 800 | UMTS 900,En service | Techniquement opérationnel,0752702999,7,mobile_radio_site,ANFR Open Data,PUBLIC_DECLARATION
anfr-2901492,2901492,48.84055555555556,2.3963888888888887,,5c Rue Lamblardie,,,75012,75112,23,SFR,3G | 4G | 5G,5G NR 3500 | LTE 1800 | LTE 2100 | LTE 2600 | LTE 700 | LTE 800 | UMTS 900,En service | Techniquement opérationnel,0752703057,7,mobile_radio_site,ANFR Open Data,PUBLIC_DECLARATION
anfr-2905056,2905056,48.849444444444444,2.3766666666666665,,5 RUE CHARLES BAUDELAIRE,,,75012,75112,28,SFR,3G | 4G | 5G,5G NR 2100 | 5G NR 3500 | LTE 1800 | LTE 2100 | LTE 2600 | LTE 700 | LTE 800 | UMTS 900,En service | Projet approuvé | Techniquement opérationnel,0752703080,8,mobile_radio_site,ANFR Open Data,PUBLIC_DECLARATION
anfr-2905931,2905931,48.84111111111111,2.3894444444444445,,161 AVENUE DAUMESNIL,,,75012,75112,"37,8",SFR,3G | 4G | 5G,5G NR 2100 | 5G NR 3500 | LTE 1800 | LTE 2100 | LTE 2600 | LTE 700 | LTE 800 | UMTS 900,En service | Projet approuvé | Techniquement opérationnel,0752703082,8,mobile_radio_site,ANFR Open Data,PUBLIC_DECLARATION
anfr-2935964,2935964,48.84444444444445,2.3725,,Gare de Lyon,Rue de Chalon,,75012,75112,9,SFR,2G | 3G | 4G,GSM 900 | LTE 1800 | LTE 2100 | LTE 2600 | LTE 700 | LTE 800 | UMTS 900,En service | Projet approuvé,0752703111,7,mobile_radio_site,ANFR Open Data,PUBLIC_DECLARATION
anfr-2976126,2976126,48.83416666666667,2.4033333333333333,,87  BOULEVARD PONIATOWSKI,,,75012,75112,"12,4",SFR,3G | 4G,LTE 1800 | LTE 2600 | UMTS 2100,En service | Projet approuvé,0752703266,3,mobile_radio_site,ANFR Open Data,PUBLIC_DECLARATION
anfr-2988551,2988551,48.84666666666667,2.366111111111111,,1B Place Mazas,Maison éclusière Mazas,,75012,75112,"8,5",SFR,3G | 4G | 5G,5G NR 3500 | LTE 1800 | LTE 2100 | LTE 2600 | LTE 700 | LTE 800 | UMTS 900,En service | Techniquement opérationnel,0752703289,7,mobile_radio_site,ANFR Open Data,PUBLIC_DECLARATION
anfr-3009551,3009551,48.837500000000006,2.403611111111111,,85 Avenue du Général Michel Bizot,,,75012,75112,"33,3",SFR,4G | 5G,5G NR 3500 | LTE 1800 | LTE 2100 | LTE 2600 | LTE 700 | LTE 800,Projet approuvé,0752703341,6,mobile_radio_site,ANFR Open Data,PUBLIC_DECLARATION
anfr-3016658,3016658,48.84527777777778,2.3783333333333334,,25 PASSAGE RAGUINOT,,,75012,75112,22,SFR,3G | 4G | 5G,5G NR 3500 | LTE 1800 | LTE 2100 | LTE 2600 | LTE 700 | LTE 800 | UMTS 900,En service | Techniquement opérationnel,0752703348,7,mobile_radio_site,ANFR Open Data,PUBLIC_DECLARATION
anfr-3051012,3051012,48.85305555555556,2.3691666666666666,METRO BASTILLE 2,PLACE DE LA BASTILLE,Metro L8,,75004,75112,0,SFR,3G | 4G,LTE 1800 | LTE 2100 | LTE 2600 | UMTS 900,En service,0752703388,4,mobile_radio_site,ANFR Open Data,PUBLIC_DECLARATION
anfr-3051423,3051423,48.83305555555556,2.3855555555555554,METRO COUR ST EMILION,34 rue  Francois Truffaut,Metro L14,,75012,75112,0,SFR,3G | 4G,LTE 1800 | LTE 2100 | LTE 2600 | LTE 800 | UMTS 900,En service,0752703393,5,mobile_radio_site,ANFR Open Data,PUBLIC_DECLARATION
anfr-3071182,3071182,48.845555555555556,2.381666666666667,,6 Avenue de Corbera,,,75012,75112,"28,5",SFR,3G | 4G | 5G,5G NR 3500 | LTE 1800 | LTE 2100 | LTE 2600 | LTE 700 | LTE 800 | UMTS 900,Projet approuvé,0752703440,7,mobile_radio_site,ANFR Open Data,PUBLIC_DECLARATION
anfr-438550,438550,48.831388888888895,2.3458333333333337,,88/90/92 bd  auguste blanqui,,,75013,75113,"37,5",BOUYGUES TELECOM | ORANGE | SFR,2G | 3G | 4G | 5G,5G NR 2100 | 5G NR 3500 | 5G NR 700 | GSM 900 | LTE 1800 | LTE 2100 | LTE 2600 | LTE 700 | LTE 800 | UMTS 900,En service | Projet approuvé | Techniquement opérationnel,0752290195 | 0752700290 | 0752750785,25,mobile_radio_site,ANFR Open Data,PUBLIC_DECLARATION
anfr-450269,450269,48.834722222222226,2.3555555555555556,,05-07 r rubens,HLM,,75013,75113,56,BOUYGUES TELECOM | SFR,2G | 3G | 4G | 5G,5G NR 2100 | 5G NR 3500 | GSM 900 | LTE 1800 | LTE 2100 | LTE 2600 | LTE 700 | LTE 800 | UMTS 900,En service | Projet approuvé | Techniquement opérationnel,0752700026 | 0752750327,18,mobile_radio_site,ANFR Open Data,PUBLIC_DECLARATION
anfr-455441,455441,48.82611111111112,2.345555555555556,,210 r de tolbiac,,,75013,75113,51,BOUYGUES TELECOM | ORANGE | SFR,2G | 3G | 4G | 5G,5G NR 2100 | 5G NR 3500 | GSM 900 | LTE 1800 | LTE 2100 | LTE 2600 | LTE 700 | LTE 800 | UMTS 900,En service | Projet approuvé | Techniquement opérationnel,0752290052 | 0752700289 | 0752750641,16,mobile_radio_site,ANFR Open Data,PUBLIC_DECLARATION
anfr-455818,455818,48.831944444444446,2.352777777777778,,13 AV DE LA SOEUR ROSALIE,,,75013,75113,39,BOUYGUES TELECOM | SFR,2G | 3G | 4G | 5G,5G NR 2100 | 5G NR 3500 | GSM 900 | LTE 1800 | LTE 2100 | LTE 2600 | LTE 700 | LTE 800 | UMTS 900,En service | Projet approuvé | Techniquement opérationnel,0752700311 | 0752750582,17,mobile_radio_site,ANFR Open Data,PUBLIC_DECLARATION
anfr-512703,512703,48.837500000000006,2.345277777777778,,39 BD DU PORT ROYAL,,,75013,75113,"30,7",BOUYGUES TELECOM | FREE MOBILE | SFR,2G | 3G | 4G | 5G,5G NR 2100 | 5G NR 3500 | 5G NR 700 | GSM 900 | LTE 1800 | LTE 2100 | LTE 2600 | LTE 700 | LTE 800 | LTE 900 | UMTS 900,En service | Projet approuvé | Techniquement opérationnel,0750990232 | 0752700350 | 0752750926,25,mobile_radio_site,ANFR Open Data,PUBLIC_DECLARATION
anfr-539112,539112,48.82027777777778,2.358611111111111,,182 AV D'ITALIE,,,75013,75113,"40,3",BOUYGUES TELECOM,2G | 3G | 4G | 5G,5G NR 2100 | 5G NR 3500 | GSM 900 | LTE 1800 | LTE 2100 | LTE 2600 | LTE 700 | LTE 800 | UMTS 900,En service | Techniquement opérationnel,0752750088,9,mobile_radio_site,ANFR Open Data,PUBLIC_DECLARATION
anfr-539118,539118,48.83222222222223,2.365277777777778,,72-74 R JEANNE D'ARC,,,75013,75113,38,BOUYGUES TELECOM,2G | 3G | 4G | 5G,5G NR 2100 | 5G NR 3500 | GSM 900 | LTE 1800 | LTE 2100 | LTE 2600 | LTE 700 | LTE 800 | UMTS 900,En service | Techniquement opérationnel,0752750411,9,mobile_radio_site,ANFR Open Data,PUBLIC_DECLARATION
anfr-542848,542848,48.8275,2.367777777777778,,66 rue de Tolbiac,,,75013,75113,"40,5",BOUYGUES TELECOM,2G | 3G | 4G | 5G,5G NR 2100 | 5G NR 3500 | GSM 900 | LTE 1800 | LTE 2100 | LTE 2600 | LTE 700 | LTE 800 | UMTS 900,En service | Techniquement opérationnel,0752750402,9,mobile_radio_site,ANFR Open Data,PUBLIC_DECLARATION
anfr-559356,559356,48.823888888888895,2.363888888888889,,10-12 R SIMONE WEIL,,,75013,75113,34,BOUYGUES TELECOM,3G | 4G | 5G,5G NR 2100 | 5G NR 3500 | LTE 1800 | LTE 2100 | LTE 2600 | LTE 700 | LTE 800 | UMTS 900,En service | Techniquement opérationnel,0752750364,8,mobile_radio_site,ANFR Open Data,PUBLIC_DECLARATION
anfr-563482,563482,48.835,2.3694444444444445,,59 BD VINCENT AURIOL,,,75013,75113,32,BOUYGUES TELECOM,3G | 4G | 5G,5G NR 2100 | 5G NR 3500 | LTE 1800 | LTE 2100 | LTE 2600 | LTE 700 | LTE 800 | UMTS 900,En service | Techniquement opérationnel,0752750680,8,mobile_radio_site,ANFR Open Data,PUBLIC_DECLARATION
anfr-568829,568829,48.831944444444446,2.3719444444444444,,1 R PIERRE GOURDAULT,,,75013,75113,28,BOUYGUES TELECOM,3G | 4G | 5G,5G NR 2100 | 5G NR 3500 | LTE 1800 | LTE 2100 | LTE 2600 | LTE 700 | LTE 800 | UMTS 900,En service | Techniquement opérationnel,0752750002,8,mobile_radio_site,ANFR Open Data,PUBLIC_DECLARATION
anfr-587201,587201,48.82638888888889,2.352777777777778,,"64 , r du moulin des prés",r de tolbiac,,75013,75113,36,BOUYGUES TELECOM | ORANGE | SFR,2G | 3G | 4G | 5G,5G NR 2100 | 5G NR 3500 | 5G NR 700 | GSM 900 | LTE 1800 | LTE 2100 | LTE 2600 | LTE 700 | LTE 800 | UMTS 900,En service | Projet approuvé | Techniquement opérationnel,0752290160 | 0752700120 | 0752750596,27,mobile_radio_site,ANFR Open Data,PUBLIC_DECLARATION
anfr-593155,593155,48.824444444444445,2.3419444444444446,,27 r de l'amiral mouchez,,,75013,75113,40,BOUYGUES TELECOM | SFR,2G | 3G | 4G | 5G,5G NR 2100 | 5G NR 3500 | GSM 900 | LTE 1800 | LTE 2100 | LTE 2600 | LTE 700 | LTE 800 | UMTS 2100 | UMTS 900,En service | Projet approuvé | Techniquement opérationnel,0752700288 | 0752750017,17,mobile_radio_site,ANFR Open Data,PUBLIC_DECLARATION
anfr-660174,660174,48.831388888888895,2.3608333333333333,,204/210 r du château des rentiers,,,75013,75113,49,BOUYGUES TELECOM | ORANGE,3G | 4G | 5G,5G NR 2100 | 5G NR 3500 | LTE 1800 | LTE 2100 | LTE 2600 | LTE 700 | LTE 800 | UMTS 900,En service | Techniquement opérationnel,0752290378 | 0752750571,12,mobile_radio_site,ANFR Open Data,PUBLIC_DECLARATION
anfr-660957,660957,48.81777777777778,2.365555555555556,,1/7 Av de la Porte de Choisy,,,75013,75113,41,BOUYGUES TELECOM | FREE MOBILE,3G | 4G | 5G,5G NR 2100 | 5G NR 3500 | 5G NR 700 | LTE 1800 | LTE 2100 | LTE 2600 | LTE 700 | LTE 800 | LTE 900 | UMTS 900,En service | Techniquement opérationnel,0750990003 | 0752750591,15,mobile_radio_site,ANFR Open Data,PUBLIC_DECLARATION
anfr-660959,660959,48.82916666666667,2.3736111111111113,,"24, 26 R TOLBIAC",,,75013,75113,37,BOUYGUES TELECOM | ORANGE,2G | 3G | 4G | 5G,5G NR 2100 | 5G NR 3500 | 5G NR 700 | GSM 900 | LTE 1800 | LTE 2100 | LTE 2600 | LTE 700 | LTE 800 | UMTS 900,En service | Projet approuvé | Techniquement opérationnel,0752291574 | 0752750739,17,mobile_radio_site,ANFR Open Data,PUBLIC_DECLARATION
anfr-661321,661321,48.82555555555556,2.3722222222222222,,"48, 50 R ALBERT",,,75013,75113,41,BOUYGUES TELECOM,2G | 3G | 4G | 5G,5G NR 2100 | 5G NR 3500 | GSM 900 | LTE 1800 | LTE 2100 | LTE 2600 | LTE 700 | LTE 800 | UMTS 900,En service | Techniquement opérationnel,0752750570,9,mobile_radio_site,ANFR Open Data,PUBLIC_DECLARATION
anfr-662280,662280,48.82916666666667,2.3494444444444444,,51 BD BLANQUI,,,75013,75113,43,BOUYGUES TELECOM | FREE MOBILE,3G | 4G | 5G,5G NR 2100 | 5G NR 3500 | 5G NR 700 | LTE 1800 | LTE 2100 | LTE 2600 | LTE 700 | LTE 800 | LTE 900 | UMTS 900,En service | Techniquement opérationnel,0750990024 | 0752750216,15,mobile_radio_site,ANFR Open Data,PUBLIC_DECLARATION
anfr-739390,739390,48.82638888888889,2.3583333333333334,,134-134 b  r de tolbiac,,,75013,75113,"24,4",BOUYGUES TELECOM,3G | 4G | 5G,5G NR 2100 | 5G NR 3500 | LTE 1800 | LTE 2100 | LTE 2600 | LTE 700 | LTE 800 | UMTS 900,En service | Projet approuvé | Techniquement opérationnel,0752751617,8,mobile_radio_site,ANFR Open Data,PUBLIC_DECLARATION
anfr-959967,959967,48.83416666666667,2.3458333333333337,,1 r des Tanneries,,,75013,75113,34,BOUYGUES TELECOM,3G | 4G | 5G,5G NR 2100 | 5G NR 3500 | LTE 1800 | LTE 2100 | LTE 2600 | LTE 700 | LTE 800 | UMTS 900,En service | Techniquement opérationnel,0752751646,8,mobile_radio_site,ANFR Open Data,PUBLIC_DECLARATION
anfr-1206090,1206090,48.82194444444445,2.3530555555555557,,"22, rue de l'Interne Loeb",53 R DES PEUPLIERS,,75013,75113,"44,3",BOUYGUES TELECOM | FREE MOBILE | SFR,2G | 3G | 4G | 5G,5G NR 2100 | 5G NR 3500 | 5G NR 700 | GSM 900 | LTE 1800 | LTE 2100 | LTE 2600 | LTE 700 | LTE 800 | LTE 900 | UMTS 900,En service | Projet approuvé | Techniquement opérationnel,0750990073 | 0752703365 | 0752750393,22,mobile_radio_site,ANFR Open Data,PUBLIC_DECLARATION
anfr-1215506,1215506,48.828611111111115,2.3633333333333333,,"30,32 AV EDISON",,,75013,75113,"42,2",BOUYGUES TELECOM | FREE MOBILE | ORANGE,3G | 4G | 5G,5G NR 2100 | 5G NR 3500 | 5G NR 700 | LTE 1800 | LTE 2100 | LTE 2600 | LTE 700 | LTE 800 | LTE 900 | UMTS 900,En service | Techniquement opérationnel,0750990080 | 0752292007 | 0752750004,22,mobile_radio_site,ANFR Open Data,PUBLIC_DECLARATION
anfr-1280813,1280813,48.823888888888895,2.368333333333333,,30 RUE NATIONALE,,,75013,75113,"47,9",BOUYGUES TELECOM | FREE MOBILE | ORANGE | SFR,2G | 3G | 4G | 5G,5G NR 2100 | 5G NR 3500 | 5G NR 700 | GSM 900 | LTE 1800 | LTE 2100 | LTE 2600 | LTE 700 | LTE 800 | LTE 900 | UMTS 900,En service | Projet approuvé | Techniquement opérationnel,0750990091 | 0752291922 | 0752700131 | 0752752392,32,mobile_radio_site,ANFR Open Data,PUBLIC_DECLARATION
anfr-1319201,1319201,48.833333333333336,2.341666666666667,,156 r léon maurice nordmann,,,75013,75113,36,BOUYGUES TELECOM | ORANGE,2G | 3G | 4G | 5G,5G NR 2100 | 5G NR 3500 | 5G NR 700 | GSM 900 | LTE 1800 | LTE 2100 | LTE 2600 | LTE 700 | LTE 800 | UMTS 900,En service | Techniquement opérationnel,0752291659 | 0752750090,16,mobile_radio_site,ANFR Open Data,PUBLIC_DECLARATION
anfr-1433775,1433775,48.83222222222223,2.3777777777777778,,15 R EMILE DURKHEIM,,,75013,75113,"33,4",BOUYGUES TELECOM,2G | 3G | 4G | 5G,5G NR 2100 | 5G NR 3500 | GSM 900 | LTE 1800 | LTE 2100 | LTE 2600 | LTE 700 | LTE 800 | UMTS 900,En service | Techniquement opérationnel,0752751980,9,mobile_radio_site,ANFR Open Data,PUBLIC_DECLARATION
anfr-1459010,1459010,48.819722222222225,2.345,,106 Bd Kellermann,,,75013,75113,36,BOUYGUES TELECOM | FREE MOBILE,2G | 3G | 4G | 5G,5G NR 2100 | 5G NR 3500 | 5G NR 700 | GSM 900 | LTE 1800 | LTE 2100 | LTE 2600 | LTE 700 | LTE 800 | LTE 900 | UMTS 900,En service | Projet approuvé | Techniquement opérationnel,0750990164 | 0752750338,16,mobile_radio_site,ANFR Open Data,PUBLIC_DECLARATION
anfr-1539133,1539133,48.83888888888889,2.368888888888889,,Av Pierre Mendès France,Gare d'Austerlitz,,75013,75113,"5,5",BOUYGUES TELECOM | SFR,2G | 3G | 4G,GSM 900 | LTE 1800 | LTE 2100 | LTE 2600 | LTE 800 | UMTS 900,En service,0752703553 | 0752752977,10,mobile_radio_site,ANFR Open Data,PUBLIC_DECLARATION
anfr-1540803,1540803,48.836111111111116,2.371111111111111,,Bd Vincent Auriol,Gare d'Austerlitz,Tunnels Rep 5 - 6 - 7,75013,75113,"6,5",BOUYGUES TELECOM | SFR,2G | 3G | 4G,GSM 900 | LTE 1800 | LTE 2100 | LTE 2600 | LTE 800 | UMTS 900,En service,0752703555 | 0752752997,10,mobile_radio_site,ANFR Open Data,PUBLIC_DECLARATION
anfr-1540806,1540806,48.836111111111116,2.371111111111111,,Bd Vincent Auriol,Gare d'Austerlitz,Tunnels Rep 5 - 6 - 7,75013,75113,"5,3",BOUYGUES TELECOM | SFR,2G | 3G | 4G,GSM 900 | LTE 1800 | LTE 2100 | LTE 2600 | LTE 800 | UMTS 900,En service,0752703554 | 0752752997,10,mobile_radio_site,ANFR Open Data,PUBLIC_DECLARATION
anfr-1552054,1552054,48.83305555555556,2.3738888888888887,,117 Av de France,Tunnel Austerlitz Rep 9 à 11,,75013,75113,"5,6",BOUYGUES TELECOM | SFR,2G | 3G | 4G,GSM 900 | LTE 1800 | LTE 2100 | LTE 2600 | LTE 800 | UMTS 900,En service,0752703558 | 0752753055,10,mobile_radio_site,ANFR Open Data,PUBLIC_DECLARATION
anfr-1552056,1552056,48.83305555555556,2.3733333333333335,,117 Av de France,Tunnel Austerlitz Rep 9 à 11,,75013,75113,"6,1",BOUYGUES TELECOM | SFR,2G | 3G | 4G,GSM 900 | LTE 1800 | LTE 2100 | LTE 2600 | LTE 800 | UMTS 900,En service,0752703559 | 0752753055,10,mobile_radio_site,ANFR Open Data,PUBLIC_DECLARATION
anfr-1552071,1552071,48.83277777777778,2.3736111111111113,,117 Av de France,Tunnel Austerlitz Rep 9 à 11,,75013,75113,"5,3",BOUYGUES TELECOM | SFR,2G | 3G | 4G,GSM 900 | LTE 1800 | LTE 2100 | LTE 2600 | LTE 800 | UMTS 900,En service,0752703560 | 0752753055,10,mobile_radio_site,ANFR Open Data,PUBLIC_DECLARATION
anfr-1552073,1552073,48.83277777777778,2.3736111111111113,,117 Av de France,Tunnel Austerlitz Rep 9 à 11,,75013,75113,"8,3",BOUYGUES TELECOM | SFR,2G | 3G | 4G,GSM 900 | LTE 1800 | LTE 2100 | LTE 2600 | LTE 800 | UMTS 900,En service,0752703561 | 0752753055,10,mobile_radio_site,ANFR Open Data,PUBLIC_DECLARATION
anfr-1552081,1552081,48.83305555555556,2.3741666666666665,,117 Av de France,Tunnel Austerlitz Rep 9 à 11,,75013,75113,"7,6",BOUYGUES TELECOM | SFR,2G | 3G | 4G,GSM 900 | LTE 1800 | LTE 2100 | LTE 2600 | LTE 800 | UMTS 900,En service,0752703562 | 0752753055,10,mobile_radio_site,ANFR Open Data,PUBLIC_DECLARATION
anfr-1552100,1552100,48.834722222222226,2.3716666666666666,,181 Av de France,Gare Austerlitz REP 8,,75013,75113,"5,6",BOUYGUES TELECOM | SFR,2G | 3G | 4G,GSM 900 | LTE 1800 | LTE 2100 | LTE 2600 | LTE 800 | UMTS 900,En service,0752703556 | 0752752978,10,mobile_radio_site,ANFR Open Data,PUBLIC_DECLARATION
anfr-1552261,1552261,48.842222222222226,2.366111111111111,,Cour Seine,,,75013,75113,5,BOUYGUES TELECOM | SFR,2G | 3G | 4G,GSM 900 | LTE 1800 | LTE 2100 | LTE 2600 | LTE 800 | UMTS 900,En service,0752703552 | 0752752976,9,mobile_radio_site,ANFR Open Data,PUBLIC_DECLARATION
anfr-1584987,1584987,48.836666666666666,2.3733333333333335,,7 R JEAN ARP,,,75013,75113,"33,8",BOUYGUES TELECOM,2G | 3G | 4G | 5G,5G NR 2100 | 5G NR 3500 | GSM 900 | LTE 1800 | LTE 2100 | LTE 2600 | LTE 700 | LTE 800 | UMTS 900,En service | Techniquement opérationnel,0752752080,9,mobile_radio_site,ANFR Open Data,PUBLIC_DECLARATION
anfr-1676139,1676139,48.83305555555556,2.368333333333333,,173 R DE CHEVALERET,,,75013,75113,40,BOUYGUES TELECOM,4G,LTE 1800,En service,0752752103,1,mobile_radio_site,ANFR Open Data,PUBLIC_DECLARATION
anfr-1922767,1922767,48.82833333333333,2.3805555555555555,,12 rue Marie Andree Lagroua Weill Halle,,,75013,75113,"39,9",BOUYGUES TELECOM | FREE MOBILE | ORANGE,2G | 3G | 4G | 5G,5G NR 2100 | 5G NR 3500 | 5G NR 700 | GSM 900 | LTE 1800 | LTE 2100 | LTE 2600 | LTE 700 | LTE 800 | LTE 900 | UMTS 900,En service | Techniquement opérationnel,0750990591 | 0752292039 | 0752752166,24,mobile_radio_site,ANFR Open Data,PUBLIC_DECLARATION
anfr-2029097,2029097,48.83555555555556,2.358611111111111,Métro CAMPO FORMIO L5,123 Bd de l'Hôpital,,,75013,75113,0,BOUYGUES TELECOM | FREE MOBILE | ORANGE | SFR,2G | 3G | 4G,GSM 900 | LTE 1800 | LTE 2100 | LTE 2600 | LTE 700 | LTE 800 | UMTS 900,En service,0750990693 | 0752292090 | 0752702339 | 0752752684,20,mobile_radio_site,ANFR Open Data,PUBLIC_DECLARATION
anfr-2051712,2051712,48.82472222222223,2.3761111111111113,,6 R DE PATAY,,,75013,75113,"25,8",BOUYGUES TELECOM,2G | 3G | 4G | 5G,5G NR 2100 | GSM 900 | LTE 1800 | LTE 2100 | LTE 2600 | LTE 700 | LTE 800 | UMTS 900,En service | Projet approuvé,0752752172,8,mobile_radio_site,ANFR Open Data,PUBLIC_DECLARATION
anfr-2095509,2095509,48.83833333333334,2.3697222222222223,,31 AV PIERRE MENDES FRANCE,,,75013,75113,"36,6",BOUYGUES TELECOM,3G | 4G,LTE 1800 | LTE 2600 | UMTS 2100,En service,0752752292,3,mobile_radio_site,ANFR Open Data,PUBLIC_DECLARATION
anfr-2117614,2117614,48.83694444444445,2.3583333333333334,,25 R DUMERIL,,,75013,75113,"36,5",BOUYGUES TELECOM,3G | 4G | 5G,5G NR 2100 | 5G NR 3500 | LTE 1800 | LTE 2100 | LTE 2600 | LTE 700 | LTE 800 | UMTS 900,En service | Techniquement opérationnel,0752752301,8,mobile_radio_site,ANFR Open Data,PUBLIC_DECLARATION
anfr-2122244,2122244,48.825,2.3877777777777776,,2/4 R BRUNESEAU,,,75013,75113,26,BOUYGUES TELECOM | FREE MOBILE,2G | 3G | 4G | 5G,5G NR 2100 | 5G NR 3500 | 5G NR 700 | GSM 900 | LTE 1800 | LTE 2100 | LTE 2600 | LTE 700 | LTE 800 | LTE 900 | UMTS 900,En service | Techniquement opérationnel,0750990261 | 0752752322,16,mobile_radio_site,ANFR Open Data,PUBLIC_DECLARATION
anfr-2149338,2149338,48.82194444444445,2.361666666666667,,11/13 R GANDON,,,75013,75113,37,BOUYGUES TELECOM,4G | 5G,5G NR 2100 | LTE 1800 | LTE 2100 | LTE 2600 | LTE 700 | LTE 800,En service | Techniquement opérationnel,0752752390,6,mobile_radio_site,ANFR Open Data,PUBLIC_DECLARATION
anfr-2186551,2186551,48.82972222222222,2.3758333333333335,Métro BIBLIOTHEQUE L14,62 rue du Chevaleret,,,75013,75113,0,BOUYGUES TELECOM | FREE MOBILE | ORANGE | SFR,3G | 4G,LTE 1800 | LTE 2100 | LTE 2600 | LTE 800 | UMTS 900,En service | Projet approuvé,0750990859 | 0752292279 | 0752702157 | 0752753024,17,mobile_radio_site,ANFR Open Data,PUBLIC_DECLARATION
anfr-2232525,2232525,48.83111111111111,2.356666666666667,METRO L5-6-7 PLACE D'ITALIE,,,,75013,75113,1,BOUYGUES TELECOM | ORANGE | SFR,3G | 4G,LTE 1800 | LTE 2100 | LTE 2600 | LTE 700 | LTE 800 | UMTS 2100 | UMTS 900,En service,0752292354 | 0752702156 | 0752752517,19,mobile_radio_site,ANFR Open Data,PUBLIC_DECLARATION
anfr-2232726,2232726,48.823888888888895,2.346388888888889,,76 R BARRAULT,,,75013,75113,"30,8",BOUYGUES TELECOM,3G | 4G | 5G,5G NR 2100 | LTE 1800 | LTE 2100 | LTE 2600 | LTE 700 | LTE 800 | UMTS 900,En service | Projet approuvé,0752752524,7,mobile_radio_site,ANFR Open Data,PUBLIC_DECLARATION
anfr-2240238,2240238,48.83027777777778,2.370277777777778,,29 RUE CHARCOT,,,75013,75113,30,BOUYGUES TELECOM,2G | 3G | 4G | 5G,5G NR 2100 | GSM 900 | LTE 1800 | LTE 2100 | LTE 2600 | LTE 700 | LTE 800 | UMTS 900,En service | Techniquement opérationnel,0752752545,8,mobile_radio_site,ANFR Open Data,PUBLIC_DECLARATION
anfr-2254562,2254562,48.819722222222225,2.355277777777778,,12 R KEUFER,,,75013,75113,"24,4",BOUYGUES TELECOM,3G | 4G | 5G,5G NR 2100 | LTE 1800 | LTE 2100 | LTE 2600 | LTE 700 | LTE 800 | UMTS 900,En service | Techniquement opérationnel,0752752558,7,mobile_radio_site,ANFR Open Data,PUBLIC_DECLARATION
anfr-2276711,2276711,48.81888888888889,2.36,METRO L7 PORTE D'ITALIE,166-168 BD MASSENA,,,75013,75113,1,BOUYGUES TELECOM | ORANGE | SFR,2G | 3G | 4G,GSM 1800 | GSM 900 | LTE 1800 | UMTS 900,En service,0752292167 | 0752702359 | 0752752618,8,mobile_radio_site,ANFR Open Data,PUBLIC_DECLARATION
anfr-2291803,2291803,48.828611111111115,2.3441666666666667,,42 RUE DAVIEL,Tour 37,,75013,75113,53,BOUYGUES TELECOM | FREE MOBILE | ORANGE | SFR,2G | 3G | 4G | 5G,5G NR 2100 | 5G NR 3500 | 5G NR 700 | GSM 900 | LTE 1800 | LTE 2100 | LTE 2600 | LTE 700 | LTE 800 | LTE 900 | UMTS 2100 | UMTS 900,En service | Projet approuvé | Techniquement opérationnel,0750991039 | 0752293044 | 0752700072 | 0752752647,31,mobile_radio_site,ANFR Open Data,PUBLIC_DECLARATION
anfr-2310614,2310614,48.82638888888889,2.3569444444444447,METRO L7 - TOLBIAC,Av Italie / Rue Tolbiac,,,75013,75113,1,BOUYGUES TELECOM,3G | 4G,LTE 1800 | LTE 2100 | LTE 2600 | LTE 800 | UMTS 900,En service,0752752650,5,mobile_radio_site,ANFR Open Data,PUBLIC_DECLARATION
anfr-2470504,2470504,48.82694444444445,2.3558333333333334,,19 R DU MOULINET,,,75013,75113,"31,5",BOUYGUES TELECOM,4G | 5G,5G NR 2100 | LTE 1800 | LTE 2100 | LTE 2600 | LTE 700 | LTE 800,En service | Techniquement opérationnel,0752752736,6,mobile_radio_site,ANFR Open Data,PUBLIC_DECLARATION
anfr-2473349,2473349,48.819722222222225,2.3719444444444444,,7 AVENUE DE LA PORTE D'IVRY,,,75013,75113,33,BOUYGUES TELECOM | FREE MOBILE,4G | 5G,5G NR 2100 | 5G NR 3500 | 5G NR 700 | LTE 1800 | LTE 2100 | LTE 2600 | LTE 700 | LTE 800 | LTE 900,En service | Projet approuvé | Techniquement opérationnel,0750990920 | 0752752734,14,mobile_radio_site,ANFR Open Data,PUBLIC_DECLARATION
anfr-2563457,2563457,48.838055555555556,2.3697222222222223,,31 AV MENDES FRANCE,,,75013,75113,"35,6",BOUYGUES TELECOM,4G | 5G,5G NR 2100 | 5G NR 3500 | LTE 1800 | LTE 2100 | LTE 2600 | LTE 700 | LTE 800,En service | Techniquement opérationnel,0752752552,7,mobile_radio_site,ANFR Open Data,PUBLIC_DECLARATION
anfr-2742555,2742555,48.82083333333334,2.3730555555555557,,6 AVENUE JOSEPH BEDIER,,,75013,75113,"31,9",BOUYGUES TELECOM | SFR,2G | 3G | 4G | 5G,5G NR 2100 | 5G NR 3500 | GSM 900 | LTE 1800 | LTE 2100 | LTE 2600 | LTE 700 | LTE 800 | UMTS 900,En service | Projet approuvé | Techniquement opérationnel,0752702860 | 0752752278,17,mobile_radio_site,ANFR Open Data,PUBLIC_DECLARATION
anfr-2892750,2892750,48.835,2.3622222222222224,,110 Rue Jeanne d'arc,,,75013,75113,31,BOUYGUES TELECOM | SFR,2G | 3G | 4G | 5G,5G NR 2100 | 5G NR 3500 | GSM 900 | LTE 1800 | LTE 2100 | LTE 2600 | LTE 700 | LTE 800 | UMTS 900,En service | Techniquement opérationnel,0752703015 | 0752750050,15,mobile_radio_site,ANFR Open Data,PUBLIC_DECLARATION
anfr-2911691,2911691,48.824444444444445,2.3519444444444444,,15 R  CHARLES FOURIER,,,75013,75113,"28,2",BOUYGUES TELECOM,3G | 4G | 5G,5G NR 2100 | 5G NR 3500 | LTE 1800 | LTE 2100 | LTE 2600 | LTE 700 | LTE 800 | UMTS 900,En service | Projet approuvé | Techniquement opérationnel,0752752884,8,mobile_radio_site,ANFR Open Data,PUBLIC_DECLARATION
anfr-2912700,2912700,48.83694444444445,2.3658333333333332,,ALL LE VAU,Bâtiment EOLE -  Hôpital Pitié Salpêtrière,,75013,75113,"33,5",BOUYGUES TELECOM,3G | 4G | 5G,5G NR 2100 | 5G NR 3500 | LTE 1800 | LTE 2600 | LTE 700 | LTE 800 | UMTS 900,En service | Techniquement opérationnel,0752752882,7,mobile_radio_site,ANFR Open Data,PUBLIC_DECLARATION
anfr-2912783,2912783,48.8175,2.3602777777777777,,11-19 AV DE LA PORTE D'ITALIE,,,75013,75113,38,BOUYGUES TELECOM | SFR,2G | 3G | 4G | 5G,5G NR 2100 | 5G NR 3500 | GSM 900 | LTE 1800 | LTE 2100 | LTE 2600 | LTE 700 | LTE 800 | UMTS 900,En service | Projet approuvé | Techniquement opérationnel,0752703079 | 0752752693,16,mobile_radio_site,ANFR Open Data,PUBLIC_DECLARATION
anfr-2991369,2991369,48.82138888888889,2.358888888888889,Métro MAISON BLANCHE L14,17 R GANDON,121-139 Av d'Italie,,75013,75113,0,BOUYGUES TELECOM | FREE MOBILE | ORANGE | SFR,4G | 5G,5G NR 3500 | LTE 1800 | LTE 2100 | LTE 2600,En service | Projet approuvé | Techniquement opérationnel,0750991127 | 0752292819 | 0752703799 | 0752752900,13,mobile_radio_site,ANFR Open Data,PUBLIC_DECLARATION
anfr-3025803,3025803,48.82527777777778,2.378888888888889,,16 RUE REGNAULT,,,75013,75113,"34,7",BOUYGUES TELECOM,3G | 4G | 5G,5G NR 2100 | LTE 1800 | LTE 2100 | LTE 2600 | LTE 700 | LTE 800 | UMTS 900,En service | Techniquement opérationnel,0752752920,7,mobile_radio_site,ANFR Open Data,PUBLIC_DECLARATION
anfr-3032948,3032948,48.82972222222222,2.365277777777778,,122 R NATIONALE,,,75013,75113,"45,8",BOUYGUES TELECOM,3G | 4G | 5G,5G NR 2100 | LTE 1800 | LTE 2100 | LTE 2600 | LTE 700 | LTE 800 | UMTS 900,En service | Techniquement opérationnel,0752752921,7,mobile_radio_site,ANFR Open Data,PUBLIC_DECLARATION
anfr-3066773,3066773,48.823055555555555,2.3730555555555557,,42 BD MASSENA,,,75013,75113,"27,1",BOUYGUES TELECOM,3G | 4G | 5G,5G NR 2100 | LTE 1800 | LTE 2100 | LTE 2600 | LTE 700 | LTE 800 | UMTS 900,Projet approuvé,0752752946,7,mobile_radio_site,ANFR Open Data,PUBLIC_DECLARATION
anfr-3114981,3114981,48.830555555555556,2.355277777777778,,30 PLACE D'ITALIE,,,75013,75113,"35,9",BOUYGUES TELECOM,3G | 4G,LTE 1800 | LTE 2100 | LTE 2600 | LTE 700 | LTE 800 | UMTS 2100 | UMTS 900,En service,0752750585,7,mobile_radio_site,ANFR Open Data,PUBLIC_DECLARATION
anfr-3128060,3128060,48.82694444444445,2.3744444444444444,,31 R CANTAGREL,,,75013,75113,"26,5",BOUYGUES TELECOM,4G | 5G,5G NR 2100 | 5G NR 3500 | LTE 1800 | LTE 2100 | LTE 2600 | LTE 700 | LTE 800,En service | Techniquement opérationnel,0752752993,7,mobile_radio_site,ANFR Open Data,PUBLIC_DECLARATION
anfr-3149558,3149558,48.82027777777778,2.3494444444444444,,73 BD KELLERMANN,2 rue Aimé Morot,,75013,75113,"24,3",BOUYGUES TELECOM,4G | 5G,5G NR 2100 | LTE 1800 | LTE 2100 | LTE 2600 | LTE 700 | LTE 800,En service | Techniquement opérationnel,0752753003,6,mobile_radio_site,ANFR Open Data,PUBLIC_DECLARATION
anfr-3256600,3256600,48.83027777777778,2.355277777777778,,30 AV D'ITALIE,CC ITALIE 2,,75013,75113,20,BOUYGUES TELECOM,2G,GSM 900,En service,0752753029,1,mobile_radio_site,ANFR Open Data,PUBLIC_DECLARATION
anfr-3290818,3290818,48.83277777777778,2.3569444444444447,,18 R FAGON,,,75013,75113,26,BOUYGUES TELECOM,4G | 5G,5G NR 2100 | LTE 1800 | LTE 2100 | LTE 2600 | LTE 700 | LTE 800,Projet approuvé,0752753036,6,mobile_radio_site,ANFR Open Data,PUBLIC_DECLARATION
anfr-3296026,3296026,48.82666666666667,2.3497222222222223,,16 RUE MARTIN BERNARD,31 RUE MICHAL,,75013,75113,"23,1",BOUYGUES TELECOM,4G | 5G,5G NR 2100 | LTE 1800 | LTE 2100 | LTE 2600 | LTE 700 | LTE 800,Projet approuvé,0752753037,6,mobile_radio_site,ANFR Open Data,PUBLIC_DECLARATION
anfr-3316267,3316267,48.823055555555555,2.353888888888889,,3 R DU DOCTEUR LANDOUZY,,,75013,75113,"26,5",BOUYGUES TELECOM,4G | 5G,5G NR 2100 | LTE 1800 | LTE 2600 | LTE 700 | LTE 800,Projet approuvé,0752753062,5,mobile_radio_site,ANFR Open Data,PUBLIC_DECLARATION
anfr-661309,661309,48.83083333333334,2.366111111111111,,57 r clisson,,,75013,75113,41,FREE MOBILE | ORANGE,2G | 3G | 4G | 5G,5G NR 3500 | 5G NR 700 | GSM 900 | LTE 1800 | LTE 2100 | LTE 2600 | LTE 700 | LTE 800 | LTE 900 | UMTS 900,En service | Techniquement opérationnel,0750990034 | 0752290400,16,mobile_radio_site,ANFR Open Data,PUBLIC_DECLARATION
anfr-1206021,1206021,48.825833333333335,2.3444444444444446,,54 RUE VERGNIAUD,,,75013,75113,43,FREE MOBILE,4G | 5G,5G NR 3500 | 5G NR 700 | LTE 1800 | LTE 2100 | LTE 2600 | LTE 700 | LTE 900,En service | Techniquement opérationnel,0750990074,7,mobile_radio_site,ANFR Open Data,PUBLIC_DECLARATION
anfr-1215437,1215437,48.8325,2.3466666666666667,,02 rue Vulpian,,,75013,75113,"26,2",FREE MOBILE,4G | 5G,5G NR 700 | LTE 1800 | LTE 2100 | LTE 2600 | LTE 700 | LTE 900,En service | Techniquement opérationnel,0750990081,6,mobile_radio_site,ANFR Open Data,PUBLIC_DECLARATION
anfr-1272685,1272685,48.82166666666667,2.375277777777778,,16 RUE FRANC NOHAIN,,,75013,75113,42,FREE MOBILE,4G | 5G,5G NR 3500 | 5G NR 700 | LTE 1800 | LTE 2100 | LTE 2600 | LTE 700 | LTE 900,En service | Techniquement opérationnel,0750990086,7,mobile_radio_site,ANFR Open Data,PUBLIC_DECLARATION
anfr-1345719,1345719,48.82805555555556,2.367777777777778,,104 rue Chateau des Rentiers,,,75013,75113,42,FREE MOBILE | SFR,2G | 3G | 4G | 5G,5G NR 2100 | 5G NR 3500 | 5G NR 700 | GSM 900 | LTE 1800 | LTE 2100 | LTE 2600 | LTE 700 | LTE 800 | LTE 900 | UMTS 900,En service | Projet approuvé | Techniquement opérationnel,0750990132 | 0752700361,16,mobile_radio_site,ANFR Open Data,PUBLIC_DECLARATION
anfr-1346432,1346432,48.837500000000006,2.372777777777778,,6 BD Vincent AURIOL,HOTEL MERCURE,,75013,75113,"29,2",FREE MOBILE | ORANGE | SFR,2G | 3G | 4G | 5G,5G NR 3500 | 5G NR 700 | GSM 900 | LTE 1800 | LTE 2100 | LTE 2600 | LTE 700 | LTE 800 | LTE 900 | UMTS 2100 | UMTS 900,En service | Techniquement opérationnel,0750990265 | 0752291669 | 0752701329,25,mobile_radio_site,ANFR Open Data,PUBLIC_DECLARATION
anfr-1475768,1475768,48.825833333333335,2.3525,,RUE DE TOLBIAC,,,75013,75113,28,FREE MOBILE,4G | 5G,5G NR 3500 | 5G NR 700 | LTE 1800 | LTE 2100 | LTE 2600 | LTE 700 | LTE 900,En service | Techniquement opérationnel,0750990180,7,mobile_radio_site,ANFR Open Data,PUBLIC_DECLARATION
anfr-1484433,1484433,48.834722222222226,2.3658333333333332,,66 bd Vincent Auriol,,,75013,75113,"28,6",FREE MOBILE,4G | 5G,5G NR 3500 | 5G NR 700 | LTE 1800 | LTE 2100 | LTE 2600 | LTE 700 | LTE 900,En service | Techniquement opérationnel,0750990185,7,mobile_radio_site,ANFR Open Data,PUBLIC_DECLARATION
anfr-1495542,1495542,48.83166666666667,2.3575,,178 boulevard Auriol,,,75013,75113,"29,7",FREE MOBILE,4G | 5G,5G NR 3500 | 5G NR 700 | LTE 1800 | LTE 2100 | LTE 2600 | LTE 700 | LTE 900,En service | Techniquement opérationnel,0750990190,7,mobile_radio_site,ANFR Open Data,PUBLIC_DECLARATION
anfr-1499130,1499130,48.83777777777778,2.361111111111111,,103/105 bd de l'Hôpital,,,75013,75113,"35,1",FREE MOBILE,4G | 5G,5G NR 700 | LTE 1800 | LTE 2100 | LTE 2600 | LTE 700 | LTE 900,En service | Projet approuvé | Techniquement opérationnel,0750990192,6,mobile_radio_site,ANFR Open Data,PUBLIC_DECLARATION
anfr-1534547,1534547,48.83527777777778,2.3533333333333335,,AVENUE DES GOBELINS,,,75013,75113,"28,3",FREE MOBILE,4G | 5G,5G NR 700 | LTE 1800 | LTE 2100 | LTE 2600 | LTE 700 | LTE 900,En service | Techniquement opérationnel,0750990208,6,mobile_radio_site,ANFR Open Data,PUBLIC_DECLARATION
anfr-1575744,1575744,48.83388888888889,2.3619444444444446,,10 pl Pinel,,,75013,75113,41,FREE MOBILE | ORANGE,2G | 3G | 4G | 5G,5G NR 3500 | 5G NR 700 | GSM 900 | LTE 1800 | LTE 2100 | LTE 2600 | LTE 700 | LTE 800 | LTE 900 | UMTS 900,En service | Techniquement opérationnel,0750990223 | 0752290490,16,mobile_radio_site,ANFR Open Data,PUBLIC_DECLARATION
anfr-1711586,1711586,48.830000000000005,2.374722222222222,,Rue du Chevaleret,,,75013,75113,"46,2",FREE MOBILE,4G | 5G,5G NR 3500 | 5G NR 700 | LTE 1800 | LTE 2100 | LTE 2600 | LTE 700 | LTE 900,En service | Techniquement opérationnel,0750990269,7,mobile_radio_site,ANFR Open Data,PUBLIC_DECLARATION
anfr-1723374,1723374,48.82277777777778,2.343888888888889,,90 RUE VERGNIAUD,,,75013,75113,"27,1",FREE MOBILE,4G | 5G,5G NR 3500 | 5G NR 700 | LTE 1800 | LTE 2100 | LTE 2600 | LTE 700 | LTE 900,En service | Techniquement opérationnel,0750990272,7,mobile_radio_site,ANFR Open Data,PUBLIC_DECLARATION
anfr-1723956,1723956,48.823888888888895,2.357222222222222,,19 RUE DU MOULIN DE LA POINTE,,,75013,75113,"29,6",FREE MOBILE | ORANGE,2G | 3G | 4G | 5G,5G NR 3500 | 5G NR 700 | GSM 900 | LTE 1800 | LTE 2100 | LTE 2600 | LTE 700 | LTE 800 | LTE 900 | UMTS 2100 | UMTS 900,En service | Techniquement opérationnel,0750990273 | 0752291219,15,mobile_radio_site,ANFR Open Data,PUBLIC_DECLARATION
anfr-1757089,1757089,48.83277777777778,2.3713888888888888,,2-34 rue Louise Weiss,,,75013,75113,30,FREE MOBILE,4G | 5G,5G NR 3500 | 5G NR 700 | LTE 1800 | LTE 2100 | LTE 2600 | LTE 700 | LTE 900,En service | Techniquement opérationnel,0750990283,7,mobile_radio_site,ANFR Open Data,PUBLIC_DECLARATION
anfr-1823206,1823206,48.83555555555556,2.3741666666666665,,17 Rue Abel Gance,,,75013,75113,"37,1",FREE MOBILE | ORANGE,3G | 4G | 5G,5G NR 3500 | 5G NR 700 | LTE 1800 | LTE 2100 | LTE 2600 | LTE 700 | LTE 800 | LTE 900 | UMTS 900,En service | Techniquement opérationnel,0750990009 | 0752292042,14,mobile_radio_site,ANFR Open Data,PUBLIC_DECLARATION
anfr-1867088,1867088,48.83361111111111,2.3713888888888888,,55 BD VINCENT AURIOL,STATIONS F (gare de fret),,75013,75113,10,FREE MOBILE,5G,5G NR 3500,Techniquement opérationnel,0750990795,1,mobile_radio_site,ANFR Open Data,PUBLIC_DECLARATION
anfr-1903032,1903032,48.82527777777778,2.374722222222222,,27 RUE DU DESSOUS DES BERGES,,,75013,75113,"29,6",FREE MOBILE,4G | 5G,5G NR 3500 | 5G NR 700 | LTE 1800 | LTE 2100 | LTE 2600 | LTE 700 | LTE 900,En service | Techniquement opérationnel,0750990569,7,mobile_radio_site,ANFR Open Data,PUBLIC_DECLARATION
anfr-1916339,1916339,48.83027777777778,2.378888888888889,,14 RUE OLIVIER MESSIAEN,,,75013,75113,"31,8",FREE MOBILE | ORANGE,2G | 3G | 4G | 5G,5G NR 3500 | 5G NR 700 | GSM 900 | LTE 1800 | LTE 2100 | LTE 2600 | LTE 700 | LTE 800 | LTE 900 | UMTS 900,En service | Techniquement opérationnel,0750990579 | 0752292051,16,mobile_radio_site,ANFR Open Data,PUBLIC_DECLARATION
anfr-2030316,2030316,48.82694444444445,2.366111111111111,Métro OLYMPIADES L14,Rue de Tolbiac angle Rue Nationale,,,75013,75113,0,FREE MOBILE | SFR,2G | 3G | 4G,GSM 1800 | GSM 900 | LTE 1800 | UMTS 900,En service | Projet approuvé,0750990692 | 0752702229,5,mobile_radio_site,ANFR Open Data,PUBLIC_DECLARATION
anfr-2075252,2075252,48.825,2.365277777777778,,47 RUE DU JAVELOT,,,75013,75113,"48,3",FREE MOBILE,4G | 5G,5G NR 3500 | 5G NR 700 | LTE 1800 | LTE 2100 | LTE 2600 | LTE 700 | LTE 900,En service | Techniquement opérationnel,0750990676,7,mobile_radio_site,ANFR Open Data,PUBLIC_DECLARATION
anfr-2081238,2081238,48.82166666666667,2.368888888888889,Métro PORTE D'IVRY L7,53  Av de la Porte d'Ivry,,,75013,75113,0,FREE MOBILE | ORANGE | SFR,2G | 3G | 4G,GSM 1800 | GSM 900 | LTE 1800 | LTE 900 | UMTS 900,En service,0750990744 | 0752292185 | 0752702361,8,mobile_radio_site,ANFR Open Data,PUBLIC_DECLARATION
anfr-2087011,2087011,48.82944444444445,2.3530555555555557,,13/15 RUE DU MOULIN DES PRES,,,75013,75113,"24,4",FREE MOBILE,4G | 5G,5G NR 3500 | 5G NR 700 | LTE 1800 | LTE 2100 | LTE 2600 | LTE 700 | LTE 900,En service | Techniquement opérationnel,0750990715,7,mobile_radio_site,ANFR Open Data,PUBLIC_DECLARATION
anfr-2091032,2091032,48.83916666666667,2.361111111111111,Métro SAINT MARCEL L5,83 BOULEVARD DE l'HOPITAL,,,75013,75113,0,FREE MOBILE | ORANGE | SFR,2G | 3G | 4G,GSM 1800 | GSM 900 | LTE 1800 | LTE 900 | UMTS 900,En service,0750990729 | 0752292159 | 0752702334,8,mobile_radio_site,ANFR Open Data,PUBLIC_DECLARATION
anfr-2098487,2098487,48.82555555555556,2.3575,Métro TOLBIAC,76 Avenue d'Italie,,,75013,75113,0,FREE MOBILE | ORANGE | SFR,3G | 4G,LTE 1800 | LTE 2100 | LTE 2600 | LTE 800 | LTE 900 | UMTS 2100 | UMTS 900,En service,0750990860 | 0752292209 | 0752702391,13,mobile_radio_site,ANFR Open Data,PUBLIC_DECLARATION
anfr-2166505,2166505,48.82944444444445,2.356666666666667,,"15BIS, AVENUE D'ITALIE",,,75013,75113,"30,1",FREE MOBILE,4G | 5G,5G NR 3500 | 5G NR 700 | LTE 1800 | LTE 2100 | LTE 2600 | LTE 700 | LTE 900,En service | Techniquement opérationnel,0750990777,7,mobile_radio_site,ANFR Open Data,PUBLIC_DECLARATION
anfr-2183067,2183067,48.82055555555556,2.3461111111111115,,17-19 RUE CACHEUX,,,75013,75113,"27,7",FREE MOBILE,4G | 5G,5G NR 3500 | 5G NR 700 | LTE 1800 | LTE 2100 | LTE 2600 | LTE 700 | LTE 900,En service | Techniquement opérationnel,0750990787,7,mobile_radio_site,ANFR Open Data,PUBLIC_DECLARATION
anfr-2226497,2226497,48.83694444444445,2.3558333333333334,,14 RUE DU JURA,,,75013,75113,"26,1",FREE MOBILE,4G | 5G,5G NR 3500 | 5G NR 700 | LTE 1800 | LTE 2100 | LTE 2600 | LTE 700 | LTE 900,En service | Techniquement opérationnel,0750990822,7,mobile_radio_site,ANFR Open Data,PUBLIC_DECLARATION
anfr-2323422,2323422,48.831388888888895,2.353888888888889,,6 BOULEVARD AUGUSTE BLANQUI,,,75013,75113,38,FREE MOBILE,4G | 5G,5G NR 3500 | 5G NR 700 | LTE 1800 | LTE 2100 | LTE 2600 | LTE 700 | LTE 900,En service | Techniquement opérationnel,0750990899,7,mobile_radio_site,ANFR Open Data,PUBLIC_DECLARATION
anfr-2334140,2334140,48.82555555555556,2.379722222222222,,5-7 Rue Louise Bourgeois,,,75013,75113,"25,4",FREE MOBILE,4G | 5G,5G NR 3500 | 5G NR 700 | LTE 1800 | LTE 2100 | LTE 2600 | LTE 700 | LTE 900,En service | Techniquement opérationnel,0750990904,7,mobile_radio_site,ANFR Open Data,PUBLIC_DECLARATION
anfr-2514739,2514739,48.83416666666667,2.368888888888889,,134 RUE DU CHEVALERET,,,75013,75113,"33,9",FREE MOBILE,4G | 5G,5G NR 3500 | 5G NR 700 | LTE 1800 | LTE 2100 | LTE 2600 | LTE 700 | LTE 900,En service | Techniquement opérationnel,0750990955,7,mobile_radio_site,ANFR Open Data,PUBLIC_DECLARATION
anfr-2658907,2658907,48.82194444444445,2.3647222222222224,,13 Place de Venetie,,,75013,75113,"58,4",FREE MOBILE,4G | 5G,5G NR 3500 | 5G NR 700 | LTE 1800 | LTE 2100 | LTE 2600 | LTE 700 | LTE 900,En service | Techniquement opérationnel,0750990982,7,mobile_radio_site,ANFR Open Data,PUBLIC_DECLARATION
anfr-2711901,2711901,48.82361111111111,2.3713888888888888,,82 RUE REGNAULT,,,75013,75113,"26,8",FREE MOBILE,4G | 5G,5G NR 3500 | 5G NR 700 | LTE 1800 | LTE 2100 | LTE 2600 | LTE 700 | LTE 900,En service | Techniquement opérationnel,0750990995,7,mobile_radio_site,ANFR Open Data,PUBLIC_DECLARATION
anfr-2789375,2789375,48.82694444444445,2.3722222222222222,,89 rue de Patay,,,75013,75113,"28,1",FREE MOBILE,4G | 5G,5G NR 3500 | 5G NR 700 | LTE 1800 | LTE 2100 | LTE 2600 | LTE 700 | LTE 900,En service | Techniquement opérationnel,0750991016,7,mobile_radio_site,ANFR Open Data,PUBLIC_DECLARATION
anfr-2817637,2817637,48.82972222222222,2.37,,12-14 rue Xaintrailles,,,75013,75113,"33,3",FREE MOBILE,4G | 5G,5G NR 3500 | 5G NR 700 | LTE 1800 | LTE 2100 | LTE 2600 | LTE 700 | LTE 900,En service | Techniquement opérationnel,0750991022,7,mobile_radio_site,ANFR Open Data,PUBLIC_DECLARATION
anfr-2865266,2865266,48.83027777777778,2.355,,24 Place D'Italie,Centre commercial place d Italie,,75013,75113,9,FREE MOBILE,4G,LTE 1800 | LTE 2600 | LTE 700 | LTE 900,En service,0750991040,4,mobile_radio_site,ANFR Open Data,PUBLIC_DECLARATION
anfr-2873977,2873977,48.82361111111111,2.374722222222222,,16 18  BOULEVARD MASSENA,,,75013,75113,32,FREE MOBILE | SFR,3G | 4G | 5G,5G NR 2100 | 5G NR 3500 | 5G NR 700 | LTE 1800 | LTE 2100 | LTE 2600 | LTE 700 | LTE 800 | LTE 900 | UMTS 900,En service | Projet approuvé | Techniquement opérationnel,0750991017 | 0752702993,15,mobile_radio_site,ANFR Open Data,PUBLIC_DECLARATION
anfr-2901908,2901908,48.82555555555556,2.3697222222222223,,50 Rue du château des Rentiers,,,75013,75113,26,FREE MOBILE | SFR,3G | 4G | 5G,5G NR 3500 | 5G NR 700 | LTE 1800 | LTE 2100 | LTE 2600 | LTE 700 | LTE 800 | LTE 900 | UMTS 900,En service | Techniquement opérationnel,0750990898 | 0752703063,14,mobile_radio_site,ANFR Open Data,PUBLIC_DECLARATION
anfr-2921200,2921200,48.83361111111111,2.356666666666667,,Boulevard de l'Hôpital,,,75013,75113,"26,5",FREE MOBILE,4G | 5G,5G NR 3500 | 5G NR 700 | LTE 1800 | LTE 2100 | LTE 2600 | LTE 700 | LTE 900,En service | Techniquement opérationnel,0750991076,7,mobile_radio_site,ANFR Open Data,PUBLIC_DECLARATION
anfr-2932990,2932990,48.82666666666667,2.356666666666667,TOLBIAC,72 AVENUE D ITALIE,,,75013,75113,"27,3",FREE MOBILE,4G | 5G,5G NR 3500 | 5G NR 700 | LTE 1800 | LTE 2100 | LTE 2600 | LTE 700 | LTE 900,En service | Techniquement opérationnel,0750991081,7,mobile_radio_site,ANFR Open Data,PUBLIC_DECLARATION
anfr-2988420,2988420,48.81916666666667,2.363611111111111,,1/7 RUE CONVENTIONNEL CHIAPPE,,,75013,75113,"39,5",FREE MOBILE,4G | 5G,5G NR 3500 | 5G NR 700 | LTE 1800 | LTE 2100 | LTE 2600 | LTE 700 | LTE 900,En service | Projet approuvé | Techniquement opérationnel,0750991130,7,mobile_radio_site,ANFR Open Data,PUBLIC_DECLARATION
anfr-3001714,3001714,48.82805555555556,2.376388888888889,,63 RUE DU CHEVALERET,,,75013,75113,35,FREE MOBILE | SFR,3G | 4G | 5G,5G NR 3500 | 5G NR 700 | LTE 1800 | LTE 2100 | LTE 2600 | LTE 700 | LTE 800 | LTE 900 | UMTS 900,En service | Projet approuvé | Techniquement opérationnel,0750991137 | 0752703040,14,mobile_radio_site,ANFR Open Data,PUBLIC_DECLARATION
anfr-3029610,3029610,48.827222222222225,2.354166666666667,,31 RUE VANDREZANNE,,,75013,75113,"31,6",FREE MOBILE,4G | 5G,5G NR 3500 | 5G NR 700 | LTE 1800 | LTE 2100 | LTE 2600 | LTE 700 | LTE 900,En service | Techniquement opérationnel,0750991144,7,mobile_radio_site,ANFR Open Data,PUBLIC_DECLARATION
anfr-3107873,3107873,48.82,2.3594444444444447,,153 Avenue d'Italie,,,75013,75113,"34,6",FREE MOBILE,4G | 5G,5G NR 700 | LTE 1800 | LTE 2100 | LTE 2600 | LTE 700 | LTE 900,En service | Techniquement opérationnel,0750990123,6,mobile_radio_site,ANFR Open Data,PUBLIC_DECLARATION
anfr-3118533,3118533,48.82361111111111,2.3622222222222224,,64 AVENUE DE CHOISY,,,75013,75113,"34,1",FREE MOBILE,4G | 5G,5G NR 700 | LTE 1800 | LTE 2100 | LTE 2600 | LTE 700 | LTE 900,En service | Techniquement opérationnel,0750990151,6,mobile_radio_site,ANFR Open Data,PUBLIC_DECLARATION
anfr-3189721,3189721,48.823055555555555,2.3488888888888892,,20 RUE DE LA FONTAINE A MULARD,,,75013,75113,"25,7",FREE MOBILE,4G | 5G,5G NR 3500 | 5G NR 700 | LTE 1800 | LTE 2100 | LTE 2600 | LTE 700 | LTE 900,En service | Techniquement opérationnel,0750991177,7,mobile_radio_site,ANFR Open Data,PUBLIC_DECLARATION
anfr-457796,457796,48.825,2.3869444444444445,,12 r bruneseau,Direction de la Voirie (Division Entretien bld Pér,,75013,75113,34,ORANGE | SFR,2G | 3G | 4G | 5G,5G NR 3500 | 5G NR 700 | GSM 900 | LTE 1800 | LTE 2100 | LTE 2600 | LTE 700 | LTE 800 | UMTS 2100 | UMTS 900,En service | Techniquement opérationnel,0752290370 | 0752700245,15,mobile_radio_site,ANFR Open Data,PUBLIC_DECLARATION
anfr-549724,549724,48.83777777777778,2.358611111111111,,4 r jules breton,,,75013,75113,64,ORANGE,2G | 3G | 4G | 5G,5G NR 2100 | 5G NR 3500 | 5G NR 700 | GSM 900 | LTE 1800 | LTE 2100 | LTE 2600 | LTE 700 | LTE 800 | UMTS 900,En service | Projet approuvé | Techniquement opérationnel,0752290284,10,mobile_radio_site,ANFR Open Data,PUBLIC_DECLARATION
anfr-659658,659658,48.82027777777778,2.368611111111111,,81 bd  massena,,,75013,75113,26,ORANGE,4G | 5G,5G NR 3500 | 5G NR 700 | LTE 1800 | LTE 2100 | LTE 2600 | LTE 800,En service | Techniquement opérationnel,0752290346,6,mobile_radio_site,ANFR Open Data,PUBLIC_DECLARATION
anfr-660172,660172,48.81944444444445,2.358888888888889,,190 av d'italie,,,75013,75113,36,ORANGE,2G | 3G | 4G | 5G,5G NR 3500 | 5G NR 700 | GSM 900 | LTE 1800 | LTE 2100 | LTE 2600 | LTE 700 | LTE 800 | UMTS 900,En service | Techniquement opérationnel,0752290375,9,mobile_radio_site,ANFR Open Data,PUBLIC_DECLARATION
anfr-660178,660178,48.83416666666667,2.347777777777778,,71 r Pascal,,,75013,75113,32,ORANGE,4G | 5G,5G NR 3500 | 5G NR 700 | LTE 1800 | LTE 2100 | LTE 2600 | LTE 800,En service | Techniquement opérationnel,0752290406,6,mobile_radio_site,ANFR Open Data,PUBLIC_DECLARATION
anfr-661307,661307,48.824444444444445,2.3491666666666666,,95-97 r bobillot,,,75013,75113,37,ORANGE,2G | 3G | 4G | 5G,5G NR 3500 | 5G NR 700 | GSM 900 | LTE 1800 | LTE 2100 | LTE 2600 | LTE 700 | LTE 800 | UMTS 900,En service | Techniquement opérationnel,0752290364,9,mobile_radio_site,ANFR Open Data,PUBLIC_DECLARATION
anfr-661311,661311,48.83444444444444,2.357222222222222,,130 BD de l'Hôpital,,,75013,75113,42,ORANGE,4G | 5G,5G NR 3500 | 5G NR 700 | LTE 1800 | LTE 2100 | LTE 2600 | LTE 800,En service | Techniquement opérationnel,0752291174,6,mobile_radio_site,ANFR Open Data,PUBLIC_DECLARATION
anfr-925610,925610,48.821111111111115,2.343611111111111,,81 R de l'Amiral Mouchez,,,75013,75113,42,ORANGE,2G | 3G | 4G | 5G,5G NR 2100 | 5G NR 3500 | 5G NR 700 | GSM 900 | LTE 1800 | LTE 2100 | LTE 2600 | LTE 700 | LTE 800 | UMTS 900,En service | Projet approuvé | Techniquement opérationnel,0752291520,10,mobile_radio_site,ANFR Open Data,PUBLIC_DECLARATION
anfr-1554369,1554369,48.82222222222222,2.3630555555555555,,34 AVENUE DE CHOISY,,,75013,75113,"27,6",ORANGE,2G | 3G | 4G | 5G,5G NR 3500 | 5G NR 700 | GSM 900 | LTE 1800 | LTE 2100 | LTE 2600 | LTE 700 | LTE 800 | UMTS 900,En service | Techniquement opérationnel,0752291937,9,mobile_radio_site,ANFR Open Data,PUBLIC_DECLARATION
anfr-1600139,1600139,48.82777777777778,2.356388888888889,,48/50 Avenue d'Italie,,,75013,75113,"29,2",ORANGE | SFR,2G | 3G | 4G | 5G,5G NR 3500 | 5G NR 700 | GSM 900 | LTE 1800 | LTE 2100 | LTE 2600 | LTE 700 | LTE 800 | UMTS 2100 | UMTS 900,En service | Projet approuvé | Techniquement opérationnel,0752291951 | 0752701317,17,mobile_radio_site,ANFR Open Data,PUBLIC_DECLARATION
anfr-1614064,1614064,48.823888888888895,2.3736111111111113,,62 rue Regnault,,,75013,75113,"27,2",ORANGE,2G | 3G | 4G | 5G,5G NR 3500 | 5G NR 700 | GSM 900 | LTE 1800 | LTE 2100 | LTE 2600 | LTE 700 | LTE 800 | UMTS 900,En service | Techniquement opérationnel,0752291957,9,mobile_radio_site,ANFR Open Data,PUBLIC_DECLARATION
anfr-1920572,1920572,48.83222222222223,2.370277777777778,,8/10 rue Duchefdelaville,,,75013,75113,"25,6",ORANGE,4G | 5G,5G NR 3500 | 5G NR 700 | LTE 1800 | LTE 2100 | LTE 2600 | LTE 800,En service | Techniquement opérationnel,0752292058,6,mobile_radio_site,ANFR Open Data,PUBLIC_DECLARATION
anfr-1939826,1939826,48.82055555555556,2.374722222222222,,9 rue Maryse Bastie,,,75013,75113,21,ORANGE,4G,LTE 800,En service,0752292059,1,mobile_radio_site,ANFR Open Data,PUBLIC_DECLARATION
anfr-2274831,2274831,48.827222222222225,2.3697222222222223,,59/61 Rue de Tolbiac,,,75013,75113,"28,4",ORANGE,3G | 4G | 5G,5G NR 3500 | 5G NR 700 | LTE 1800 | LTE 2100 | LTE 2600 | LTE 700 | LTE 800 | UMTS 900,En service | Techniquement opérationnel,0752292373,8,mobile_radio_site,ANFR Open Data,PUBLIC_DECLARATION
anfr-2453388,2453388,48.835,2.3533333333333335,,47 avenue des Gobelins,,,75013,75113,25,ORANGE,4G,LTE 1800 | LTE 2100,En service,0752292545,2,mobile_radio_site,ANFR Open Data,PUBLIC_DECLARATION
anfr-2459610,2459610,48.82361111111111,2.365555555555556,,"46, Avenue d'Ivry",,,75013,75113,30,ORANGE,4G,LTE 1800 | LTE 2100,En service,0752292560,2,mobile_radio_site,ANFR Open Data,PUBLIC_DECLARATION
anfr-2543706,2543706,48.825833333333335,2.3444444444444446,,233 RUE DE TOLBIAC,,,75013,75113,"41,4",ORANGE,3G | 4G | 5G,5G NR 3500 | 5G NR 700 | LTE 1800 | LTE 2100 | LTE 2600 | LTE 800 | UMTS 900,En service | Techniquement opérationnel,0752292628,7,mobile_radio_site,ANFR Open Data,PUBLIC_DECLARATION
anfr-2623860,2623860,48.83083333333334,2.354722222222222,Métro PLACE D'ITALIE L7,Place d'Italie,angle bd Auguste Blanqui,,75013,75113,0,ORANGE,3G | 4G,LTE 1800 | LTE 2100 | LTE 2600 | LTE 700 | LTE 800 | UMTS 900,En service,0752292717,6,mobile_radio_site,ANFR Open Data,PUBLIC_DECLARATION
anfr-2892766,2892766,48.83083333333334,2.350277777777778,,40 Bd Auguste Blanqui,,,75013,75113,38,ORANGE | SFR,3G | 4G | 5G,5G NR 2100 | 5G NR 3500 | 5G NR 700 | LTE 1800 | LTE 2100 | LTE 2600 | LTE 700 | LTE 800 | UMTS 900,En service | Projet approuvé | Techniquement opérationnel,0752290212 | 0752703016,16,mobile_radio_site,ANFR Open Data,PUBLIC_DECLARATION
anfr-2971949,2971949,48.83555555555556,2.3669444444444445,,"56, Boulevard Vincent Auriol",,,75013,75113,"26,6",ORANGE,4G | 5G,5G NR 3500 | 5G NR 700 | LTE 1800 | LTE 2100 | LTE 2600 | LTE 700 | LTE 800,En service | Techniquement opérationnel,0752292810,7,mobile_radio_site,ANFR Open Data,PUBLIC_DECLARATION
anfr-3298684,3298684,48.82527777777778,2.3786111111111112,,"8, rue Régnault",,,75013,75113,"34,5",ORANGE,4G | 5G,5G NR 3500 | 5G NR 700 | LTE 1800 | LTE 2100 | LTE 2600 | LTE 800,En service | Techniquement opérationnel,0752293043,6,mobile_radio_site,ANFR Open Data,PUBLIC_DECLARATION
anfr-447290,447290,48.82611111111112,2.3608333333333333,,127 / 129 r de tolbiac,,,75013,75113,33,SFR,2G | 3G | 4G | 5G,5G NR 2100 | 5G NR 3500 | GSM 900 | LTE 1800 | LTE 2100 | LTE 2600 | LTE 700 | LTE 800 | UMTS 2100 | UMTS 900,En service | Projet approuvé | Techniquement opérationnel,0752700308,10,mobile_radio_site,ANFR Open Data,PUBLIC_DECLARATION
anfr-450285,450285,48.82944444444445,2.363888888888889,,149 R du Château des Rentiers,,,75013,75113,49,SFR,2G | 3G | 4G | 5G,5G NR 2100 | 5G NR 3500 | GSM 900 | LTE 1800 | LTE 2100 | LTE 2600 | LTE 700 | LTE 800 | UMTS 900,En service | Projet approuvé | Techniquement opérationnel,0752700054,9,mobile_radio_site,ANFR Open Data,PUBLIC_DECLARATION
anfr-454898,454898,48.83166666666667,2.3722222222222222,,127 r du chevaleret,,,75013,75113,"27,4",SFR,2G | 3G | 4G | 5G,5G NR 2100 | 5G NR 3500 | GSM 900 | LTE 1800 | LTE 2100 | LTE 2600 | LTE 700 | LTE 800 | UMTS 900,En service | Projet approuvé | Techniquement opérationnel,0752700305,9,mobile_radio_site,ANFR Open Data,PUBLIC_DECLARATION
anfr-455451,455451,48.83111111111111,2.365,,"12, R Jean-Sébastien Bach",,,75013,75113,"33,5",SFR,2G | 3G | 4G | 5G,5G NR 2100 | 5G NR 3500 | GSM 900 | LTE 1800 | LTE 2100 | LTE 2600 | LTE 700 | LTE 800 | UMTS 900,En service | Projet approuvé | Techniquement opérationnel,0752700353,9,mobile_radio_site,ANFR Open Data,PUBLIC_DECLARATION
anfr-455801,455801,48.82194444444445,2.3602777777777777,,6-8 r gandon,,,75013,75113,41,SFR,2G | 3G | 4G | 5G,5G NR 3500 | GSM 900 | LTE 1800 | LTE 2100 | LTE 2600 | LTE 700 | LTE 800 | UMTS 2100 | UMTS 900,En service | Techniquement opérationnel,0752700306,9,mobile_radio_site,ANFR Open Data,PUBLIC_DECLARATION
anfr-458509,458509,48.8325,2.359166666666667,,27/29 av stephan pichon,,,75013,75113,"35,7",SFR,2G | 3G | 4G | 5G,5G NR 2100 | 5G NR 3500 | GSM 900 | LTE 1800 | LTE 2100 | LTE 2600 | LTE 700 | LTE 800 | UMTS 900,En service | Projet approuvé | Techniquement opérationnel,0752700310,9,mobile_radio_site,ANFR Open Data,PUBLIC_DECLARATION
anfr-464495,464495,48.82361111111111,2.3536111111111113,,23 r du dr leray,,,75013,75113,28,SFR,2G | 3G | 4G | 5G,5G NR 2100 | 5G NR 3500 | GSM 900 | LTE 1800 | LTE 2100 | LTE 2600 | LTE 700 | LTE 800 | UMTS 900,En service | Projet approuvé | Techniquement opérationnel,0752700239,9,mobile_radio_site,ANFR Open Data,PUBLIC_DECLARATION
anfr-550665,550665,48.821111111111115,2.345555555555556,,83 r de l'amiral mouchez,,,75013,75113,46,SFR,2G | 3G | 4G | 5G,5G NR 2100 | 5G NR 3500 | GSM 900 | LTE 1800 | LTE 2100 | LTE 2600 | LTE 700 | LTE 800 | UMTS 900,En service | Projet approuvé | Techniquement opérationnel,0752700287,9,mobile_radio_site,ANFR Open Data,PUBLIC_DECLARATION
anfr-571711,571711,48.81916666666667,2.3625000000000003,,1/13  r paulin enfert,,,75013,75113,"27,5",SFR,2G | 3G | 4G | 5G,5G NR 3500 | GSM 900 | LTE 1800 | LTE 2100 | LTE 2600 | LTE 700 | LTE 800 | UMTS 2100 | UMTS 900,En service | Techniquement opérationnel,0752700312,9,mobile_radio_site,ANFR Open Data,PUBLIC_DECLARATION
anfr-661315,661315,48.82805555555556,2.3508333333333336,,18-20 r de la butte aux cailles,,,75013,75113,30,SFR,2G | 3G | 4G | 5G,5G NR 2100 | 5G NR 3500 | GSM 900 | LTE 1800 | LTE 2100 | LTE 2600 | LTE 700 | LTE 800 | UMTS 900,En service | Projet approuvé | Techniquement opérationnel,0752700309,9,mobile_radio_site,ANFR Open Data,PUBLIC_DECLARATION
anfr-1512457,1512457,48.81777777777778,2.352222222222222,,R de la Poterne des Peupliers,Boulevard périphérique,,75013,75113,6,SFR,2G | 3G | 4G,GSM 900 | LTE 1800 | LTE 2100 | LTE 800 | UMTS 2100 | UMTS 900,En service,0752701396,6,mobile_radio_site,ANFR Open Data,PUBLIC_DECLARATION
anfr-1552098,1552098,48.834722222222226,2.3716666666666666,,181 Av de France,Gare Austerlitz REP 8,,75013,75113,"5,5",SFR,2G | 3G | 4G,GSM 900 | LTE 1800 | LTE 2600 | LTE 800 | UMTS 900,En service,0752703557,5,mobile_radio_site,ANFR Open Data,PUBLIC_DECLARATION
anfr-1600575,1600575,48.825,2.3805555555555555,,Boulevard des Maréchaux,,,75013,75113,"8,5",SFR,2G | 3G | 4G,GSM 900 | LTE 1800 | LTE 2100 | LTE 2600 | LTE 800 | UMTS 900,En service,0752703482,6,mobile_radio_site,ANFR Open Data,PUBLIC_DECLARATION
anfr-1600597,1600597,48.828611111111115,2.3777777777777778,,6 Rue des Cadets-de-la-France-Libre,,,75013,75113,"6,2",SFR,2G | 3G | 4G,GSM 900 | LTE 1800 | LTE 2100 | LTE 2600 | LTE 800 | UMTS 900,En service,0752703480,6,mobile_radio_site,ANFR Open Data,PUBLIC_DECLARATION
anfr-1600599,1600599,48.82805555555556,2.3786111111111112,,6 Rue des Cadets-de-la-France-Libre,,,75013,75113,"7,2",SFR,2G | 3G | 4G,GSM 900 | LTE 1800 | LTE 2100 | LTE 2600 | LTE 800 | UMTS 900,En service,0752703481,6,mobile_radio_site,ANFR Open Data,PUBLIC_DECLARATION
anfr-1600623,1600623,48.830000000000005,2.3761111111111113,,38 Rue du Chevaleret,,,75013,75113,"6,1",SFR,2G | 3G | 4G,GSM 900 | LTE 1800 | LTE 2100 | LTE 2600 | LTE 800 | UMTS 900,En service,0752703477,6,mobile_radio_site,ANFR Open Data,PUBLIC_DECLARATION
anfr-1600627,1600627,48.830000000000005,2.376388888888889,,38 Rue du Chevaleret,,,75013,75113,"6,1",SFR,2G | 3G | 4G,GSM 900 | LTE 1800 | LTE 2100 | LTE 2600 | LTE 800 | UMTS 900,En service,0752703478,6,mobile_radio_site,ANFR Open Data,PUBLIC_DECLARATION
anfr-1600630,1600630,48.83027777777778,2.376388888888889,,38 Rue du Chevaleret,,,75013,75113,"6,1",SFR,2G | 3G | 4G,GSM 900 | LTE 1800 | LTE 2100 | LTE 2600 | LTE 800 | UMTS 900,En service,0752703509,6,mobile_radio_site,ANFR Open Data,PUBLIC_DECLARATION
anfr-1618680,1618680,48.838055555555556,2.370277777777778,,13 bisrue Edmond FLAMAND,,,75013,75113,"6,2",SFR,2G | 3G | 4G,GSM 1800 | LTE 2600 | LTE 800 | UMTS 2100,En service,0752701429,4,mobile_radio_site,ANFR Open Data,PUBLIC_DECLARATION
anfr-1637269,1637269,48.81722222222223,2.3666666666666667,,Av de la Porte de Choisy,Stade G. Carpentier,,75013,75113,"6,5",SFR,2G | 3G | 4G,GSM 900 | LTE 1800 | LTE 2100 | LTE 800 | UMTS 2100 | UMTS 900,En service,0752701927,6,mobile_radio_site,ANFR Open Data,PUBLIC_DECLARATION
anfr-1643489,1643489,48.81638888888889,2.345277777777778,,Av de la Porte de Gentilly,,,75013,75113,6,SFR,2G | 3G | 4G,GSM 900 | LTE 1800 | LTE 2100 | LTE 800 | UMTS 2100 | UMTS 900,En service,0752701931,6,mobile_radio_site,ANFR Open Data,PUBLIC_DECLARATION
anfr-1786895,1786895,48.82055555555556,2.3761111111111113,,Avenue de la Porte de Vitry,,,75013,75113,"6,5",SFR,2G | 3G | 4G,GSM 900 | LTE 1800 | LTE 2100 | LTE 800 | UMTS 2100 | UMTS 900,En service,0752702121,6,mobile_radio_site,ANFR Open Data,PUBLIC_DECLARATION
anfr-1790523,1790523,48.83416666666667,2.368055555555556,,134  Rue du Chevalleret,,,75013,75113,"32,5",SFR,2G | 3G | 4G,GSM 900 | LTE 1800 | LTE 2100 | LTE 2600 | LTE 800 | UMTS 900,En service,0752702124,6,mobile_radio_site,ANFR Open Data,PUBLIC_DECLARATION
anfr-2044024,2044024,48.843333333333334,2.365,Métro GARE D'AUSTERLITZ,4 boulevard de l'hopital,,,75013,75113,0,SFR,2G | 3G | 4G,GSM 1800 | GSM 900 | LTE 1800 | UMTS 900,En service | Projet approuvé,0752702375,4,mobile_radio_site,ANFR Open Data,PUBLIC_DECLARATION
anfr-2561189,2561189,48.82527777777778,2.3744444444444444,,41 RUE de PATAY,,,75013,75113,27,SFR,2G | 3G | 4G | 5G,5G NR 2100 | 5G NR 3500 | GSM 900 | LTE 1800 | LTE 2100 | LTE 2600 | LTE 700 | LTE 800 | UMTS 900,En service | Projet approuvé,0752702796,9,mobile_radio_site,ANFR Open Data,PUBLIC_DECLARATION
anfr-2596431,2596431,48.82166666666667,2.3641666666666667,,5 PLACE DE VENETIE,,,75013,75113,59,SFR,3G | 4G | 5G,5G NR 3500 | LTE 1800 | LTE 2100 | LTE 2600 | LTE 700 | LTE 800 | UMTS 900,En service | Techniquement opérationnel,0752702807,7,mobile_radio_site,ANFR Open Data,PUBLIC_DECLARATION
anfr-2820087,2820087,48.82027777777778,2.361666666666667,,35 rue GANDON,allee eric chabeur,,75013,75113,"25,8",SFR,3G | 4G | 5G,5G NR 3500 | LTE 1800 | LTE 2100 | LTE 2600 | LTE 700 | LTE 800 | UMTS 900,En service | Techniquement opérationnel,0752702896,7,mobile_radio_site,ANFR Open Data,PUBLIC_DECLARATION
anfr-2866608,2866608,48.830000000000005,2.374722222222222,,95 RUE DU CHEVALERET,,,75013,75113,"42,1",SFR,3G | 4G | 5G,5G NR 3500 | LTE 1800 | LTE 2100 | LTE 2600 | LTE 700 | LTE 800 | UMTS 900,En service | Techniquement opérationnel,0752702965,7,mobile_radio_site,ANFR Open Data,PUBLIC_DECLARATION
anfr-2878465,2878465,48.825,2.3775,,22 Rue Regnault,,,75013,75113,18,SFR,3G | 4G | 5G,5G NR 3500 | LTE 1800 | LTE 2100 | LTE 2600 | LTE 700 | LTE 800 | UMTS 900,En service | Techniquement opérationnel,0752702989,7,mobile_radio_site,ANFR Open Data,PUBLIC_DECLARATION
anfr-2901582,2901582,48.823888888888895,2.365,,54  avenue d'Ivry,,,75013,75113,35,SFR,3G | 4G | 5G,5G NR 3500 | LTE 1800 | LTE 2100 | LTE 2600 | LTE 700 | LTE 800 | UMTS 900,En service | Techniquement opérationnel,0752703033,7,mobile_radio_site,ANFR Open Data,PUBLIC_DECLARATION
anfr-3008202,3008202,48.83083333333334,2.379722222222222,,11-13 rue Primo-Levi,,,75013,75113,36,SFR,4G | 5G,5G NR 3500 | LTE 1800 | LTE 2100 | LTE 2600 | LTE 700 | LTE 800,Projet approuvé,0752703337,6,mobile_radio_site,ANFR Open Data,PUBLIC_DECLARATION
anfr-3037797,3037797,48.82611111111112,2.3719444444444444,,58 Rue Albert,,,75013,75113,"23,7",SFR,4G | 5G,5G NR 3500 | LTE 1800 | LTE 2100 | LTE 2600 | LTE 700 | LTE 800,Projet approuvé,0752703359,6,mobile_radio_site,ANFR Open Data,PUBLIC_DECLARATION
anfr-3118525,3118525,48.83694444444445,2.3602777777777777,,103  BOULEVARD DE L HOPITAL,,,75013,75113,"32,9",SFR,2G | 3G | 4G | 5G,5G NR 2100 | 5G NR 3500 | GSM 900 | LTE 1800 | LTE 2100 | LTE 2600 | LTE 700 | LTE 800 | UMTS 900,En service | Projet approuvé | Techniquement opérationnel,0752703488,9,mobile_radio_site,ANFR Open Data,PUBLIC_DECLARATION
anfr-95522,95522,48.83027777777778,2.317222222222222,,15 R BARDINET,,,75014,75114,48,BOUYGUES TELECOM,2G | 3G | 4G | 5G,5G NR 2100 | 5G NR 3500 | GSM 900 | LTE 1800 | LTE 2100 | LTE 2600 | LTE 700 | LTE 800 | UMTS 900,En service | Techniquement opérationnel,0752750106,9,mobile_radio_site,ANFR Open Data,PUBLIC_DECLARATION
anfr-512667,512667,48.824444444444445,2.329722222222222,,22 r beaunier,,,75014,75114,32,BOUYGUES TELECOM | SFR,2G | 3G | 4G | 5G,5G NR 2100 | 5G NR 3500 | GSM 900 | LTE 1800 | LTE 2100 | LTE 2600 | LTE 700 | LTE 800 | UMTS 2100 | UMTS 900,En service | Projet approuvé | Techniquement opérationnel,0752700374 | 0752750823,17,mobile_radio_site,ANFR Open Data,PUBLIC_DECLARATION
anfr-518835,518835,48.833333333333336,2.3208333333333333,,10 R DIDOT,,,75014,75114,38,BOUYGUES TELECOM,3G | 4G | 5G,5G NR 2100 | 5G NR 3500 | LTE 1800 | LTE 2100 | LTE 2600 | LTE 700 | LTE 800 | UMTS 900,En service | Projet approuvé | Techniquement opérationnel,0752750358,8,mobile_radio_site,ANFR Open Data,PUBLIC_DECLARATION
anfr-542866,542866,48.82666666666667,2.3205555555555555,,63 R DES PLANTES,,,75014,75114,"40,7",BOUYGUES TELECOM,3G | 4G | 5G,5G NR 2100 | 5G NR 3500 | LTE 1800 | LTE 2100 | LTE 2600 | LTE 700 | LTE 800 | UMTS 900,En service | Techniquement opérationnel,0752750581,8,mobile_radio_site,ANFR Open Data,PUBLIC_DECLARATION
anfr-567119,567119,48.836111111111116,2.332222222222222,,277 BD RASPAIL,,,75014,75114,30,BOUYGUES TELECOM | ORANGE,3G | 4G | 5G,5G NR 2100 | 5G NR 3500 | 5G NR 700 | LTE 1800 | LTE 2100 | LTE 2600 | LTE 700 | LTE 800 | UMTS 900,En service | Techniquement opérationnel,0752291061 | 0752751594,14,mobile_radio_site,ANFR Open Data,PUBLIC_DECLARATION
anfr-585717,585717,48.83305555555556,2.315833333333333,,"42, 44 R DE GERGOVIE",,,75014,75114,"31,6",BOUYGUES TELECOM,3G | 4G | 5G,5G NR 2100 | 5G NR 3500 | LTE 1800 | LTE 2100 | LTE 2600 | LTE 700 | LTE 800 | UMTS 900,En service | Techniquement opérationnel,0752750710,8,mobile_radio_site,ANFR Open Data,PUBLIC_DECLARATION
anfr-647636,647636,48.83777777777778,2.338611111111111,,22/24 r du faubourg st jacques,,,75014,75114,32,BOUYGUES TELECOM | SFR,2G | 3G | 4G | 5G,5G NR 2100 | 5G NR 3500 | GSM 900 | LTE 1800 | LTE 2100 | LTE 2600 | LTE 700 | LTE 800 | UMTS 900,En service | Projet approuvé | Techniquement opérationnel,0752700292 | 0752751061,16,mobile_radio_site,ANFR Open Data,PUBLIC_DECLARATION
anfr-647926,647926,48.825833333333335,2.3141666666666665,,95 BD BRUNE,,,75014,75114,48,BOUYGUES TELECOM,2G | 3G | 4G | 5G,5G NR 2100 | 5G NR 3500 | GSM 900 | LTE 1800 | LTE 2100 | LTE 2600 | LTE 700 | LTE 800 | UMTS 900,En service | Techniquement opérationnel,0752750744,9,mobile_radio_site,ANFR Open Data,PUBLIC_DECLARATION
anfr-648063,648063,48.828611111111115,2.326111111111111,,"226, av du maine",,,75014,75114,42,BOUYGUES TELECOM | FREE MOBILE | ORANGE | SFR,2G | 3G | 4G | 5G,5G NR 2100 | 5G NR 3500 | 5G NR 700 | GSM 900 | LTE 1800 | LTE 2100 | LTE 2600 | LTE 700 | LTE 800 | LTE 900 | UMTS 900,En service | Projet approuvé | Techniquement opérationnel,0750990133 | 0752292359 | 0752700210 | 0752750747,30,mobile_radio_site,ANFR Open Data,PUBLIC_DECLARATION
anfr-648462,648462,48.83277777777778,2.3291666666666666,,18 R ERNEST CRESSON,,,75014,75114,35,BOUYGUES TELECOM,3G | 4G | 5G,5G NR 2100 | 5G NR 3500 | LTE 1800 | LTE 2100 | LTE 2600 | LTE 700 | LTE 800 | UMTS 900,En service | Projet approuvé | Techniquement opérationnel,0752750622,8,mobile_radio_site,ANFR Open Data,PUBLIC_DECLARATION
anfr-844636,844636,48.83111111111111,2.311111111111111,,156 R RAYMOND LOSSERAND,,,75014,75114,34,BOUYGUES TELECOM,4G | 5G,5G NR 2100 | 5G NR 3500 | LTE 1800 | LTE 2100 | LTE 2600 | LTE 700 | LTE 800,En service | Techniquement opérationnel,0752750376,7,mobile_radio_site,ANFR Open Data,PUBLIC_DECLARATION
anfr-1323556,1323556,48.83166666666667,2.3394444444444447,,"17, Bld St Jacques",,,75014,75114,71,BOUYGUES TELECOM,4G | 5G,5G NR 2100 | 5G NR 3500 | LTE 1800 | LTE 2100 | LTE 2600 | LTE 700 | LTE 800,En service | Techniquement opérationnel,0752751684,7,mobile_radio_site,ANFR Open Data,PUBLIC_DECLARATION
anfr-1406818,1406818,48.831944444444446,2.3211111111111107,,45 R BENARD,,,75014,75114,"28,4",BOUYGUES TELECOM,4G | 5G,5G NR 2100 | 5G NR 3500 | LTE 1800 | LTE 2100 | LTE 2600 | LTE 700 | LTE 800,En service | Techniquement opérationnel,0752751965,7,mobile_radio_site,ANFR Open Data,PUBLIC_DECLARATION
anfr-1513374,1513374,48.818333333333335,2.334166666666667,,Bd Jourdan,Cité internationale universitaire,,75014,75114,"28,2",BOUYGUES TELECOM | FREE MOBILE | ORANGE,2G | 3G | 4G | 5G,5G NR 2100 | 5G NR 3500 | 5G NR 700 | GSM 900 | LTE 1800 | LTE 2100 | LTE 2600 | LTE 700 | LTE 800 | LTE 900 | UMTS 900,En service | Techniquement opérationnel,0750990197 | 0752290418 | 0752752672,24,mobile_radio_site,ANFR Open Data,PUBLIC_DECLARATION
anfr-1520787,1520787,48.841944444444444,2.325833333333333,,55-57 R DU MONTPARNASSE,,,75014,75114,"31,4",BOUYGUES TELECOM | ORANGE,3G | 4G | 5G,5G NR 2100 | 5G NR 3500 | 5G NR 700 | LTE 1800 | LTE 2100 | LTE 2600 | LTE 700 | LTE 800 | UMTS 900,En service | Techniquement opérationnel,0752290422 | 0752752032,15,mobile_radio_site,ANFR Open Data,PUBLIC_DECLARATION
anfr-1528662,1528662,48.828611111111115,2.3152777777777778,,10 Rue Pierre Larousse,,,75014,75114,"31,2",BOUYGUES TELECOM | ORANGE,3G | 4G | 5G,5G NR 2100 | 5G NR 3500 | 5G NR 700 | LTE 1800 | LTE 2100 | LTE 2600 | LTE 700 | LTE 800 | UMTS 900,En service | Techniquement opérationnel,0752291916 | 0752750711,14,mobile_radio_site,ANFR Open Data,PUBLIC_DECLARATION
anfr-1529482,1529482,48.83416666666667,2.3238888888888884,,148 AV DU MAINE,,,75014,75114,32,BOUYGUES TELECOM | ORANGE,2G | 3G | 4G | 5G,5G NR 2100 | 5G NR 3500 | 5G NR 700 | GSM 900 | LTE 1800 | LTE 2100 | LTE 2600 | LTE 700 | LTE 800 | UMTS 900,En service | Techniquement opérationnel,0752290139 | 0752752040,18,mobile_radio_site,ANFR Open Data,PUBLIC_DECLARATION
anfr-1557927,1557927,48.82944444444445,2.336388888888889,,16 R BROUSSAIS,,,75014,75114,37,BOUYGUES TELECOM | FREE MOBILE,4G | 5G,5G NR 2100 | 5G NR 3500 | 5G NR 700 | LTE 1800 | LTE 2100 | LTE 2600 | LTE 700 | LTE 800 | LTE 900,En service | Projet approuvé | Techniquement opérationnel,0750990217 | 0752750115,14,mobile_radio_site,ANFR Open Data,PUBLIC_DECLARATION
anfr-1584324,1584324,48.83638888888889,2.319444444444444,,42/50 r de l'Ouest,,,75014,75114,26,BOUYGUES TELECOM | FREE MOBILE | SFR,2G | 3G | 4G | 5G,5G NR 2100 | 5G NR 3500 | 5G NR 700 | GSM 900 | LTE 1800 | LTE 2100 | LTE 2600 | LTE 700 | LTE 800 | LTE 900 | UMTS 900,En service | Projet approuvé | Techniquement opérationnel,0750990224 | 0752700233 | 0752752115,23,mobile_radio_site,ANFR Open Data,PUBLIC_DECLARATION
anfr-1589808,1589808,48.82166666666667,2.333888888888889,,30 B BD JOURDAN,,,75014,75114,30,BOUYGUES TELECOM | FREE MOBILE,3G | 4G | 5G,5G NR 2100 | 5G NR 3500 | 5G NR 700 | LTE 1800 | LTE 2100 | LTE 2600 | LTE 700 | LTE 800 | LTE 900 | UMTS 900,En service | Projet approuvé | Techniquement opérationnel,0750990227 | 0752750408,13,mobile_radio_site,ANFR Open Data,PUBLIC_DECLARATION
anfr-1624008,1624008,48.825,2.3255555555555554,,122 av du General Leclerc,,,75014,75114,"40,9",BOUYGUES TELECOM | FREE MOBILE,2G | 3G | 4G | 5G,5G NR 2100 | 5G NR 3500 | 5G NR 700 | GSM 900 | LTE 1800 | LTE 2100 | LTE 2600 | LTE 700 | LTE 800 | LTE 900 | UMTS 900,En service | Techniquement opérationnel,0750990235 | 0752751605,15,mobile_radio_site,ANFR Open Data,PUBLIC_DECLARATION
anfr-1801381,1801381,48.823055555555555,2.341388888888889,,48 RUE DE L'AMIRAL MOUCHEZ,,,75014,75114,"33,9",BOUYGUES TELECOM,3G | 4G | 5G,5G NR 2100 | LTE 1800 | LTE 2600 | LTE 700 | LTE 800 | UMTS 900,En service | Projet approuvé,0752752146,6,mobile_radio_site,ANFR Open Data,PUBLIC_DECLARATION
anfr-1990290,1990290,48.830555555555556,2.3238888888888884,,19 RUE DES PLANTES,VILLA GARNIER,,75014,75114,34,BOUYGUES TELECOM,3G | 4G | 5G,5G NR 2100 | 5G NR 3500 | LTE 1800 | LTE 2100 | LTE 2600 | LTE 700 | LTE 800 | UMTS 900,En service | Techniquement opérationnel,0752752205,8,mobile_radio_site,ANFR Open Data,PUBLIC_DECLARATION
anfr-2041897,2041897,48.831944444444446,2.3141666666666665,Métro PLAISANCE L13,168 Rue d'Alésia angle Rue Raymond Losserand,,,75014,75114,0,BOUYGUES TELECOM | FREE MOBILE | ORANGE | SFR,2G | 3G | 4G,GSM 1800 | GSM 900 | LTE 1800 | LTE 900 | UMTS 900,En service | Projet approuvé,0750990747 | 0752292097 | 0752701983 | 0752752634,10,mobile_radio_site,ANFR Open Data,PUBLIC_DECLARATION
anfr-2121275,2121275,48.83305555555556,2.3344444444444448,,77 BD ST JACQUES,,,75014,75114,"28,9",BOUYGUES TELECOM,2G | 3G | 4G | 5G,5G NR 2100 | 5G NR 3500 | GSM 900 | LTE 1800 | LTE 2100 | LTE 2600 | LTE 700 | LTE 800 | UMTS 900,En service | Techniquement opérationnel,0752752307,9,mobile_radio_site,ANFR Open Data,PUBLIC_DECLARATION
anfr-2164843,2164843,48.833333333333336,2.332222222222222,Métro DENFERT L4 L6,3 avenue du Général Leclerc,,,75014,75114,0,BOUYGUES TELECOM | FREE MOBILE | ORANGE | SFR,2G | 3G | 4G,GSM 900 | LTE 1800 | LTE 2100 | LTE 2600 | LTE 800 | LTE 900 | UMTS 2100 | UMTS 900,En service | Projet approuvé,0750990861 | 0752292271 | 0752702652 | 0752752846,18,mobile_radio_site,ANFR Open Data,PUBLIC_DECLARATION
anfr-2193166,2193166,48.83527777777778,2.3152777777777778,,93 RUE PERNETY,,,75014,75114,26,BOUYGUES TELECOM,4G | 5G,5G NR 2100 | 5G NR 3500 | LTE 1800 | LTE 2100 | LTE 2600 | LTE 700 | LTE 800,En service | Techniquement opérationnel,0752752429,7,mobile_radio_site,ANFR Open Data,PUBLIC_DECLARATION
anfr-2276254,2276254,48.84111111111111,2.3249999999999997,METRO L6 EDGAR QUINET,11 BD EDGAR QUINET,,,75014,75114,1,BOUYGUES TELECOM,3G | 4G,LTE 1800 | UMTS 900,En service,0752752614,2,mobile_radio_site,ANFR Open Data,PUBLIC_DECLARATION
anfr-2367694,2367694,48.823055555555555,2.333055555555555,,42 BOULEVARD JOURDAN,,,75014,75114,39,BOUYGUES TELECOM | FREE MOBILE,3G | 4G | 5G,5G NR 2100 | 5G NR 3500 | 5G NR 700 | LTE 1800 | LTE 2100 | LTE 2600 | LTE 700 | LTE 800 | LTE 900 | UMTS 900,En service | Techniquement opérationnel,0750990900 | 0752752695,15,mobile_radio_site,ANFR Open Data,PUBLIC_DECLARATION
anfr-2418239,2418239,48.83888888888889,2.3227777777777776,Métro Ligne 13 Gaité,AV DU MAINE ANGLE R DE LA GAITÉ,,,75014,75114,1,BOUYGUES TELECOM,3G | 4G,LTE 1800 | LTE 2100 | LTE 2600 | LTE 700 | LTE 800 | UMTS 900,En service,0752752711,6,mobile_radio_site,ANFR Open Data,PUBLIC_DECLARATION
anfr-2531537,2531537,48.82416666666667,2.316111111111111,,12 R DU GENERAL DE MAUD'HUY,,,75014,75114,26,BOUYGUES TELECOM,4G | 5G,5G NR 2100 | LTE 1800 | LTE 2100 | LTE 2600 | LTE 700 | LTE 800,En service | Projet approuvé,0752752741,6,mobile_radio_site,ANFR Open Data,PUBLIC_DECLARATION
anfr-2540112,2540112,48.82638888888889,2.3116666666666665,,69 BD BRUNE,,,75014,75114,37,BOUYGUES TELECOM | FREE MOBILE | SFR,2G | 3G | 4G | 5G,5G NR 2100 | 5G NR 3500 | 5G NR 700 | GSM 900 | LTE 1800 | LTE 2100 | LTE 2600 | LTE 700 | LTE 800 | LTE 900 | UMTS 900,En service | Techniquement opérationnel,0750990962 | 0752702808 | 0752752694,22,mobile_radio_site,ANFR Open Data,PUBLIC_DECLARATION
anfr-2873105,2873105,48.82833333333333,2.3324999999999996,,80 Rue de la Tombe Issoire,,,75014,75114,35,BOUYGUES TELECOM,3G | 4G | 5G,5G NR 2100 | 5G NR 3500 | LTE 1800 | LTE 2100 | LTE 2600 | LTE 700 | LTE 800 | UMTS 900,En service | Techniquement opérationnel,0752750786,8,mobile_radio_site,ANFR Open Data,PUBLIC_DECLARATION
anfr-2947550,2947550,48.8275,2.308611111111111,,2/4 square Auguste Renoir,,,75014,75114,47,BOUYGUES TELECOM | ORANGE,2G | 3G | 4G | 5G,5G NR 2100 | 5G NR 3500 | 5G NR 700 | GSM 900 | LTE 1800 | LTE 2100 | LTE 2600 | LTE 700 | LTE 800 | UMTS 900,En service | Techniquement opérationnel,0752292790 | 0752751350,17,mobile_radio_site,ANFR Open Data,PUBLIC_DECLARATION
anfr-3001733,3001733,48.823888888888895,2.3208333333333333,,114 Boulevard Brune,,,75014,75114,32,BOUYGUES TELECOM | SFR,3G | 4G | 5G,5G NR 2100 | 5G NR 3500 | LTE 1800 | LTE 2100 | LTE 2600 | LTE 700 | LTE 800 | UMTS 900,En service | Projet approuvé | Techniquement opérationnel,0752703316 | 0752750709,14,mobile_radio_site,ANFR Open Data,PUBLIC_DECLARATION
anfr-3073291,3073291,48.83833333333334,2.321944444444444,,80 Avenue du Maine,CC_Gaite-Montparnasse,,75014,75114,10,BOUYGUES TELECOM | FREE MOBILE,3G | 4G | 5G,5G NR 3500 | LTE 1800 | LTE 2100 | LTE 2600 | LTE 700 | LTE 900 | UMTS 900,En service | Projet approuvé | Techniquement opérationnel,0750991160 | 0752752981,10,mobile_radio_site,ANFR Open Data,PUBLIC_DECLARATION
anfr-3077781,3077781,48.82166666666667,2.3291666666666666,,5-7 RUE MONTICELLI,,,75014,75114,33,BOUYGUES TELECOM,4G | 5G,5G NR 2100 | 5G NR 3500 | LTE 1800 | LTE 2100 | LTE 2600 | LTE 700 | LTE 800,En service | Techniquement opérationnel,0752752967,7,mobile_radio_site,ANFR Open Data,PUBLIC_DECLARATION
anfr-3129410,3129410,48.82555555555556,2.3027777777777776,,9 SQ DE LA PORTE DE VANVES,,,75014,75114,"36,9",BOUYGUES TELECOM,4G | 5G,5G NR 2100 | LTE 1800 | LTE 2100 | LTE 2600 | LTE 700 | LTE 800,En service | Techniquement opérationnel,0752752988,6,mobile_radio_site,ANFR Open Data,PUBLIC_DECLARATION
anfr-3195736,3195736,48.82666666666667,2.3336111111111113,,18 R DE L'AUDE,,,75014,75114,25,BOUYGUES TELECOM,3G | 4G | 5G,5G NR 2100 | 5G NR 3500 | LTE 1800 | LTE 2100 | LTE 2600 | LTE 700 | LTE 800 | UMTS 900,Projet approuvé,0752753010,8,mobile_radio_site,ANFR Open Data,PUBLIC_DECLARATION
anfr-3281163,3281163,48.83583333333333,2.3238888888888884,,115 AV DU MAINE,,,75014,75114,40,BOUYGUES TELECOM,4G | 5G,5G NR 2100 | LTE 1800 | LTE 2100 | LTE 2600 | LTE 700 | LTE 800,En service | Projet approuvé | Techniquement opérationnel,0752752987,6,mobile_radio_site,ANFR Open Data,PUBLIC_DECLARATION
anfr-3301731,3301731,48.82805555555556,2.327222222222222,METRO ALESIA L14,73 AV DU GAL LECLERC,,,75014,75114,1,BOUYGUES TELECOM,3G | 4G,LTE 1800 | LTE 2100 | LTE 2600 | LTE 800 | UMTS 900,En service,0752753049,5,mobile_radio_site,ANFR Open Data,PUBLIC_DECLARATION
anfr-647628,647628,48.830555555555556,2.313055555555555,,11-15 r pauly,,,75014,75114,52,FREE MOBILE | ORANGE | SFR,2G | 3G | 4G | 5G,5G NR 3500 | 5G NR 700 | GSM 900 | LTE 1800 | LTE 2100 | LTE 2600 | LTE 700 | LTE 800 | LTE 900 | UMTS 900,En service | Techniquement opérationnel,0750991042 | 0752290277 | 0752700231,23,mobile_radio_site,ANFR Open Data,PUBLIC_DECLARATION
anfr-648106,648106,48.827222222222225,2.308333333333333,,35 bld Brune,,,75014,75114,"40,2",FREE MOBILE | SFR,2G | 3G | 4G | 5G,5G NR 2100 | 5G NR 3500 | 5G NR 700 | GSM 900 | LTE 1800 | LTE 2100 | LTE 2600 | LTE 700 | LTE 800 | LTE 900 | UMTS 900,En service | Projet approuvé | Techniquement opérationnel,0750990047 | 0752700017,16,mobile_radio_site,ANFR Open Data,PUBLIC_DECLARATION
anfr-648132,648132,48.83277777777778,2.3394444444444447,,18 bd St-Jacques,HLM,,75014,75114,"36,8",FREE MOBILE | SFR,2G | 3G | 4G | 5G,5G NR 2100 | 5G NR 3500 | 5G NR 700 | GSM 900 | LTE 1800 | LTE 2100 | LTE 2600 | LTE 700 | LTE 800 | LTE 900 | UMTS 900,En service | Projet approuvé | Techniquement opérationnel,0750990457 | 0752700009,16,mobile_radio_site,ANFR Open Data,PUBLIC_DECLARATION
anfr-1335920,1335920,48.83305555555556,2.313055555555555,,25 rue du Moulin de la vierge,,,75014,75114,"61,9",FREE MOBILE,4G | 5G,5G NR 3500 | 5G NR 700 | LTE 1800 | LTE 2100 | LTE 2600 | LTE 700 | LTE 900,En service | Techniquement opérationnel,0750990126,7,mobile_radio_site,ANFR Open Data,PUBLIC_DECLARATION
anfr-1502788,1502788,48.83444444444444,2.3238888888888884,,146 AVENUE DU MAINE,,,75014,75114,"29,8",FREE MOBILE,4G | 5G,5G NR 3500 | 5G NR 700 | LTE 1800 | LTE 2100 | LTE 2600 | LTE 700 | LTE 900,En service | Techniquement opérationnel,0750990193,7,mobile_radio_site,ANFR Open Data,PUBLIC_DECLARATION
anfr-1538567,1538567,48.838055555555556,2.3313888888888887,,253 bd  raspail,,,75014,75114,37,FREE MOBILE | ORANGE,2G | 3G | 4G | 5G,5G NR 3500 | 5G NR 700 | GSM 900 | LTE 1800 | LTE 2100 | LTE 2600 | LTE 700 | LTE 800 | LTE 900 | UMTS 900,En service | Projet approuvé | Techniquement opérationnel,0750990210 | 0752291386,16,mobile_radio_site,ANFR Open Data,PUBLIC_DECLARATION
anfr-1565234,1565234,48.82916666666667,2.3155555555555556,,Rue Jonquoy,,,75014,75114,"28,3",FREE MOBILE,4G | 5G,5G NR 3500 | 5G NR 700 | LTE 1800 | LTE 2100 | LTE 2600 | LTE 700 | LTE 900,En service | Techniquement opérationnel,0750990221,7,mobile_radio_site,ANFR Open Data,PUBLIC_DECLARATION
anfr-1716626,1716626,48.831944444444446,2.3205555555555555,,41 rue Didot,34 Rue Olivier Noyer,,75014,75114,37,FREE MOBILE | ORANGE,2G | 3G | 4G | 5G,5G NR 3500 | 5G NR 700 | GSM 900 | LTE 1800 | LTE 2100 | LTE 2600 | LTE 700 | LTE 800 | LTE 900 | UMTS 900,En service | Techniquement opérationnel,0750990053 | 0752292008,16,mobile_radio_site,ANFR Open Data,PUBLIC_DECLARATION
anfr-1790891,1790891,48.8325,2.3294444444444444,,7/9 RUE ERNEST CRESSON,,,75014,75114,"32,5",FREE MOBILE | SFR,2G | 3G | 4G | 5G,5G NR 2100 | 5G NR 3500 | 5G NR 700 | GSM 900 | LTE 1800 | LTE 2100 | LTE 2600 | LTE 700 | LTE 800 | LTE 900 | UMTS 2100 | UMTS 900,En service | Techniquement opérationnel,0750990299 | 0752700343,17,mobile_radio_site,ANFR Open Data,PUBLIC_DECLARATION
anfr-2028500,2028500,48.84027777777778,2.3241666666666663,,11 BIS RUE DE LA GAITE,,,75014,75114,"28,8",FREE MOBILE,4G | 5G,5G NR 3500 | 5G NR 700 | LTE 1800 | LTE 2100 | LTE 2600 | LTE 700 | LTE 900,En service | Techniquement opérationnel,0750990650,7,mobile_radio_site,ANFR Open Data,PUBLIC_DECLARATION
anfr-2041901,2041901,48.84111111111111,2.3249999999999997,Métro EDGAR QUINET L6,Bld Edgar Quinet angle Rue de la Gaité,,,75014,75114,0,FREE MOBILE | ORANGE | SFR,2G | 3G | 4G,GSM 1800 | GSM 900 | LTE 1800 | LTE 900 | UMTS 900,En service | Projet approuvé,0750990745 | 0752292098 | 0752702006,8,mobile_radio_site,ANFR Open Data,PUBLIC_DECLARATION
anfr-2060146,2060146,48.84138888888889,2.3299999999999996,,205 BD RASPAIL,,,75014,75114,32,FREE MOBILE,4G | 5G,5G NR 3500 | 5G NR 700 | LTE 1800 | LTE 2100 | LTE 2600 | LTE 700 | LTE 900,En service | Techniquement opérationnel,0750990066,7,mobile_radio_site,ANFR Open Data,PUBLIC_DECLARATION
anfr-2072068,2072068,48.83111111111111,2.3294444444444444,Métro MOUTON DUVERNET,40 avenue du Général Leclerc,,,75014,75114,0,FREE MOBILE | ORANGE | SFR,2G | 3G | 4G,GSM 1800 | GSM 900 | LTE 1800 | LTE 900 | UMTS 900,En service | Projet approuvé,0750990734 | 0752292172 | 0752702389,8,mobile_radio_site,ANFR Open Data,PUBLIC_DECLARATION
anfr-2090793,2090793,48.825833333333335,2.3152777777777778,,101 BOULEVARD BRUNE,,,75014,75114,37,FREE MOBILE,4G | 5G,5G NR 3500 | 5G NR 700 | LTE 1800 | LTE 2100 | LTE 2600 | LTE 700 | LTE 900,En service | Techniquement opérationnel,0750990731,7,mobile_radio_site,ANFR Open Data,PUBLIC_DECLARATION
anfr-2093430,2093430,48.82777777777778,2.305833333333333,Métro PTE DE VANVES L13,9 BOULEVARD DES MARECHAUX,,,75014,75114,0,FREE MOBILE | ORANGE | SFR,2G | 3G | 4G,GSM 1800 | GSM 900 | LTE 1800 | LTE 900 | UMTS 900,En service | Projet approuvé,0750990845 | 0752292205 | 0752701963,8,mobile_radio_site,ANFR Open Data,PUBLIC_DECLARATION
anfr-2093554,2093554,48.83638888888889,2.3400000000000003,,27 Rue Faubourg St Jacques,Hopital Cochin,,75014,75114,34,FREE MOBILE | ORANGE,3G | 4G | 5G,5G NR 3500 | 5G NR 700 | LTE 1800 | LTE 2100 | LTE 2600 | LTE 700 | LTE 800 | LTE 900 | UMTS 900,En service | Techniquement opérationnel,0750990627 | 0752292208,14,mobile_radio_site,ANFR Open Data,PUBLIC_DECLARATION
anfr-2098038,2098038,48.83888888888889,2.3227777777777776,Métro GAITE L13,Avenue du Maine,,,75014,75114,0,FREE MOBILE | ORANGE | SFR,3G | 4G,LTE 1800 | LTE 2100 | LTE 2600 | LTE 700 | LTE 800 | UMTS 900,En service,0750990737 | 0752292145 | 0752702358,13,mobile_radio_site,ANFR Open Data,PUBLIC_DECLARATION
anfr-2113640,2113640,48.83305555555556,2.3347222222222226,,71/77 BOULEVARD SAINT JACQUES,,,75014,75114,"32,2",FREE MOBILE,4G | 5G,5G NR 3500 | 5G NR 700 | LTE 1800 | LTE 2100 | LTE 2600 | LTE 700 | LTE 900,En service | Techniquement opérationnel,0750990754,7,mobile_radio_site,ANFR Open Data,PUBLIC_DECLARATION
anfr-2157940,2157940,48.82888888888889,2.3102777777777774,,187A RUE RAYMOND LOSSERAND,,,75014,75114,"26,5",FREE MOBILE,4G | 5G,5G NR 3500 | 5G NR 700 | LTE 1800 | LTE 2100 | LTE 2600 | LTE 700 | LTE 900,En service | Techniquement opérationnel,0750990769,7,mobile_radio_site,ANFR Open Data,PUBLIC_DECLARATION
anfr-2159701,2159701,48.82555555555556,2.3372222222222225,,7 RUE DES BERGES HENNEQUINES,,,75014,75114,"26,9",FREE MOBILE,4G | 5G,5G NR 3500 | 5G NR 700 | LTE 1800 | LTE 2100 | LTE 2600 | LTE 700 | LTE 900,En service | Techniquement opérationnel,0750990770,7,mobile_radio_site,ANFR Open Data,PUBLIC_DECLARATION
anfr-2159703,2159703,48.8275,2.304444444444444,,"4, BD BRUNE",Hôtel Novotel Suites,Porte de Vanves,75014,75114,"35,6",FREE MOBILE,4G | 5G,5G NR 3500 | 5G NR 700 | LTE 1800 | LTE 2100 | LTE 2600 | LTE 700 | LTE 900,En service | Techniquement opérationnel,0750990771,7,mobile_radio_site,ANFR Open Data,PUBLIC_DECLARATION
anfr-2349096,2349096,48.830555555555556,2.3163888888888886,,10 12 RUE BARDINET,,,75014,75114,"32,8",FREE MOBILE,4G | 5G,5G NR 3500 | 5G NR 700 | LTE 1800 | LTE 2100 | LTE 2600 | LTE 700 | LTE 900,En service | Techniquement opérationnel,0750990921,7,mobile_radio_site,ANFR Open Data,PUBLIC_DECLARATION
anfr-2508749,2508749,48.834722222222226,2.3155555555555556,,9 RUE DESPREZ,,,75014,75114,"27,2",FREE MOBILE,4G | 5G,5G NR 3500 | 5G NR 700 | LTE 1800 | LTE 2100 | LTE 2600 | LTE 700 | LTE 900,En service | Techniquement opérationnel,0750990954,7,mobile_radio_site,ANFR Open Data,PUBLIC_DECLARATION
anfr-2595812,2595812,48.825833333333335,2.3191666666666664,,70 rue des Plantes,,,75014,75114,34,FREE MOBILE,4G | 5G,5G NR 3500 | 5G NR 700 | LTE 1800 | LTE 2100 | LTE 2600 | LTE 700 | LTE 900,En service | Techniquement opérationnel,0750990116,7,mobile_radio_site,ANFR Open Data,PUBLIC_DECLARATION
anfr-2629179,2629179,48.83722222222222,2.3233333333333333,,95 AVENUE DU MAINE,,,75014,75114,28,FREE MOBILE | SFR,2G | 3G | 4G | 5G,5G NR 2100 | 5G NR 3500 | 5G NR 700 | GSM 900 | LTE 1800 | LTE 2100 | LTE 2600 | LTE 700 | LTE 800 | LTE 900 | UMTS 900,En service | Projet approuvé | Techniquement opérationnel,0750990714 | 0752702823,16,mobile_radio_site,ANFR Open Data,PUBLIC_DECLARATION
anfr-2700785,2700785,48.83888888888889,2.3305555555555553,Métro_RASPAIL_L4/L6,234 bd Raspail,,,75014,75114,0,FREE MOBILE | ORANGE | SFR,2G | 3G | 4G,GSM 1800 | GSM 900 | LTE 1800 | LTE 2100 | LTE 2600 | LTE 700 | LTE 800 | UMTS 900,En service | Projet approuvé,0750991124 | 0752292736 | 0752702223,13,mobile_radio_site,ANFR Open Data,PUBLIC_DECLARATION
anfr-2716087,2716087,48.84388888888889,2.3252777777777776,,77 BOULEVARD MONTPARNASSE,,,75014,75114,"30,9",FREE MOBILE,4G | 5G,5G NR 3500 | 5G NR 700 | LTE 1800 | LTE 2100 | LTE 2600 | LTE 700 | LTE 900,En service | Techniquement opérationnel,0750990996,7,mobile_radio_site,ANFR Open Data,PUBLIC_DECLARATION
anfr-2733978,2733978,48.83361111111111,2.3175,METRO_PERNETY_L13,55 rue Pernety,,,75014,75114,0,FREE MOBILE,4G,LTE 1800 | LTE 2600 | LTE 700,Projet approuvé,0750991002,3,mobile_radio_site,ANFR Open Data,PUBLIC_DECLARATION
anfr-2753879,2753879,48.83166666666667,2.3249999999999997,,184 AVENUE DU MAINE,,,75014,75114,"29,1",FREE MOBILE,4G | 5G,5G NR 3500 | 5G NR 700 | LTE 1800 | LTE 2100 | LTE 2600 | LTE 700 | LTE 900,En service | Techniquement opérationnel,0750991008,7,mobile_radio_site,ANFR Open Data,PUBLIC_DECLARATION
anfr-2774416,2774416,48.830555555555556,2.341111111111111,,64 Rue de la Santé,,,75014,75114,43,FREE MOBILE | SFR,3G | 4G | 5G,5G NR 3500 | 5G NR 700 | LTE 1800 | LTE 2100 | LTE 2600 | LTE 700 | LTE 800 | LTE 900 | UMTS 900,En service | Techniquement opérationnel,0750990011 | 0752702879,14,mobile_radio_site,ANFR Open Data,PUBLIC_DECLARATION
anfr-2774485,2774485,48.81666666666667,2.3377777777777777,,97 av paul vaillant-couturier,,,75014,75114,"6,2",FREE MOBILE,4G | 5G,5G NR 700 | LTE 1800 | LTE 2100 | LTE 2600 | LTE 700 | LTE 900,En service | Projet approuvé,0750991010,6,mobile_radio_site,ANFR Open Data,PUBLIC_DECLARATION
anfr-2851489,2851489,48.830555555555556,2.308611111111111,,207 RUE VERCINGETORIX,,,75014,75114,54,FREE MOBILE | SFR,2G | 3G | 4G | 5G,5G NR 3500 | 5G NR 700 | GSM 900 | LTE 1800 | LTE 2100 | LTE 2600 | LTE 700 | LTE 800 | LTE 900 | UMTS 900,En service | Techniquement opérationnel,0750991035 | 0752702803,15,mobile_radio_site,ANFR Open Data,PUBLIC_DECLARATION
anfr-2891388,2891388,48.83277777777778,2.3166666666666664,,49 RUE GERGOVIE,,,75014,75114,"26,3",FREE MOBILE,4G | 5G,5G NR 3500 | 5G NR 700 | LTE 1800 | LTE 2100 | LTE 2600 | LTE 700 | LTE 900,En service | Techniquement opérationnel,0750991056,7,mobile_radio_site,ANFR Open Data,PUBLIC_DECLARATION
anfr-2992429,2992429,48.82333333333334,2.3255555555555554,METRO_PORTE D ORLEANS_L4,Angle Boulevard Brune,,,75014,75114,0,FREE MOBILE | ORANGE,3G | 4G,LTE 1800 | LTE 2100 | LTE 2600 | LTE 700 | LTE 800 | UMTS 900,En service | Projet approuvé,0750991126 | 0752292718,9,mobile_radio_site,ANFR Open Data,PUBLIC_DECLARATION
anfr-3041365,3041365,48.8275,2.3241666666666663,PETIT MONTROUGE,8 10 rue de chatillon,,,75014,75114,"30,8",FREE MOBILE,4G | 5G,5G NR 3500 | 5G NR 700 | LTE 1800 | LTE 2100 | LTE 2600 | LTE 700 | LTE 900,En service | Projet approuvé | Techniquement opérationnel,0750991148,7,mobile_radio_site,ANFR Open Data,PUBLIC_DECLARATION
anfr-3113420,3113420,48.841944444444444,2.3233333333333333,,72 BOULEVARD EDGAR QUINET,,,75014,75114,"37,5",FREE MOBILE | SFR,2G | 3G | 4G | 5G,5G NR 2100 | 5G NR 3500 | 5G NR 700 | GSM 900 | LTE 1800 | LTE 2100 | LTE 2600 | LTE 700 | LTE 800 | LTE 900 | UMTS 900,En service | Projet approuvé | Techniquement opérationnel,0750991166 | 0752702837,16,mobile_radio_site,ANFR Open Data,PUBLIC_DECLARATION
anfr-3315419,3315419,48.83777777777778,2.3375000000000004,,123 BOULEVARD PORT ROYAL,,,75014,75114,"30,5",FREE MOBILE,4G | 5G,5G NR 3500 | 5G NR 700 | LTE 1800 | LTE 2100 | LTE 2600 | LTE 700 | LTE 900,Projet approuvé,0750991195,7,mobile_radio_site,ANFR Open Data,PUBLIC_DECLARATION
anfr-3341020,3341020,48.83416666666667,2.3188888888888886,,65/67 rue Raymond Losserand,,,75014,75114,"29,5",FREE MOBILE | ORANGE,2G | 3G | 4G | 5G,5G NR 3500 | 5G NR 700 | GSM 900 | LTE 1800 | LTE 2100 | LTE 2600 | LTE 700 | LTE 800 | LTE 900 | UMTS 900,En service | Projet approuvé | Techniquement opérationnel,0750991197 | 0752291457,16,mobile_radio_site,ANFR Open Data,PUBLIC_DECLARATION
anfr-448247,448247,48.830555555555556,2.3383333333333334,,30 r cabanis,,,75014,75114,"33,4",ORANGE | SFR,2G | 3G | 4G | 5G,5G NR 2100 | 5G NR 3500 | 5G NR 700 | GSM 900 | LTE 1800 | LTE 2100 | LTE 2600 | LTE 700 | LTE 800 | UMTS 900,En service | Projet approuvé | Techniquement opérationnel,0752290435 | 0752700370,18,mobile_radio_site,ANFR Open Data,PUBLIC_DECLARATION
anfr-454527,454527,48.82222222222222,2.333888888888889,,"8, Villa du Parc Montsouris",,,75014,75114,28,ORANGE | SFR,2G | 3G | 4G | 5G,5G NR 3500 | 5G NR 700 | GSM 900 | LTE 1800 | LTE 2100 | LTE 2600 | LTE 700 | LTE 800 | UMTS 900,En service | Techniquement opérationnel,0752290340 | 0752700237,14,mobile_radio_site,ANFR Open Data,PUBLIC_DECLARATION
anfr-480867,480867,48.831944444444446,2.329722222222222,,1-2-3 sq henri de lormel,,,75014,75114,35,ORANGE,2G | 3G | 4G | 5G,5G NR 3500 | 5G NR 700 | GSM 900 | LTE 1800 | LTE 2100 | LTE 2600 | LTE 700 | LTE 800 | UMTS 900,En service | Techniquement opérationnel,0752291437,9,mobile_radio_site,ANFR Open Data,PUBLIC_DECLARATION
anfr-589742,589742,48.825,2.328888888888889,,39/43 r de sarrette,rue du père Corentin,,75014,75114,"28,2",ORANGE,2G | 3G | 4G | 5G,5G NR 3500 | 5G NR 700 | GSM 900 | LTE 1800 | LTE 2100 | LTE 2600 | LTE 700 | LTE 800 | UMTS 900,En service | Techniquement opérationnel,0752291453,9,mobile_radio_site,ANFR Open Data,PUBLIC_DECLARATION
anfr-647626,647626,48.82611111111112,2.322222222222222,,46 avenue Jean Moulin,,,75014,75114,39,ORANGE | SFR,2G | 3G | 4G | 5G,5G NR 2100 | 5G NR 3500 | 5G NR 700 | GSM 900 | LTE 1800 | LTE 2100 | LTE 2600 | LTE 700 | LTE 800 | UMTS 900,En service | Projet approuvé | Techniquement opérationnel,0752290239 | 0752700035,19,mobile_radio_site,ANFR Open Data,PUBLIC_DECLARATION
anfr-647630,647630,48.83694444444445,2.321944444444444,,15 R de l'Ouest,,,75014,75114,29,ORANGE,3G | 4G | 5G,5G NR 3500 | 5G NR 700 | LTE 1800 | LTE 2100 | LTE 2600 | LTE 800 | UMTS 900,En service | Techniquement opérationnel,0752290351,7,mobile_radio_site,ANFR Open Data,PUBLIC_DECLARATION
anfr-647928,647928,48.82888888888889,2.3230555555555554,,121 r d'alésia,,,75014,75114,35,ORANGE,4G | 5G,5G NR 3500 | 5G NR 700 | LTE 1800 | LTE 2100 | LTE 2600 | LTE 800,En service | Projet approuvé,0752290494,6,mobile_radio_site,ANFR Open Data,PUBLIC_DECLARATION
anfr-647942,647942,48.83777777777778,2.3186111111111107,,30-40 r du cdt rené mouchotte,place catalogne (parking),,75014,75114,24,ORANGE,2G | 3G | 4G | 5G,5G NR 3500 | 5G NR 700 | GSM 900 | LTE 1800 | LTE 2100 | LTE 2600 | LTE 700 | LTE 800 | UMTS 900,En service | Projet approuvé | Techniquement opérationnel,0752291290,9,mobile_radio_site,ANFR Open Data,PUBLIC_DECLARATION
anfr-647957,647957,48.83416666666667,2.3138888888888887,,14 r de gergovie,,,75014,75114,45,ORANGE,2G | 3G | 4G | 5G,5G NR 3500 | 5G NR 700 | GSM 900 | LTE 1800 | LTE 2100 | LTE 2600 | LTE 700 | LTE 800 | UMTS 900,En service | Techniquement opérationnel,0752291368,9,mobile_radio_site,ANFR Open Data,PUBLIC_DECLARATION
anfr-806005,806005,48.82944444444445,2.3299999999999996,,5 r montbrun,,,75014,75114,28,ORANGE,4G | 5G,5G NR 3500 | 5G NR 700 | LTE 1800 | LTE 2100 | LTE 2600 | LTE 800,En service | Techniquement opérationnel,0752291495,6,mobile_radio_site,ANFR Open Data,PUBLIC_DECLARATION
anfr-1323572,1323572,48.83416666666667,2.3336111111111113,,"101, Bd Louis Arago",,,75014,75114,26,ORANGE | SFR,2G | 3G | 4G | 5G,5G NR 2100 | 5G NR 3500 | GSM 900 | LTE 1800 | LTE 2100 | LTE 2600 | LTE 700 | LTE 800 | UMTS 900,En service | Projet approuvé | Techniquement opérationnel,0752291661 | 0752700406,15,mobile_radio_site,ANFR Open Data,PUBLIC_DECLARATION
anfr-1641982,1641982,48.82611111111112,2.316111111111111,,"111, boulevard Brune",,,75014,75114,"37,1",ORANGE,2G | 3G | 4G | 5G,5G NR 3500 | 5G NR 700 | GSM 900 | LTE 1800 | LTE 2100 | LTE 2600 | LTE 700 | LTE 800 | UMTS 900,En service | Techniquement opérationnel,0752291970,9,mobile_radio_site,ANFR Open Data,PUBLIC_DECLARATION
anfr-1780748,1780748,48.82,2.3255555555555554,,Av de la Porte d'Orléans,Tunnel périphérique,,75014,75114,8,ORANGE | SFR,2G | 3G | 4G,GSM 900 | LTE 1800 | LTE 2100 | LTE 800 | UMTS 2100 | UMTS 900,En service,0752291325 | 0752702110,9,mobile_radio_site,ANFR Open Data,PUBLIC_DECLARATION
anfr-2462974,2462974,48.82916666666667,2.3277777777777775,,74 avenue General Leclerc,,,75014,75114,18,ORANGE,4G,LTE 1800 | LTE 2100,En service,0752292562,2,mobile_radio_site,ANFR Open Data,PUBLIC_DECLARATION
anfr-2574865,2574865,48.83416666666667,2.3177777777777777,METRO_PERNETY_L13,rue Raymond Losserand,rue Pernety,,75014,75114,0,ORANGE,3G | 4G,LTE 1800 | LTE 2100 | LTE 2600 | LTE 700 | LTE 800 | UMTS 900,En service,0752292633,6,mobile_radio_site,ANFR Open Data,PUBLIC_DECLARATION
anfr-2906212,2906212,48.82166666666667,2.3291666666666666,,7 Rue Monticelli,,,75014,75114,33,ORANGE | SFR,2G | 3G | 4G | 5G,5G NR 2100 | 5G NR 3500 | 5G NR 700 | GSM 900 | LTE 1800 | LTE 2100 | LTE 2600 | LTE 700 | LTE 800 | UMTS 900,En service | Projet approuvé | Techniquement opérationnel,0752290437 | 0752703034,15,mobile_radio_site,ANFR Open Data,PUBLIC_DECLARATION
anfr-3197015,3197015,48.824444444444445,2.336666666666667,,48 Avenue Reille,,,75014,75114,29,ORANGE,4G | 5G,5G NR 3500 | 5G NR 700 | LTE 1800 | LTE 2100 | LTE 2600 | LTE 800,En service | Techniquement opérationnel,0752293034,6,mobile_radio_site,ANFR Open Data,PUBLIC_DECLARATION
anfr-3306144,3306144,48.8275,2.3358333333333334,,"4,6,8 r d'alésia",,,75014,75114,"30,5",ORANGE | SFR,2G | 3G | 4G | 5G,5G NR 3500 | 5G NR 700 | GSM 900 | LTE 1800 | LTE 2100 | LTE 2600 | LTE 700 | LTE 800 | UMTS 900,En service | Techniquement opérationnel,0752290357 | 0752703581,15,mobile_radio_site,ANFR Open Data,PUBLIC_DECLARATION
anfr-3330224,3330224,48.830555555555556,2.318333333333333,,167 rue d'Alesia,,,75014,75114,45,ORANGE | SFR,2G | 3G | 4G | 5G,5G NR 2100 | 5G NR 3500 | 5G NR 700 | GSM 900 | LTE 1800 | LTE 2100 | LTE 2600 | LTE 700 | LTE 800 | UMTS 900,En service | Projet approuvé | Techniquement opérationnel,0752293052 | 0752700232,15,mobile_radio_site,ANFR Open Data,PUBLIC_DECLARATION
anfr-471947,471947,48.835,2.313611111111111,,"1, r de gergovie",,,75014,75114,"35,4",SFR,2G | 3G | 4G | 5G,5G NR 2100 | 5G NR 3500 | GSM 900 | LTE 1800 | LTE 2100 | LTE 2600 | LTE 800 | UMTS 900,En service | Projet approuvé | Techniquement opérationnel,0752700065,8,mobile_radio_site,ANFR Open Data,PUBLIC_DECLARATION
anfr-523982,523982,48.82361111111111,2.326111111111111,,125 av du général leclerc,,,75014,75114,"41,3",SFR,3G | 4G | 5G,5G NR 3500 | LTE 1800 | LTE 2100 | LTE 2600 | LTE 700 | LTE 800 | UMTS 900,En service | Techniquement opérationnel,0752700238,7,mobile_radio_site,ANFR Open Data,PUBLIC_DECLARATION
anfr-614032,614032,48.82472222222223,2.3138888888888887,,11 r henry de bournazel,,,75014,75114,26,SFR,2G | 3G | 4G | 5G,5G NR 2100 | 5G NR 3500 | GSM 900 | LTE 1800 | LTE 2100 | LTE 2600 | LTE 700 | LTE 800 | UMTS 2100 | UMTS 900,En service | Projet approuvé | Techniquement opérationnel,0752700230,10,mobile_radio_site,ANFR Open Data,PUBLIC_DECLARATION
anfr-648091,648091,48.83111111111111,2.3344444444444448,,"40, r de la tombe issoire",,,75014,75114,"26,3",SFR,2G | 3G | 4G | 5G,5G NR 2100 | 5G NR 3500 | GSM 900 | LTE 1800 | LTE 2100 | LTE 2600 | LTE 800 | UMTS 900,En service | Projet approuvé | Techniquement opérationnel,0752700240,8,mobile_radio_site,ANFR Open Data,PUBLIC_DECLARATION
anfr-648118,648118,48.839444444444446,2.3227777777777776,,"67, av du maine",Hôtel Citadines,,75014,75114,32,SFR,2G | 3G | 4G | 5G,5G NR 2100 | 5G NR 3500 | GSM 900 | LTE 1800 | LTE 2100 | LTE 2600 | LTE 700 | LTE 800 | UMTS 900,En service | Projet approuvé | Techniquement opérationnel,0752700096,9,mobile_radio_site,ANFR Open Data,PUBLIC_DECLARATION
anfr-648120,648120,48.82,2.3375000000000004,,27 BD JOURDAN,,,75014,75114,"22,3",SFR,2G | 3G | 4G | 5G,5G NR 3500 | GSM 900 | LTE 1800 | LTE 2100 | LTE 2600 | LTE 700 | LTE 800 | UMTS 2100 | UMTS 900,En service | Techniquement opérationnel,0752700332,9,mobile_radio_site,ANFR Open Data,PUBLIC_DECLARATION
anfr-648122,648122,48.82888888888889,2.3166666666666664,,"76,  r didot",,,75014,75114,"35,2",SFR,2G | 3G | 4G | 5G,5G NR 2100 | 5G NR 3500 | GSM 900 | LTE 1800 | LTE 2100 | LTE 2600 | LTE 700 | LTE 800 | UMTS 900,En service | Projet approuvé | Techniquement opérationnel,0752700321,9,mobile_radio_site,ANFR Open Data,PUBLIC_DECLARATION
anfr-1778634,1778634,48.816944444444445,2.3372222222222225,Bd périphérique,entre Cité Universitaire et Av Pierre Masse,Passerelle piétons,,75014,75114,6,SFR,4G,LTE 1800 | LTE 2100 | LTE 800,En service,0752702107,3,mobile_radio_site,ANFR Open Data,PUBLIC_DECLARATION
anfr-1778636,1778636,48.822500000000005,2.314722222222222,,av de la porte de Châtillon,Tunnel du périphérique,,75014,75114,"5,5",SFR,2G | 3G | 4G,GSM 900 | LTE 1800 | LTE 2100 | LTE 800 | UMTS 2100 | UMTS 900,En service,0752702112,6,mobile_radio_site,ANFR Open Data,PUBLIC_DECLARATION
anfr-1788742,1788742,48.821111111111115,2.3216666666666663,,Av de la Porte de Montrouge,Tunnel du périphérique,,75014,75114,"6,5",SFR,2G | 3G | 4G,GSM 900 | LTE 1800 | LTE 2100 | LTE 800 | UMTS 2100 | UMTS 900,En service,0752702116,6,mobile_radio_site,ANFR Open Data,PUBLIC_DECLARATION
anfr-1789555,1789555,48.823888888888895,2.3097222222222222,,Av Georges Lafenestre,Stade Didot,,75014,75114,6,SFR,2G | 3G | 4G,GSM 900 | LTE 1800 | LTE 2100 | LTE 800 | UMTS 2100 | UMTS 900,En service,0752702117,6,mobile_radio_site,ANFR Open Data,PUBLIC_DECLARATION
anfr-1918655,1918655,48.841944444444444,2.328611111111111,METRO VAVIN,101 BOULEVARD DE MONTPARNASSE (EN FACE),,,75014,75114,0,SFR,2G | 3G | 4G,GSM 900 | LTE 1800 | UMTS 900,En service,0752702242,3,mobile_radio_site,ANFR Open Data,PUBLIC_DECLARATION
anfr-1935433,1935433,48.833333333333336,2.3333333333333335,RER DENFERT-ROCHEREAU,3 PLACE DENFERT ROCHEREAU,,,75014,75114,0,SFR,2G | 3G | 4G,GSM 900 | LTE 1800 | LTE 2600 | LTE 800 | UMTS 2100 | UMTS 900,En service,0752702238,6,mobile_radio_site,ANFR Open Data,PUBLIC_DECLARATION
anfr-1946314,1946314,48.82833333333333,2.327222222222222,METRO ALESIA,82 Av. du Général Leclerc,,,75014,75114,0,SFR,2G | 3G | 4G,GSM 900 | LTE 1800 | LTE 2600 | LTE 800 | UMTS 2100 | UMTS 900,En service,0752702363,6,mobile_radio_site,ANFR Open Data,PUBLIC_DECLARATION
anfr-2699528,2699528,48.84111111111111,2.3294444444444444,,210 Bd Raspail,,,75014,75114,"23,8",SFR,3G | 4G | 5G,5G NR 3500 | LTE 1800 | LTE 2100 | LTE 2600 | LTE 800 | UMTS 900,En service | Techniquement opérationnel,0752702841,6,mobile_radio_site,ANFR Open Data,PUBLIC_DECLARATION
anfr-2975213,2975213,48.8275,2.326944444444444,,83  AVENUE DU GENERAL LECLERC,,,75014,75114,15,SFR,3G | 4G,LTE 1800 | LTE 2600 | UMTS 2100,En service | Projet approuvé,0752703254,3,mobile_radio_site,ANFR Open Data,PUBLIC_DECLARATION
anfr-3011915,3011915,48.83166666666667,2.3202777777777777,,34 Rue Olivier Noyer,,,75014,75114,"37,6",SFR,3G | 4G | 5G,5G NR 3500 | LTE 1800 | LTE 2100 | LTE 2600 | LTE 700 | LTE 800 | UMTS 900,Projet approuvé,0752703343,7,mobile_radio_site,ANFR Open Data,PUBLIC_DECLARATION
anfr-3026308,3026308,48.83361111111111,2.3188888888888886,,34 rue Pernety,,,75014,75114,"21,6",SFR,3G | 4G | 5G,5G NR 3500 | LTE 1800 | LTE 2100 | LTE 2600 | LTE 700 | LTE 800 | UMTS 900,En service | Techniquement opérationnel,0752703357,7,mobile_radio_site,ANFR Open Data,PUBLIC_DECLARATION
anfr-3113484,3113484,48.841944444444444,2.324722222222222,,19 rue d'Odessa,,,75014,75114,"24,6",SFR,4G | 5G,5G NR 3500 | LTE 1800 | LTE 2100 | LTE 2600 | LTE 700 | LTE 800,Projet approuvé,0752703464,6,mobile_radio_site,ANFR Open Data,PUBLIC_DECLARATION
anfr-355445,355445,48.82944444444445,2.288611111111111,,1 Pl de la Porte de Versailles,Parc des Expositions,,75015,75115,"29,6",BOUYGUES TELECOM,2G | 3G | 4G | 5G,5G NR 3500 | GSM 900 | LTE 1800 | LTE 2100 | LTE 2600 | LTE 800 | UMTS 900,En service | Techniquement opérationnel,0752751432,7,mobile_radio_site,ANFR Open Data,PUBLIC_DECLARATION
anfr-447932,447932,48.83416666666667,2.290277777777778,,368 R DE VAUGIRARD,,,75015,75115,33,BOUYGUES TELECOM,3G | 4G | 5G,5G NR 2100 | LTE 1800 | LTE 2100 | LTE 2600 | LTE 700 | LTE 800 | UMTS 900,En service | Techniquement opérationnel,0752750666,7,mobile_radio_site,ANFR Open Data,PUBLIC_DECLARATION
anfr-554491,554491,48.83833333333334,2.279722222222222,,16 R MODIGLIANI,,,75015,75115,34,BOUYGUES TELECOM,4G | 5G,5G NR 2100 | 5G NR 3500 | LTE 1800 | LTE 2100 | LTE 2600 | LTE 700 | LTE 800,En service | Techniquement opérationnel,0752750105,7,mobile_radio_site,ANFR Open Data,PUBLIC_DECLARATION
anfr-565972,565972,48.833333333333336,2.2877777777777775,,"63, 65 BD VICTOR",,,75015,75115,39,BOUYGUES TELECOM | SFR,2G | 3G | 4G | 5G,5G NR 2100 | 5G NR 3500 | GSM 900 | LTE 1800 | LTE 2100 | LTE 2600 | LTE 700 | LTE 800 | UMTS 900,En service | Projet approuvé | Techniquement opérationnel,0752700219 | 0752750107,18,mobile_radio_site,ANFR Open Data,PUBLIC_DECLARATION
anfr-566688,566688,48.84444444444445,2.3041666666666667,,76 r lecourbe,bâtiment C,,75015,75115,43,BOUYGUES TELECOM | ORANGE,2G | 3G | 4G | 5G,5G NR 2100 | 5G NR 3500 | 5G NR 700 | GSM 900 | LTE 1800 | LTE 2100 | LTE 2600 | LTE 700 | LTE 800 | UMTS 900,En service | Techniquement opérationnel,0752290208 | 0752750149,17,mobile_radio_site,ANFR Open Data,PUBLIC_DECLARATION
anfr-590919,590919,48.831944444444446,2.305833333333333,,103 R DES MORILLONS,,,75015,75115,32,BOUYGUES TELECOM | FREE MOBILE | SFR,2G | 3G | 4G | 5G,5G NR 2100 | 5G NR 3500 | 5G NR 700 | GSM 900 | LTE 1800 | LTE 2100 | LTE 2600 | LTE 700 | LTE 800 | LTE 900 | UMTS 900,En service | Projet approuvé | Techniquement opérationnel,0750990245 | 0752700223 | 0752750674,25,mobile_radio_site,ANFR Open Data,PUBLIC_DECLARATION
anfr-649753,649753,48.834722222222226,2.306111111111111,,25 R DE VOUILLE,,,75015,75115,46,BOUYGUES TELECOM | ORANGE | SFR,2G | 3G | 4G | 5G,5G NR 2100 | 5G NR 3500 | 5G NR 700 | GSM 900 | LTE 1800 | LTE 2100 | LTE 2600 | LTE 700 | LTE 800 | UMTS 900,En service | Projet approuvé | Techniquement opérationnel,0752290240 | 0752702946 | 0752750023,26,mobile_radio_site,ANFR Open Data,PUBLIC_DECLARATION
anfr-650139,650139,48.85138888888889,2.291111111111111,,44-46 bd de grenelle,,,75015,75115,"44,6",BOUYGUES TELECOM | ORANGE | SFR,2G | 3G | 4G | 5G,5G NR 2100 | 5G NR 3500 | 5G NR 700 | GSM 900 | LTE 1800 | LTE 2100 | LTE 2600 | LTE 700 | LTE 800 | UMTS 900,En service | Projet approuvé | Techniquement opérationnel,0752290417 | 0752703453 | 0752750632,24,mobile_radio_site,ANFR Open Data,PUBLIC_DECLARATION
anfr-650147,650147,48.83861111111111,2.2716666666666665,,"7, Esplanade Henri de France",Maison France Télévision,,75015,75115,41,BOUYGUES TELECOM | FREE MOBILE | ORANGE | SFR,2G | 3G | 4G | 5G,5G NR 2100 | 5G NR 3500 | 5G NR 700 | GSM 900 | LTE 1800 | LTE 2100 | LTE 2600 | LTE 700 | LTE 800 | LTE 900 | UMTS 900,En service | Techniquement opérationnel,0750990152 | 0752290440 | 0752700276 | 0752752546,33,mobile_radio_site,ANFR Open Data,PUBLIC_DECLARATION
anfr-650162,650162,48.853611111111114,2.2888888888888888,,6 bd  de grenelle,,,75015,75115,54,BOUYGUES TELECOM | ORANGE | SFR,2G | 3G | 4G | 5G,5G NR 2100 | 5G NR 3500 | 5G NR 700 | GSM 900 | LTE 1800 | LTE 2100 | LTE 2600 | LTE 700 | LTE 800 | UMTS 900,En service | Techniquement opérationnel,0752291036 | 0752700401 | 0752752161,22,mobile_radio_site,ANFR Open Data,PUBLIC_DECLARATION
anfr-650170,650170,48.830000000000005,2.2969444444444442,,105 Bd Lefebvre,,,75015,75115,47,BOUYGUES TELECOM | ORANGE,2G | 3G | 4G | 5G,5G NR 2100 | 5G NR 3500 | 5G NR 700 | GSM 900 | LTE 1800 | LTE 2100 | LTE 2600 | LTE 700 | LTE 800 | UMTS 900,En service | Projet approuvé | Techniquement opérationnel,0752291214 | 0752750122,18,mobile_radio_site,ANFR Open Data,PUBLIC_DECLARATION
anfr-650189,650189,48.8425,2.2880555555555553,,134 r de javel,,,75015,75115,"40,8",BOUYGUES TELECOM | FREE MOBILE | SFR,2G | 3G | 4G | 5G,5G NR 2100 | 5G NR 3500 | 5G NR 700 | GSM 900 | LTE 1800 | LTE 2100 | LTE 2600 | LTE 700 | LTE 800 | LTE 900 | UMTS 900,En service | Projet approuvé | Techniquement opérationnel,0750990142 | 0752700047 | 0752750037,26,mobile_radio_site,ANFR Open Data,PUBLIC_DECLARATION
anfr-650199,650199,48.82777777777778,2.3024999999999998,,1/3 av de la porte de brancion,,,75015,75115,"43,9",BOUYGUES TELECOM | SFR,2G | 3G | 4G | 5G,5G NR 2100 | 5G NR 3500 | GSM 900 | LTE 1800 | LTE 2100 | LTE 2600 | LTE 700 | LTE 800 | UMTS 900,En service | Projet approuvé | Techniquement opérationnel,0752700222 | 0752750352,18,mobile_radio_site,ANFR Open Data,PUBLIC_DECLARATION
anfr-650201,650201,48.83305555555556,2.301111111111111,,41/43 r de cronstadt,,,75015,75115,33,BOUYGUES TELECOM | SFR,2G | 3G | 4G | 5G,5G NR 2100 | 5G NR 3500 | GSM 900 | LTE 1800 | LTE 2100 | LTE 2600 | LTE 700 | LTE 800 | UMTS 2100 | UMTS 900,En service | Projet approuvé | Techniquement opérationnel,0752700224 | 0752750743,18,mobile_radio_site,ANFR Open Data,PUBLIC_DECLARATION
anfr-650211,650211,48.83861111111111,2.306111111111111,,"24, 32 R DE LA PROCESSION",,,75015,75115,41,BOUYGUES TELECOM | SFR,2G | 3G | 4G | 5G,5G NR 2100 | 5G NR 3500 | GSM 900 | LTE 1800 | LTE 2100 | LTE 2600 | LTE 700 | LTE 800 | UMTS 900,En service | Projet approuvé | Techniquement opérationnel,0752700094 | 0752750325,16,mobile_radio_site,ANFR Open Data,PUBLIC_DECLARATION
anfr-650215,650215,48.846111111111114,2.2841666666666667,,"56/58, av emile zola",,,75015,75115,40,BOUYGUES TELECOM | SFR,2G | 3G | 4G | 5G,5G NR 2100 | 5G NR 3500 | GSM 900 | LTE 1800 | LTE 2100 | LTE 2600 | LTE 700 | LTE 800 | UMTS 900,En service | Projet approuvé | Techniquement opérationnel,0752700216 | 0752750340,18,mobile_radio_site,ANFR Open Data,PUBLIC_DECLARATION
anfr-650219,650219,48.855555555555554,2.292777777777778,,"18, av de Suffren",HOTEL HILTON,,75015,75115,"43,5",BOUYGUES TELECOM | SFR,2G | 3G | 4G | 5G,5G NR 2100 | 5G NR 3500 | GSM 900 | LTE 1800 | LTE 2100 | LTE 2600 | LTE 700 | LTE 800 | UMTS 2100 | UMTS 900,En service | Techniquement opérationnel,0752700101 | 0752751077,17,mobile_radio_site,ANFR Open Data,PUBLIC_DECLARATION
anfr-650233,650233,48.840833333333336,2.2808333333333333,,191 r st charles,,,75015,75115,42,BOUYGUES TELECOM | SFR,2G | 3G | 4G | 5G,5G NR 2100 | 5G NR 3500 | GSM 900 | LTE 1800 | LTE 2100 | LTE 2600 | LTE 700 | LTE 800 | UMTS 2100 | UMTS 900,En service | Projet approuvé | Techniquement opérationnel,0752700215 | 0752750337,18,mobile_radio_site,ANFR Open Data,PUBLIC_DECLARATION
anfr-651189,651189,48.83972222222222,2.3169444444444443,,89 BD PASTEUR,,,75015,75115,68,BOUYGUES TELECOM,2G | 3G | 4G | 5G,5G NR 2100 | GSM 900 | LTE 1800 | LTE 2100 | LTE 2600 | LTE 700 | LTE 800 | UMTS 900,En service | Techniquement opérationnel,0752750210,8,mobile_radio_site,ANFR Open Data,PUBLIC_DECLARATION
anfr-651200,651200,48.849722222222226,2.2966666666666664,,99-101 Bd de Grenelle,La Motte Piquet,,75015,75115,"42,3",BOUYGUES TELECOM | FREE MOBILE | ORANGE,2G | 3G | 4G | 5G,5G NR 2100 | 5G NR 3500 | 5G NR 700 | GSM 900 | LTE 1800 | LTE 2100 | LTE 2600 | LTE 700 | LTE 800 | LTE 900 | UMTS 900,En service | Projet approuvé | Techniquement opérationnel,0750990016 | 0752291948 | 0752750323,25,mobile_radio_site,ANFR Open Data,PUBLIC_DECLARATION
anfr-651208,651208,48.82805555555556,2.2716666666666665,,15 BD DES FRÈRES VOISINS,,,75015,75115,42,BOUYGUES TELECOM,3G | 4G | 5G,5G NR 2100 | 5G NR 3500 | LTE 1800 | LTE 2100 | LTE 2600 | LTE 700 | LTE 800 | UMTS 900,En service | Techniquement opérationnel,0752750386,8,mobile_radio_site,ANFR Open Data,PUBLIC_DECLARATION
anfr-651236,651236,48.83888888888889,2.313333333333333,,28 B R COTENTIN,,,75015,75115,"42,4",BOUYGUES TELECOM,4G | 5G,5G NR 2100 | 5G NR 3500 | LTE 1800 | LTE 2100 | LTE 2600 | LTE 700 | LTE 800,En service | Techniquement opérationnel,0752750492,7,mobile_radio_site,ANFR Open Data,PUBLIC_DECLARATION
anfr-651242,651242,48.834722222222226,2.283611111111111,,2 SQ DESNOUETTES,,,75015,75115,38,BOUYGUES TELECOM,3G | 4G | 5G,5G NR 2100 | 5G NR 3500 | LTE 1800 | LTE 2100 | LTE 700 | LTE 800 | UMTS 900,En service | Techniquement opérationnel,0752750637,7,mobile_radio_site,ANFR Open Data,PUBLIC_DECLARATION
anfr-706217,706217,48.84861111111111,2.3030555555555554,,37 AV DE LOWENDAL,,,75015,75115,"34,7",BOUYGUES TELECOM,4G | 5G,5G NR 2100 | 5G NR 3500 | LTE 1800 | LTE 2600 | LTE 700 | LTE 800,En service | Projet approuvé | Techniquement opérationnel,0752750636,6,mobile_radio_site,ANFR Open Data,PUBLIC_DECLARATION
anfr-762739,762739,48.83888888888889,2.2869444444444444,,23 R JEAN MARIDOR,,,75015,75115,"31,3",BOUYGUES TELECOM,2G | 3G | 4G | 5G,5G NR 2100 | GSM 900 | LTE 1800 | LTE 2100 | LTE 2600 | LTE 700 | LTE 800 | UMTS 900,En service | Techniquement opérationnel,0752750789,8,mobile_radio_site,ANFR Open Data,PUBLIC_DECLARATION
anfr-797335,797335,48.84277777777778,2.2844444444444445,,71 R DE LA CONVENTION,,,75015,75115,31,BOUYGUES TELECOM,3G | 4G | 5G,5G NR 2100 | 5G NR 3500 | LTE 1800 | LTE 2100 | LTE 2600 | LTE 700 | LTE 800 | UMTS 900,En service | Techniquement opérationnel,0752751629,8,mobile_radio_site,ANFR Open Data,PUBLIC_DECLARATION
anfr-1092918,1092918,48.844722222222224,2.2775,,18/20 RUE SEBASTIEN MERCIER,,,75015,75115,"30,9",BOUYGUES TELECOM | FREE MOBILE,3G | 4G | 5G,5G NR 2100 | 5G NR 3500 | 5G NR 700 | LTE 1800 | LTE 2100 | LTE 2600 | LTE 700 | LTE 800 | LTE 900 | UMTS 900,En service | Projet approuvé | Techniquement opérationnel,0750990060 | 0752750036,15,mobile_radio_site,ANFR Open Data,PUBLIC_DECLARATION
anfr-1292148,1292148,48.84027777777778,2.3027777777777776,,242-250 rue de Vaugirard,,,75015,75115,"27,5",BOUYGUES TELECOM | FREE MOBILE,3G | 4G | 5G,5G NR 2100 | 5G NR 3500 | 5G NR 700 | LTE 1800 | LTE 2100 | LTE 2600 | LTE 700 | LTE 800 | LTE 900 | UMTS 900,En service | Techniquement opérationnel,0750990840 | 0752751679,16,mobile_radio_site,ANFR Open Data,PUBLIC_DECLARATION
anfr-1333252,1333252,48.845,2.293611111111111,,21 PLACE DU COMMERCE,,,75015,75115,"40,2",BOUYGUES TELECOM | FREE MOBILE | SFR,2G | 3G | 4G | 5G,5G NR 2100 | 5G NR 3500 | 5G NR 700 | GSM 900 | LTE 1800 | LTE 2100 | LTE 2600 | LTE 700 | LTE 800 | LTE 900 | UMTS 900,En service | Projet approuvé | Techniquement opérationnel,0750990124 | 0752700221 | 0752752083,24,mobile_radio_site,ANFR Open Data,PUBLIC_DECLARATION
anfr-1378801,1378801,48.843611111111116,2.321944444444444,,8 bis rue de l'Arrivee,,,75015,75115,"34,7",BOUYGUES TELECOM | FREE MOBILE | SFR,2G | 3G | 4G | 5G,5G NR 2100 | 5G NR 3500 | 5G NR 700 | GSM 900 | LTE 1800 | LTE 2100 | LTE 2600 | LTE 700 | LTE 800 | LTE 900 | UMTS 900,En service | Projet approuvé | Techniquement opérationnel,0750990141 | 0752703028 | 0752751698,23,mobile_radio_site,ANFR Open Data,PUBLIC_DECLARATION
anfr-1381265,1381265,48.841944444444444,2.3,,142 R LECOURBE,,,75015,75115,"28,2",BOUYGUES TELECOM,3G | 4G | 5G,5G NR 2100 | 5G NR 3500 | LTE 1800 | LTE 2100 | LTE 2600 | LTE 700 | LTE 800 | UMTS 900,En service | Techniquement opérationnel,0752751726,8,mobile_radio_site,ANFR Open Data,PUBLIC_DECLARATION
anfr-1434169,1434169,48.84305555555556,2.3230555555555554,,33 AV DU MAINE,CCAL MAINE-MONTPARNASSE-,,75015,75115,"10,1",BOUYGUES TELECOM,3G | 4G,LTE 1800 | UMTS 2100,En service,0752751902,2,mobile_radio_site,ANFR Open Data,PUBLIC_DECLARATION
anfr-1434468,1434468,48.842222222222226,2.2725,Port de Javel,Tunnel Quai André Citroën,Près du Parc André Citroën,,75015,75115,11,BOUYGUES TELECOM | ORANGE | SFR,2G | 3G | 4G,GSM 900 | LTE 1800 | LTE 2100 | LTE 800 | UMTS 2100 | UMTS 900,En service,0752291149 | 0752702034 | 0752751888,12,mobile_radio_site,ANFR Open Data,PUBLIC_DECLARATION
anfr-1434472,1434472,48.84138888888889,2.3213888888888885,,R DE L'ARRIVÉE - TUN DU MAINE,,,75015,75115,6,BOUYGUES TELECOM | FREE MOBILE | ORANGE | SFR,2G | 3G | 4G,GSM 1800 | GSM 900 | LTE 1800 | LTE 2100 | LTE 2600 | LTE 700 | LTE 800 | LTE 900 | UMTS 2100 | UMTS 900,En service,0750990842 | 0752291273 | 0752702032 | 0752751889,18,mobile_radio_site,ANFR Open Data,PUBLIC_DECLARATION
anfr-1464028,1464028,48.842222222222226,2.2755555555555556,,17 R DE LA MONTAGNE L'ESPEROU,,,75015,75115,"22,8",BOUYGUES TELECOM,3G | 4G | 5G,5G NR 2100 | 5G NR 3500 | LTE 1800 | LTE 2100 | LTE 2600 | LTE 700 | LTE 800 | UMTS 900,En service | Techniquement opérationnel,0752751995,8,mobile_radio_site,ANFR Open Data,PUBLIC_DECLARATION
anfr-1482505,1482505,48.847500000000004,2.303888888888889,,17 Bd Garibaldi,,,75015,75115,"35,6",BOUYGUES TELECOM | FREE MOBILE | SFR,2G | 3G | 4G | 5G,5G NR 2100 | 5G NR 3500 | 5G NR 700 | GSM 900 | LTE 1800 | LTE 2100 | LTE 2600 | LTE 700 | LTE 800 | LTE 900 | UMTS 900,En service | Projet approuvé | Techniquement opérationnel,0750990184 | 0752702997 | 0752751656,24,mobile_radio_site,ANFR Open Data,PUBLIC_DECLARATION
anfr-1501786,1501786,48.841944444444444,2.319444444444444,,14 Bd de Vaugirard,,,75015,75115,"37,6",BOUYGUES TELECOM | ORANGE,2G | 3G | 4G | 5G,5G NR 2100 | 5G NR 3500 | 5G NR 700 | GSM 900 | LTE 1800 | LTE 2100 | LTE 2600 | LTE 700 | LTE 800 | UMTS 900,En service | Techniquement opérationnel,0752291894 | 0752750684,17,mobile_radio_site,ANFR Open Data,PUBLIC_DECLARATION
anfr-1525794,1525794,48.84861111111111,2.281388888888889,,7-11 QUAI ANDRE CITROËN - ADECCO TOUR CRISTAL,,,75015,75115,"114,3",BOUYGUES TELECOM,4G,LTE 1800,En service,0752752044,1,mobile_radio_site,ANFR Open Data,PUBLIC_DECLARATION
anfr-1621569,1621569,48.83888888888889,2.3177777777777777,Gare Montparnasse,17 Boulevard de Vaugirard,,,75015,75115,8,BOUYGUES TELECOM | SFR,2G | 3G | 4G,GSM 900 | LTE 1800 | LTE 2100 | LTE 2600 | LTE 700 | LTE 800 | UMTS 900,En service | Projet approuvé,0752703571 | 0752752942,13,mobile_radio_site,ANFR Open Data,PUBLIC_DECLARATION
anfr-1621571,1621571,48.83861111111111,2.3180555555555555,Gare Montparnasse,17 Boulevard de Vaugirard,,,75015,75115,8,BOUYGUES TELECOM | SFR,2G | 3G | 4G,GSM 900 | LTE 1800 | LTE 2100 | LTE 2600 | LTE 700 | LTE 800 | UMTS 900,En service,0752703572 | 0752752943,13,mobile_radio_site,ANFR Open Data,PUBLIC_DECLARATION
anfr-1621573,1621573,48.83861111111111,2.318333333333333,Gare Montparnasse,17 Boulevard de Vaugirard,,,75015,75115,8,BOUYGUES TELECOM | SFR,2G | 3G | 4G,GSM 900 | LTE 1800 | LTE 2100 | LTE 2600 | LTE 700 | LTE 800 | UMTS 900,En service,0752703573 | 0752752944,13,mobile_radio_site,ANFR Open Data,PUBLIC_DECLARATION
anfr-1624022,1624022,48.84027777777778,2.298611111111111,,107 RUE BLOMET,,,75015,75115,"30,5",BOUYGUES TELECOM | FREE MOBILE,4G | 5G,5G NR 2100 | 5G NR 3500 | 5G NR 700 | LTE 1800 | LTE 2100 | LTE 2600 | LTE 700 | LTE 800 | LTE 900,En service | Projet approuvé | Techniquement opérationnel,0750990236 | 0752750790,14,mobile_radio_site,ANFR Open Data,PUBLIC_DECLARATION
anfr-1645421,1645421,48.84861111111111,2.2824999999999998,,5 RUE LINOIS,,,75015,75115,"20,8",BOUYGUES TELECOM | FREE MOBILE | SFR,2G | 3G | 4G,GSM 1800 | LTE 1800 | LTE 2600 | LTE 900 | UMTS 2100,En service,0750991045 | 0752701929 | 0752752013,8,mobile_radio_site,ANFR Open Data,PUBLIC_DECLARATION
anfr-1686085,1686085,48.84805555555556,2.2894444444444444,,58 R DU THÉÂTRE,,,75015,75115,30,BOUYGUES TELECOM,3G | 4G | 5G,5G NR 2100 | 5G NR 3500 | LTE 1800 | LTE 2100 | LTE 2600 | LTE 700 | LTE 800 | UMTS 900,En service | Projet approuvé | Techniquement opérationnel,0752752120,8,mobile_radio_site,ANFR Open Data,PUBLIC_DECLARATION
anfr-1727118,1727118,48.84027777777778,2.2944444444444443,,212 RUE LECOURBE,,,75015,75115,"32,2",BOUYGUES TELECOM | FREE MOBILE,2G | 3G | 4G | 5G,5G NR 2100 | 5G NR 3500 | 5G NR 700 | GSM 900 | LTE 1800 | LTE 2100 | LTE 2600 | LTE 700 | LTE 800 | LTE 900 | UMTS 900,En service | Techniquement opérationnel,0750990169 | 0752752125,17,mobile_radio_site,ANFR Open Data,PUBLIC_DECLARATION
anfr-1781317,1781317,48.83861111111111,2.3002777777777776,,1 RUE LÉON DELHOMME,,,75015,75115,"27,4",BOUYGUES TELECOM,3G | 4G | 5G,5G NR 2100 | 5G NR 3500 | LTE 1800 | LTE 2600 | LTE 700 | LTE 800 | UMTS 900,En service | Projet approuvé,0752752143,7,mobile_radio_site,ANFR Open Data,PUBLIC_DECLARATION
anfr-1904504,1904504,48.84111111111111,2.3202777777777777,GARE SNCF PARIS MONTPARNASSE,17 BOULEVARD VAUGIRARD,,,75015,75115,45,BOUYGUES TELECOM,3G | 4G,LTE 1800 | UMTS 2100,En service,0752751645,2,mobile_radio_site,ANFR Open Data,PUBLIC_DECLARATION
anfr-1906757,1906757,48.84722222222222,2.2919444444444443,,80 RUE DU THEATRE,,,75015,75115,34,BOUYGUES TELECOM | FREE MOBILE,3G | 4G | 5G,5G NR 2100 | 5G NR 3500 | 5G NR 700 | LTE 1800 | LTE 2100 | LTE 2600 | LTE 700 | LTE 800 | LTE 900 | UMTS 900,En service | Techniquement opérationnel,0750990570 | 0752750784,16,mobile_radio_site,ANFR Open Data,PUBLIC_DECLARATION
anfr-1932998,1932998,48.830555555555556,2.292777777777778,,40 BD LEFEBVRE,,,75015,75115,33,BOUYGUES TELECOM | FREE MOBILE,4G | 5G,5G NR 2100 | 5G NR 3500 | 5G NR 700 | LTE 1800 | LTE 2100 | LTE 2600 | LTE 700 | LTE 800 | LTE 900,En service | Techniquement opérationnel,0750990596 | 0752750650,15,mobile_radio_site,ANFR Open Data,PUBLIC_DECLARATION
anfr-1949703,1949703,48.844166666666666,2.2880555555555553,,42-52 R DE L'ÉGLISE,,,75015,75115,"29,4",BOUYGUES TELECOM,4G | 5G,5G NR 2100 | 5G NR 3500 | LTE 1800 | LTE 2100 | LTE 2600 | LTE 700 | LTE 800,En service | Techniquement opérationnel,0752752176,7,mobile_radio_site,ANFR Open Data,PUBLIC_DECLARATION
anfr-2046984,2046984,48.846111111111114,2.2775,Métro JAVEL ANDRE CITROEN L10,Av Emile Zola et Rond Point Mirabeau,,,75015,75115,0,BOUYGUES TELECOM | FREE MOBILE | ORANGE | SFR,2G | 3G | 4G,GSM 1800 | GSM 900 | LTE 1800 | LTE 900 | UMTS 900,En service | Projet approuvé,0750990863 | 0752292104 | 0752702406 | 0752752601,10,mobile_radio_site,ANFR Open Data,PUBLIC_DECLARATION
anfr-2058470,2058470,48.84444444444445,2.293611111111111,Métro COMMERCE L8,16 Place du Commerce,,,75015,75115,0,BOUYGUES TELECOM | FREE MOBILE | ORANGE | SFR,2G | 3G | 4G,GSM 1800 | GSM 900 | LTE 1800 | LTE 900 | UMTS 900,En service,0750990703 | 0752292147 | 0752702379 | 0752752589,10,mobile_radio_site,ANFR Open Data,PUBLIC_DECLARATION
anfr-2070458,2070458,48.84027777777778,2.3155555555555556,,71 BD DE VAUGIRARD,,,75015,75115,"29,5",BOUYGUES TELECOM,3G | 4G | 5G,5G NR 2100 | 5G NR 3500 | LTE 1800 | LTE 2100 | LTE 2600 | LTE 700 | LTE 800 | UMTS 900,En service | Techniquement opérationnel,0752752260,8,mobile_radio_site,ANFR Open Data,PUBLIC_DECLARATION
anfr-2082319,2082319,48.846944444444446,2.2952777777777778,Métro Avenue Emile Zola L10,Av Emile Zola angle Rue du Commerce,,,75015,75115,0,BOUYGUES TELECOM | FREE MOBILE | ORANGE | SFR,2G | 3G | 4G,GSM 1800 | GSM 900 | LTE 1800 | LTE 900 | UMTS 900,En service | Projet approuvé,0750990691 | 0752292107 | 0752702230 | 0752752603,10,mobile_radio_site,ANFR Open Data,PUBLIC_DECLARATION
anfr-2148282,2148282,48.84305555555556,2.313333333333333,Métro PASTEUR L6 L12,162 rue de Vaugirard,,,75015,75115,0,BOUYGUES TELECOM | FREE MOBILE | ORANGE | SFR,2G | 3G | 4G,GSM 900 | LTE 1800 | LTE 2100 | LTE 2600 | LTE 700 | LTE 800 | UMTS 2100 | UMTS 900,En service,0750990864 | 0752292250 | 0752702225 | 0752752802,21,mobile_radio_site,ANFR Open Data,PUBLIC_DECLARATION
anfr-2156928,2156928,48.83722222222222,2.2966666666666664,METRO CONVENTION,337 R DE VAUGIRARD,CONVENTION L12,,75015,75115,1,BOUYGUES TELECOM,3G | 4G,LTE 1800 | UMTS 900,En service,0752752410,2,mobile_radio_site,ANFR Open Data,PUBLIC_DECLARATION
anfr-2170760,2170760,48.84305555555556,2.293611111111111,,5 RUE DE L'ABBE GROULT,,,75015,75115,"24,6",BOUYGUES TELECOM,4G | 5G,5G NR 2100 | 5G NR 3500 | LTE 1800 | LTE 2100 | LTE 2600 | LTE 700 | LTE 800,En service | Techniquement opérationnel,0752752417,7,mobile_radio_site,ANFR Open Data,PUBLIC_DECLARATION
anfr-2194299,2194299,48.845555555555556,2.3091666666666666,,80 BOULEVARD GARIBALDI,,,75015,75115,"34,6",BOUYGUES TELECOM,3G | 4G | 5G,5G NR 2100 | LTE 1800 | LTE 2100 | LTE 2600 | LTE 700 | LTE 800 | UMTS 900,En service | Techniquement opérationnel,0752752430,7,mobile_radio_site,ANFR Open Data,PUBLIC_DECLARATION
anfr-2228562,2228562,48.84166666666667,2.3080555555555553,Metro L12 Volontaires,194 R DE VAUGIRARD,,,75015,75115,1,BOUYGUES TELECOM,3G | 4G,LTE 1800 | LTE 2100 | LTE 2600 | LTE 700 | LTE 800 | UMTS 900,En service,0752752503,6,mobile_radio_site,ANFR Open Data,PUBLIC_DECLARATION
anfr-2287096,2287096,48.84305555555556,2.278888888888889,,38 RUE DES CEVENNES,,,75015,75115,"26,5",BOUYGUES TELECOM,4G,LTE 1800 | LTE 2100 | LTE 2600 | LTE 700 | LTE 800,En service,0752752644,5,mobile_radio_site,ANFR Open Data,PUBLIC_DECLARATION
anfr-2289235,2289235,48.836666666666666,2.279722222222222,,17 RUE BOUILLOUX LAFONT,,,75015,75115,"31,1",BOUYGUES TELECOM,2G | 3G | 4G | 5G,5G NR 2100 | 5G NR 3500 | GSM 900 | LTE 1800 | LTE 2100 | LTE 2600 | LTE 700 | LTE 800 | UMTS 900,En service | Techniquement opérationnel,0752752639,9,mobile_radio_site,ANFR Open Data,PUBLIC_DECLARATION
anfr-2472845,2472845,48.836111111111116,2.311111111111111,,73 RUE DE LA PROCESSION,,,75015,75115,41,BOUYGUES TELECOM | FREE MOBILE,2G | 3G | 4G | 5G,5G NR 2100 | 5G NR 3500 | 5G NR 700 | GSM 900 | LTE 1800 | LTE 2100 | LTE 2600 | LTE 700 | LTE 800 | LTE 900 | UMTS 900,En service | Techniquement opérationnel,0750990948 | 0752750491,17,mobile_radio_site,ANFR Open Data,PUBLIC_DECLARATION
anfr-2476048,2476048,48.82972222222222,2.302222222222222,,5 RUE CHAUVELOT,,,75015,75115,"25,5",BOUYGUES TELECOM,3G | 4G | 5G,5G NR 2100 | LTE 1800 | LTE 2100 | LTE 2600 | LTE 700 | LTE 800 | UMTS 900,En service | Techniquement opérationnel,0752752742,7,mobile_radio_site,ANFR Open Data,PUBLIC_DECLARATION
anfr-2492579,2492579,48.83027777777778,2.27,,4 Allée de la Bertelotte,STADE SUZANNE LENGLET,,75015,75115,"31,7",BOUYGUES TELECOM,2G | 3G | 4G | 5G,5G NR 2100 | 5G NR 3500 | GSM 900 | LTE 1800 | LTE 2100 | LTE 2600 | LTE 700 | LTE 800 | UMTS 900,En service | Techniquement opérationnel,0752752746,9,mobile_radio_site,ANFR Open Data,PUBLIC_DECLARATION
anfr-2559547,2559547,48.84638888888889,2.315833333333333,,149 R DE SÈVRES,HÔPITAL NECKER,BAT LAENNEC,75015,75115,"31,4",BOUYGUES TELECOM,4G | 5G,5G NR 2100 | LTE 1800 | LTE 2100 | LTE 2600 | LTE 700 | LTE 800,En service | Techniquement opérationnel,0752752766,6,mobile_radio_site,ANFR Open Data,PUBLIC_DECLARATION
anfr-2596505,2596505,48.84527777777778,2.313055555555555,,159 R DE SÈVRES,BÂT. JEAN HAMBURGER,,75015,75115,38,BOUYGUES TELECOM,3G | 4G | 5G,5G NR 2100 | 5G NR 3500 | LTE 1800 | LTE 2100 | LTE 2600 | LTE 700 | LTE 800 | UMTS 900,En service | Techniquement opérationnel,0752752781,8,mobile_radio_site,ANFR Open Data,PUBLIC_DECLARATION
anfr-2596507,2596507,48.83888888888889,2.3097222222222222,,47 R DUTOT,,,75015,75115,"36,7",BOUYGUES TELECOM,3G | 4G | 5G,5G NR 2100 | 5G NR 3500 | LTE 1800 | LTE 2100 | LTE 2600 | LTE 700 | LTE 800 | UMTS 900,En service | Techniquement opérationnel,0752752780,8,mobile_radio_site,ANFR Open Data,PUBLIC_DECLARATION
anfr-2624551,2624551,48.843611111111116,2.299444444444444,,65 RUE MADEMOISELLE,,,75015,75115,43,BOUYGUES TELECOM | SFR,2G | 3G | 4G | 5G,5G NR 2100 | 5G NR 3500 | GSM 900 | LTE 1800 | LTE 2100 | LTE 2600 | LTE 700 | LTE 800 | UMTS 900,En service | Techniquement opérationnel,0752702818 | 0752750387,16,mobile_radio_site,ANFR Open Data,PUBLIC_DECLARATION
anfr-2641061,2641061,48.841944444444444,2.3175,,14 RUE ARMAND MOISANT,,,75015,75115,32,BOUYGUES TELECOM | FREE MOBILE,4G | 5G,5G NR 2100 | 5G NR 3500 | 5G NR 700 | LTE 1800 | LTE 2100 | LTE 2600 | LTE 700 | LTE 800 | LTE 900,En service | Techniquement opérationnel,0750990978 | 0752752393,15,mobile_radio_site,ANFR Open Data,PUBLIC_DECLARATION
anfr-2685618,2685618,48.84166666666667,2.286111111111111,,96 Rue DE LA CONVENTION,,,75015,75115,"29,6",BOUYGUES TELECOM,4G | 5G,5G NR 2100 | LTE 1800 | LTE 2100 | LTE 2600 | LTE 700 | LTE 800,En service | Techniquement opérationnel,0752752809,6,mobile_radio_site,ANFR Open Data,PUBLIC_DECLARATION
anfr-2709393,2709393,48.839444444444446,2.2888888888888888,,186 R DE LA CROIX NIVERT,,,75015,75115,35,BOUYGUES TELECOM,3G | 4G | 5G,5G NR 2100 | LTE 1800 | LTE 2100 | LTE 2600 | LTE 700 | LTE 800 | UMTS 900,En service | Techniquement opérationnel,0752752814,7,mobile_radio_site,ANFR Open Data,PUBLIC_DECLARATION
anfr-2736350,2736350,48.845555555555556,2.2983333333333333,,43-47 R DE LA CROIX NIVERT,,,75015,75115,28,BOUYGUES TELECOM,3G | 4G | 5G,5G NR 2100 | LTE 1800 | LTE 2100 | LTE 2600 | LTE 700 | LTE 800 | UMTS 900,En service | Techniquement opérationnel,0752752813,7,mobile_radio_site,ANFR Open Data,PUBLIC_DECLARATION
anfr-2738474,2738474,48.83527777777778,2.294722222222222,,13 R LERICHE,,,75015,75115,"26,5",BOUYGUES TELECOM,3G | 4G | 5G,5G NR 2100 | 5G NR 3500 | LTE 1800 | LTE 2100 | LTE 2600 | LTE 700 | LTE 800 | UMTS 900,En service | Projet approuvé | Techniquement opérationnel,0752752825,8,mobile_radio_site,ANFR Open Data,PUBLIC_DECLARATION
anfr-2851175,2851175,48.8525,2.2891666666666666,,19-23 R DU DOCTEUR FINLAY,,,75015,75115,"44,7",BOUYGUES TELECOM,4G | 5G,5G NR 2100 | 5G NR 3500 | LTE 1800 | LTE 2100 | LTE 2600 | LTE 700 | LTE 800,En service | Techniquement opérationnel,0752752864,7,mobile_radio_site,ANFR Open Data,PUBLIC_DECLARATION
anfr-2880122,2880122,48.847500000000004,2.2969444444444442,,38 RUE LETELLIER,,,75015,75115,"29,7",BOUYGUES TELECOM | FREE MOBILE | SFR,3G | 4G | 5G,5G NR 2100 | 5G NR 3500 | 5G NR 700 | LTE 1800 | LTE 2100 | LTE 2600 | LTE 700 | LTE 800 | LTE 900 | UMTS 900,En service | Techniquement opérationnel,0750991057 | 0752702992 | 0752750146,22,mobile_radio_site,ANFR Open Data,PUBLIC_DECLARATION
anfr-2880383,2880383,48.83583333333333,2.2880555555555553,,45 r desnouettes,,,75015,75115,34,BOUYGUES TELECOM | SFR,2G | 3G | 4G | 5G,5G NR 2100 | 5G NR 3500 | GSM 900 | LTE 1800 | LTE 2100 | LTE 2600 | LTE 700 | LTE 800 | UMTS 2100 | UMTS 900,En service | Projet approuvé | Techniquement opérationnel,0752700048 | 0752752865,17,mobile_radio_site,ANFR Open Data,PUBLIC_DECLARATION
anfr-2883878,2883878,48.837500000000006,2.293611111111111,,168 Rue Blomet,,,75015,75115,31,BOUYGUES TELECOM | FREE MOBILE,3G | 4G | 5G,5G NR 2100 | 5G NR 3500 | 5G NR 700 | LTE 1800 | LTE 2100 | LTE 2600 | LTE 700 | LTE 800 | LTE 900 | UMTS 900,En service | Projet approuvé | Techniquement opérationnel,0750991053 | 0752752257,16,mobile_radio_site,ANFR Open Data,PUBLIC_DECLARATION
anfr-2901084,2901084,48.849444444444444,2.2841666666666667,,11 R GASTON DE CAILLAVET,SYNAGOGUE QUARTIER BEAUGRENELLE,,75015,75115,"16,3",BOUYGUES TELECOM,3G | 4G | 5G,5G NR 2100 | LTE 1800 | LTE 2100 | LTE 2600 | LTE 700 | LTE 800 | UMTS 900,En service | Techniquement opérationnel,0752752873,7,mobile_radio_site,ANFR Open Data,PUBLIC_DECLARATION
anfr-2965508,2965508,48.853611111111114,2.2958333333333334,,49 Rue de la Fédération,,,75015,75115,35,BOUYGUES TELECOM,4G | 5G,5G NR 2100 | 5G NR 3500 | LTE 1800 | LTE 2100 | LTE 2600 | LTE 700 | LTE 800,En service | Techniquement opérationnel,0752750087,7,mobile_radio_site,ANFR Open Data,PUBLIC_DECLARATION
anfr-2968683,2968683,48.840833333333336,2.3202777777777777,Gare Montparnasse,Hall Maine,,,75015,75115,12,BOUYGUES TELECOM | FREE MOBILE | ORANGE,3G | 4G | 5G,5G NR 3500 | LTE 1800 | LTE 2100 | LTE 2600 | LTE 900 | UMTS 900,En service | Projet approuvé | Techniquement opérationnel,0750991139 | 0752292808 | 0752752911,15,mobile_radio_site,ANFR Open Data,PUBLIC_DECLARATION
anfr-2970835,2970835,48.84722222222222,2.2794444444444446,,35 QUAI ANDRE CITROEN,,,75015,75115,"21,5",BOUYGUES TELECOM,3G | 4G | 5G,5G NR 2100 | LTE 1800 | LTE 2100 | LTE 2600 | LTE 700 | LTE 800 | UMTS 900,En service | Techniquement opérationnel,0752752897,7,mobile_radio_site,ANFR Open Data,PUBLIC_DECLARATION
anfr-3038574,3038574,48.84138888888889,2.2808333333333333,,170 R ST CHARLES,,,75015,75115,33,BOUYGUES TELECOM | ORANGE,3G | 4G | 5G,5G NR 2100 | 5G NR 3500 | 5G NR 700 | LTE 1800 | LTE 2100 | LTE 2600 | LTE 700 | LTE 800 | UMTS 900,En service | Techniquement opérationnel,0752290456 | 0752752923,15,mobile_radio_site,ANFR Open Data,PUBLIC_DECLARATION
anfr-3038580,3038580,48.833333333333336,2.2975,,42 R DE DANTZIG,,,75015,75115,30,BOUYGUES TELECOM | SFR,2G | 3G | 4G | 5G,5G NR 2100 | 5G NR 3500 | GSM 900 | LTE 1800 | LTE 2100 | LTE 2600 | LTE 700 | LTE 800 | UMTS 900,En service | Projet approuvé | Techniquement opérationnel,0752700095 | 0752752926,16,mobile_radio_site,ANFR Open Data,PUBLIC_DECLARATION
anfr-3043745,3043745,48.83694444444445,2.3041666666666667,,45 R D'ALLERAY,,,75015,75115,"30,4",BOUYGUES TELECOM,4G | 5G,5G NR 2100 | 5G NR 3500 | LTE 1800 | LTE 2100 | LTE 2600 | LTE 700 | LTE 800,En service | Techniquement opérationnel,0752752927,7,mobile_radio_site,ANFR Open Data,PUBLIC_DECLARATION
anfr-3044739,3044739,48.85194444444445,2.2980555555555555,,8 r dupleix,,,75015,75115,31,BOUYGUES TELECOM | ORANGE,3G | 4G | 5G,5G NR 2100 | 5G NR 3500 | 5G NR 700 | LTE 1800 | LTE 2100 | LTE 2600 | LTE 700 | LTE 800 | UMTS 900,En service | Techniquement opérationnel,0752291220 | 0752752928,15,mobile_radio_site,ANFR Open Data,PUBLIC_DECLARATION
anfr-3069966,3069966,48.836666666666666,2.298888888888889,,203 Rue de la Convention,,,75015,75115,44,BOUYGUES TELECOM | SFR,2G | 3G | 4G | 5G,5G NR 2100 | 5G NR 3500 | GSM 900 | LTE 1800 | LTE 2100 | LTE 2600 | LTE 700 | LTE 800 | UMTS 900,En service | Projet approuvé | Techniquement opérationnel,0752703431 | 0752750310,17,mobile_radio_site,ANFR Open Data,PUBLIC_DECLARATION
anfr-3127743,3127743,48.83888888888889,2.2775,,27 R DE LA MONTAGNE DE LA FAGE,,,75015,75115,"18,5",BOUYGUES TELECOM,4G | 5G,5G NR 2100 | LTE 1800 | LTE 2100 | LTE 2600 | LTE 700 | LTE 800,Projet approuvé,0752752994,6,mobile_radio_site,ANFR Open Data,PUBLIC_DECLARATION
anfr-3148022,3148022,48.85,2.286388888888889,,36 RUE EMERIAU,,,75015,75115,"18,7",BOUYGUES TELECOM,4G | 5G,5G NR 2100 | LTE 1800 | LTE 2100 | LTE 2600 | LTE 700 | LTE 800,En service | Projet approuvé | Techniquement opérationnel,0752753002,6,mobile_radio_site,ANFR Open Data,PUBLIC_DECLARATION
anfr-3304087,3304087,48.83694444444445,2.278888888888889,METRO BALARD L8,151 AV FELIX FAURE,,,75015,75115,0,BOUYGUES TELECOM,3G | 4G,LTE 1800 | UMTS 900,En service,0752753052,2,mobile_radio_site,ANFR Open Data,PUBLIC_DECLARATION
anfr-960257,960257,48.83722222222222,2.307222222222222,,r dutot,,,75015,75115,"30,8",FREE MOBILE,4G | 5G,5G NR 2100 | 5G NR 3500 | 5G NR 700 | LTE 1800 | LTE 2100 | LTE 2600 | LTE 700 | LTE 900,En service | Techniquement opérationnel,0750990025,8,mobile_radio_site,ANFR Open Data,PUBLIC_DECLARATION
anfr-1216938,1216938,48.827222222222225,2.3005555555555555,,1 square Brancion,,,75015,75115,"37,5",FREE MOBILE,4G | 5G,5G NR 2100 | 5G NR 3500 | 5G NR 700 | LTE 1800 | LTE 2100 | LTE 2600 | LTE 700 | LTE 900,En service | Techniquement opérationnel,0750990083,8,mobile_radio_site,ANFR Open Data,PUBLIC_DECLARATION
anfr-1336593,1336593,48.82916666666667,2.2719444444444443,,40 Allee des Freres Voisins,,,75015,75115,56,FREE MOBILE,4G | 5G,5G NR 2100 | 5G NR 3500 | 5G NR 700 | LTE 1800 | LTE 2100 | LTE 2600 | LTE 700 | LTE 900,En service | Techniquement opérationnel,0750990129,8,mobile_radio_site,ANFR Open Data,PUBLIC_DECLARATION
anfr-1353130,1353130,48.830555555555556,2.2983333333333333,,9 RUE DES PERICHAUX,,,75015,75115,"49,6",FREE MOBILE,4G | 5G,5G NR 2100 | 5G NR 3500 | 5G NR 700 | LTE 1800 | LTE 2100 | LTE 2600 | LTE 700 | LTE 900,En service | Techniquement opérationnel,0750990138,8,mobile_radio_site,ANFR Open Data,PUBLIC_DECLARATION
anfr-1392463,1392463,48.84305555555556,2.3016666666666663,,105 RUE MADEMOISELLE,,,75015,75115,34,FREE MOBILE,4G | 5G,5G NR 3500 | 5G NR 700 | LTE 1800 | LTE 2100 | LTE 2600 | LTE 700 | LTE 900,En service | Techniquement opérationnel,0750990147,7,mobile_radio_site,ANFR Open Data,PUBLIC_DECLARATION
anfr-1474240,1474240,48.83555555555556,2.293611111111111,,379 RUE DE VAUGIRARD,,,75015,75115,33,FREE MOBILE | SFR,2G | 3G | 4G | 5G,5G NR 2100 | 5G NR 3500 | 5G NR 700 | GSM 900 | LTE 1800 | LTE 2100 | LTE 2600 | LTE 700 | LTE 800 | LTE 900 | UMTS 900,En service | Projet approuvé | Techniquement opérationnel,0750990177 | 0752701323,15,mobile_radio_site,ANFR Open Data,PUBLIC_DECLARATION
anfr-1486536,1486536,48.84055555555556,2.2805555555555554,,193 RUE ST-CHARLES,,,75015,75115,"49,5",FREE MOBILE,4G | 5G,5G NR 2100 | 5G NR 3500 | 5G NR 700 | LTE 1800 | LTE 2100 | LTE 2600 | LTE 700 | LTE 900,En service | Techniquement opérationnel,0750990186,8,mobile_radio_site,ANFR Open Data,PUBLIC_DECLARATION
anfr-1524708,1524708,48.84583333333334,2.2827777777777776,,RUE DES 4 FRERES PEIGNOT,,,75015,75115,"32,3",FREE MOBILE,4G | 5G,5G NR 3500 | 5G NR 700 | LTE 1800 | LTE 2100 | LTE 2600 | LTE 700 | LTE 900,En service | Techniquement opérationnel,0750990202,7,mobile_radio_site,ANFR Open Data,PUBLIC_DECLARATION
anfr-1527016,1527016,48.83861111111111,2.290277777777778,,RUE SAINT LAMBERT,,,75015,75115,"44,5",FREE MOBILE,4G | 5G,5G NR 2100 | 5G NR 3500 | 5G NR 700 | LTE 1800 | LTE 2100 | LTE 2600 | LTE 700 | LTE 900,En service | Techniquement opérationnel,0750990203,8,mobile_radio_site,ANFR Open Data,PUBLIC_DECLARATION
anfr-1531928,1531928,48.83833333333334,2.312777777777778,,27/33 r du Cotentin,,,75015,75115,"29,8",FREE MOBILE | SFR,2G | 3G | 4G | 5G,5G NR 2100 | 5G NR 3500 | 5G NR 700 | GSM 900 | LTE 1800 | LTE 2100 | LTE 2600 | LTE 700 | LTE 800 | LTE 900 | UMTS 2100 | UMTS 900,En service | Projet approuvé | Techniquement opérationnel,0750990206 | 0752700234,18,mobile_radio_site,ANFR Open Data,PUBLIC_DECLARATION
anfr-1584342,1584342,48.84166666666667,2.3077777777777775,,196 r de vaugirard,,,75015,75115,"30,1",FREE MOBILE | ORANGE,2G | 3G | 4G | 5G,5G NR 3500 | 5G NR 700 | GSM 900 | LTE 1800 | LTE 2100 | LTE 2600 | LTE 700 | LTE 800 | LTE 900 | UMTS 900,En service | Techniquement opérationnel,0750990225 | 0752291164,16,mobile_radio_site,ANFR Open Data,PUBLIC_DECLARATION
anfr-1691124,1691124,48.83166666666667,2.2894444444444444,,PLACE DE LA PORTE DE VERSAILLES,,,75015,75115,"27,5",FREE MOBILE,4G | 5G,5G NR 3500 | 5G NR 700 | LTE 1800 | LTE 2100 | LTE 2600 | LTE 700 | LTE 900,En service | Techniquement opérationnel,0750990264,7,mobile_radio_site,ANFR Open Data,PUBLIC_DECLARATION
anfr-1723378,1723378,48.835,2.3055555555555554,,25 RUE DE VOUILLE,,,75015,75115,"32,9",FREE MOBILE,4G | 5G,5G NR 2100 | 5G NR 3500 | 5G NR 700 | LTE 1800 | LTE 2100 | LTE 2600 | LTE 700 | LTE 900,En service | Techniquement opérationnel,0750990274,8,mobile_radio_site,ANFR Open Data,PUBLIC_DECLARATION
anfr-1723380,1723380,48.835,2.2877777777777775,,22 RUE DU HAMEAU,,,75015,75115,"35,9",FREE MOBILE,4G | 5G,5G NR 2100 | 5G NR 3500 | 5G NR 700 | LTE 1800 | LTE 2100 | LTE 2600 | LTE 700 | LTE 900,En service | Techniquement opérationnel,0750990275,8,mobile_radio_site,ANFR Open Data,PUBLIC_DECLARATION
anfr-1758621,1758621,48.845,2.3102777777777774,,2 R LECOURBE,,,75015,75115,"29,4",FREE MOBILE,4G | 5G,5G NR 2100 | 5G NR 3500 | 5G NR 700 | LTE 1800 | LTE 2100 | LTE 2600 | LTE 700 | LTE 900,En service | Techniquement opérationnel,0750990286,8,mobile_radio_site,ANFR Open Data,PUBLIC_DECLARATION
anfr-1766141,1766141,48.840833333333336,2.315,,69 BOULEVARD PASTEUR,,,75015,75115,"32,7",FREE MOBILE,4G | 5G,5G NR 2100 | 5G NR 3500 | 5G NR 700 | LTE 1800 | LTE 2100 | LTE 2600 | LTE 700 | LTE 900,En service | Techniquement opérationnel,0750990291,8,mobile_radio_site,ANFR Open Data,PUBLIC_DECLARATION
anfr-1894909,1894909,48.85166666666667,2.2891666666666666,,"28, Rue du docteur Finlay",,,75015,75115,30,FREE MOBILE,4G | 5G,5G NR 3500 | 5G NR 700 | LTE 1800 | LTE 2100 | LTE 2600 | LTE 700 | LTE 900,En service | Techniquement opérationnel,0750990563,7,mobile_radio_site,ANFR Open Data,PUBLIC_DECLARATION
anfr-1901103,1901103,48.84527777777778,2.2980555555555555,,2 RUE MEILHAC,,,75015,75115,"32,1",FREE MOBILE | ORANGE,3G | 4G | 5G,5G NR 2100 | 5G NR 3500 | 5G NR 700 | LTE 1800 | LTE 2100 | LTE 2600 | LTE 700 | LTE 800 | LTE 900 | UMTS 900,En service | Techniquement opérationnel,0750990567 | 0752290241,15,mobile_radio_site,ANFR Open Data,PUBLIC_DECLARATION
anfr-1917797,1917797,48.843333333333334,2.2744444444444443,,TUNNEL QUAI ANDRE CITROEN,PORT DE JAVEL,,75015,75115,11,FREE MOBILE,4G,LTE 1800 | LTE 2600 | LTE 900,En service | Projet approuvé,0750990584,3,mobile_radio_site,ANFR Open Data,PUBLIC_DECLARATION
anfr-1938343,1938343,48.8525,2.2980555555555555,,86 r de la federation,IMMEUBLE AGF,,75015,75115,44,FREE MOBILE | SFR,2G | 3G | 4G | 5G,5G NR 2100 | 5G NR 3500 | 5G NR 700 | GSM 900 | LTE 1800 | LTE 2100 | LTE 2600 | LTE 700 | LTE 800 | LTE 900 | UMTS 900,En service | Projet approuvé | Techniquement opérationnel,0750990598 | 0752700046,17,mobile_radio_site,ANFR Open Data,PUBLIC_DECLARATION
anfr-1992111,1992111,48.845555555555556,2.3138888888888887,,149 RUE DE SEVRES,,,75015,75115,42,FREE MOBILE | SFR,2G | 3G | 4G | 5G,5G NR 2100 | 5G NR 3500 | 5G NR 700 | GSM 900 | LTE 1800 | LTE 2100 | LTE 2600 | LTE 700 | LTE 800 | LTE 900 | UMTS 900,En service | Projet approuvé | Techniquement opérationnel,0750990626 | 0752701356,17,mobile_radio_site,ANFR Open Data,PUBLIC_DECLARATION
anfr-2007328,2007328,48.84638888888889,2.286111111111111,METRO CHARLES MICHELS,36 BRUE DES ENTREPRENEURS,,,75015,75115,0,FREE MOBILE,4G,LTE 1800 | LTE 900,En service,0750990635,2,mobile_radio_site,ANFR Open Data,PUBLIC_DECLARATION
anfr-2052498,2052498,48.84722222222222,2.3074999999999997,Métro SEGUR L10,145 AV de Suffren,,,75015,75115,0,FREE MOBILE | ORANGE | SFR,2G | 3G | 4G,GSM 1800 | GSM 900 | LTE 1800 | LTE 900 | UMTS 900,En service,0750990698 | 0752292123 | 0752702390,8,mobile_radio_site,ANFR Open Data,PUBLIC_DECLARATION
anfr-2072072,2072072,48.83694444444445,2.278611111111111,Métro BALARD  L8,108 rue Balard,,,75015,75115,0,FREE MOBILE | ORANGE | SFR,2G | 3G | 4G,GSM 1800 | GSM 900 | LTE 1800 | LTE 900 | UMTS 900,En service,0750990750 | 0752292170 | 0752702356,8,mobile_radio_site,ANFR Open Data,PUBLIC_DECLARATION
anfr-2127145,2127145,48.845555555555556,2.2855555555555553,,101 RUE SAINT CHARLES,,,75015,75115,25,FREE MOBILE,4G | 5G,5G NR 2100 | 5G NR 3500 | 5G NR 700 | LTE 1800 | LTE 2100 | LTE 2600 | LTE 700 | LTE 900,En service | Techniquement opérationnel,0750990765,8,mobile_radio_site,ANFR Open Data,PUBLIC_DECLARATION
anfr-2192064,2192064,48.8325,2.3016666666666663,,57 rue des Morillons,,,75015,75115,27,FREE MOBILE | ORANGE | SFR,4G | 5G,5G NR 2100 | 5G NR 3500 | 5G NR 700 | LTE 1800 | LTE 2100 | LTE 2600 | LTE 700 | LTE 800 | LTE 900,En service | Techniquement opérationnel,0750990788 | 0752291926 | 0752703004,20,mobile_radio_site,ANFR Open Data,PUBLIC_DECLARATION
anfr-2210944,2210944,48.83777777777778,2.28,,132 AVENUE FELIX FAURE,,,75015,75115,"29,3",FREE MOBILE,4G | 5G,5G NR 2100 | 5G NR 3500 | 5G NR 700 | LTE 1800 | LTE 2100 | LTE 2600 | LTE 700 | LTE 900,En service | Techniquement opérationnel,0750990800,8,mobile_radio_site,ANFR Open Data,PUBLIC_DECLARATION
anfr-2214060,2214060,48.848888888888894,2.3027777777777776,,20 b  av de lowendal,,,75015,75115,36,FREE MOBILE | ORANGE,2G | 3G | 4G | 5G,5G NR 2100 | 5G NR 3500 | 5G NR 700 | GSM 900 | LTE 1800 | LTE 2100 | LTE 2600 | LTE 700 | LTE 800 | LTE 900 | UMTS 900,En service | Techniquement opérationnel,0750990806 | 0752290089,17,mobile_radio_site,ANFR Open Data,PUBLIC_DECLARATION
anfr-2232216,2232216,48.83861111111111,2.3005555555555555,,"4, Rue d'Alleray",,,75015,75115,"28,8",FREE MOBILE,4G | 5G,5G NR 3500 | 5G NR 700 | LTE 1800 | LTE 2100 | LTE 2600 | LTE 700 | LTE 900,En service | Techniquement opérationnel,0750990823,7,mobile_radio_site,ANFR Open Data,PUBLIC_DECLARATION
anfr-2266863,2266863,48.85527777777778,2.2919444444444443,,RUE JEAN REY,HOTEL MERCURE,,75015,75115,37,FREE MOBILE,4G | 5G,5G NR 3500 | 5G NR 700 | LTE 1800 | LTE 2100 | LTE 2600 | LTE 700 | LTE 900,En service | Techniquement opérationnel,0750990021,7,mobile_radio_site,ANFR Open Data,PUBLIC_DECLARATION
anfr-2290143,2290143,48.83722222222222,2.2966666666666664,METRO CONVENTION L12,RUE DE VAUGIRARD,,,75015,75115,0,FREE MOBILE,4G,LTE 1800 | LTE 900,En service,0750990862,2,mobile_radio_site,ANFR Open Data,PUBLIC_DECLARATION
anfr-2290548,2290548,48.84388888888889,2.323611111111111,METRO MONTPARNASSE-BIENVENUE,3 RUE DE L ARRIVEE,,,75014,75115,0,FREE MOBILE,4G,LTE 1800 | LTE 2100 | LTE 2600 | LTE 900,En service | Projet approuvé,0750990851,4,mobile_radio_site,ANFR Open Data,PUBLIC_DECLARATION
anfr-2311200,2311200,48.84861111111111,2.2875,,61 RUE SAINT CHARLES,,,75015,75115,"26,2",FREE MOBILE,4G | 5G,5G NR 3500 | 5G NR 700 | LTE 1800 | LTE 2100 | LTE 2600 | LTE 700 | LTE 900,En service | Techniquement opérationnel,0750990886,7,mobile_radio_site,ANFR Open Data,PUBLIC_DECLARATION
anfr-2318826,2318826,48.843333333333334,2.3225,METRO MONTPAR BIENVENUE_L6 L13,32 AVENUE DU MAINE PLACE BIENVENUE,,,75015,75115,0,FREE MOBILE,4G,LTE 1800 | LTE 900,En service,0750990896,2,mobile_radio_site,ANFR Open Data,PUBLIC_DECLARATION
anfr-2338534,2338534,48.842222222222226,2.277222222222222,,4 6 8 RUE PIC DE LA BARRETTE,,,75015,75115,"28,9",FREE MOBILE,4G | 5G,5G NR 3500 | 5G NR 700 | LTE 1800 | LTE 2100 | LTE 2600 | LTE 700 | LTE 900,En service | Techniquement opérationnel,0750990912,7,mobile_radio_site,ANFR Open Data,PUBLIC_DECLARATION
anfr-2342598,2342598,48.84722222222222,2.283611111111111,,8 rue des 4 Frères Peignot,,,75015,75115,"26,6",FREE MOBILE,4G | 5G,5G NR 2100 | 5G NR 3500 | 5G NR 700 | LTE 1800 | LTE 2100 | LTE 2600 | LTE 700 | LTE 900,En service | Techniquement opérationnel,0750990919,8,mobile_radio_site,ANFR Open Data,PUBLIC_DECLARATION
anfr-2363349,2363349,48.83972222222222,2.307222222222222,,15 RUE BARGUE,,,75015,75115,30,FREE MOBILE,4G | 5G,5G NR 3500 | 5G NR 700 | LTE 1800 | LTE 2100 | LTE 2600 | LTE 700 | LTE 900,En service | Techniquement opérationnel,0750990926,7,mobile_radio_site,ANFR Open Data,PUBLIC_DECLARATION
anfr-2373319,2373319,48.83916666666667,2.305833333333333,,20 RUE DE LA PROCESSION,,,75015,75115,"30,4",FREE MOBILE,4G | 5G,5G NR 3500 | 5G NR 700 | LTE 1800 | LTE 2100 | LTE 2600 | LTE 700 | LTE 900,En service | Techniquement opérationnel,0750990927,7,mobile_radio_site,ANFR Open Data,PUBLIC_DECLARATION
anfr-2587303,2587303,48.84166666666667,2.286111111111111,,92/98 RUE DE LA CONVENTION,,,75015,75115,33,FREE MOBILE,4G | 5G,5G NR 2100 | 5G NR 3500 | 5G NR 700 | LTE 1800 | LTE 2100 | LTE 2600 | LTE 700 | LTE 900,En service | Techniquement opérationnel,0750990973,8,mobile_radio_site,ANFR Open Data,PUBLIC_DECLARATION
anfr-2701360,2701360,48.83388888888889,2.299444444444444,,31 RUE DANTZIG,,,75015,75115,"31,2",FREE MOBILE,4G | 5G,5G NR 2100 | 5G NR 3500 | 5G NR 700 | LTE 1800 | LTE 2100 | LTE 2600 | LTE 700 | LTE 900,En service | Techniquement opérationnel,0750990992,8,mobile_radio_site,ANFR Open Data,PUBLIC_DECLARATION
anfr-2732587,2732587,48.84277777777778,2.3125,METRO_PASTEUR_L6_L12,face au 20 boulevard Pasteur,,,75015,75115,0,FREE MOBILE,4G,LTE 1800 | LTE 2600 | LTE 700,En service | Projet approuvé,0750991003,3,mobile_radio_site,ANFR Open Data,PUBLIC_DECLARATION
anfr-2753176,2753176,48.83888888888889,2.2827777777777776,,"101-111, Avenue Felix Faure",,,75015,75115,"43,4",FREE MOBILE,4G | 5G,5G NR 2100 | 5G NR 3500 | 5G NR 700 | LTE 1800 | LTE 2100 | LTE 2600 | LTE 700 | LTE 900,En service | Techniquement opérationnel,0750991007,8,mobile_radio_site,ANFR Open Data,PUBLIC_DECLARATION
anfr-2765865,2765865,48.84527777777778,2.3030555555555554,,27-29 RUE MIOLLIS,,,75015,75115,"42,2",FREE MOBILE,4G | 5G,5G NR 2100 | 5G NR 3500 | 5G NR 700 | LTE 1800 | LTE 2100 | LTE 2600 | LTE 700 | LTE 900,En service | Techniquement opérationnel,0750991009,8,mobile_radio_site,ANFR Open Data,PUBLIC_DECLARATION
anfr-2822230,2822230,48.838055555555556,2.2866666666666666,,7-19 VILLA FREDERIC MISTRAL,,,75015,75115,"27,1",FREE MOBILE,4G | 5G,5G NR 2100 | 5G NR 3500 | 5G NR 700 | LTE 1800 | LTE 2100 | LTE 2600 | LTE 700 | LTE 900,En service | Techniquement opérationnel,0750991025,8,mobile_radio_site,ANFR Open Data,PUBLIC_DECLARATION
anfr-2824050,2824050,48.83416666666667,2.3094444444444444,,30 rue Castagnary,,,75015,75115,"84,3",FREE MOBILE,4G | 5G,5G NR 2100 | 5G NR 3500 | 5G NR 700 | LTE 1800 | LTE 2100 | LTE 2600 | LTE 700 | LTE 900,En service | Techniquement opérationnel,0750991027,8,mobile_radio_site,ANFR Open Data,PUBLIC_DECLARATION
anfr-2901806,2901806,48.84305555555556,2.2827777777777776,,145 RUE SAINT CHARLES,,,75015,75115,27,FREE MOBILE | SFR,3G | 4G | 5G,5G NR 2100 | 5G NR 3500 | 5G NR 700 | LTE 1800 | LTE 2100 | LTE 2600 | LTE 700 | LTE 800 | LTE 900 | UMTS 900,En service | Techniquement opérationnel,0750990932 | 0752703036,15,mobile_radio_site,ANFR Open Data,PUBLIC_DECLARATION
anfr-2912235,2912235,48.85138888888889,2.293611111111111,,18 rue Daniel Stern,,,75015,75115,"31,8",FREE MOBILE | SFR,3G | 4G | 5G,5G NR 2100 | 5G NR 3500 | 5G NR 700 | LTE 1800 | LTE 2100 | LTE 2600 | LTE 700 | LTE 800 | LTE 900 | UMTS 900,En service | Techniquement opérationnel,0750990018 | 0752703083,15,mobile_radio_site,ANFR Open Data,PUBLIC_DECLARATION
anfr-2987255,2987255,48.83361111111111,2.294722222222222,SAINT LAMBERT,68 rue Olivier de Serres,,,75015,75115,"28,7",FREE MOBILE,4G | 5G,5G NR 2100 | 5G NR 3500 | 5G NR 700 | LTE 1800 | LTE 2100 | LTE 2600 | LTE 700 | LTE 900,En service | Projet approuvé | Techniquement opérationnel,0750991128,8,mobile_radio_site,ANFR Open Data,PUBLIC_DECLARATION
anfr-2998127,2998127,48.83638888888889,2.3002777777777776,SAINT LAMBERT,31 RUE VICTOR DURUY,,,75015,75115,"32,8",FREE MOBILE,4G | 5G,5G NR 3500 | 5G NR 700 | LTE 1800 | LTE 2100 | LTE 2600 | LTE 700 | LTE 900,Projet approuvé,0750991136,7,mobile_radio_site,ANFR Open Data,PUBLIC_DECLARATION
anfr-3008400,3008400,48.831944444444446,2.2844444444444445,,"1, Place de la porte de Versailles",HALL 1,,75015,75115,15,FREE MOBILE | ORANGE | SFR,2G | 3G | 4G | 5G,5G NR 3500 | GSM 900 | LTE 1800 | LTE 2100 | LTE 2600 | LTE 700 | LTE 900 | UMTS 900,En service | Techniquement opérationnel,0750991005 | 0752292263 | 0752703336,16,mobile_radio_site,ANFR Open Data,PUBLIC_DECLARATION
anfr-3032015,3032015,48.843611111111116,2.281388888888889,,34 rue des Bergers,,,75015,75115,"24,7",FREE MOBILE,4G | 5G,5G NR 2100 | 5G NR 3500 | 5G NR 700 | LTE 1800 | LTE 2100 | LTE 2600 | LTE 700 | LTE 900,En service | Projet approuvé | Techniquement opérationnel,0750991146,8,mobile_radio_site,ANFR Open Data,PUBLIC_DECLARATION
anfr-3053047,3053047,48.84277777777778,2.3191666666666664,,7 Rue Antoine Bourdelle,,,75015,75115,"33,4",FREE MOBILE,4G | 5G,5G NR 3500 | 5G NR 700 | LTE 1800 | LTE 2100 | LTE 2600 | LTE 700 | LTE 900,Projet approuvé,0750991151,7,mobile_radio_site,ANFR Open Data,PUBLIC_DECLARATION
anfr-3054697,3054697,48.837500000000006,2.2752777777777777,,78 rue Leblanc,,,75015,75115,"23,2",FREE MOBILE,4G | 5G,5G NR 3500 | 5G NR 700 | LTE 1800 | LTE 2100 | LTE 2600 | LTE 700 | LTE 900,En service | Projet approuvé | Techniquement opérationnel,0750991152,7,mobile_radio_site,ANFR Open Data,PUBLIC_DECLARATION
anfr-3070458,3070458,48.84305555555556,2.3152777777777778,,"6, 8 Rue Dulac",,,75015,75115,"26,9",FREE MOBILE,4G | 5G,5G NR 3500 | 5G NR 700 | LTE 1800 | LTE 2100 | LTE 2600 | LTE 700 | LTE 900,En service | Projet approuvé | Techniquement opérationnel,0750991135,7,mobile_radio_site,ANFR Open Data,PUBLIC_DECLARATION
anfr-3115357,3115357,48.83916666666667,2.2758333333333334,,40-42 rue Leblanc,,,75015,75115,24,FREE MOBILE,4G | 5G,5G NR 3500 | 5G NR 700 | LTE 1800 | LTE 2100 | LTE 2600 | LTE 700 | LTE 900,En service | Projet approuvé | Techniquement opérationnel,0750991167,7,mobile_radio_site,ANFR Open Data,PUBLIC_DECLARATION
anfr-531356,531356,48.838055555555556,2.3027777777777776,,14-16 r des favorites,imm bourseul,,75015,75115,42,ORANGE | SFR,2G | 3G | 4G | 5G,5G NR 2100 | 5G NR 3500 | 5G NR 700 | GSM 900 | LTE 1800 | LTE 2100 | LTE 2600 | LTE 700 | LTE 800 | UMTS 900,En service | Projet approuvé | Techniquement opérationnel,0752290415 | 0752700225,15,mobile_radio_site,ANFR Open Data,PUBLIC_DECLARATION
anfr-542880,542880,48.838055555555556,2.308333333333333,,61-65 r dutot,,,75015,75115,"31,7",ORANGE,3G | 4G,LTE 1800 | LTE 2100 | LTE 2600 | LTE 800 | UMTS 900,En service,0752291443,5,mobile_radio_site,ANFR Open Data,PUBLIC_DECLARATION
anfr-548715,548715,48.82972222222222,2.3033333333333332,,"125, r de castagnary",,,75015,75115,40,ORANGE,2G | 3G | 4G | 5G,5G NR 3500 | 5G NR 700 | GSM 900 | LTE 1800 | LTE 2100 | LTE 2600 | LTE 700 | LTE 800 | UMTS 900,En service | Techniquement opérationnel,0752290439,9,mobile_radio_site,ANFR Open Data,PUBLIC_DECLARATION
anfr-562617,562617,48.83916666666667,2.2780555555555555,,74/80 r balard,,,75015,75115,"33,2",ORANGE,2G | 3G | 4G | 5G,5G NR 3500 | 5G NR 700 | GSM 900 | LTE 1800 | LTE 2100 | LTE 2600 | LTE 700 | LTE 800 | UMTS 900,En service | Techniquement opérationnel,0752290466,9,mobile_radio_site,ANFR Open Data,PUBLIC_DECLARATION
anfr-571427,571427,48.844722222222224,2.2916666666666665,,4-6 passage des Ecoliers,,,75015,75115,30,ORANGE,2G | 3G | 4G | 5G,5G NR 2100 | 5G NR 3500 | 5G NR 700 | GSM 900 | LTE 1800 | LTE 2100 | LTE 2600 | LTE 700 | LTE 800 | UMTS 900,En service | Projet approuvé | Techniquement opérationnel,0752290210,10,mobile_radio_site,ANFR Open Data,PUBLIC_DECLARATION
anfr-648527,648527,48.84166666666667,2.3016666666666663,,82 r blomet,,,75015,75115,"39,7",ORANGE | SFR,2G | 3G | 4G | 5G,5G NR 3500 | 5G NR 700 | GSM 900 | LTE 1800 | LTE 2100 | LTE 2600 | LTE 700 | LTE 800 | UMTS 2100 | UMTS 900,En service | Techniquement opérationnel,0752290029 | 0752700322,15,mobile_radio_site,ANFR Open Data,PUBLIC_DECLARATION
anfr-649731,649731,48.84527777777778,2.2847222222222223,,109 r St Charles,,,75015,75115,"39,5",ORANGE,2G | 3G | 4G | 5G,5G NR 3500 | 5G NR 700 | GSM 900 | LTE 1800 | LTE 2100 | LTE 2600 | LTE 700 | LTE 800 | UMTS 900,En service | Techniquement opérationnel,0752290206,9,mobile_radio_site,ANFR Open Data,PUBLIC_DECLARATION
anfr-649746,649746,48.839444444444446,2.3113888888888887,Institut Pasteur,25 r dr roux,,,75015,75115,44,ORANGE,2G | 3G | 4G | 5G,5G NR 3500 | 5G NR 700 | GSM 900 | LTE 1800 | LTE 2100 | LTE 2600 | LTE 700 | LTE 800 | UMTS 900,En service | Techniquement opérationnel,0752290237,9,mobile_radio_site,ANFR Open Data,PUBLIC_DECLARATION
anfr-649771,649771,48.84444444444445,2.279722222222222,,3 r st christophe,,,75015,75115,34,ORANGE,2G | 3G | 4G | 5G,5G NR 3500 | 5G NR 700 | GSM 900 | LTE 1800 | LTE 2100 | LTE 2600 | LTE 700 | LTE 800 | UMTS 900,En service | Projet approuvé | Techniquement opérationnel,0752290262,9,mobile_radio_site,ANFR Open Data,PUBLIC_DECLARATION
anfr-649775,649775,48.83277777777778,2.289722222222222,,4 r firmin gillot,,,75015,75115,40,ORANGE,2G | 3G | 4G | 5G,5G NR 3500 | 5G NR 700 | GSM 900 | LTE 1800 | LTE 2100 | LTE 2600 | LTE 700 | LTE 800 | UMTS 900,En service | Techniquement opérationnel,0752290322,9,mobile_radio_site,ANFR Open Data,PUBLIC_DECLARATION
anfr-649783,649783,48.84166666666667,2.295,,27/29 r de l'abbé groult,,,75015,75115,29,ORANGE,2G | 3G | 4G | 5G,5G NR 2100 | 5G NR 3500 | 5G NR 700 | GSM 900 | LTE 1800 | LTE 2100 | LTE 2600 | LTE 700 | LTE 800 | UMTS 900,En service | Projet approuvé | Techniquement opérationnel,0752290358,10,mobile_radio_site,ANFR Open Data,PUBLIC_DECLARATION
anfr-650141,650141,48.84805555555556,2.286111111111111,,68/70 r st charles,,,75015,75115,"36,5",ORANGE,2G | 3G | 4G | 5G,5G NR 3500 | 5G NR 700 | GSM 900 | LTE 1800 | LTE 2100 | LTE 2600 | LTE 800 | UMTS 900,En service | Techniquement opérationnel,0752290420,8,mobile_radio_site,ANFR Open Data,PUBLIC_DECLARATION
anfr-650143,650143,48.85472222222222,2.292222222222222,,r de la fédération,20 r jean rey,,75015,75115,47,ORANGE,4G | 5G,5G NR 3500 | 5G NR 700 | LTE 1800 | LTE 2100 | LTE 2600 | LTE 800,En service | Techniquement opérationnel,0752290426,6,mobile_radio_site,ANFR Open Data,PUBLIC_DECLARATION
anfr-650145,650145,48.8325,2.2819444444444446,,1 pl de la Porte de Versailles,Parking Parc des Expositions,,75015,75115,33,ORANGE,4G | 5G,5G NR 3500 | 5G NR 700 | LTE 1800 | LTE 2100 | LTE 2600 | LTE 800,En service | Projet approuvé,0752290427,6,mobile_radio_site,ANFR Open Data,PUBLIC_DECLARATION
anfr-650160,650160,48.84166666666667,2.2875,,101 r de la Convention,,,75015,75115,38,ORANGE,2G | 3G | 4G | 5G,5G NR 3500 | 5G NR 700 | GSM 900 | LTE 1800 | LTE 2100 | LTE 2600 | LTE 700 | LTE 800 | UMTS 900,En service | Techniquement opérationnel,0752290512,9,mobile_radio_site,ANFR Open Data,PUBLIC_DECLARATION
anfr-650174,650174,48.835,2.307222222222222,,10.12 r st amand,,,75015,75115,35,ORANGE,3G | 4G | 5G,5G NR 3500 | 5G NR 700 | LTE 1800 | LTE 2100 | LTE 2600 | LTE 700 | LTE 800 | UMTS 900,En service | Techniquement opérationnel,0752291390,8,mobile_radio_site,ANFR Open Data,PUBLIC_DECLARATION
anfr-650221,650221,48.84777777777778,2.296111111111111,,28 r de letellier,,,75015,75115,24,ORANGE | SFR,2G | 3G | 4G | 5G,5G NR 3500 | GSM 900 | LTE 1800 | LTE 2100 | LTE 2600 | LTE 700 | LTE 800 | UMTS 2100 | UMTS 900,En service | Techniquement opérationnel,0752291516 | 0752700349,15,mobile_radio_site,ANFR Open Data,PUBLIC_DECLARATION
anfr-943991,943991,48.825833333333335,2.299722222222222,Porte de Vanves,angle av pte de brancion r c. garamond,,,75015,75115,"7,5",ORANGE,3G | 4G,LTE 1800 | LTE 2100 | LTE 800 | UMTS 900,En service,0752291522,4,mobile_radio_site,ANFR Open Data,PUBLIC_DECLARATION
anfr-1040312,1040312,48.837500000000006,2.294722222222222,,"159/169, rue blomet",,,75015,75115,"38,6",ORANGE,2G | 3G | 4G,GSM 900 | LTE 1800 | LTE 2100 | LTE 2600 | LTE 800 | UMTS 900,En service,0752291570,6,mobile_radio_site,ANFR Open Data,PUBLIC_DECLARATION
anfr-1640410,1640410,48.845,2.3097222222222222,,16 rue Lecourbe,,,75015,75115,"36,5",ORANGE,2G | 3G | 4G | 5G,5G NR 2100 | 5G NR 3500 | 5G NR 700 | GSM 900 | LTE 1800 | LTE 2100 | LTE 2600 | LTE 700 | LTE 800 | UMTS 900,En service | Projet approuvé | Techniquement opérationnel,0752291969,10,mobile_radio_site,ANFR Open Data,PUBLIC_DECLARATION
anfr-1821161,1821161,48.8275,2.2925,,pl des insurgés de varsovie,,,75015,75115,8,ORANGE,4G,LTE 800,En service,0752292041,1,mobile_radio_site,ANFR Open Data,PUBLIC_DECLARATION
anfr-1986059,1986059,48.835,2.298888888888889,,10 RUE JOBBE DUVAL,CPE Vaugirard,,75015,75115,37,ORANGE,2G | 3G | 4G | 5G,5G NR 3500 | 5G NR 700 | GSM 900 | LTE 1800 | LTE 2100 | LTE 2600 | LTE 700 | LTE 800 | UMTS 900,En service | Techniquement opérationnel,0752290085,9,mobile_radio_site,ANFR Open Data,PUBLIC_DECLARATION
anfr-2006854,2006854,48.84638888888889,2.285833333333333,METRO_CHARLES_MICHELS_L10,36B rue des entrepreneurs,,,75015,75115,0,ORANGE,3G | 4G,LTE 1800 | UMTS 900,En service,0752292072,2,mobile_radio_site,ANFR Open Data,PUBLIC_DECLARATION
anfr-2073334,2073334,48.837500000000006,2.2963888888888886,Métro CONVENTION L12,Angle de la rue de Vaugirard et de la Convention,,,75015,75115,0,ORANGE,3G | 4G,LTE 1800 | UMTS 900,En service,0752292179,2,mobile_radio_site,ANFR Open Data,PUBLIC_DECLARATION
anfr-2144146,2144146,48.836111111111116,2.279166666666667,,1 boulevard VICTOR,,,75015,75115,31,ORANGE | SFR,2G | 3G | 4G | 5G,5G NR 3500 | 5G NR 700 | GSM 900 | LTE 1800 | LTE 2100 | LTE 2600 | LTE 700 | LTE 800 | UMTS 900,En service | Techniquement opérationnel,0752290367 | 0752702659,14,mobile_radio_site,ANFR Open Data,PUBLIC_DECLARATION
anfr-2158649,2158649,48.83111111111111,2.290277777777778,,"1,Place de la porte de Versailles",HALL 5 et HALL 4,,75015,75115,"23,8",ORANGE,2G | 3G | 4G,GSM 900 | LTE 1800 | LTE 2100 | LTE 2600 | LTE 800 | UMTS 900,En service,0752292267,6,mobile_radio_site,ANFR Open Data,PUBLIC_DECLARATION
anfr-2158651,2158651,48.83111111111111,2.290277777777778,,"1,Place de la porte de Versailles",HALL 5 et HALL 4,,75015,75115,"12,9",ORANGE,2G | 3G | 4G,GSM 900 | LTE 1800 | LTE 2100 | LTE 2600 | LTE 800 | UMTS 900,En service,0752292267,6,mobile_radio_site,ANFR Open Data,PUBLIC_DECLARATION
anfr-2164351,2164351,48.84388888888889,2.323611111111111,Métro MONTPARNASSE L4 L12,3 rue du Départ,,,75015,75115,0,ORANGE | SFR,3G | 4G,LTE 1800 | LTE 2100 | LTE 2600 | LTE 800 | UMTS 900,En service,0752292270 | 0752702398,10,mobile_radio_site,ANFR Open Data,PUBLIC_DECLARATION
anfr-2227254,2227254,48.84166666666667,2.3080555555555553,Métro VOLONTAIRES_L12,194 rue de Vaugirard,,,75015,75115,0,ORANGE | SFR,3G | 4G,LTE 1800 | LTE 2100 | LTE 2600 | LTE 700 | LTE 800 | UMTS 900,En service,0752292319 | 0752702367,12,mobile_radio_site,ANFR Open Data,PUBLIC_DECLARATION
anfr-2274827,2274827,48.82833333333333,2.2716666666666665,,"24, Allée des Frères Voisin",,,75015,75115,"41,7",ORANGE,2G | 3G | 4G | 5G,5G NR 3500 | 5G NR 700 | GSM 900 | LTE 1800 | LTE 2100 | LTE 2600 | LTE 700 | LTE 800 | UMTS 900,En service | Techniquement opérationnel,0752292372,9,mobile_radio_site,ANFR Open Data,PUBLIC_DECLARATION
anfr-2324165,2324165,48.848888888888894,2.298611111111111,Métro LA MOTTE PICQUET L6_8_10,115 boulevard de Grenelle,,,75015,75115,0,ORANGE,3G | 4G,LTE 1800 | LTE 2100 | LTE 2600 | LTE 800 | UMTS 900,En service,0752292404,5,mobile_radio_site,ANFR Open Data,PUBLIC_DECLARATION
anfr-2324705,2324705,48.84138888888889,2.317222222222222,MUSEE DE LA POSTE,34 Boulevard de Vaugirad,,,75015,75115,42,ORANGE,3G | 4G | 5G,5G NR 3500 | 5G NR 700 | LTE 1800 | LTE 2100 | LTE 2600 | LTE 700 | LTE 800 | UMTS 900,En service | Techniquement opérationnel,0752292406,8,mobile_radio_site,ANFR Open Data,PUBLIC_DECLARATION
anfr-2459356,2459356,48.84277777777778,2.316111111111111,,22 rue falguière,,,75015,75115,22,ORANGE,4G,LTE 1800 | LTE 2100,En service,0752292557,2,mobile_radio_site,ANFR Open Data,PUBLIC_DECLARATION
anfr-2610101,2610101,48.848888888888894,2.291111111111111,,25 Rue de Lourmel,,,75015,75115,"24,5",ORANGE,4G | 5G,5G NR 3500 | 5G NR 700 | LTE 1800 | LTE 2100 | LTE 2600 | LTE 700 | LTE 800,En service | Techniquement opérationnel,0752292711,7,mobile_radio_site,ANFR Open Data,PUBLIC_DECLARATION
anfr-2688285,2688285,48.83694444444445,2.3113888888888887,,133 Rue Falguière,,,75015,75115,44,ORANGE,4G | 5G,5G NR 3500 | 5G NR 700 | LTE 1800 | LTE 2100 | LTE 2600 | LTE 700 | LTE 800,En service | Techniquement opérationnel,0752292735,7,mobile_radio_site,ANFR Open Data,PUBLIC_DECLARATION
anfr-2942065,2942065,48.82916666666667,2.2916666666666665,,Avenue de la Porte de la Plaine,Place des Insurgés de Varsovie,Parc des Expos vers HALL 6,75015,75115,"19,3",ORANGE,3G | 4G | 5G,5G NR 3500 | LTE 1800 | LTE 2100 | LTE 2600 | LTE 800 | UMTS 900,En service | Projet approuvé | Techniquement opérationnel,0752292786,6,mobile_radio_site,ANFR Open Data,PUBLIC_DECLARATION
anfr-2955091,2955091,48.82694444444445,2.299722222222222,,18 Avenue de la Porte Brancion,,,75015,75115,"36,5",ORANGE,4G | 5G,5G NR 3500 | 5G NR 700 | LTE 1800 | LTE 2100 | LTE 2600 | LTE 800,En service | Projet approuvé | Techniquement opérationnel,0752292799,6,mobile_radio_site,ANFR Open Data,PUBLIC_DECLARATION
anfr-3127668,3127668,48.83833333333334,2.286388888888889,,17  Villa Frédéric Mistral,,,75015,75115,"26,4",ORANGE,4G | 5G,5G NR 3500 | 5G NR 700 | LTE 1800 | LTE 2100 | LTE 2600 | LTE 800,Projet approuvé,0752293029,6,mobile_radio_site,ANFR Open Data,PUBLIC_DECLARATION
anfr-38973,38973,48.846944444444446,2.279166666666667,,"39-43, Quai André Citroën",Tour Mirabeau,,75015,75115,"60,4",SFR,2G | 3G | 4G,GSM 900 | LTE 1800 | LTE 2100 | LTE 2600 | LTE 800 | UMTS 900,En service,0752700041,6,mobile_radio_site,ANFR Open Data,PUBLIC_DECLARATION
anfr-440872,440872,48.848333333333336,2.286111111111111,,57 r emeriau,,,75015,75115,"37,2",SFR,2G | 3G | 4G | 5G,5G NR 3500 | GSM 900 | LTE 1800 | LTE 2100 | LTE 2600 | LTE 700 | LTE 800 | UMTS 2100 | UMTS 900,En service | Techniquement opérationnel,0752700099,9,mobile_radio_site,ANFR Open Data,PUBLIC_DECLARATION
anfr-533264,533264,48.83388888888889,2.294722222222222,,68 r olivier de serres,,,75015,75115,"25,5",SFR,2G | 3G | 4G | 5G,5G NR 2100 | 5G NR 3500 | GSM 900 | LTE 1800 | LTE 2100 | LTE 2600 | LTE 700 | LTE 800 | UMTS 2100 | UMTS 900,En service | Projet approuvé | Techniquement opérationnel,0752700410,10,mobile_radio_site,ANFR Open Data,PUBLIC_DECLARATION
anfr-574979,574979,48.84138888888889,2.3152777777777778,,3 R Mizon,,,75015,75115,"27,8",SFR,2G | 3G | 4G | 5G,5G NR 2100 | 5G NR 3500 | GSM 900 | LTE 1800 | LTE 2100 | LTE 2600 | LTE 700 | LTE 800 | UMTS 2100 | UMTS 900,En service | Projet approuvé | Techniquement opérationnel,0752700327,10,mobile_radio_site,ANFR Open Data,PUBLIC_DECLARATION
anfr-583187,583187,48.843611111111116,2.3233333333333333,,3 r de l'arrivée,Tour CIT - Bât.C,,75015,75115,"51,3",SFR,2G | 3G | 4G,GSM 900 | LTE 1800 | LTE 2100 | LTE 2600 | LTE 800 | UMTS 2100 | UMTS 900,En service,0752700029,7,mobile_radio_site,ANFR Open Data,PUBLIC_DECLARATION
anfr-613404,613404,48.84111111111111,2.3077777777777775,,28 r des volontaires,,,75015,75115,33,SFR,2G | 3G | 4G | 5G,5G NR 2100 | 5G NR 3500 | GSM 900 | LTE 1800 | LTE 2100 | LTE 2600 | LTE 700 | LTE 800 | UMTS 2100 | UMTS 900,En service | Projet approuvé | Techniquement opérationnel,0752700226,10,mobile_radio_site,ANFR Open Data,PUBLIC_DECLARATION
anfr-614798,614798,48.83861111111111,2.2938888888888886,,163 r de la convention,,,75015,75115,29,SFR,4G,LTE 1800 | LTE 2100 | LTE 2600,En service,0752700373,3,mobile_radio_site,ANFR Open Data,PUBLIC_DECLARATION
anfr-618587,618587,48.83638888888889,2.3119444444444444,,133 r falguière,,,75015,75115,"40,6",SFR,2G | 3G | 4G | 5G,5G NR 2100 | 5G NR 3500 | GSM 900 | LTE 1800 | LTE 2100 | LTE 2600 | LTE 800 | UMTS 900,En service | Projet approuvé | Techniquement opérationnel,0752700394,8,mobile_radio_site,ANFR Open Data,PUBLIC_DECLARATION
anfr-649781,649781,48.838055555555556,2.2880555555555553,,289 r lecourbe,,,75015,75115,42,SFR,2G | 3G | 4G | 5G,5G NR 3500 | GSM 900 | LTE 1800 | LTE 2100 | LTE 2600 | LTE 700 | LTE 800 | UMTS 2100 | UMTS 900,En service | Techniquement opérationnel,0752700220,9,mobile_radio_site,ANFR Open Data,PUBLIC_DECLARATION
anfr-650203,650203,48.8425,2.3116666666666665,,191 r de vaugirard,imm a.p.a.v.e,,75015,75115,40,SFR,2G | 3G | 4G | 5G,5G NR 2100 | 5G NR 3500 | GSM 900 | LTE 1800 | LTE 2100 | LTE 2600 | LTE 700 | LTE 800 | UMTS 900,En service | Projet approuvé,0752700071,9,mobile_radio_site,ANFR Open Data,PUBLIC_DECLARATION
anfr-650209,650209,48.83916666666667,2.279166666666667,,"211, r st charles",,,75015,75115,28,SFR,2G | 3G | 4G | 5G,5G NR 2100 | 5G NR 3500 | GSM 900 | LTE 1800 | LTE 2100 | LTE 2600 | LTE 700 | LTE 800 | UMTS 900,En service | Techniquement opérationnel,0752700102,9,mobile_radio_site,ANFR Open Data,PUBLIC_DECLARATION
anfr-650213,650213,48.830555555555556,2.295,,85 bd  lefevre,,,75015,75115,"43,1",SFR,2G | 3G | 4G | 5G,5G NR 2100 | 5G NR 3500 | GSM 900 | LTE 1800 | LTE 2100 | LTE 2600 | LTE 700 | LTE 800 | UMTS 2100 | UMTS 900,En service | Techniquement opérationnel,0752700218,10,mobile_radio_site,ANFR Open Data,PUBLIC_DECLARATION
anfr-650223,650223,48.843333333333334,2.3066666666666666,,3 R DES VOLONTAIRES,,,75015,75115,"25,2",SFR,4G,LTE 1800 | LTE 2100 | LTE 2600,En service,0752700376,3,mobile_radio_site,ANFR Open Data,PUBLIC_DECLARATION
anfr-650225,650225,48.84388888888889,2.276944444444444,,24 r balard,,,75015,75115,"50,4",SFR,2G | 3G | 4G | 5G,5G NR 2100 | 5G NR 3500 | GSM 900 | LTE 1800 | LTE 2100 | LTE 2600 | LTE 700 | LTE 800 | UMTS 900,En service | Projet approuvé | Techniquement opérationnel,0752700103,9,mobile_radio_site,ANFR Open Data,PUBLIC_DECLARATION
anfr-650227,650227,48.844722222222224,2.3205555555555555,,44 Bd du Montparnasse,,,75015,75115,"26,3",SFR,2G | 3G | 4G | 5G,5G NR 2100 | 5G NR 3500 | GSM 900 | LTE 1800 | LTE 2100 | LTE 2600 | LTE 700 | LTE 800 | UMTS 2100 | UMTS 900,En service | Projet approuvé | Techniquement opérationnel,0752700330,10,mobile_radio_site,ANFR Open Data,PUBLIC_DECLARATION
anfr-650229,650229,48.84111111111111,2.2969444444444442,,23 r theophraste renaudot,,,75015,75115,32,SFR,3G | 4G,LTE 1800 | LTE 2100 | LTE 2600 | UMTS 2100,En service,0752700335,4,mobile_radio_site,ANFR Open Data,PUBLIC_DECLARATION
anfr-795600,795600,48.84861111111111,2.3002777777777776,,131 bd  de grenelle,,,75015,75115,32,SFR,2G | 3G | 4G | 5G,5G NR 2100 | 5G NR 3500 | GSM 900 | LTE 1800 | LTE 2100 | LTE 2600 | LTE 700 | LTE 800 | UMTS 900,En service | Projet approuvé | Techniquement opérationnel,0752700194,9,mobile_radio_site,ANFR Open Data,PUBLIC_DECLARATION
anfr-886389,886389,48.846944444444446,2.3066666666666666,,32 rue pérignon,,,75015,75115,"29,5",SFR,2G | 3G | 4G | 5G,5G NR 2100 | 5G NR 3500 | GSM 900 | LTE 1800 | LTE 2100 | LTE 2600 | LTE 700 | LTE 800 | UMTS 900,En service | Projet approuvé | Techniquement opérationnel,0752700425,9,mobile_radio_site,ANFR Open Data,PUBLIC_DECLARATION
anfr-1518613,1518613,48.83166666666667,2.2880555555555553,,1 Place de la Porte de Versailles,Hall 7,,75015,75115,20,SFR,2G | 3G,GSM 1800 | GSM 900 | UMTS 2100,En service,0752701397,3,mobile_radio_site,ANFR Open Data,PUBLIC_DECLARATION
anfr-1598155,1598155,48.855000000000004,2.2888888888888888,,Quai Grenelle,,,75015,75115,"5,5",SFR,2G | 3G | 4G,GSM 900 | LTE 1800 | LTE 2100 | LTE 2600 | LTE 800 | UMTS 900,En service,0752703542,6,mobile_radio_site,ANFR Open Data,PUBLIC_DECLARATION
anfr-1598159,1598159,48.85194444444445,2.2852777777777775,,Quai Grenelle,,,75015,75115,"5,9",SFR,2G | 3G | 4G,GSM 900 | LTE 1800 | LTE 2100 | LTE 2600 | LTE 800 | UMTS 900,En service,0752703543,6,mobile_radio_site,ANFR Open Data,PUBLIC_DECLARATION
anfr-1621559,1621559,48.83916666666667,2.317222222222222,Gare Montparnasse,17 Boulevard de Vaugirard,,,75015,75115,8,SFR,2G | 3G | 4G,GSM 900 | LTE 1800 | LTE 2100 | LTE 2600 | LTE 800 | UMTS 900,En service,0752703570,6,mobile_radio_site,ANFR Open Data,PUBLIC_DECLARATION
anfr-1669176,1669176,48.835,2.2713888888888887,,Bretelle d'accès quai d'Issy,Echangeur d'Issy les Moulineaux,,75015,75115,6,SFR,2G | 3G | 4G,GSM 900 | LTE 1800 | LTE 2100 | LTE 800 | UMTS 2100 | UMTS 900,En service,0752702020,6,mobile_radio_site,ANFR Open Data,PUBLIC_DECLARATION
anfr-1688269,1688269,48.82916666666667,2.2888888888888888,,1 PLACE DE LA PORTE DE VERSAILLES,PARC DES EXPOSITIONS,,75015,75115,"18,2",SFR,2G | 3G | 4G,GSM 1800 | GSM 900 | LTE 1800 | LTE 2600 | LTE 800 | UMTS 2100 | UMTS 900,En service,0752702024,7,mobile_radio_site,ANFR Open Data,PUBLIC_DECLARATION
anfr-1688271,1688271,48.82916666666667,2.2888888888888888,,1 PLACE DE LA PORTE DE VERSAILLES,PARC DES EXPOSITIONS,,75015,75115,"11,3",SFR,2G | 3G | 4G,GSM 1800 | GSM 900 | LTE 1800 | LTE 2600 | LTE 800 | UMTS 2100 | UMTS 900,En service,0752702024,7,mobile_radio_site,ANFR Open Data,PUBLIC_DECLARATION
anfr-1688273,1688273,48.82916666666667,2.2888888888888888,,1 PLACE DE LA PORTE DE VERSAILLES,PARC DES EXPOSITIONS,,75015,75115,"18,8",SFR,2G | 3G | 4G,GSM 1800 | GSM 900 | LTE 1800 | LTE 2600 | LTE 800 | UMTS 2100 | UMTS 900,En service,0752702024,7,mobile_radio_site,ANFR Open Data,PUBLIC_DECLARATION
anfr-1688275,1688275,48.82916666666667,2.2888888888888888,,1 PLACE DE LA PORTE DE VERSAILLES,PARC DES EXPOSITIONS,,75015,75115,24,SFR,2G | 3G | 4G,GSM 1800 | GSM 900 | LTE 1800 | LTE 2600 | LTE 800 | UMTS 2100 | UMTS 900,En service,0752702024,7,mobile_radio_site,ANFR Open Data,PUBLIC_DECLARATION
anfr-1688277,1688277,48.82916666666667,2.2888888888888888,,1 PLACE DE LA PORTE DE VERSAILLES,PARC DES EXPOSITIONS,,75015,75115,"13,7",SFR,2G | 3G | 4G,GSM 1800 | GSM 900 | LTE 1800 | LTE 2600 | LTE 800 | UMTS 2100 | UMTS 900,En service,0752702024,7,mobile_radio_site,ANFR Open Data,PUBLIC_DECLARATION
anfr-1688279,1688279,48.82916666666667,2.2888888888888888,,1 PLACE DE LA PORTE DE VERSAILLES,PARC DES EXPOSITIONS,,75015,75115,9,SFR,2G | 3G | 4G,GSM 1800 | GSM 900 | LTE 1800 | LTE 2600 | LTE 800 | UMTS 2100 | UMTS 900,En service,0752702024,7,mobile_radio_site,ANFR Open Data,PUBLIC_DECLARATION
anfr-1789557,1789557,48.82777777777778,2.2916666666666665,,Place Insurgés de Varsovie,Tunnel Porte de la Plaine - bd périphérique,,75015,75115,8,SFR,2G | 3G | 4G,GSM 900 | LTE 1800 | LTE 2100 | LTE 800 | UMTS 2100 | UMTS 900,En service,0752702118,6,mobile_radio_site,ANFR Open Data,PUBLIC_DECLARATION
anfr-1867862,1867862,48.83361111111111,2.2780555555555555,,Rue Louis Armand,Portique BP Pk 9.14 Intérieur,,75015,75115,"8,5",SFR,2G | 3G | 4G,GSM 900 | LTE 1800 | LTE 2100 | LTE 800 | UMTS 2100 | UMTS 900,En service,0752702152,6,mobile_radio_site,ANFR Open Data,PUBLIC_DECLARATION
anfr-1923000,1923000,48.84638888888889,2.286111111111111,METRO CHARLES MICHELS,36 BRUE DES ENTREPRENEURS,,,75015,75115,0,SFR,2G | 3G | 4G,GSM 1800 | GSM 900 | LTE 1800 | UMTS 900,En service | Projet approuvé,0752702268,4,mobile_radio_site,ANFR Open Data,PUBLIC_DECLARATION
anfr-1959077,1959077,48.84111111111111,2.2877777777777775,Métro BOUCICAUT,43 avenue Félix Faure,,,75015,75115,0,SFR,2G | 3G | 4G,GSM 1800 | GSM 900 | LTE 1800 | UMTS 900,En service,0752702387,4,mobile_radio_site,ANFR Open Data,PUBLIC_DECLARATION
anfr-1959863,1959863,48.836666666666666,2.2736111111111112,,2 RUE LUCIEN BOSSOUTROT,QUADRANS EST,,75015,75115,"36,9",SFR,2G | 3G | 4G | 5G,5G NR 3500 | GSM 900 | LTE 1800 | LTE 2100 | LTE 2600 | LTE 700 | LTE 800 | UMTS 2100 | UMTS 900,En service | Techniquement opérationnel,0752702392,9,mobile_radio_site,ANFR Open Data,PUBLIC_DECLARATION
anfr-1982763,1982763,48.83694444444445,2.2719444444444443,,2 RUE LUCIEN BOSSOUTROT,,,75015,75115,"35,3",SFR,2G | 3G | 4G | 5G,5G NR 3500 | GSM 900 | LTE 1800 | LTE 2100 | LTE 2600 | LTE 700 | LTE 800 | UMTS 2100 | UMTS 900,En service | Techniquement opérationnel,0752702396,9,mobile_radio_site,ANFR Open Data,PUBLIC_DECLARATION
anfr-2020679,2020679,48.837500000000006,2.2963888888888886,METRO CONVENTION,Angle de la rue de Vaugirard et de la Convention,,,75015,75115,0,SFR,2G | 3G | 4G,GSM 1800 | GSM 900 | LTE 1800 | UMTS 900,En service,0752702239,4,mobile_radio_site,ANFR Open Data,PUBLIC_DECLARATION
anfr-2081099,2081099,48.83638888888889,2.2719444444444443,,32 Rue Lucien Boussoutrot,Quadrans Ouest,,75015,75115,"34,4",SFR,4G | 5G,5G NR 3500 | LTE 1800 | LTE 2100 | LTE 2600 | LTE 700 | LTE 800,En service | Techniquement opérationnel,0752702637,6,mobile_radio_site,ANFR Open Data,PUBLIC_DECLARATION
anfr-2460699,2460699,48.84916666666667,2.2983333333333333,Metro La Motte-Picquet Grenell,65 AVENUE DE LA MOTTE-PICQUET,,,75015,75115,0,SFR,3G | 4G,LTE 1800 | LTE 2100 | LTE 2600 | LTE 800 | UMTS 2100 | UMTS 900,En service,0752702762,6,mobile_radio_site,ANFR Open Data,PUBLIC_DECLARATION
anfr-2740540,2740540,48.84527777777778,2.318333333333333,,24 BOULEVARD DU MONTPARNASSE,,,75015,75115,"33,9",SFR,3G | 4G | 5G,5G NR 2100 | 5G NR 3500 | LTE 1800 | LTE 2100 | LTE 2600 | LTE 700 | LTE 800 | UMTS 900,En service | Projet approuvé | Techniquement opérationnel,0752702857,8,mobile_radio_site,ANFR Open Data,PUBLIC_DECLARATION
anfr-2872845,2872845,48.84666666666667,2.303888888888889,,12 Rue Cépré,,,75015,75115,"22,6",SFR,3G | 4G | 5G,5G NR 3500 | LTE 1800 | LTE 2100 | LTE 2600 | LTE 700 | LTE 800 | UMTS 900,En service | Techniquement opérationnel,0752702961,7,mobile_radio_site,ANFR Open Data,PUBLIC_DECLARATION
anfr-2872857,2872857,48.84527777777778,2.3099999999999996,,94 Boulevard Garibaldi,,,75015,75115,"30,4",SFR,4G | 5G,5G NR 3500 | LTE 1800 | LTE 2100 | LTE 2600 | LTE 700 | LTE 800,En service | Techniquement opérationnel,0752702987,6,mobile_radio_site,ANFR Open Data,PUBLIC_DECLARATION
anfr-2886562,2886562,48.85277777777778,2.2869444444444444,,3 RUE DU DOCTEUR FINLAY,RUE NELATON,,75015,75115,"25,4",SFR,3G | 4G | 5G,5G NR 3500 | LTE 1800 | LTE 2100 | LTE 2600 | LTE 700 | LTE 800 | UMTS 900,En service | Techniquement opérationnel,0752703003,7,mobile_radio_site,ANFR Open Data,PUBLIC_DECLARATION
anfr-2892431,2892431,48.839444444444446,2.308333333333333,,8 Rue Plumet,,,75015,75115,26,SFR,3G | 4G | 5G,5G NR 3500 | LTE 1800 | LTE 2100 | LTE 2600 | LTE 700 | LTE 800 | UMTS 900,En service | Techniquement opérationnel,0752703018,7,mobile_radio_site,ANFR Open Data,PUBLIC_DECLARATION
anfr-2937095,2937095,48.845,2.286111111111111,,19-23 rue de l'Eglise,,,75015,75115,26,SFR,3G | 4G | 5G,5G NR 3500 | LTE 1800 | LTE 2100 | LTE 2600 | LTE 700 | LTE 800 | UMTS 900,En service | Techniquement opérationnel,0752703113,7,mobile_radio_site,ANFR Open Data,PUBLIC_DECLARATION
anfr-2937097,2937097,48.83694444444445,2.2958333333333334,,328 RUE DE VAUGIRARD,,,75015,75115,28,SFR,4G | 5G,5G NR 3500 | LTE 1800 | LTE 2100 | LTE 2600 | LTE 700 | LTE 800,En service | Techniquement opérationnel,0752703120,6,mobile_radio_site,ANFR Open Data,PUBLIC_DECLARATION
anfr-2938956,2938956,48.831388888888895,2.2891666666666666,,14 Boulevard Lefebvre,1 place de la porte de Versailles,,75015,75115,20,SFR,3G | 4G | 5G,5G NR 3500 | LTE 1800 | LTE 2100 | LTE 2600 | LTE 700 | LTE 800 | UMTS 900,En service | Techniquement opérationnel,0752703126,7,mobile_radio_site,ANFR Open Data,PUBLIC_DECLARATION
anfr-2942004,2942004,48.83222222222223,2.2824999999999998,,15 Rue de la Porte d'Issy,,,75015,75115,29,SFR,3G | 4G | 5G,5G NR 3500 | LTE 1800 | LTE 2100 | LTE 2600 | LTE 700 | LTE 800 | UMTS 900,En service | Techniquement opérationnel,0752703121,7,mobile_radio_site,ANFR Open Data,PUBLIC_DECLARATION
anfr-2947370,2947370,48.839444444444446,2.3027777777777776,,6 t Rue des Favorites,,,75015,75115,31,SFR,3G | 4G | 5G,5G NR 3500 | LTE 1800 | LTE 2100 | LTE 2600 | LTE 700 | LTE 800 | UMTS 900,En service | Techniquement opérationnel,0752703205,7,mobile_radio_site,ANFR Open Data,PUBLIC_DECLARATION
anfr-2965196,2965196,48.84027777777778,2.2977777777777777,,124 Rue Blomet,,,75015,75115,"21,3",SFR,4G | 5G,5G NR 3500 | LTE 1800 | LTE 2100 | LTE 2600 | LTE 700 | LTE 800,Projet approuvé,0752703219,6,mobile_radio_site,ANFR Open Data,PUBLIC_DECLARATION
anfr-2976135,2976135,48.84527777777778,2.3097222222222222,,90  BOULEVARD GARIBALDI,,,75015,75115,18,SFR,3G | 4G,LTE 1800 | LTE 2600 | UMTS 2100,En service | Projet approuvé,0752703241,3,mobile_radio_site,ANFR Open Data,PUBLIC_DECLARATION
anfr-2987658,2987658,48.845,2.289722222222222,,70 RUE DES ENTREPRENEURS,,,75015,75115,"21,5",SFR,3G | 4G,LTE 1800 | LTE 2600 | UMTS 2100,En service | Projet approuvé,0752703249,3,mobile_radio_site,ANFR Open Data,PUBLIC_DECLARATION
anfr-3118089,3118089,48.846111111111114,2.2780555555555555,,4  EMILE ZOLA,,,75015,75115,"27,9",SFR,3G | 4G | 5G,5G NR 3500 | LTE 1800 | LTE 2100 | LTE 2600 | LTE 700 | LTE 800 | UMTS 900,Projet approuvé,0752703474,7,mobile_radio_site,ANFR Open Data,PUBLIC_DECLARATION
anfr-3288851,3288851,48.84166666666667,2.281388888888889,,169 Rue Saint-Charles,,,75015,75115,25,SFR,3G | 4G | 5G,5G NR 3500 | LTE 1800 | LTE 2100 | LTE 2600 | LTE 700 | LTE 800 | UMTS 900,Projet approuvé,0752703580,7,mobile_radio_site,ANFR Open Data,PUBLIC_DECLARATION
anfr-440156,440156,48.870555555555555,2.2736111111111112,,pl du marechal de lattre de tassigny,UNIVERSITE DAUPHINE,,75116,75116,38,BOUYGUES TELECOM | FREE MOBILE | ORANGE | SFR,2G | 3G | 4G | 5G,5G NR 2100 | 5G NR 3500 | 5G NR 700 | GSM 900 | LTE 1800 | LTE 2100 | LTE 2600 | LTE 700 | LTE 800 | LTE 900 | UMTS 900,En service | Projet approuvé | Techniquement opérationnel,0750990036 | 0752291046 | 0752700061 | 0752750119,33,mobile_radio_site,ANFR Open Data,PUBLIC_DECLARATION
anfr-466435,466435,48.86083333333333,2.2675,,4 ave Raphaël,,,75116,75116,"32,5",BOUYGUES TELECOM | SFR,2G | 3G | 4G | 5G,5G NR 2100 | 5G NR 3500 | GSM 900 | LTE 1800 | LTE 2100 | LTE 2600 | LTE 700 | LTE 800 | UMTS 2100 | UMTS 900,En service | Projet approuvé | Techniquement opérationnel,0752700418 | 0752751348,16,mobile_radio_site,ANFR Open Data,PUBLIC_DECLARATION
anfr-467603,467603,48.842222222222226,2.2647222222222223,,61-63 R Chardon-Lagache,,,75116,75116,"35,8",BOUYGUES TELECOM | FREE MOBILE | ORANGE | SFR,2G | 3G | 4G | 5G,5G NR 2100 | 5G NR 3500 | 5G NR 700 | GSM 900 | LTE 1800 | LTE 2100 | LTE 2600 | LTE 700 | LTE 800 | LTE 900 | UMTS 2100 | UMTS 900,En service | Projet approuvé | Techniquement opérationnel,0750990614 | 0752291045 | 0752700214 | 0752750593,34,mobile_radio_site,ANFR Open Data,PUBLIC_DECLARATION
anfr-505063,505063,48.859722222222224,2.2855555555555553,,12 r benjamin franklin,LYCEE ST LOUIS DE GONZAGUE,,75116,75116,"38,6",BOUYGUES TELECOM | ORANGE | SFR,2G | 3G | 4G | 5G,5G NR 2100 | 5G NR 3500 | 5G NR 700 | GSM 900 | LTE 1800 | LTE 2100 | LTE 2600 | LTE 700 | LTE 800 | UMTS 900,En service | Projet approuvé | Techniquement opérationnel,0752291415 | 0752700152 | 0752750038,27,mobile_radio_site,ANFR Open Data,PUBLIC_DECLARATION
anfr-521102,521102,48.84055555555556,2.2536111111111112,,AV DU PARC DES PRINCES,TUNNEL BP SS PARC DES PRINCES,,75016,75116,7,BOUYGUES TELECOM,3G | 4G,LTE 1800 | LTE 800 | UMTS 900,En service,0752751506,3,mobile_radio_site,ANFR Open Data,PUBLIC_DECLARATION
anfr-527610,527610,48.85777777777778,2.2655555555555558,,31 bis BD SUCHET,,,75116,75116,"33,9",BOUYGUES TELECOM,2G | 3G | 4G | 5G,5G NR 2100 | 5G NR 3500 | GSM 900 | LTE 1800 | LTE 2100 | LTE 2600 | LTE 700 | LTE 800 | UMTS 900,En service | Techniquement opérationnel,0752750361,9,mobile_radio_site,ANFR Open Data,PUBLIC_DECLARATION
anfr-532342,532342,48.86027777777778,2.291111111111111,,TUNNEL PONT IENA,PL DE VARSOVIE VERD,,75016,75116,6,BOUYGUES TELECOM,3G | 4G,LTE 1800 | UMTS 900,En service,0752751498,2,mobile_radio_site,ANFR Open Data,PUBLIC_DECLARATION
anfr-539055,539055,48.86833333333333,2.2783333333333333,,1 R CHARLES LAMOUREUX,,,75116,75116,"32,2",BOUYGUES TELECOM | ORANGE,2G | 3G | 4G | 5G,5G NR 2100 | 5G NR 3500 | GSM 900 | LTE 1800 | LTE 2100 | LTE 2600 | LTE 700 | LTE 800 | UMTS 900,En service | Techniquement opérationnel,0752291526 | 0752750096,13,mobile_radio_site,ANFR Open Data,PUBLIC_DECLARATION
anfr-540168,540168,48.87222222222222,2.2905555555555552,,28-32 AV VICTOR HUGO,,,75116,75116,31,BOUYGUES TELECOM,3G | 4G | 5G,5G NR 2100 | 5G NR 3500 | LTE 1800 | LTE 2100 | LTE 2600 | LTE 700 | LTE 800 | UMTS 900,En service | Techniquement opérationnel,0752750830,8,mobile_radio_site,ANFR Open Data,PUBLIC_DECLARATION
anfr-551763,551763,48.84583333333334,2.2644444444444445,,22 R BOILEAU,,,75116,75116,36,BOUYGUES TELECOM,4G | 5G,5G NR 2100 | 5G NR 3500 | LTE 1800 | LTE 2100 | LTE 2600 | LTE 700 | LTE 800,En service | Projet approuvé | Techniquement opérationnel,0752750417,7,mobile_radio_site,ANFR Open Data,PUBLIC_DECLARATION
anfr-584757,584757,48.83861111111111,2.2580555555555555,,8 pl de la porte de st cloud,,,75116,75116,37,BOUYGUES TELECOM | SFR,2G | 3G | 4G | 5G,5G NR 2100 | 5G NR 3500 | GSM 900 | LTE 1800 | LTE 2100 | LTE 2600 | LTE 700 | LTE 800 | UMTS 900,En service | Techniquement opérationnel,0752700128 | 0752750070,16,mobile_radio_site,ANFR Open Data,PUBLIC_DECLARATION
anfr-589339,589339,48.871944444444445,2.2844444444444445,,41 AV FOCH,,,75116,75116,"32,1",BOUYGUES TELECOM | ORANGE | SFR,2G | 3G | 4G | 5G,5G NR 2100 | 5G NR 3500 | 5G NR 700 | GSM 900 | LTE 1800 | LTE 2100 | LTE 2600 | LTE 700 | LTE 800 | UMTS 2100 | UMTS 900,En service | Projet approuvé,0752291537 | 0752700377 | 0752751145,21,mobile_radio_site,ANFR Open Data,PUBLIC_DECLARATION
anfr-619842,619842,48.85472222222222,2.268333333333333,,"51, 55 R DE L'ASSOMPTION",,,75116,75116,38,BOUYGUES TELECOM | SFR,2G | 3G | 4G | 5G,5G NR 2100 | 5G NR 3500 | GSM 900 | LTE 1800 | LTE 2100 | LTE 2600 | LTE 700 | LTE 800 | UMTS 900,En service | Projet approuvé | Techniquement opérationnel,0752700093 | 0752750147,17,mobile_radio_site,ANFR Open Data,PUBLIC_DECLARATION
anfr-707934,707934,48.86638888888889,2.281111111111111,,"104, 108 R DE LONGCHAMPS",,,75116,75116,29,BOUYGUES TELECOM,2G | 3G | 4G | 5G,5G NR 2100 | 5G NR 3500 | GSM 900 | LTE 1800 | LTE 2100 | LTE 2600 | LTE 700 | LTE 800 | UMTS 900,En service | Techniquement opérationnel,0752750810,9,mobile_radio_site,ANFR Open Data,PUBLIC_DECLARATION
anfr-739749,739749,48.84527777777778,2.2725,,92 quai Louis Blériot,,,75116,75116,38,BOUYGUES TELECOM | FREE MOBILE | ORANGE,2G | 3G | 4G | 5G,5G NR 2100 | 5G NR 3500 | 5G NR 700 | GSM 900 | LTE 1800 | LTE 2100 | LTE 2600 | LTE 700 | LTE 800 | LTE 900 | UMTS 900,En service | Techniquement opérationnel,0750990163 | 0752290271 | 0752750872,25,mobile_radio_site,ANFR Open Data,PUBLIC_DECLARATION
anfr-739760,739760,48.86944444444445,2.290277777777778,,"61, r  Lauriston",,,75116,75116,31,BOUYGUES TELECOM | SFR,2G | 3G | 4G,GSM 900 | LTE 1800 | LTE 2100 | LTE 2600 | LTE 800 | UMTS 900,En service | Projet approuvé,0752700180 | 0752750920,8,mobile_radio_site,ANFR Open Data,PUBLIC_DECLARATION
anfr-744270,744270,48.87083333333334,2.2877777777777775,,54 AV VICTOR HUGO,,,75116,75116,29,BOUYGUES TELECOM,2G | 4G | 5G,5G NR 2100 | 5G NR 3500 | GSM 900 | LTE 1800 | LTE 2100 | LTE 2600 | LTE 700 | LTE 800,En service | Techniquement opérationnel,0752750155,8,mobile_radio_site,ANFR Open Data,PUBLIC_DECLARATION
anfr-784465,784465,48.865,2.2716666666666665,,"7, 9 BD FLANDRIN",,,75116,75116,38,BOUYGUES TELECOM,2G | 3G | 4G | 5G,5G NR 2100 | 5G NR 3500 | GSM 900 | LTE 1800 | LTE 2100 | LTE 2600 | LTE 700 | LTE 800 | UMTS 900,En service | Techniquement opérationnel,0752750626,9,mobile_radio_site,ANFR Open Data,PUBLIC_DECLARATION
anfr-798537,798537,48.86388888888889,2.289722222222222,,38 AV DU PRESIDENT WILSON,,,75116,75116,33,BOUYGUES TELECOM,3G | 4G | 5G,5G NR 2100 | 5G NR 3500 | LTE 1800 | LTE 2100 | LTE 2600 | LTE 700 | LTE 800 | UMTS 900,En service | Techniquement opérationnel,0752750630,8,mobile_radio_site,ANFR Open Data,PUBLIC_DECLARATION
anfr-814261,814261,48.85583333333334,2.277222222222222,,5 r Alfred Bruneau,,,75116,75116,"36,7",BOUYGUES TELECOM | FREE MOBILE | ORANGE,2G | 3G | 4G | 5G,5G NR 2100 | 5G NR 3500 | 5G NR 700 | GSM 900 | LTE 1800 | LTE 2100 | LTE 2600 | LTE 700 | LTE 800 | LTE 900 | UMTS 900,En service | Techniquement opérationnel,0750990307 | 0752290338 | 0752750344,24,mobile_radio_site,ANFR Open Data,PUBLIC_DECLARATION
anfr-814322,814322,48.86472222222223,2.2880555555555553,,112-114 av kléber,,,75116,75116,37,BOUYGUES TELECOM | FREE MOBILE | ORANGE | SFR,2G | 3G | 4G | 5G,5G NR 2100 | 5G NR 3500 | 5G NR 700 | GSM 900 | LTE 1800 | LTE 2100 | LTE 2600 | LTE 700 | LTE 800 | LTE 900 | UMTS 2100 | UMTS 900,En service | Projet approuvé | Techniquement opérationnel,0750990659 | 0752291590 | 0752700153 | 0752751639,34,mobile_radio_site,ANFR Open Data,PUBLIC_DECLARATION
anfr-833743,833743,48.852222222222224,2.254722222222222,,ALL DES FORTIFICATIONS,HYPPODROME D'AUTEUIL,,75116,75116,34,BOUYGUES TELECOM | SFR,2G | 3G | 4G | 5G,5G NR 2100 | 5G NR 3500 | GSM 900 | LTE 1800 | LTE 2100 | LTE 2600 | LTE 700 | LTE 800 | UMTS 900,En service | Techniquement opérationnel,0752700039 | 0752751471,18,mobile_radio_site,ANFR Open Data,PUBLIC_DECLARATION
anfr-834197,834197,48.85916666666667,2.2808333333333333,,4 IMP VILLA EUGENE MANUEL,,,75116,75116,37,BOUYGUES TELECOM,2G | 3G | 4G | 5G,5G NR 2100 | 5G NR 3500 | GSM 900 | LTE 1800 | LTE 2100 | LTE 2600 | LTE 700 | LTE 800 | UMTS 900,En service | Techniquement opérationnel,0752750437,9,mobile_radio_site,ANFR Open Data,PUBLIC_DECLARATION
anfr-834243,834243,48.83555555555556,2.261388888888889,,8 R DE LA PETITE ARCHE,,,75116,75116,"31,5",BOUYGUES TELECOM,3G | 4G | 5G,5G NR 2100 | LTE 1800 | LTE 2100 | LTE 2600 | LTE 700 | LTE 800 | UMTS 900,En service | Techniquement opérationnel,0752750594,7,mobile_radio_site,ANFR Open Data,PUBLIC_DECLARATION
anfr-834250,834250,48.839444444444446,2.2644444444444445,,6 r daumier,,,75116,75116,"33,6",BOUYGUES TELECOM,2G | 4G | 5G,5G NR 2100 | 5G NR 3500 | GSM 900 | LTE 1800 | LTE 2100 | LTE 2600 | LTE 700 | LTE 800,En service | Projet approuvé | Techniquement opérationnel,0752750658,8,mobile_radio_site,ANFR Open Data,PUBLIC_DECLARATION
anfr-834346,834346,48.868611111111115,2.297222222222222,,14 R DE BASSANO,,,75116,75116,31,BOUYGUES TELECOM,3G | 4G | 5G,5G NR 2100 | 5G NR 3500 | LTE 1800 | LTE 2100 | LTE 2600 | LTE 700 | LTE 800 | UMTS 900,En service | Techniquement opérationnel,0752750824,8,mobile_radio_site,ANFR Open Data,PUBLIC_DECLARATION
anfr-834348,834348,48.85027777777778,2.2755555555555556,,"2, 4 ,6 R BLUMENTHAL",,,75116,75116,35,BOUYGUES TELECOM,3G | 4G | 5G,5G NR 2100 | 5G NR 3500 | LTE 1800 | LTE 2100 | LTE 2600 | LTE 700 | LTE 800 | UMTS 900,En service | Techniquement opérationnel,0752750860,8,mobile_radio_site,ANFR Open Data,PUBLIC_DECLARATION
anfr-962876,962876,48.86361111111111,2.266111111111111,,Tunnel Porte de la Muette,Bd Periphérique,,75016,75116,9,BOUYGUES TELECOM,2G | 3G | 4G,GSM 1800 | LTE 1800 | UMTS 900,En service,0752751652,3,mobile_radio_site,ANFR Open Data,PUBLIC_DECLARATION
anfr-1186283,1186283,48.86694444444444,2.292222222222222,,"17, rue Hamelin",,,75116,75116,28,BOUYGUES TELECOM | FREE MOBILE | ORANGE | SFR,2G | 3G | 4G | 5G,5G NR 2100 | 5G NR 3500 | 5G NR 700 | GSM 900 | LTE 1800 | LTE 2100 | LTE 2600 | LTE 700 | LTE 800 | LTE 900 | UMTS 2100 | UMTS 900,En service | Projet approuvé | Techniquement opérationnel,0750990783 | 0752291327 | 0752701315 | 0752752015,25,mobile_radio_site,ANFR Open Data,PUBLIC_DECLARATION
anfr-1331763,1331763,48.84277777777778,2.258888888888889,,7 R GENERAL DELESTRAINT,,,75016,75116,29,BOUYGUES TELECOM,3G | 4G | 5G,5G NR 2100 | 5G NR 3500 | LTE 1800 | LTE 2100 | LTE 2600 | LTE 700 | LTE 800 | UMTS 900,En service | Techniquement opérationnel,0752751691,8,mobile_radio_site,ANFR Open Data,PUBLIC_DECLARATION
anfr-1344862,1344862,48.848888888888894,2.2733333333333334,,30 R FELICIEN DAVID,,,75116,75116,36,BOUYGUES TELECOM | FREE MOBILE | ORANGE,3G | 4G | 5G,5G NR 2100 | 5G NR 3500 | 5G NR 700 | LTE 1800 | LTE 2100 | LTE 2600 | LTE 700 | LTE 800 | LTE 900 | UMTS 900,En service | Techniquement opérationnel,0750990668 | 0752291536 | 0752751700,23,mobile_radio_site,ANFR Open Data,PUBLIC_DECLARATION
anfr-1381494,1381494,48.861666666666665,2.278611111111111,,86 R DE LA TOUR,,,75116,75116,28,BOUYGUES TELECOM | FREE MOBILE | ORANGE,3G | 4G | 5G,5G NR 2100 | 5G NR 3500 | 5G NR 700 | LTE 1800 | LTE 2100 | LTE 2600 | LTE 700 | LTE 800 | LTE 900 | UMTS 900,En service | Projet approuvé | Techniquement opérationnel,0750990608 | 0752291417 | 0752751723,23,mobile_radio_site,ANFR Open Data,PUBLIC_DECLARATION
anfr-1413361,1413361,48.87,2.2966666666666664,,38/40 r de galilée,,,75116,75116,"29,3",BOUYGUES TELECOM | ORANGE,3G | 4G | 5G,5G NR 2100 | 5G NR 3500 | 5G NR 700 | LTE 1800 | LTE 2100 | LTE 2600 | LTE 700 | LTE 800 | UMTS 2100 | UMTS 900,En service | Techniquement opérationnel,0752290377 | 0752751966,16,mobile_radio_site,ANFR Open Data,PUBLIC_DECLARATION
anfr-1419199,1419199,48.85194444444445,2.269722222222222,,3 R ANDRE COLLEDEBOEUF,,,75016,75116,31,BOUYGUES TELECOM,3G | 4G | 5G,5G NR 2100 | 5G NR 3500 | LTE 1800 | LTE 2600 | LTE 700 | LTE 800 | UMTS 900,En service | Projet approuvé,0752751968,7,mobile_radio_site,ANFR Open Data,PUBLIC_DECLARATION
anfr-1434128,1434128,48.85194444444445,2.277222222222222,,9 TER R BOULAINVILLIERS,,,75116,75116,"31,7",BOUYGUES TELECOM,4G | 5G,5G NR 2100 | 5G NR 3500 | LTE 1800 | LTE 2100 | LTE 2600 | LTE 700 | LTE 800,En service | Techniquement opérationnel,0752751979,7,mobile_radio_site,ANFR Open Data,PUBLIC_DECLARATION
anfr-1438689,1438689,48.85638888888889,2.274722222222222,,Rue des Vignes,,,75016,75116,"6,6",BOUYGUES TELECOM | SFR,2G | 3G | 4G,GSM 900 | LTE 1800 | LTE 2100 | LTE 2600 | LTE 800 | UMTS 900,En service,0752703484 | 0752752948,11,mobile_radio_site,ANFR Open Data,PUBLIC_DECLARATION
anfr-1438691,1438691,48.858333333333334,2.2744444444444443,,Rue François Ponsard,,,75016,75116,"6,5",BOUYGUES TELECOM | SFR,2G | 3G | 4G,GSM 900 | LTE 1800 | LTE 2100 | LTE 2600 | LTE 800 | UMTS 900,En service,0752703485 | 0752752949,11,mobile_radio_site,ANFR Open Data,PUBLIC_DECLARATION
anfr-1438693,1438693,48.86277777777778,2.272777777777778,,Boulevard Jules Sandeau,,,75016,75116,"5,4",BOUYGUES TELECOM | SFR,2G | 3G | 4G,GSM 900 | LTE 1800 | LTE 2100 | LTE 2600 | LTE 800 | UMTS 900,En service,0752703486 | 0752752950,11,mobile_radio_site,ANFR Open Data,PUBLIC_DECLARATION
anfr-1438695,1438695,48.865,2.2725,,Boulevard Flandrin,,,75016,75116,"5,5",BOUYGUES TELECOM | SFR,2G | 3G | 4G,GSM 900 | LTE 1800 | LTE 2100 | LTE 2600 | LTE 800 | UMTS 900,En service,0752703487 | 0752752951,11,mobile_radio_site,ANFR Open Data,PUBLIC_DECLARATION
anfr-1438697,1438697,48.86694444444444,2.2725,,Boulevard Flandrin,,,75016,75116,"5,2",BOUYGUES TELECOM | SFR,2G | 3G | 4G,GSM 900 | LTE 1800 | LTE 2100 | LTE 2600 | LTE 800 | UMTS 900,En service,0752703489 | 0752752953,11,mobile_radio_site,ANFR Open Data,PUBLIC_DECLARATION
anfr-1438701,1438701,48.87555555555556,2.28,,Boulevard de l'Amiral Bruix,,,75016,75116,"5,1",BOUYGUES TELECOM | SFR,2G | 3G | 4G,GSM 900 | LTE 1800 | LTE 2100 | LTE 2600 | LTE 800 | UMTS 900,En service,0752703492 | 0752752954,11,mobile_radio_site,ANFR Open Data,PUBLIC_DECLARATION
anfr-1439084,1439084,48.855000000000004,2.277222222222222,,Rue des Vignes,,,75016,75116,"6,3",BOUYGUES TELECOM | SFR,2G | 3G | 4G,GSM 900 | LTE 1800 | LTE 2100 | LTE 2600 | LTE 800 | UMTS 900,En service,0752703483 | 0752752947,11,mobile_radio_site,ANFR Open Data,PUBLIC_DECLARATION
anfr-1448882,1448882,48.87361111111111,2.2852777777777775,,48 AV FOCH,,,75116,75116,36,BOUYGUES TELECOM | ORANGE,3G | 4G | 5G,5G NR 2100 | 5G NR 3500 | 5G NR 700 | LTE 1800 | LTE 2100 | LTE 2600 | LTE 700 | LTE 800 | UMTS 900,En service | Techniquement opérationnel,0752290305 | 0752751969,15,mobile_radio_site,ANFR Open Data,PUBLIC_DECLARATION
anfr-1468883,1468883,48.871944444444445,2.2736111111111112,,BD PÉRIPH - PTE DAUPHINE,,,75116,75116,7,BOUYGUES TELECOM | ORANGE,2G | 3G | 4G,GSM 1800 | GSM 900 | LTE 1800 | LTE 2100 | LTE 800 | UMTS 900,En service,0752291148 | 0752752007,8,mobile_radio_site,ANFR Open Data,PUBLIC_DECLARATION
anfr-1475874,1475874,48.84777777777778,2.263333333333333,,57-59 rue d'Auteuil,,,75116,75116,36,BOUYGUES TELECOM | FREE MOBILE,3G | 4G | 5G,5G NR 2100 | 5G NR 3500 | 5G NR 700 | LTE 1800 | LTE 2100 | LTE 2600 | LTE 700 | LTE 800 | LTE 900 | UMTS 900,En service | Projet approuvé | Techniquement opérationnel,0750990181 | 0752750383,15,mobile_radio_site,ANFR Open Data,PUBLIC_DECLARATION
anfr-1482536,1482536,48.864444444444445,2.2558333333333334,Croix-Catélan,Chemin de la Croix Catelan,RACING CLUB DE FRANCE,Lagardère Paris Racing,75116,75116,12,BOUYGUES TELECOM | FREE MOBILE | ORANGE,3G | 4G | 5G,5G NR 3500 | 5G NR 700 | LTE 1800 | LTE 2100 | LTE 2600 | LTE 700 | LTE 800 | LTE 900 | UMTS 900,En service | Techniquement opérationnel,0750990662 | 0752292626 | 0752750392,13,mobile_radio_site,ANFR Open Data,PUBLIC_DECLARATION
anfr-1486395,1486395,48.84305555555556,2.2555555555555555,,37 AV DU GENERAL SARRAIL,,,75016,75116,"30,1",BOUYGUES TELECOM,3G | 4G | 5G,5G NR 2100 | 5G NR 3500 | LTE 1800 | LTE 2600 | LTE 700 | LTE 800 | UMTS 900,En service | Projet approuvé | Techniquement opérationnel,0752752016,7,mobile_radio_site,ANFR Open Data,PUBLIC_DECLARATION
anfr-1506060,1506060,48.87694444444445,2.283333333333333,,avenue de Malakoff,,,75016,75116,"5,6",BOUYGUES TELECOM | SFR,2G | 3G | 4G,GSM 900 | LTE 1800 | LTE 2100 | LTE 2600 | LTE 800 | UMTS 900,En service,0752703493 | 0752752955,11,mobile_radio_site,ANFR Open Data,PUBLIC_DECLARATION
anfr-1547284,1547284,48.85638888888889,2.2808333333333333,,7 AV ALPHONSE XIII,,,75016,75116,30,BOUYGUES TELECOM,3G | 4G | 5G,5G NR 2100 | 5G NR 3500 | LTE 1800 | LTE 2100 | LTE 2600 | LTE 700 | LTE 800 | UMTS 900,En service | Projet approuvé | Techniquement opérationnel,0752752067,8,mobile_radio_site,ANFR Open Data,PUBLIC_DECLARATION
anfr-1570724,1570724,48.87583333333333,2.289722222222222,METRO ARGENTINE,Av de la Grande Armée,STATION RATP PARIS METRO ARGENTINE,,75116,75116,1,BOUYGUES TELECOM | ORANGE | SFR,3G | 4G,LTE 1800 | LTE 2100 | LTE 2600 | LTE 700 | LTE 800 | UMTS 2100 | UMTS 900,En service,0752292017 | 0752701419 | 0752751982,18,mobile_radio_site,ANFR Open Data,PUBLIC_DECLARATION
anfr-1597494,1597494,48.86555555555556,2.252222222222222,Le Pré Catelan,1 rte de Suresne,,,75016,75116,"13,9",BOUYGUES TELECOM,4G,LTE 1800,En service,0752752089,1,mobile_radio_site,ANFR Open Data,PUBLIC_DECLARATION
anfr-1609155,1609155,48.870555555555555,2.279166666666667,,7 PL DU CHANCELIER ADENAUER,,,75016,75116,"43,5",BOUYGUES TELECOM,2G | 4G,GSM 1800 | LTE 1800,En service,0752752088,2,mobile_radio_site,ANFR Open Data,PUBLIC_DECLARATION
anfr-1661200,1661200,48.87111111111111,2.2766666666666664,METRO PORTE DAUPHINE,81 AVENUE FOCH,,,75116,75116,0,BOUYGUES TELECOM,3G | 4G,LTE 1800 | LTE 2100 | LTE 2600 | LTE 700 | LTE 800 | UMTS 900,En service,0752751189,6,mobile_radio_site,ANFR Open Data,PUBLIC_DECLARATION
anfr-1808700,1808700,48.848333333333336,2.2425,Ambroise Paré,Tunnel A 13,porte de boulogne vers paris,,75116,75116,9,BOUYGUES TELECOM | ORANGE | SFR,2G | 3G | 4G,GSM 900 | LTE 1800 | LTE 2100 | LTE 800 | UMTS 900,En service | Projet approuvé,0752291215 | 0752702691 | 0752752472,13,mobile_radio_site,ANFR Open Data,PUBLIC_DECLARATION
anfr-1886042,1886042,48.84111111111111,2.2680555555555557,,2 r Van Loo,,,75116,75116,"33,3",BOUYGUES TELECOM | FREE MOBILE,4G | 5G,5G NR 2100 | 5G NR 3500 | 5G NR 700 | LTE 1800 | LTE 2100 | LTE 2600 | LTE 700 | LTE 800 | LTE 900,En service | Techniquement opérationnel,0750990557 | 0752751606,14,mobile_radio_site,ANFR Open Data,PUBLIC_DECLARATION
anfr-1921794,1921794,48.83916666666667,2.2602777777777776,,198-200 AVENUE VERSAILLES,,,75016,75116,"26,9",BOUYGUES TELECOM,3G | 4G | 5G,5G NR 2100 | LTE 1800 | LTE 2100 | LTE 2600 | LTE 700 | LTE 800 | UMTS 900,En service | Techniquement opérationnel,0752752171,7,mobile_radio_site,ANFR Open Data,PUBLIC_DECLARATION
anfr-1954647,1954647,48.86833333333333,2.2841666666666667,,12 RUE MESNIL,,,75116,75116,34,BOUYGUES TELECOM | FREE MOBILE,3G | 4G | 5G,5G NR 2100 | 5G NR 3500 | 5G NR 700 | LTE 1800 | LTE 2100 | LTE 2600 | LTE 700 | LTE 800 | LTE 900 | UMTS 900,En service | Techniquement opérationnel,0750990607 | 0752752045,14,mobile_radio_site,ANFR Open Data,PUBLIC_DECLARATION
anfr-1955925,1955925,48.85722222222223,2.2730555555555556,,15 AV MOZART,,,75116,75116,31,BOUYGUES TELECOM | FREE MOBILE,2G | 3G | 4G | 5G,5G NR 2100 | 5G NR 3500 | 5G NR 700 | GSM 900 | LTE 1800 | LTE 2100 | LTE 2600 | LTE 700 | LTE 800 | LTE 900 | UMTS 900,En service | Techniquement opérationnel,0750990278 | 0752752159,16,mobile_radio_site,ANFR Open Data,PUBLIC_DECLARATION
anfr-1960172,1960172,48.84861111111111,2.2680555555555557,,16 RUE LECONTE DE LISLE,,,75116,75116,33,BOUYGUES TELECOM | FREE MOBILE,4G | 5G,5G NR 2100 | 5G NR 3500 | 5G NR 700 | LTE 1800 | LTE 2100 | LTE 2600 | LTE 700 | LTE 800 | LTE 900,En service | Projet approuvé | Techniquement opérationnel,0750990602 | 0752750554,14,mobile_radio_site,ANFR Open Data,PUBLIC_DECLARATION
anfr-2008516,2008516,48.86416666666667,2.301111111111111,METRO ALMA-MARCEAU,1 PLACE DE L'ALMA,,,75116,75116,0,BOUYGUES TELECOM | FREE MOBILE | ORANGE | SFR,2G | 3G | 4G,GSM 900 | LTE 1800 | LTE 2100 | LTE 2600 | LTE 700 | LTE 800 | UMTS 900,En service,0750990634 | 0752292153 | 0752702326 | 0752752731,20,mobile_radio_site,ANFR Open Data,PUBLIC_DECLARATION
anfr-2027104,2027104,48.87388888888889,2.281111111111111,,3 R MARBEAU,,,75016,75116,30,BOUYGUES TELECOM,2G | 3G | 4G | 5G,5G NR 2100 | GSM 900 | LTE 1800 | LTE 2100 | LTE 2600 | LTE 700 | LTE 800 | UMTS 900,En service | Projet approuvé | Techniquement opérationnel,0752752224,8,mobile_radio_site,ANFR Open Data,PUBLIC_DECLARATION
anfr-2028208,2028208,48.853611111111114,2.2777777777777777,,26 RUE DE RANELAGH,,,75116,75116,"33,5",BOUYGUES TELECOM | FREE MOBILE,4G | 5G,5G NR 2100 | 5G NR 3500 | 5G NR 700 | LTE 1800 | LTE 2100 | LTE 2600 | LTE 700 | LTE 800 | LTE 900,En service | Projet approuvé | Techniquement opérationnel,0750990646 | 0752751084,12,mobile_radio_site,ANFR Open Data,PUBLIC_DECLARATION
anfr-2030303,2030303,48.845,2.266388888888889,Metro CHARDON LAGACHEL10,Rue Molitor angle rue Chardon  Lagache,,,75116,75116,0,BOUYGUES TELECOM | FREE MOBILE | ORANGE | SFR,2G | 3G | 4G,GSM 1800 | GSM 900 | LTE 1800 | LTE 900 | UMTS 900,En service | Projet approuvé,0750990728 | 0752292083 | 0752702403 | 0752752600,10,mobile_radio_site,ANFR Open Data,PUBLIC_DECLARATION
anfr-2030307,2030307,48.86416666666667,2.2777777777777777,Métro RUE DE LA POMPE L9,Av Georges Mandel angle Rue de la Pompe,,,75116,75116,0,BOUYGUES TELECOM | FREE MOBILE | ORANGE | SFR,3G | 4G,LTE 1800 | LTE 2100 | LTE 2600 | LTE 700 | LTE 800 | UMTS 900,En service,0750990711 | 0752292089 | 0752702329 | 0752752712,19,mobile_radio_site,ANFR Open Data,PUBLIC_DECLARATION
anfr-2030311,2030311,48.84777777777778,2.2644444444444445,métro MICHEL ANGE AUTEUIL,Rue Michel-Ange angle rue d'Autheuil,,,75116,75116,0,BOUYGUES TELECOM | FREE MOBILE | ORANGE | SFR,2G | 3G | 4G,GSM 900 | LTE 1800 | LTE 2100 | LTE 2600 | LTE 700 | LTE 800 | UMTS 900,En service,0750990708 | 0752292091 | 0752702377 | 0752752770,16,mobile_radio_site,ANFR Open Data,PUBLIC_DECLARATION
anfr-2082397,2082397,48.865833333333335,2.2849999999999997,,120 R LAURISTON - RIVP,,,75016,75116,32,BOUYGUES TELECOM,2G | 3G | 4G | 5G,5G NR 2100 | 5G NR 3500 | GSM 900 | LTE 1800 | LTE 2100 | LTE 2600 | LTE 700 | LTE 800 | UMTS 900,En service | Projet approuvé,0752752270,9,mobile_radio_site,ANFR Open Data,PUBLIC_DECLARATION
anfr-2083755,2083755,48.863055555555555,2.2869444444444444,Métro TROCADERO L6 L9,"Place du Trocadéro et du Onze Novembre, angle du 2 av. Ray",,,75116,75116,0,BOUYGUES TELECOM | FREE MOBILE | ORANGE | SFR,2G | 3G | 4G,GSM 1800 | GSM 900 | LTE 1800 | LTE 2100 | LTE 2600 | LTE 800 | LTE 900 | UMTS 900,En service | Projet approuvé,0750990879 | 0752292195 | 0752702384 | 0752752844,17,mobile_radio_site,ANFR Open Data,PUBLIC_DECLARATION
anfr-2092811,2092811,48.86805555555556,2.2905555555555552,,66 AVENUE KLEBER,,,75016,75116,"28,6",BOUYGUES TELECOM,2G | 3G | 4G | 5G,5G NR 2100 | GSM 900 | LTE 1800 | LTE 2100 | LTE 2600 | LTE 700 | LTE 800 | UMTS 900,En service | Techniquement opérationnel,0752752286,8,mobile_radio_site,ANFR Open Data,PUBLIC_DECLARATION
anfr-2101503,2101503,48.86611111111111,2.2952777777777778,,36 AVENUE D'IENA,,,75116,75116,32,BOUYGUES TELECOM | FREE MOBILE,2G | 3G | 4G | 5G,5G NR 2100 | 5G NR 3500 | 5G NR 700 | GSM 900 | LTE 1800 | LTE 2100 | LTE 2600 | LTE 700 | LTE 800 | LTE 900 | UMTS 900,En service | Techniquement opérationnel,0750990753 | 0752751351,16,mobile_radio_site,ANFR Open Data,PUBLIC_DECLARATION
anfr-2141134,2141134,48.85805555555556,2.2741666666666664,Métro LA MUETTE L9,"A l'angle du 2, avenue  Mozart et du 9 Chaussé de la Muett",,,75116,75116,0,BOUYGUES TELECOM | FREE MOBILE | ORANGE | SFR,3G | 4G,LTE 1800 | LTE 2100 | LTE 2600 | LTE 700 | LTE 800 | UMTS 2100 | UMTS 900,En service | Projet approuvé,0750990868 | 0752292227 | 0752702030 | 0752752721,20,mobile_radio_site,ANFR Open Data,PUBLIC_DECLARATION
anfr-2210718,2210718,48.86805555555556,2.285833333333333,,64B AV RAYMOND POINCARE,,,75016,75116,"30,5",BOUYGUES TELECOM,4G | 5G,5G NR 2100 | 5G NR 3500 | LTE 1800 | LTE 2100 | LTE 2600 | LTE 700 | LTE 800,En service | Techniquement opérationnel,0752752443,7,mobile_radio_site,ANFR Open Data,PUBLIC_DECLARATION
anfr-2228158,2228158,48.84916666666667,2.2597222222222224,,99 BOULEVARD SUCHET,,,75016,75116,34,BOUYGUES TELECOM,3G | 4G | 5G,5G NR 2100 | 5G NR 3500 | LTE 1800 | LTE 2100 | LTE 2600 | LTE 700 | LTE 800 | UMTS 900,En service | Techniquement opérationnel,0752752481,8,mobile_radio_site,ANFR Open Data,PUBLIC_DECLARATION
anfr-2276250,2276250,48.84277777777778,2.26,METRO L9 EXELMANS,69 R MICHEL ANGE,,,75116,75116,1,BOUYGUES TELECOM,3G | 4G,LTE 1800 | UMTS 900,En service,0752752613,2,mobile_radio_site,ANFR Open Data,PUBLIC_DECLARATION
anfr-2290841,2290841,48.864444444444445,2.293611111111111,METRO IENA L9,5 PLACE D IENA,,,75116,75116,0,BOUYGUES TELECOM | FREE MOBILE | ORANGE | SFR,3G | 4G,LTE 1800 | LTE 2100 | LTE 2600 | LTE 700 | LTE 800 | UMTS 900,En service,0750990867 | 0752292180 | 0752701997 | 0752752722,19,mobile_radio_site,ANFR Open Data,PUBLIC_DECLARATION
anfr-2352943,2352943,48.87444444444444,2.2766666666666664,,56 BD DE L AMIRAL BRUIX,,,75016,75116,"27,8",BOUYGUES TELECOM,3G | 4G | 5G,5G NR 2100 | 5G NR 3500 | LTE 1800 | LTE 2100 | LTE 2600 | LTE 700 | LTE 800 | UMTS 900,En service | Techniquement opérationnel,0752752677,8,mobile_radio_site,ANFR Open Data,PUBLIC_DECLARATION
anfr-2413350,2413350,48.86388888888889,2.2680555555555557,,60 BD LANNES/STADE DE LA MUETTE,,,75016,75116,26,BOUYGUES TELECOM,2G | 3G | 4G | 5G,5G NR 2100 | 5G NR 3500 | GSM 900 | LTE 1800 | LTE 2100 | LTE 2600 | LTE 700 | LTE 800 | UMTS 900,En service | Techniquement opérationnel,0752752710,9,mobile_radio_site,ANFR Open Data,PUBLIC_DECLARATION
anfr-2478061,2478061,48.87,2.2780555555555555,,20 R SPONTINI,,,75116,75116,"30,9",BOUYGUES TELECOM | SFR,2G | 3G | 4G | 5G,5G NR 2100 | 5G NR 3500 | GSM 900 | LTE 1800 | LTE 2100 | LTE 2600 | LTE 700 | LTE 800 | UMTS 900,En service | Projet approuvé | Techniquement opérationnel,0752700385 | 0752752743,15,mobile_radio_site,ANFR Open Data,PUBLIC_DECLARATION
anfr-2503896,2503896,48.84583333333334,2.2583333333333333,,23 boulevard Murat,,,75116,75116,33,BOUYGUES TELECOM | FREE MOBILE,2G | 3G | 4G | 5G,5G NR 2100 | 5G NR 3500 | 5G NR 700 | GSM 900 | LTE 1800 | LTE 2100 | LTE 2600 | LTE 700 | LTE 800 | LTE 900 | UMTS 900,En service | Techniquement opérationnel,0750990952 | 0752750625,15,mobile_radio_site,ANFR Open Data,PUBLIC_DECLARATION
anfr-2598183,2598183,48.8525,2.2680555555555557,METRO JASMIN L9,78  AV MOZART,,,75116,75116,1,BOUYGUES TELECOM,2G | 3G | 4G | 5G,5G NR 3500 | GSM 900 | LTE 1800 | LTE 2100 | LTE 2600 | LTE 700 | LTE 800 | UMTS 900,En service | Projet approuvé | Techniquement opérationnel,0752752783,8,mobile_radio_site,ANFR Open Data,PUBLIC_DECLARATION
anfr-2639513,2639513,48.858333333333334,2.2777777777777777,,41 Rue VITAL,,,75016,75116,33,BOUYGUES TELECOM,3G | 4G | 5G,5G NR 2100 | LTE 1800 | LTE 2100 | LTE 2600 | LTE 700 | LTE 800 | UMTS 900,En service | Techniquement opérationnel,0752752792,7,mobile_radio_site,ANFR Open Data,PUBLIC_DECLARATION
anfr-2649382,2649382,48.846944444444446,2.2483333333333335,,2 AV GORDON BENENETT,,,75016,75116,"30,3",BOUYGUES TELECOM,2G | 3G | 4G | 5G,5G NR 2100 | 5G NR 3500 | GSM 900 | LTE 1800 | LTE 2100 | LTE 2600 | LTE 700 | LTE 800 | UMTS 900,En service | Techniquement opérationnel,0752752790,9,mobile_radio_site,ANFR Open Data,PUBLIC_DECLARATION
anfr-2683807,2683807,48.85111111111111,2.265277777777778,,RUE RAFFET,,,75116,75116,31,BOUYGUES TELECOM | FREE MOBILE,3G | 4G | 5G,5G NR 2100 | 5G NR 3500 | 5G NR 700 | LTE 1800 | LTE 2100 | LTE 2600 | LTE 700 | LTE 800 | LTE 900 | UMTS 900,En service | Techniquement opérationnel,0750990985 | 0752750410,15,mobile_radio_site,ANFR Open Data,PUBLIC_DECLARATION
anfr-2728870,2728870,48.85472222222222,2.2824999999999998,,8 AVENUE DE LAMBALLE,,,75116,75116,27,BOUYGUES TELECOM | SFR,2G | 3G | 4G | 5G,5G NR 2100 | 5G NR 3500 | GSM 900 | LTE 1800 | LTE 2100 | LTE 2600 | LTE 700 | LTE 800 | UMTS 900,En service | Projet approuvé | Techniquement opérationnel,0752702854 | 0752751075,17,mobile_radio_site,ANFR Open Data,PUBLIC_DECLARATION
anfr-2823464,2823464,48.853611111111114,2.261111111111111,,25 AV MAL FRANCHET D'ESPEREY,STADE SUCHET,,75016,75116,"24,6",BOUYGUES TELECOM,4G | 5G,5G NR 2100 | 5G NR 3500 | LTE 1800 | LTE 2100 | LTE 2600 | LTE 700 | LTE 800,En service | Techniquement opérationnel,0752752861,7,mobile_radio_site,ANFR Open Data,PUBLIC_DECLARATION
anfr-2836738,2836738,48.84777777777778,2.2463888888888888,Roland garros,Place des Mousquetaires,Cours Suzanne Lenglen,,75116,75116,22,BOUYGUES TELECOM | FREE MOBILE | ORANGE,3G | 4G | 5G,5G NR 3500 | LTE 1800 | LTE 2100 | LTE 2600 | LTE 900 | UMTS 900,En service | Projet approuvé | Techniquement opérationnel,0750991044 | 0752292755 | 0752752866,15,mobile_radio_site,ANFR Open Data,PUBLIC_DECLARATION
anfr-2853263,2853263,48.84777777777778,2.2447222222222223,Stade Roland Garros,61 av de la Porte d Auteuil,2 Av Gordon Bennett,Bâtiment d'accueil des joueurs,75116,75116,"12,8",BOUYGUES TELECOM | FREE MOBILE | ORANGE | SFR,2G | 3G | 4G | 5G,5G NR 2100 | 5G NR 3500 | 5G NR 700 | GSM 900 | LTE 1800 | LTE 2100 | LTE 2600 | LTE 700 | LTE 800 | LTE 900 | UMTS 900,En service | Projet approuvé | Techniquement opérationnel,0750991029 | 0752292750 | 0752702927 | 0752752872,30,mobile_radio_site,ANFR Open Data,PUBLIC_DECLARATION
anfr-2870706,2870706,48.86277777777778,2.2827777777777776,,6 Square du Trocadéro,,,75116,75116,35,BOUYGUES TELECOM | FREE MOBILE | SFR,4G | 5G,5G NR 2100 | 5G NR 3500 | 5G NR 700 | LTE 1800 | LTE 2100 | LTE 2600 | LTE 700 | LTE 800 | LTE 900,En service | Projet approuvé | Techniquement opérationnel,0750991100 | 0752702936 | 0752752087,20,mobile_radio_site,ANFR Open Data,PUBLIC_DECLARATION
anfr-2894023,2894023,48.83527777777778,2.256111111111111,,82 AV GEORGES LAFONT,Stade Pierre de Coubertin,,75016,75116,"11,3",BOUYGUES TELECOM | FREE MOBILE | SFR,3G | 4G | 5G,5G NR 3500 | LTE 1800 | LTE 2100 | LTE 2600 | LTE 800 | LTE 900 | UMTS 900,En service | Projet approuvé | Techniquement opérationnel,0750991067 | 0752703577 | 0752752868,16,mobile_radio_site,ANFR Open Data,PUBLIC_DECLARATION
anfr-2917009,2917009,48.84111111111111,2.253888888888889,,20 Avenue du PARC DES PRINCES,PARC DES PRINCES,Tribune EST // PARIS,75016,75116,"37,9",BOUYGUES TELECOM | FREE MOBILE | ORANGE | SFR,3G | 4G | 5G,5G NR 3500 | LTE 1800 | LTE 2100 | LTE 2600 | LTE 900 | UMTS 900,En service | Techniquement opérationnel,0750991089 | 0752292824 | 0752703333 | 0752752888,20,mobile_radio_site,ANFR Open Data,PUBLIC_DECLARATION
anfr-2917011,2917011,48.840833333333336,2.252222222222222,,16 Rue du Commandant Guilbaud,PARC DES PRINCES,Tribune SUD //Boulogne,75016,75116,"37,9",BOUYGUES TELECOM | FREE MOBILE | ORANGE | SFR,3G | 4G | 5G,5G NR 3500 | LTE 1800 | LTE 2100 | LTE 2600 | LTE 900 | UMTS 900,En service | Techniquement opérationnel,0750991088 | 0752292823 | 0752703331 | 0752752887,20,mobile_radio_site,ANFR Open Data,PUBLIC_DECLARATION
anfr-2917013,2917013,48.841944444444444,2.252222222222222,,19 rue Claude Farrere,PARC DES PRINCES,Tribune OUEST // Tribune Boreli,75016,75116,"36,9",BOUYGUES TELECOM | FREE MOBILE | ORANGE | SFR,3G | 4G | 5G,5G NR 3500 | LTE 1800 | LTE 2100 | LTE 2600 | LTE 900 | UMTS 900,En service | Techniquement opérationnel,0750991087 | 0752292829 | 0752703332 | 0752752886,20,mobile_radio_site,ANFR Open Data,PUBLIC_DECLARATION
anfr-2917015,2917015,48.842222222222226,2.253888888888889,,14 Avenue du PARC DES PRINCES,PARC DES PRINCES,Tribune Nord // Auteuil,75016,75116,"37,9",BOUYGUES TELECOM | FREE MOBILE | ORANGE | SFR,3G | 4G | 5G,5G NR 3500 | LTE 1800 | LTE 2100 | LTE 2600 | LTE 900 | UMTS 900,En service | Techniquement opérationnel,0750991086 | 0752292821 | 0752703330 | 0752752889,20,mobile_radio_site,ANFR Open Data,PUBLIC_DECLARATION
anfr-2936506,2936506,48.865833333333335,2.2766666666666664,,181/183 AV VICTOR HUGO,,,75116,75116,39,BOUYGUES TELECOM | SFR,3G | 4G | 5G,5G NR 2100 | 5G NR 3500 | LTE 1800 | LTE 2100 | LTE 2600 | LTE 700 | LTE 800 | UMTS 900,En service | Techniquement opérationnel,0752702982 | 0752752891,14,mobile_radio_site,ANFR Open Data,PUBLIC_DECLARATION
anfr-2948889,2948889,48.85861111111111,2.274722222222222,,3 rue de la pompe,,,75116,75116,32,BOUYGUES TELECOM | FREE MOBILE,2G | 3G | 4G | 5G,5G NR 2100 | 5G NR 3500 | 5G NR 700 | GSM 900 | LTE 1800 | LTE 2100 | LTE 2600 | LTE 700 | LTE 800 | LTE 900 | UMTS 900,En service | Projet approuvé | Techniquement opérationnel,0750991097 | 0752751485,16,mobile_radio_site,ANFR Open Data,PUBLIC_DECLARATION
anfr-2965639,2965639,48.846944444444446,2.248888888888889,,2 AVENUE GORDON BENNETT,ROLLAND GARROS COURT PHILIPPE CHATRIER,,75016,75116,30,BOUYGUES TELECOM,3G | 4G | 5G,5G NR 3500 | LTE 1800 | LTE 2100 | LTE 2600 | UMTS 2100,En service | Techniquement opérationnel,0752752624,5,mobile_radio_site,ANFR Open Data,PUBLIC_DECLARATION
anfr-2984591,2984591,48.85722222222223,2.2358333333333333,,2 RTE DES TRIBUNES (HIPPODROME LONGCHAMPS),,,75116,75116,16,BOUYGUES TELECOM | FREE MOBILE,2G | 3G | 4G | 5G,5G NR 2100 | 5G NR 3500 | 5G NR 700 | GSM 900 | LTE 1800 | LTE 2100 | LTE 2600 | LTE 700 | LTE 800 | LTE 900 | UMTS 900,En service | Projet approuvé | Techniquement opérationnel,0750990937 | 0752752701,16,mobile_radio_site,ANFR Open Data,PUBLIC_DECLARATION
anfr-2992413,2992413,48.83777777777778,2.256666666666667,METRO_PORTE DE ST-CLOUD_L9,Place de la Porte de Saint-Cloud,,,75116,75116,0,BOUYGUES TELECOM | FREE MOBILE,3G | 4G,LTE 1800 | LTE 2100 | LTE 2600 | LTE 700 | LTE 800 | UMTS 900,En service | Projet approuvé,0750991121 | 0752752471,9,mobile_radio_site,ANFR Open Data,PUBLIC_DECLARATION
anfr-3015984,3015984,48.840833333333336,2.256388888888889,,89 BD MURAT,,,75016,75116,"34,1",BOUYGUES TELECOM,3G | 4G | 5G,5G NR 2100 | LTE 1800 | LTE 2100 | LTE 2600 | LTE 700 | LTE 800 | UMTS 900,En service | Techniquement opérationnel,0752752916,7,mobile_radio_site,ANFR Open Data,PUBLIC_DECLARATION
anfr-3227291,3227291,48.867777777777775,2.2713888888888887,,45-47-49 AV DU MAL FAYOLLE,,,75016,75116,"18,7",BOUYGUES TELECOM,4G | 5G,5G NR 2100 | LTE 1800 | LTE 2100 | LTE 2600 | LTE 700 | LTE 800,En service | Techniquement opérationnel,0752753014,6,mobile_radio_site,ANFR Open Data,PUBLIC_DECLARATION
anfr-3228226,3228226,48.845555555555556,2.261111111111111,,34 TER R DE MOLITOR,,,75016,75116,"33,2",BOUYGUES TELECOM,4G | 5G,5G NR 2100 | LTE 1800 | LTE 2100 | LTE 2600 | LTE 700 | LTE 800,En service | Techniquement opérationnel,0752753015,6,mobile_radio_site,ANFR Open Data,PUBLIC_DECLARATION
anfr-3304246,3304246,48.846944444444446,2.272777777777778,METRO  MIRABEAU L10,5 R DE MIRABEAU,,,75016,75116,0,BOUYGUES TELECOM,3G | 4G,LTE 1800 | UMTS 900,En service,0752753053,2,mobile_radio_site,ANFR Open Data,PUBLIC_DECLARATION
anfr-536835,536835,48.86027777777778,2.274722222222222,,"27, r de la pompe",,,75116,75116,"34,2",FREE MOBILE | ORANGE | SFR,2G | 3G | 4G | 5G,5G NR 3500 | 5G NR 700 | GSM 900 | LTE 1800 | LTE 2100 | LTE 2600 | LTE 700 | LTE 800 | LTE 900 | UMTS 900,En service | Techniquement opérationnel,0750990675 | 0752291581 | 0752700130,24,mobile_radio_site,ANFR Open Data,PUBLIC_DECLARATION
anfr-1009786,1009786,48.87305555555555,2.2822222222222224,,58 AVENUE FOCH,,,75016,75116,32,FREE MOBILE,4G | 5G,5G NR 3500 | 5G NR 700 | LTE 1800 | LTE 2100 | LTE 2600 | LTE 700 | LTE 900,En service | Projet approuvé,0750990035,7,mobile_radio_site,ANFR Open Data,PUBLIC_DECLARATION
anfr-1215439,1215439,48.8425,2.257222222222222,,"25, rue de civry",,,75016,75116,"33,1",FREE MOBILE,4G | 5G,5G NR 3500 | 5G NR 700 | LTE 1800 | LTE 2100 | LTE 2600 | LTE 700 | LTE 900,En service | Techniquement opérationnel,0750990082,7,mobile_radio_site,ANFR Open Data,PUBLIC_DECLARATION
anfr-1345694,1345694,48.85194444444445,2.267777777777778,,86 avenue Mozart,,,75016,75116,"29,2",FREE MOBILE,4G | 5G,5G NR 3500 | 5G NR 700 | LTE 1800 | LTE 2100 | LTE 2600 | LTE 700 | LTE 900,En service | Techniquement opérationnel,0750990134,7,mobile_radio_site,ANFR Open Data,PUBLIC_DECLARATION
anfr-1422881,1422881,48.86972222222222,2.2866666666666666,,rue Copernic,,,75016,75116,"29,6",FREE MOBILE,4G | 5G,5G NR 3500 | 5G NR 700 | LTE 1800 | LTE 2100 | LTE 2600 | LTE 700 | LTE 900,En service | Techniquement opérationnel,0750990157,7,mobile_radio_site,ANFR Open Data,PUBLIC_DECLARATION
anfr-1462807,1462807,48.85388888888889,2.256111111111111,Route d'Auteuil aux Lacs,HIPPODROME D'AUTEUIL,,,75116,75116,30,FREE MOBILE | ORANGE,4G | 5G,5G NR 3500 | 5G NR 700 | LTE 1800 | LTE 2100 | LTE 2600 | LTE 700 | LTE 800 | LTE 900,En service | Techniquement opérationnel,0750990603 | 0752290128,13,mobile_radio_site,ANFR Open Data,PUBLIC_DECLARATION
anfr-1472112,1472112,48.861111111111114,2.283611111111111,,12-16 AVENUE PAUL DOUMER,,,75116,75116,36,FREE MOBILE | ORANGE,3G | 4G | 5G,5G NR 700 | LTE 1800 | LTE 2100 | LTE 2600 | LTE 700 | LTE 800 | LTE 900 | UMTS 900,En service | Projet approuvé | Techniquement opérationnel,0750990175 | 0752291173,12,mobile_radio_site,ANFR Open Data,PUBLIC_DECLARATION
anfr-1542624,1542624,48.84666666666667,2.249722222222222,,Place des Mousquetaires - Roland garros,Cours Chatrier,,75016,75116,32,FREE MOBILE | ORANGE,3G | 4G | 5G,5G NR 3500 | LTE 1800 | LTE 2100 | LTE 2600 | LTE 700 | LTE 900 | UMTS 900,En service | Projet approuvé | Techniquement opérationnel,0750990902 | 0752291930,10,mobile_radio_site,ANFR Open Data,PUBLIC_DECLARATION
anfr-1554636,1554636,48.85638888888889,2.265,,BOULEVARD SUCHET,,,75016,75116,"38,1",FREE MOBILE,4G | 5G,5G NR 3500 | 5G NR 700 | LTE 1800 | LTE 2100 | LTE 2600 | LTE 700 | LTE 900,En service | Techniquement opérationnel,0750990216,7,mobile_radio_site,ANFR Open Data,PUBLIC_DECLARATION
anfr-1603216,1603216,48.86416666666667,2.2780555555555555,,56 AVENUE GEORGES MANDEL,,,75116,75116,32,FREE MOBILE | ORANGE | SFR,2G | 3G | 4G | 5G,5G NR 3500 | 5G NR 700 | GSM 900 | LTE 1800 | LTE 2100 | LTE 2600 | LTE 700 | LTE 800 | LTE 900 | UMTS 900,En service | Projet approuvé | Techniquement opérationnel,0750990127 | 0752291952 | 0752703432,23,mobile_radio_site,ANFR Open Data,PUBLIC_DECLARATION
anfr-1636051,1636051,48.85805555555556,2.2844444444444445,,7 rue Raynouard,,,75016,75116,"31,2",FREE MOBILE,4G | 5G,5G NR 3500 | 5G NR 700 | LTE 1800 | LTE 2100 | LTE 2600 | LTE 700 | LTE 900,En service | Techniquement opérationnel,0750990251,7,mobile_radio_site,ANFR Open Data,PUBLIC_DECLARATION
anfr-1670695,1670695,48.86638888888889,2.279722222222222,,129 Rue de la Pompe,105 RUE DE LONGCHAMP,,75116,75116,"34,3",FREE MOBILE | ORANGE | SFR,2G | 3G | 4G | 5G,5G NR 3500 | 5G NR 700 | GSM 900 | LTE 1800 | LTE 2100 | LTE 2600 | LTE 700 | LTE 800 | LTE 900 | UMTS 2100 | UMTS 900,En service | Projet approuvé | Techniquement opérationnel,0750990623 | 0752291978 | 0752700141,25,mobile_radio_site,ANFR Open Data,PUBLIC_DECLARATION
anfr-1723382,1723382,48.87277777777778,2.2913888888888887,,3 RUE DE TRAKTIR,,,75016,75116,"25,4",FREE MOBILE,4G | 5G,5G NR 3500 | 5G NR 700 | LTE 1800 | LTE 2100 | LTE 2600 | LTE 700 | LTE 900,En service | Techniquement opérationnel,0750990276,7,mobile_radio_site,ANFR Open Data,PUBLIC_DECLARATION
anfr-1748203,1748203,48.864444444444445,2.2716666666666665,,3 Boulevard Flandrin,,,75116,75116,34,FREE MOBILE | SFR,2G | 3G | 4G | 5G,5G NR 2100 | 5G NR 3500 | 5G NR 700 | GSM 900 | LTE 1800 | LTE 2100 | LTE 2600 | LTE 700 | LTE 800 | LTE 900 | UMTS 900,En service | Projet approuvé | Techniquement opérationnel,0750990281 | 0752700346,16,mobile_radio_site,ANFR Open Data,PUBLIC_DECLARATION
anfr-1895530,1895530,48.84388888888889,2.2605555555555554,,54 RUE MICHEL ANGE,,,75116,75116,"36,5",FREE MOBILE | ORANGE,4G | 5G,5G NR 3500 | 5G NR 700 | LTE 1800 | LTE 2100 | LTE 2600 | LTE 700 | LTE 800 | LTE 900,En service | Techniquement opérationnel,0750990564 | 0752290214,12,mobile_radio_site,ANFR Open Data,PUBLIC_DECLARATION
anfr-1906253,1906253,48.848333333333336,2.275,,49 avenue de Versailles,,,75016,75116,"31,5",FREE MOBILE,4G | 5G,5G NR 3500 | 5G NR 700 | LTE 1800 | LTE 2100 | LTE 2600 | LTE 700 | LTE 900,En service | Techniquement opérationnel,0750990571,7,mobile_radio_site,ANFR Open Data,PUBLIC_DECLARATION
anfr-1906768,1906768,48.8425,2.2619444444444445,,62 boulevard Exelmans,,,75116,75116,"28,5",FREE MOBILE,4G | 5G,5G NR 700 | LTE 1800 | LTE 2100 | LTE 2600 | LTE 700 | LTE 900,En service | Projet approuvé,0750990572,6,mobile_radio_site,ANFR Open Data,PUBLIC_DECLARATION
anfr-1909294,1909294,48.85583333333334,2.27,,46 AVENUE DE MOZART,,,75016,75116,"31,3",FREE MOBILE,4G | 5G,5G NR 3500 | 5G NR 700 | LTE 1800 | LTE 2100 | LTE 2600 | LTE 700 | LTE 900,En service | Techniquement opérationnel,0750990574,7,mobile_radio_site,ANFR Open Data,PUBLIC_DECLARATION
anfr-1917244,1917244,48.84138888888889,2.254166666666667,,AV DU PARC DES PRINCES,SOUS LE PARC DES PRINCES,TUNNEL,75016,75116,7,FREE MOBILE,4G,LTE 1800 | LTE 2600 | LTE 900,En service,0750990580,3,mobile_radio_site,ANFR Open Data,PUBLIC_DECLARATION
anfr-1917250,1917250,48.86333333333334,2.265833333333333,,TUNNEL PORTE DE LA MUETTE,BD PERIPHÉRIQUE,,75016,75116,9,FREE MOBILE,4G,LTE 1800 | LTE 2600 | LTE 900,En service,0750990583,3,mobile_radio_site,ANFR Open Data,PUBLIC_DECLARATION
anfr-1929649,1929649,48.86083333333333,2.2672222222222222,,3 bd  suchet,,,75116,75116,"34,2",FREE MOBILE | ORANGE,3G | 4G | 5G,5G NR 700 | LTE 1800 | LTE 2100 | LTE 2600 | LTE 700 | LTE 800 | LTE 900 | UMTS 2100 | UMTS 900,En service | Projet approuvé,0750990594 | 0752291383,13,mobile_radio_site,ANFR Open Data,PUBLIC_DECLARATION
anfr-1954639,1954639,48.86,2.28,,60 av paul doumer,IMMEUBLE AGF,,75116,75116,35,FREE MOBILE | SFR,2G | 3G | 4G | 5G,5G NR 3500 | 5G NR 700 | GSM 900 | LTE 1800 | LTE 2100 | LTE 2600 | LTE 700 | LTE 800 | LTE 900 | UMTS 900,En service | Techniquement opérationnel,0750990604 | 0752700042,14,mobile_radio_site,ANFR Open Data,PUBLIC_DECLARATION
anfr-2013511,2013511,48.8525,2.2755555555555556,,1 r Jean deLafontaine,,,75116,75116,"31,5",FREE MOBILE | ORANGE,2G | 3G | 4G | 5G,5G NR 3500 | 5G NR 700 | GSM 900 | LTE 1800 | LTE 2100 | LTE 2600 | LTE 700 | LTE 800 | LTE 900 | UMTS 900,En service | Techniquement opérationnel,0750990640 | 0752291034,16,mobile_radio_site,ANFR Open Data,PUBLIC_DECLARATION
anfr-2019465,2019465,48.858333333333334,2.2794444444444446,,5  b  r massenet,,,75116,75116,30,FREE MOBILE | ORANGE,4G | 5G,5G NR 3500 | 5G NR 700 | LTE 1800 | LTE 2100 | LTE 2600 | LTE 700 | LTE 800 | LTE 900,En service | Projet approuvé | Techniquement opérationnel,0750990641 | 0752290473,14,mobile_radio_site,ANFR Open Data,PUBLIC_DECLARATION
anfr-2029101,2029101,48.87138888888889,2.2930555555555556,METRO KLEBER,Av de Kleber face Av des Portugais,,,75116,75116,0,FREE MOBILE | SFR,2G | 3G | 4G,GSM 1800 | GSM 900 | LTE 1800 | UMTS 900,En service | Projet approuvé,0750990704 | 0752702201,5,mobile_radio_site,ANFR Open Data,PUBLIC_DECLARATION
anfr-2050003,2050003,48.84722222222222,2.2730555555555556,Métro MIRABEAU L10,Place de Barcelonne et Rue Mirabeau,,,75116,75116,0,FREE MOBILE | ORANGE | SFR,2G | 3G | 4G,GSM 1800 | GSM 900 | LTE 1800 | LTE 900 | UMTS 900,En service,0750990726 | 0752292121 | 0752702382,8,mobile_radio_site,ANFR Open Data,PUBLIC_DECLARATION
anfr-2055626,2055626,48.87,2.2855555555555553,Métro VICTOR HUGO L2,Place Victor Hugo,,,75116,75116,0,FREE MOBILE | ORANGE | SFR,2G | 3G | 4G,GSM 900 | LTE 1800 | LTE 900 | UMTS 900,En service,0750990710 | 0752292135 | 0752701999,7,mobile_radio_site,ANFR Open Data,PUBLIC_DECLARATION
anfr-2072081,2072081,48.845,2.2616666666666667,Métro M. ANGE MOLITOR L9 L10,Rue Michel Ange angle 34 rue Molitor,,,75116,75116,0,FREE MOBILE | ORANGE | SFR,2G | 3G | 4G,GSM 1800 | GSM 900 | LTE 1800 | LTE 900 | UMTS 900,En service,0750990751 | 0752292169 | 0752702355,8,mobile_radio_site,ANFR Open Data,PUBLIC_DECLARATION
anfr-2097090,2097090,48.83722222222222,2.261111111111111,,135 BIS BOULEVARD MURAT,,,75016,75116,"24,9",FREE MOBILE,4G | 5G,5G NR 3500 | 5G NR 700 | LTE 1800 | LTE 2100 | LTE 2600 | LTE 700 | LTE 900,En service | Techniquement opérationnel,0750990749,7,mobile_radio_site,ANFR Open Data,PUBLIC_DECLARATION
anfr-2150524,2150524,48.83972222222222,2.261111111111111,,7 RUE PARENT DE ROSAN,,,75016,75116,"27,8",FREE MOBILE,4G | 5G,5G NR 3500 | 5G NR 700 | LTE 1800 | LTE 2100 | LTE 2600 | LTE 700 | LTE 900,En service | Techniquement opérationnel,0750990768,7,mobile_radio_site,ANFR Open Data,PUBLIC_DECLARATION
anfr-2179600,2179600,48.84027777777778,2.256111111111111,,92 boulevard Murat,,,75016,75116,31,FREE MOBILE,4G | 5G,5G NR 3500 | 5G NR 700 | LTE 1800 | LTE 2100 | LTE 2600 | LTE 700 | LTE 900,En service | Techniquement opérationnel,0750990784,7,mobile_radio_site,ANFR Open Data,PUBLIC_DECLARATION
anfr-2290149,2290149,48.846944444444446,2.2688888888888887,METRO EGLISE D AUTEUIL L10,RUE CHARDON LAGACHE,,,75016,75116,0,FREE MOBILE,4G,LTE 1800 | LTE 900,En service,0750990865,2,mobile_radio_site,ANFR Open Data,PUBLIC_DECLARATION
anfr-2290151,2290151,48.842222222222226,2.2594444444444446,METRO EXELMANS L9,64 RUE MICHEL ANGE,,,75016,75116,0,FREE MOBILE,4G,LTE 1800 | LTE 900,En service,0750990866,2,mobile_radio_site,ANFR Open Data,PUBLIC_DECLARATION
anfr-2291980,2291980,48.848333333333336,2.2569444444444446,METRO PORTE D AUTEUIL L10,Place de la Porte d Auteuil,,,75016,75116,0,FREE MOBILE,4G,LTE 1800 | LTE 900,En service,0750990880,2,mobile_radio_site,ANFR Open Data,PUBLIC_DECLARATION
anfr-2318585,2318585,48.85111111111111,2.2775,,8 10 AVENUE DE VERSAILLES,,,75016,75116,"28,6",FREE MOBILE,4G | 5G,5G NR 3500 | 5G NR 700 | LTE 1800 | LTE 2100 | LTE 2600 | LTE 700 | LTE 900,En service | Techniquement opérationnel,0750990894,7,mobile_radio_site,ANFR Open Data,PUBLIC_DECLARATION
anfr-2322272,2322272,48.87083333333334,2.2872222222222223,,5 RUE LEROUX,,,75016,75116,36,FREE MOBILE,4G | 5G,5G NR 3500 | 5G NR 700 | LTE 1800 | LTE 2100 | LTE 2600 | LTE 700 | LTE 900,En service | Techniquement opérationnel,0750990897,7,mobile_radio_site,ANFR Open Data,PUBLIC_DECLARATION
anfr-2334142,2334142,48.855000000000004,2.279166666666667,,2 av du Colonel Bonnet,,,75016,75116,"33,5",FREE MOBILE,4G | 5G,5G NR 3500 | 5G NR 700 | LTE 1800 | LTE 2100 | LTE 2600 | LTE 700 | LTE 900,En service | Techniquement opérationnel,0750990905,7,mobile_radio_site,ANFR Open Data,PUBLIC_DECLARATION
anfr-2358829,2358829,48.85666666666667,2.2841666666666667,,1 Impasse Marie de Régnier,,,75016,75116,"30,7",FREE MOBILE,4G | 5G,5G NR 3500 | 5G NR 700 | LTE 1800 | LTE 2100 | LTE 2600 | LTE 700 | LTE 900,En service | Techniquement opérationnel,0750990924,7,mobile_radio_site,ANFR Open Data,PUBLIC_DECLARATION
anfr-2376642,2376642,48.86666666666667,2.2752777777777777,,11 RUE BENJAMIN GODARD,,,75116,75116,30,FREE MOBILE | SFR,2G | 3G | 4G | 5G,5G NR 2100 | 5G NR 3500 | 5G NR 700 | GSM 900 | LTE 1800 | LTE 2100 | LTE 2600 | LTE 700 | LTE 800 | LTE 900 | UMTS 2100 | UMTS 900,En service | Projet approuvé | Techniquement opérationnel,0750990928 | 0752702123,16,mobile_radio_site,ANFR Open Data,PUBLIC_DECLARATION
anfr-2438025,2438025,48.87138888888889,2.2841666666666667,,5 rue de Lasteyrie,,,75016,75116,"29,4",FREE MOBILE,4G | 5G,5G NR 3500 | 5G NR 700 | LTE 1800 | LTE 2100 | LTE 2600 | LTE 700 | LTE 900,En service | Techniquement opérationnel,0750990942,7,mobile_radio_site,ANFR Open Data,PUBLIC_DECLARATION
anfr-2490528,2490528,48.85888888888889,2.276944444444444,,83 avenue Paul Doumer,,,75016,75116,"25,1",FREE MOBILE,4G | 5G,5G NR 3500 | 5G NR 700 | LTE 1800 | LTE 2100 | LTE 2600 | LTE 700 | LTE 900,En service | Techniquement opérationnel,0750990951,7,mobile_radio_site,ANFR Open Data,PUBLIC_DECLARATION
anfr-2516799,2516799,48.86611111111111,2.272777777777778,,22 boulevard Flandrin,,,75016,75116,"31,9",FREE MOBILE,4G | 5G,5G NR 3500 | 5G NR 700 | LTE 1800 | LTE 2100 | LTE 2600 | LTE 700 | LTE 900,En service | Techniquement opérationnel,0750990956,7,mobile_radio_site,ANFR Open Data,PUBLIC_DECLARATION
anfr-2526062,2526062,48.849444444444444,2.26,,99 boulevard Suchet,,,75016,75116,"34,2",FREE MOBILE,4G | 5G,5G NR 3500 | 5G NR 700 | LTE 1800 | LTE 2100 | LTE 2600 | LTE 700 | LTE 900,En service | Techniquement opérationnel,0750990958,7,mobile_radio_site,ANFR Open Data,PUBLIC_DECLARATION
anfr-2642874,2642874,48.84666666666667,2.248888888888889,,8 Boulevard d'Auteuil,Site Roland Garros,,75116,75116,34,FREE MOBILE | ORANGE | SFR,2G | 3G | 4G | 5G,5G NR 2100 | 5G NR 3500 | 5G NR 700 | GSM 900 | LTE 1800 | LTE 2100 | LTE 2600 | LTE 700 | LTE 800 | LTE 900 | UMTS 900,En service | Projet approuvé | Techniquement opérationnel,0750990979 | 0752292700 | 0752702833,22,mobile_radio_site,ANFR Open Data,PUBLIC_DECLARATION
anfr-2683811,2683811,48.867222222222225,2.2855555555555553,CHAILLOT,AVENUE RAYMOND POINCARE,,,75116,75116,32,FREE MOBILE | SFR,3G | 4G | 5G,5G NR 2100 | 5G NR 3500 | 5G NR 700 | LTE 1800 | LTE 2100 | LTE 2600 | LTE 700 | LTE 800 | LTE 900 | UMTS 900,En service | Projet approuvé | Techniquement opérationnel,0750990986 | 0752702835,15,mobile_radio_site,ANFR Open Data,PUBLIC_DECLARATION
anfr-2705071,2705071,48.85611111111111,2.279722222222222,,17 RUE DE L'ANNONCIATION,,,75116,75116,30,FREE MOBILE | SFR,2G | 3G | 4G | 5G,5G NR 3500 | 5G NR 700 | GSM 900 | LTE 1800 | LTE 2100 | LTE 2600 | LTE 700 | LTE 800 | LTE 900 | UMTS 900,En service | Techniquement opérationnel,0750990943 | 0752702845,15,mobile_radio_site,ANFR Open Data,PUBLIC_DECLARATION
anfr-2742551,2742551,48.869166666666665,2.292222222222222,,35 AVENUE KLEBER,,,75116,75116,28,FREE MOBILE,4G | 5G,5G NR 3500 | 5G NR 700 | LTE 1800 | LTE 2100 | LTE 2600 | LTE 700 | LTE 900,En service | Techniquement opérationnel,0750990200,7,mobile_radio_site,ANFR Open Data,PUBLIC_DECLARATION
anfr-2805016,2805016,48.86833333333333,2.2741666666666664,,62 boulevard Flandrin,,,75016,75116,"35,2",FREE MOBILE,4G | 5G,5G NR 3500 | 5G NR 700 | LTE 1800 | LTE 2100 | LTE 2600 | LTE 700 | LTE 900,En service | Techniquement opérationnel,0750991019,7,mobile_radio_site,ANFR Open Data,PUBLIC_DECLARATION
anfr-2831219,2831219,48.847500000000004,2.25,,2 Avenue Gordon Bennett,,,75016,75116,"34,2",FREE MOBILE,4G | 5G,5G NR 3500 | 5G NR 700 | LTE 1800 | LTE 2100 | LTE 2600 | LTE 700 | LTE 900,En service | Techniquement opérationnel,0750991028,7,mobile_radio_site,ANFR Open Data,PUBLIC_DECLARATION
anfr-2872764,2872764,48.85861111111111,2.265833333333333,,25 boulevard Suchet,,,75016,75116,"37,1",FREE MOBILE,4G | 5G,5G NR 3500 | 5G NR 700 | LTE 1800 | LTE 2100 | LTE 2600 | LTE 700 | LTE 900,En service | Techniquement opérationnel,0750991043,7,mobile_radio_site,ANFR Open Data,PUBLIC_DECLARATION
anfr-2873651,2873651,48.85027777777778,2.274722222222222,,14 Rue FELICIEN David,,,75116,75116,30,FREE MOBILE | SFR,3G | 4G | 5G,5G NR 3500 | 5G NR 700 | LTE 1800 | LTE 2100 | LTE 2600 | LTE 700 | LTE 800 | LTE 900 | UMTS 900,En service | Techniquement opérationnel,0750990595 | 0752702976,14,mobile_radio_site,ANFR Open Data,PUBLIC_DECLARATION
anfr-2899896,2899896,48.86416666666667,2.2830555555555554,,19 rue greuze,,,75116,75116,26,FREE MOBILE | SFR,3G | 4G | 5G,5G NR 3500 | 5G NR 700 | LTE 1800 | LTE 2100 | LTE 2600 | LTE 700 | LTE 800 | LTE 900 | UMTS 900,En service | Techniquement opérationnel,0750990808 | 0752703046,14,mobile_radio_site,ANFR Open Data,PUBLIC_DECLARATION
anfr-2940587,2940587,48.84,2.265833333333333,,13 BD EXELMANS,,,75116,75116,28,FREE MOBILE | SFR,3G | 4G | 5G,5G NR 3500 | 5G NR 700 | LTE 1800 | LTE 2100 | LTE 2600 | LTE 700 | LTE 800 | LTE 900 | UMTS 900,En service | Techniquement opérationnel,0750990966 | 0752703125,14,mobile_radio_site,ANFR Open Data,PUBLIC_DECLARATION
anfr-2957050,2957050,48.844166666666666,2.256388888888889,,1 Rue Meryon,,,75016,75116,"31,5",FREE MOBILE,4G | 5G,5G NR 3500 | 5G NR 700 | LTE 1800 | LTE 2100 | LTE 2600 | LTE 700 | LTE 900,Projet approuvé,0750991101,7,mobile_radio_site,ANFR Open Data,PUBLIC_DECLARATION
anfr-2969289,2969289,48.874722222222225,2.276944444444444,,56 BOULEVARD DE L AMIRAL BRUIX,,,75016,75116,"25,6",FREE MOBILE,4G | 5G,5G NR 3500 | 5G NR 700 | LTE 1800 | LTE 2100 | LTE 2600 | LTE 700 | LTE 900,Projet approuvé,0750991107,7,mobile_radio_site,ANFR Open Data,PUBLIC_DECLARATION
anfr-2974400,2974400,48.86388888888889,2.2508333333333335,Bois de Boulogne,Route de la Grande Cascade,Restaurant le Pré Catelan,,75116,75116,15,FREE MOBILE | ORANGE | SFR,3G | 4G | 5G,5G NR 3500 | 5G NR 700 | LTE 1800 | LTE 2100 | LTE 2600 | LTE 700 | LTE 800 | LTE 900 | UMTS 900,En service | Projet approuvé | Techniquement opérationnel,0750991111 | 0752292815 | 0752702766,17,mobile_radio_site,ANFR Open Data,PUBLIC_DECLARATION
anfr-2975139,2975139,48.86138888888889,2.291111111111111,JO-2024,4 Avenue Gustave V de Suède,JO-2024,,75016,75116,"21,6",FREE MOBILE,3G | 4G | 5G,5G NR 3500 | 5G NR 700 | LTE 1800 | LTE 2100 | LTE 2600 | LTE 700 | UMTS 900,Projet approuvé,0750991118,7,mobile_radio_site,ANFR Open Data,PUBLIC_DECLARATION
anfr-3009959,3009959,48.870555555555555,2.278888888888889,PORTE DAUPHINE,7 Place du Chancelier Adenauer,,,75016,75116,"37,5",FREE MOBILE,4G | 5G,5G NR 3500 | 5G NR 700 | LTE 1800 | LTE 2100 | LTE 2600 | LTE 700 | LTE 900,En service | Projet approuvé | Techniquement opérationnel,0750991140,7,mobile_radio_site,ANFR Open Data,PUBLIC_DECLARATION
anfr-3098643,3098643,48.83638888888889,2.2622222222222224,,18 Rue du Général Malleterre,,,75016,75116,32,FREE MOBILE,4G | 5G,5G NR 3500 | 5G NR 700 | LTE 1800 | LTE 2100 | LTE 2600 | LTE 700 | LTE 900,En service | Techniquement opérationnel,0750991162,7,mobile_radio_site,ANFR Open Data,PUBLIC_DECLARATION
anfr-3159883,3159883,48.85388888888889,2.261388888888889,,41 Avenue du Maréchal Franchet d'Espérey,,,75016,75116,23,FREE MOBILE,4G | 5G,5G NR 3500 | 5G NR 700 | LTE 1800 | LTE 2100 | LTE 2600 | LTE 700 | LTE 900,Projet approuvé,0750991173,7,mobile_radio_site,ANFR Open Data,PUBLIC_DECLARATION
anfr-3190766,3190766,48.86638888888889,2.2855555555555553,,29bis rue Saint-Didier,,,75016,75116,"29,4",FREE MOBILE,4G | 5G,5G NR 3500 | 5G NR 700 | LTE 1800 | LTE 2100 | LTE 2600 | LTE 700 | LTE 900,Projet approuvé,0750991178,7,mobile_radio_site,ANFR Open Data,PUBLIC_DECLARATION
anfr-3276052,3276052,48.86055555555556,2.291111111111111,,Place de Varsovie,,,75016,75116,"6,9",FREE MOBILE,4G | 5G,5G NR 700 | LTE 1800 | LTE 700,En service | Projet approuvé,0750991186,3,mobile_radio_site,ANFR Open Data,PUBLIC_DECLARATION
anfr-103835,103835,48.84138888888889,2.2688888888888887,,143 av de versailles,2 bat Blériot,,75116,75116,36,ORANGE,4G | 5G,5G NR 3500 | 5G NR 700 | LTE 1800 | LTE 2100 | LTE 2600 | LTE 800,En service | Techniquement opérationnel,0752290178,6,mobile_radio_site,ANFR Open Data,PUBLIC_DECLARATION
anfr-353296,353296,48.86805555555556,2.269722222222222,,entre la porte dauphine et la porte de la muette,Tunnel périphérique,,75116,75116,8,ORANGE,4G,LTE 800,En service,0752291278,1,mobile_radio_site,ANFR Open Data,PUBLIC_DECLARATION
anfr-404021,404021,48.864444444444445,2.3005555555555555,,"2, av de new york",,,75016,75116,16,ORANGE,3G | 4G,LTE 1800 | LTE 2100 | UMTS 900,En service,0752291393,3,mobile_radio_site,ANFR Open Data,PUBLIC_DECLARATION
anfr-435900,435900,48.87027777777778,2.2905555555555552,,46 r lauriston,,,75116,75116,33,ORANGE,2G | 3G | 4G | 5G,5G NR 3500 | 5G NR 700 | GSM 900 | LTE 1800 | LTE 2100 | LTE 2600 | LTE 700 | LTE 800 | UMTS 900,En service | Techniquement opérationnel,0752290081,9,mobile_radio_site,ANFR Open Data,PUBLIC_DECLARATION
anfr-440813,440813,48.86833333333333,2.2827777777777776,,115 Av Victor HUGO,,,75116,75116,31,ORANGE,2G | 3G | 4G | 5G,5G NR 3500 | 5G NR 700 | GSM 900 | LTE 1800 | LTE 2100 | LTE 2600 | LTE 800 | UMTS 900,En service | Techniquement opérationnel,0752291427,8,mobile_radio_site,ANFR Open Data,PUBLIC_DECLARATION
anfr-469549,469549,48.8675,2.2486111111111113,,Route du Point du Jour,Bois de Boulogne,,75116,75116,"12,9",ORANGE | SFR,2G | 3G | 4G,GSM 900 | LTE 1800 | LTE 2100 | LTE 2600 | LTE 800 | UMTS 2100 | UMTS 900,En service | Projet approuvé,0752291213 | 0752700062,11,mobile_radio_site,ANFR Open Data,PUBLIC_DECLARATION
anfr-511824,511824,48.84305555555556,2.254166666666667,,av gl sarrail,TUNNEL PERIPHERIQUE DU PARC DES PRINCES,,75116,75116,10,ORANGE,3G | 4G,LTE 1800 | LTE 800 | UMTS 900,En service,0752291065,3,mobile_radio_site,ANFR Open Data,PUBLIC_DECLARATION
anfr-562488,562488,48.86833333333333,2.2969444444444442,,10 r Bassano,,,75116,75116,33,ORANGE,3G | 4G | 5G,5G NR 3500 | 5G NR 700 | LTE 1800 | LTE 2100 | LTE 2600 | LTE 800 | UMTS 900,En service | Techniquement opérationnel,0752290010,7,mobile_radio_site,ANFR Open Data,PUBLIC_DECLARATION
anfr-806067,806067,48.85166666666667,2.2666666666666666,,21 r jasmin,,,75116,75116,37,ORANGE,2G | 3G | 4G | 5G,5G NR 3500 | 5G NR 700 | GSM 900 | LTE 1800 | LTE 2100 | LTE 2600 | LTE 700 | LTE 800 | UMTS 900,En service | Techniquement opérationnel,0752290042,9,mobile_radio_site,ANFR Open Data,PUBLIC_DECLARATION
anfr-813523,813523,48.846944444444446,2.2569444444444446,,5-7 Av. du Général Sarrail,,,75116,75116,26,ORANGE,2G | 3G | 4G | 5G,5G NR 3500 | 5G NR 700 | GSM 900 | LTE 1800 | LTE 2100 | LTE 2600 | LTE 700 | LTE 800 | UMTS 900,En service | Techniquement opérationnel,0752290048,9,mobile_radio_site,ANFR Open Data,PUBLIC_DECLARATION
anfr-813660,813660,48.864444444444445,2.2830555555555554,,29 r des sablons,CENTRAL PASSY,,75116,75116,33,ORANGE,3G | 4G | 5G,5G NR 3500 | 5G NR 700 | LTE 1800 | LTE 2100 | LTE 2600 | LTE 800 | UMTS 900,En service | Techniquement opérationnel,0752290021,7,mobile_radio_site,ANFR Open Data,PUBLIC_DECLARATION
anfr-814198,814198,48.87166666666667,2.2849999999999997,,104 av raymond poincaré,,,75116,75116,29,ORANGE,3G | 4G | 5G,5G NR 3500 | 5G NR 700 | LTE 1800 | LTE 2100 | LTE 2600 | LTE 700 | LTE 800 | UMTS 900,En service | Techniquement opérationnel,0752291042,8,mobile_radio_site,ANFR Open Data,PUBLIC_DECLARATION
anfr-814220,814220,48.86416666666667,2.293611111111111,,7 pl d' iéna,,,75116,75116,"33,3",ORANGE,2G | 3G | 4G | 5G,5G NR 3500 | 5G NR 700 | GSM 900 | LTE 1800 | LTE 2100 | LTE 2600 | LTE 800 | UMTS 900,En service | Techniquement opérationnel,0752291049,8,mobile_radio_site,ANFR Open Data,PUBLIC_DECLARATION
anfr-814232,814232,48.85805555555556,2.2666666666666666,,"28, av Raphael",,,75116,75116,38,ORANGE | SFR,2G | 3G | 4G | 5G,5G NR 2100 | 5G NR 3500 | 5G NR 700 | GSM 900 | LTE 1800 | LTE 2100 | LTE 2600 | LTE 700 | LTE 800 | UMTS 900,En service | Projet approuvé | Techniquement opérationnel,0752290320 | 0752700243,17,mobile_radio_site,ANFR Open Data,PUBLIC_DECLARATION
anfr-814263,814263,48.846944444444446,2.2619444444444445,,"15, r erlanger",,,75116,75116,37,ORANGE,2G | 3G | 4G | 5G,5G NR 3500 | 5G NR 700 | GSM 900 | LTE 1800 | LTE 2100 | LTE 2600 | LTE 700 | LTE 800 | UMTS 900,En service | Techniquement opérationnel,0752291177,9,mobile_radio_site,ANFR Open Data,PUBLIC_DECLARATION
anfr-814299,814299,48.86222222222222,2.2647222222222223,,Bd périphérique Porte de la Muette,rte de la muette/av de st cloud,,75116,75116,8,ORANGE,3G | 4G,LTE 800 | UMTS 900,En service,0752291258,2,mobile_radio_site,ANFR Open Data,PUBLIC_DECLARATION
anfr-814307,814307,48.85611111111111,2.2569444444444446,Lac supérieur,bd périphérique,,,75116,75116,8,ORANGE,4G,LTE 1800 | LTE 800,En service,0752291259,2,mobile_radio_site,ANFR Open Data,PUBLIC_DECLARATION
anfr-814313,814313,48.865,2.2705555555555557,,59/65 BD LANNES,,,75116,75116,41,ORANGE,3G | 4G | 5G,5G NR 3500 | 5G NR 700 | LTE 1800 | LTE 2100 | LTE 2600 | LTE 800 | UMTS 900,En service | Techniquement opérationnel,0752290429,7,mobile_radio_site,ANFR Open Data,PUBLIC_DECLARATION
anfr-814315,814315,48.84111111111111,2.2644444444444445,,bd  exelmans,tunnel - près de l'av de versailles,,75116,75116,8,ORANGE,3G | 4G,LTE 1800 | LTE 800 | UMTS 900,En service,0752291265,3,mobile_radio_site,ANFR Open Data,PUBLIC_DECLARATION
anfr-814380,814380,48.83888888888889,2.2625,,25 r claude terrasse,,,75116,75116,34,ORANGE | SFR,2G | 3G | 4G | 5G,5G NR 2100 | 5G NR 3500 | 5G NR 700 | GSM 900 | LTE 1800 | LTE 2100 | LTE 2600 | LTE 700 | LTE 800 | UMTS 2100 | UMTS 900,En service | Techniquement opérationnel,0752290493 | 0752701313,19,mobile_radio_site,ANFR Open Data,PUBLIC_DECLARATION
anfr-814386,814386,48.85138888888889,2.2616666666666667,,67 bd  suchet,,,75116,75116,"38,9",ORANGE | SFR,2G | 3G | 4G | 5G,5G NR 2100 | 5G NR 3500 | 5G NR 700 | GSM 900 | LTE 1800 | LTE 2100 | LTE 2600 | LTE 700 | LTE 800 | UMTS 900,En service | Projet approuvé | Techniquement opérationnel,0752290511 | 0752700242,19,mobile_radio_site,ANFR Open Data,PUBLIC_DECLARATION
anfr-839937,839937,48.87277777777778,2.291111111111111,,13 av foch,,,75116,75116,25,ORANGE | SFR,2G | 3G | 4G | 5G,5G NR 2100 | 5G NR 3500 | 5G NR 700 | GSM 900 | LTE 1800 | LTE 2100 | LTE 2600 | LTE 700 | LTE 800 | UMTS 2100 | UMTS 900,En service | Projet approuvé | Techniquement opérationnel,0752291044 | 0752700038,15,mobile_radio_site,ANFR Open Data,PUBLIC_DECLARATION
anfr-959646,959646,48.84166666666667,2.2580555555555555,,31 r gl delestraint,,,75016,75116,"33,5",ORANGE,2G | 3G | 4G | 5G,5G NR 3500 | 5G NR 700 | GSM 900 | LTE 1800 | LTE 2100 | LTE 2600 | LTE 700 | LTE 800 | UMTS 900,En service | Techniquement opérationnel,0752291527,9,mobile_radio_site,ANFR Open Data,PUBLIC_DECLARATION
anfr-1286865,1286865,48.86888888888889,2.285833333333333,,76 Avenue Raymond Poincaré,,,75116,75116,"32,5",ORANGE | SFR,2G | 3G | 4G | 5G,5G NR 3500 | 5G NR 700 | GSM 900 | LTE 1800 | LTE 2100 | LTE 2600 | LTE 700 | LTE 800 | UMTS 2100 | UMTS 900,En service | Techniquement opérationnel,0752291643 | 0752700059,16,mobile_radio_site,ANFR Open Data,PUBLIC_DECLARATION
anfr-1344858,1344858,48.84805555555556,2.2694444444444444,,"64, avenue Théophile Gauthier",,,75116,75116,32,ORANGE | SFR,2G | 3G | 4G | 5G,5G NR 3500 | 5G NR 700 | GSM 900 | LTE 1800 | LTE 2100 | LTE 2600 | LTE 700 | LTE 800 | UMTS 2100 | UMTS 900,En service | Techniquement opérationnel,0752291682 | 0752702159,17,mobile_radio_site,ANFR Open Data,PUBLIC_DECLARATION
anfr-1381567,1381567,48.85805555555556,2.281111111111111,,32 Rue de Passy,,,75016,75116,"20,1",ORANGE,3G | 4G,LTE 2600 | UMTS 2100,En service,0752291695,2,mobile_radio_site,ANFR Open Data,PUBLIC_DECLARATION
anfr-1525818,1525818,48.85527777777778,2.2713888888888887,,78 RUE DU RANELAGH,,,75016,75116,"29,4",ORANGE,2G | 3G | 4G | 5G,5G NR 3500 | 5G NR 700 | GSM 900 | LTE 1800 | LTE 2100 | LTE 2600 | LTE 700 | LTE 800 | UMTS 900,En service | Techniquement opérationnel,0752291913,9,mobile_radio_site,ANFR Open Data,PUBLIC_DECLARATION
anfr-1550003,1550003,48.839444444444446,2.2558333333333334,,2 rue du Colonel Deport,,,75016,75116,32,ORANGE,2G | 3G | 4G | 5G,5G NR 3500 | 5G NR 700 | GSM 900 | LTE 1800 | LTE 2100 | LTE 2600 | LTE 700 | LTE 800 | UMTS 900,En service | Techniquement opérationnel,0752291934,9,mobile_radio_site,ANFR Open Data,PUBLIC_DECLARATION
anfr-1558406,1558406,48.86694444444444,2.288333333333333,,6 RUE LEO DELIBES,,,75016,75116,"27,7",ORANGE,3G | 4G | 5G,5G NR 3500 | 5G NR 700 | LTE 1800 | LTE 2100 | LTE 2600 | LTE 800 | UMTS 900,En service | Techniquement opérationnel,0752291939,7,mobile_radio_site,ANFR Open Data,PUBLIC_DECLARATION
anfr-1816611,1816611,48.848333333333336,2.2527777777777778,,porte d'Auteuil,tunnel bd périphérique,,75116,75116,"7,6",ORANGE,3G | 4G,LTE 1800 | LTE 2100 | LTE 800 | UMTS 900,En service,0752292040,4,mobile_radio_site,ANFR Open Data,PUBLIC_DECLARATION
anfr-1993703,1993703,48.86,2.2333333333333334,,Hippodrome de Longchamp,,Milieu du champ de course,75116,75116,10,ORANGE,4G,LTE 1800 | LTE 2600,En service,0752292067,2,mobile_radio_site,ANFR Open Data,PUBLIC_DECLARATION
anfr-2028665,2028665,48.85444444444445,2.2688888888888887,,64 avenue de Mozart,2 r prokofiev,,75116,75116,40,ORANGE,3G | 4G | 5G,5G NR 3500 | 5G NR 700 | LTE 1800 | LTE 2100 | LTE 2600 | LTE 700 | LTE 800 | UMTS 900,En service | Techniquement opérationnel,0752292084,8,mobile_radio_site,ANFR Open Data,PUBLIC_DECLARATION
anfr-2033131,2033131,48.86138888888889,2.2730555555555556,,11 Boulevard Jules Sandeau,,,75116,75116,"29,1",ORANGE,3G | 4G,LTE 1800 | LTE 2100 | LTE 2600 | LTE 800 | UMTS 2100 | UMTS 900,En service,0752292093,6,mobile_radio_site,ANFR Open Data,PUBLIC_DECLARATION
anfr-2070313,2070313,48.843333333333334,2.26,Métro EXELMANS l9,71 boulevard Exelmans,,,75116,75116,0,ORANGE,3G | 4G,LTE 1800 | UMTS 900,En service,0752292168,2,mobile_radio_site,ANFR Open Data,PUBLIC_DECLARATION
anfr-2082327,2082327,48.848333333333336,2.2569444444444446,Métro PORTE D'AUTEUIL l10,Place de la Porte d'auteuil,,,75116,75116,0,ORANGE | SFR,2G | 3G | 4G,GSM 900 | LTE 1800 | UMTS 900,En service,0752292187 | 0752702576,5,mobile_radio_site,ANFR Open Data,PUBLIC_DECLARATION
anfr-2135462,2135462,48.84666666666667,2.27,Métro EGLISE D'AUTEUIL L10,22 rue Whilem,,,75116,75116,0,ORANGE | SFR,2G | 3G | 4G,GSM 1800 | GSM 900 | LTE 1800 | UMTS 900,En service,0752292225 | 0752702405,6,mobile_radio_site,ANFR Open Data,PUBLIC_DECLARATION
anfr-2185585,2185585,48.836111111111116,2.256666666666667,,Bd periphérique,,,75116,75116,8,ORANGE,3G | 4G,LTE 1800 | LTE 2100 | LTE 800 | UMTS 900,En service,0752292277,4,mobile_radio_site,ANFR Open Data,PUBLIC_DECLARATION
anfr-2206972,2206972,48.83833333333334,2.2577777777777777,Métro L9/Porte de St Cloud,234 Avenue de Versailles,,,75116,75116,0,ORANGE | SFR,3G | 4G,LTE 1800 | LTE 2100 | LTE 2600 | LTE 700 | LTE 800 | UMTS 900,En service,0752292288 | 0752702354,12,mobile_radio_site,ANFR Open Data,PUBLIC_DECLARATION
anfr-2218919,2218919,48.87138888888889,2.277222222222222,Métro L2/PORTE DAUPHINE,81 avenue Foch,,,75116,75116,0,ORANGE,3G | 4G,LTE 1800 | LTE 2100 | LTE 2600 | LTE 700 | LTE 800 | UMTS 900,En service,0752292297,6,mobile_radio_site,ANFR Open Data,PUBLIC_DECLARATION
anfr-2369889,2369889,48.87833333333333,2.2641666666666667,,Pigeonnier de Gambetta - Jardin d'acclimatation,Route du Mahatma Gandhi,,75116,75116,34,ORANGE,4G | 5G,5G NR 3500 | 5G NR 700 | LTE 1800 | LTE 2100 | LTE 2600 | LTE 700,En service | Techniquement opérationnel,0752292421,6,mobile_radio_site,ANFR Open Data,PUBLIC_DECLARATION
anfr-2378430,2378430,48.85777777777778,2.2358333333333333,,Routes des tribunes,Hippodrome de Longchamp,,75116,75116,16,ORANGE | SFR,2G | 3G | 4G | 5G,5G NR 3500 | 5G NR 700 | GSM 900 | LTE 1800 | LTE 2100 | LTE 2600 | LTE 800 | UMTS 900,En service | Techniquement opérationnel,0752292427 | 0752702662,12,mobile_radio_site,ANFR Open Data,PUBLIC_DECLARATION
anfr-2490059,2490059,48.84027777777778,2.2675,,"164, quai louis blériot",,,75116,75116,60,ORANGE,4G,LTE 1800 | LTE 2100,En service,0752292571,2,mobile_radio_site,ANFR Open Data,PUBLIC_DECLARATION
anfr-2581645,2581645,48.8525,2.2680555555555557,METRO_JASMIN_L9,Angle avenue Mozart et rue Jasmin,,,75116,75116,0,ORANGE,3G | 4G | 5G,5G NR 3500 | LTE 1800 | LTE 2100 | LTE 2600 | LTE 700 | LTE 800 | UMTS 900,Projet approuvé,0752292634,7,mobile_radio_site,ANFR Open Data,PUBLIC_DECLARATION
anfr-2662444,2662444,48.87555555555556,2.283611111111111,,"143, Avenue de Malakoff",,,75116,75116,"33,2",ORANGE,3G | 4G | 5G,5G NR 3500 | 5G NR 700 | LTE 1800 | LTE 2100 | LTE 2600 | LTE 800 | UMTS 900,En service | Techniquement opérationnel,0752292723,7,mobile_radio_site,ANFR Open Data,PUBLIC_DECLARATION
anfr-2899901,2899901,48.87305555555555,2.281388888888889,,62 AVENUE FOCH,,,75116,75116,32,ORANGE | SFR,3G | 4G | 5G,5G NR 3500 | LTE 1800 | LTE 2100 | LTE 2600 | LTE 700 | LTE 800 | UMTS 900,En service | Projet approuvé,0752292046 | 0752703054,12,mobile_radio_site,ANFR Open Data,PUBLIC_DECLARATION
anfr-2955803,2955803,48.85611111111111,2.281388888888889,,"1, avenue Alphonse XIII",,,75116,75116,22,ORANGE,2G | 3G | 4G | 5G,5G NR 3500 | 5G NR 700 | GSM 900 | LTE 1800 | LTE 2100 | LTE 2600 | LTE 700 | LTE 800 | UMTS 900,En service | Techniquement opérationnel,0752292775,9,mobile_radio_site,ANFR Open Data,PUBLIC_DECLARATION
anfr-2984587,2984587,48.85638888888889,2.285833333333333,,22 Avenue du Président Kennedy,,,75116,75116,"32,5",ORANGE,3G | 4G | 5G,5G NR 3500 | 5G NR 700 | LTE 1800 | LTE 2100 | LTE 2600 | LTE 700 | LTE 800 | UMTS 900,En service | Techniquement opérationnel,0752291345,8,mobile_radio_site,ANFR Open Data,PUBLIC_DECLARATION
anfr-3078257,3078257,48.87166666666667,2.2925,,"11bis, rue Lauriston",,,75116,75116,"24,4",ORANGE,4G | 5G,5G NR 3500 | 5G NR 700 | LTE 1800 | LTE 2100 | LTE 2600 | LTE 800,Projet approuvé,0752293014,6,mobile_radio_site,ANFR Open Data,PUBLIC_DECLARATION
anfr-3287443,3287443,48.875,2.277222222222222,,56 Boulevard de l'Amiral Bruix,Stade Jean-Pierre Wimille,,75116,75116,"25,8",ORANGE,4G | 5G,5G NR 3500 | 5G NR 700 | LTE 1800 | LTE 2100 | LTE 2600 | LTE 800,En service | Techniquement opérationnel,0752293042,6,mobile_radio_site,ANFR Open Data,PUBLIC_DECLARATION
anfr-3323634,3323634,48.85722222222223,2.276388888888889,,3 rue TALMA,,,75116,75116,31,ORANGE,4G | 5G,5G NR 3500 | 5G NR 700 | LTE 1800 | LTE 2100 | LTE 2600 | LTE 800,Projet approuvé,0752293050,6,mobile_radio_site,ANFR Open Data,PUBLIC_DECLARATION
anfr-39475,39475,48.849444444444444,2.269722222222222,,13 av boudon,,,75116,75116,"37,4",SFR,2G | 3G | 4G | 5G,5G NR 2100 | 5G NR 3500 | GSM 900 | LTE 1800 | LTE 2100 | LTE 2600 | LTE 700 | LTE 800 | UMTS 900,En service | Projet approuvé | Techniquement opérationnel,0752700177,9,mobile_radio_site,ANFR Open Data,PUBLIC_DECLARATION
anfr-512682,512682,48.84305555555556,2.2597222222222224,,64 r michel ange,,,75116,75116,"25,2",SFR,2G | 3G | 4G | 5G,5G NR 3500 | GSM 900 | LTE 1800 | LTE 2100 | LTE 2600 | LTE 800 | UMTS 2100 | UMTS 900,En service | Techniquement opérationnel,0752700416,8,mobile_radio_site,ANFR Open Data,PUBLIC_DECLARATION
anfr-522947,522947,48.84805555555556,2.261111111111111,,72 r d'auteuil,,,75116,75116,33,SFR,2G | 3G | 4G | 5G,5G NR 3500 | GSM 900 | LTE 1800 | LTE 2100 | LTE 2600 | LTE 700 | LTE 800 | UMTS 2100 | UMTS 900,En service | Techniquement opérationnel,0752700129,9,mobile_radio_site,ANFR Open Data,PUBLIC_DECLARATION
anfr-613333,613333,48.84055555555556,2.256388888888889,,91 bd  murat,,,75116,75116,35,SFR,2G | 3G | 4G,GSM 900 | LTE 1800 | LTE 2100 | LTE 2600 | LTE 800 | UMTS 900,En service,0752700212,6,mobile_radio_site,ANFR Open Data,PUBLIC_DECLARATION
anfr-803798,803798,48.848333333333336,2.248888888888889,,A13 sens Paris-Province,PK 0.6,,75116,75116,"7,3",SFR,2G | 3G | 4G,GSM 900 | LTE 1800 | LTE 2100 | LTE 800 | UMTS 2100 | UMTS 900,En service,0752700433,6,mobile_radio_site,ANFR Open Data,PUBLIC_DECLARATION
anfr-866257,866257,48.86472222222223,2.269722222222222,Porte de La Muette,"60 , bd  lanne",Chaufferie du stade de La Muette,,75116,75116,"27,5",SFR,2G | 3G | 4G,GSM 900 | LTE 1800 | LTE 2100 | LTE 2600 | LTE 800 | UMTS 2100 | UMTS 900,En service,0752700022,7,mobile_radio_site,ANFR Open Data,PUBLIC_DECLARATION
anfr-866279,866279,48.85277777777778,2.2777777777777777,,116 Av. du Président Kennedy,Tour centrale de la Maison de la Radio,,75116,75116,96,SFR,2G | 3G | 4G,GSM 900 | LTE 1800 | LTE 2100 | LTE 2600 | LTE 800 | UMTS 2100 | UMTS 900,En service | Projet approuvé,0752700032,7,mobile_radio_site,ANFR Open Data,PUBLIC_DECLARATION
anfr-866319,866319,48.85777777777778,2.2736111111111112,,11 Chaussée de la Muette,,,75116,75116,"30,7",SFR,2G | 3G | 4G | 5G,5G NR 2100 | 5G NR 3500 | GSM 900 | LTE 1800 | LTE 2100 | LTE 2600 | LTE 700 | LTE 800 | UMTS 900,En service | Projet approuvé | Techniquement opérationnel,0752700209,9,mobile_radio_site,ANFR Open Data,PUBLIC_DECLARATION
anfr-867082,867082,48.87083333333334,2.2877777777777775,,52 av victor hugo,,,75116,75116,31,SFR,2G | 3G | 4G,GSM 900 | LTE 1800 | LTE 2100 | LTE 2600 | LTE 800 | UMTS 900,En service,0752700389,6,mobile_radio_site,ANFR Open Data,PUBLIC_DECLARATION
anfr-867101,867101,48.87416666666667,2.2805555555555554,,11 r marbeau,,,75116,75116,30,SFR,4G | 5G,5G NR 3500 | LTE 1800 | LTE 2100 | LTE 2600 | LTE 700 | LTE 800,En service | Projet approuvé | Techniquement opérationnel,0752700411,6,mobile_radio_site,ANFR Open Data,PUBLIC_DECLARATION
anfr-867162,867162,48.84388888888889,2.263611111111111,,"47 b , r boileau",,,75116,75116,"27,2",SFR,2G | 3G | 4G | 5G,5G NR 2100 | 5G NR 3500 | GSM 900 | LTE 1800 | LTE 2100 | LTE 2600 | LTE 700 | LTE 800 | UMTS 900,En service | Projet approuvé | Techniquement opérationnel,0752700364,9,mobile_radio_site,ANFR Open Data,PUBLIC_DECLARATION
anfr-867168,867168,48.837500000000006,2.262777777777778,,5 r du général grossetti,,,75116,75116,"31,4",SFR,2G | 3G | 4G | 5G,5G NR 2100 | 5G NR 3500 | GSM 900 | LTE 1800 | LTE 2100 | LTE 2600 | LTE 800 | UMTS 900,En service | Techniquement opérationnel,0752700354,8,mobile_radio_site,ANFR Open Data,PUBLIC_DECLARATION
anfr-867200,867200,48.8525,2.274722222222222,,10 r la fontaine,,,75116,75116,31,SFR,2G | 3G | 4G | 5G,5G NR 2100 | 5G NR 3500 | GSM 900 | LTE 1800 | LTE 2100 | LTE 2600 | LTE 700 | LTE 800 | UMTS 2100 | UMTS 900,En service | Projet approuvé | Techniquement opérationnel,0752700179,10,mobile_radio_site,ANFR Open Data,PUBLIC_DECLARATION
anfr-875908,875908,48.86555555555556,2.2955555555555556,,9 av pierre premier de serbie,,,75016,75116,"22,4",SFR,2G | 3G | 4G,GSM 900 | LTE 1800 | LTE 2100 | LTE 2600 | LTE 800 | UMTS 900,En service,0752700371,6,mobile_radio_site,ANFR Open Data,PUBLIC_DECLARATION
anfr-1035938,1035938,48.85111111111111,2.2780555555555555,,2 avenue de Versailles,,,75016,75116,"25,6",SFR,3G | 4G | 5G,5G NR 2100 | 5G NR 3500 | LTE 1800 | LTE 2600 | UMTS 2100,En service | Projet approuvé | Techniquement opérationnel,0752700427,5,mobile_radio_site,ANFR Open Data,PUBLIC_DECLARATION
anfr-1329237,1329237,48.84722222222222,2.248888888888889,Court Philippe Chatrier,2 avenue Gordon Bennett,Stade Rolland Garros,,75116,75116,24,SFR,2G | 3G | 4G,GSM 900 | LTE 2600 | UMTS 2100,En service,0752701337,3,mobile_radio_site,ANFR Open Data,PUBLIC_DECLARATION
anfr-1475154,1475154,48.867222222222225,2.2880555555555553,,12 RUE LEO DELIBES,,,75116,75116,"28,6",SFR,2G | 3G | 4G | 5G,5G NR 2100 | 5G NR 3500 | GSM 900 | LTE 1800 | LTE 2100 | LTE 2600 | LTE 800 | UMTS 900,En service | Techniquement opérationnel,0752700368,8,mobile_radio_site,ANFR Open Data,PUBLIC_DECLARATION
anfr-1709226,1709226,48.84305555555556,2.2558333333333334,,3 RUE RAFFAELLI,,,75016,75116,"31,6",SFR,2G | 3G | 4G | 5G,5G NR 3500 | GSM 900 | LTE 1800 | LTE 2100 | LTE 2600 | LTE 700 | LTE 800 | UMTS 900,En service | Techniquement opérationnel,0752702027,8,mobile_radio_site,ANFR Open Data,PUBLIC_DECLARATION
anfr-1727562,1727562,48.87694444444445,2.281388888888889,,Tunnel des Maréchaux,Boulevard de Marechaux Porte Maillot,,75016,75116,12,SFR,2G | 3G | 4G,GSM 900 | LTE 1800 | LTE 2100 | LTE 800 | UMTS 2100 | UMTS 900,En service,0752702033,6,mobile_radio_site,ANFR Open Data,PUBLIC_DECLARATION
anfr-1733455,1733455,48.842222222222226,2.254166666666667,,Avenue du Parc des Princes (périphérique),,,75016,75116,10,SFR,2G | 3G | 4G,GSM 900 | LTE 1800 | LTE 2100 | LTE 800 | UMTS 2100 | UMTS 900,En service,0752702031,6,mobile_radio_site,ANFR Open Data,PUBLIC_DECLARATION
anfr-1746421,1746421,48.878055555555555,2.28,,route de Suresne (périphérique),,,75016,75116,10,SFR,2G | 3G | 4G,GSM 900 | LTE 1800 | LTE 2100 | LTE 800 | UMTS 2100 | UMTS 900,En service,0752702039,6,mobile_radio_site,ANFR Open Data,PUBLIC_DECLARATION
anfr-1746423,1746423,48.86333333333334,2.266111111111111,,Tunnel porte de la muette,Boulevard Périphérique - Route de la Muette à Neuilly,,75016,75116,"5,4",SFR,2G | 3G | 4G,GSM 900 | LTE 1800 | LTE 2100 | LTE 800 | UMTS 2100 | UMTS 900,En service,0752702041,6,mobile_radio_site,ANFR Open Data,PUBLIC_DECLARATION
anfr-1768607,1768607,48.835,2.261388888888889,,quai St Exupéry,Bd périphérique,,75016,75116,"6,5",SFR,2G | 3G | 4G,GSM 900 | LTE 1800 | LTE 2100 | LTE 800 | UMTS 2100 | UMTS 900,En service,0752702108,6,mobile_radio_site,ANFR Open Data,PUBLIC_DECLARATION
anfr-1798274,1798274,48.84777777777778,2.253888888888889,,Avenue de la Porte Auteuil,Tunnel du périphérique,,75116,75116,"7,6",SFR,2G | 3G | 4G,GSM 900 | LTE 1800 | LTE 2100 | LTE 800 | UMTS 2100 | UMTS 900,En service,0752702129,6,mobile_radio_site,ANFR Open Data,PUBLIC_DECLARATION
anfr-1946296,1946296,48.843333333333334,2.26,METRO EXELMANS,71 boulevard Exelmans,,,75016,75116,0,SFR,2G | 3G | 4G,GSM 1800 | GSM 900 | LTE 1800 | UMTS 900,En service,0752702353,4,mobile_radio_site,ANFR Open Data,PUBLIC_DECLARATION
anfr-1982690,1982690,48.83638888888889,2.2558333333333334,,Tunnel du périphérique,Avenue Georges Laffont,,75016,75116,"7,7",SFR,2G | 3G | 4G,GSM 900 | LTE 1800 | LTE 2100 | LTE 800 | UMTS 2100 | UMTS 900,En service,0752702490,6,mobile_radio_site,ANFR Open Data,PUBLIC_DECLARATION
anfr-2632580,2632580,48.86277777777778,2.2938888888888886,,46 AVENUE DE NEW YORK,,,75016,75116,"18,6",SFR,2G | 3G | 4G | 5G,5G NR 2100 | 5G NR 3500 | GSM 900 | LTE 1800 | LTE 2100 | LTE 2600 | LTE 700 | LTE 800 | UMTS 900,En service | Techniquement opérationnel,0752702826,9,mobile_radio_site,ANFR Open Data,PUBLIC_DECLARATION
anfr-2652260,2652260,48.88361111111111,2.2980555555555555,,155 RUE DE COURCELLES,,,75016,75116,29,SFR,4G,LTE 1800 | LTE 2100 | LTE 2600,En service,0752702834,3,mobile_radio_site,ANFR Open Data,PUBLIC_DECLARATION
anfr-2805062,2805062,48.86944444444445,2.2819444444444446,,1 Rue Dosne,159 rue de la pompe,,75016,75116,"21,7",SFR,3G | 4G | 5G,5G NR 3500 | LTE 1800 | LTE 2100 | LTE 2600 | LTE 700 | LTE 800 | UMTS 900,En service | Projet approuvé | Techniquement opérationnel,0752702887,7,mobile_radio_site,ANFR Open Data,PUBLIC_DECLARATION
anfr-2851822,2851822,48.855000000000004,2.2733333333333334,,2 rue Robert Le Coin,,,75016,75116,"23,8",SFR,3G | 4G | 5G,5G NR 3500 | LTE 1800 | LTE 2100 | LTE 2600 | LTE 700 | LTE 800 | UMTS 900,Projet approuvé,0752702938,7,mobile_radio_site,ANFR Open Data,PUBLIC_DECLARATION
anfr-2853854,2853854,48.847500000000004,2.249722222222222,,RUE Suzanne Lenglen,STADE ROLAND GARROS,,75016,75116,30,SFR,3G | 4G | 5G,5G NR 3500 | LTE 1800 | LTE 2100 | LTE 2600 | LTE 700 | LTE 800 | UMTS 900,En service | Techniquement opérationnel,0752702957,7,mobile_radio_site,ANFR Open Data,PUBLIC_DECLARATION
anfr-2899200,2899200,48.84666666666667,2.2736111111111112,,72 Quai Louis Blériot,,,75016,75116,37,SFR,3G | 4G | 5G,5G NR 3500 | LTE 1800 | LTE 2100 | LTE 2600 | LTE 700 | LTE 800 | UMTS 900,En service | Techniquement opérationnel,0752703043,7,mobile_radio_site,ANFR Open Data,PUBLIC_DECLARATION
anfr-2938950,2938950,48.850833333333334,2.2775,,8 10AVENUE DE VERSAILLES,,,75016,75116,28,SFR,4G | 5G,5G NR 3500 | LTE 1800 | LTE 2100 | LTE 2600 | LTE 700 | LTE 800,Projet approuvé,0752703119,6,mobile_radio_site,ANFR Open Data,PUBLIC_DECLARATION
anfr-2940434,2940434,48.85888888888889,2.266111111111111,,23 Boulevard Suchet,,,75016,75116,38,SFR,3G | 4G | 5G,5G NR 3500 | LTE 1800 | LTE 2100 | LTE 2600 | LTE 700 | LTE 800 | UMTS 900,Projet approuvé,0752703128,7,mobile_radio_site,ANFR Open Data,PUBLIC_DECLARATION
anfr-2959228,2959228,48.86222222222222,2.2905555555555552,,5 AVENUE ALBERT DE MUN,AQUARIUM DE PARIS,,75016,75116,"4,5",SFR,4G,LTE 1800 | LTE 2100 | LTE 2600,En service,0752703217,3,mobile_radio_site,ANFR Open Data,PUBLIC_DECLARATION
anfr-2976118,2976118,48.87138888888889,2.2930555555555556,,16 AVENUE KLEBER,,,75116,75116,"21,4",SFR,3G | 4G,LTE 1800 | LTE 2600 | UMTS 2100,En service | Projet approuvé,0752703260,3,mobile_radio_site,ANFR Open Data,PUBLIC_DECLARATION
anfr-2984263,2984263,48.87416666666667,2.2555555555555555,Bois de Boulogne,RP PORTE DE MADRID,PAVILLON GRILLE DE MADRID EST,,75016,75116,10,SFR,3G | 4G,LTE 1800 | LTE 2100 | LTE 2600 | LTE 800 | UMTS 900,En service,0752703271,5,mobile_radio_site,ANFR Open Data,PUBLIC_DECLARATION
anfr-2988549,2988549,48.86361111111111,2.2880555555555553,,50  AVENUE DU PRESIDENT WILSON,,,75116,75116,"27,5",SFR,3G | 4G,LTE 1800 | LTE 2600 | UMTS 2100,En service | Projet approuvé,0752703284,3,mobile_radio_site,ANFR Open Data,PUBLIC_DECLARATION
anfr-3052757,3052757,48.87138888888889,2.277222222222222,METRO PORTE DAUPHINE,81 AVENUE FOCH,Metro L2,,75116,75116,0,SFR,3G | 4G,LTE 1800 | LTE 2100 | LTE 2600 | LTE 700 | LTE 800 | UMTS 900,En service,0752703408,6,mobile_radio_site,ANFR Open Data,PUBLIC_DECLARATION
anfr-51188,51188,48.89,2.3216666666666663,,1 R LACROIX,,,75017,75117,28,BOUYGUES TELECOM,2G | 3G | 4G,GSM 900 | LTE 1800 | LTE 2600 | LTE 700 | LTE 800 | UMTS 900,En service | Projet approuvé,0752750966,6,mobile_radio_site,ANFR Open Data,PUBLIC_DECLARATION
anfr-444608,444608,48.89194444444444,2.317222222222222,,157 AV DE CLICHY,,,75017,75117,"30,8",BOUYGUES TELECOM,2G | 3G | 4G | 5G,5G NR 2100 | 5G NR 3500 | GSM 900 | LTE 1800 | LTE 2600 | LTE 700 | LTE 800 | UMTS 900,En service | Techniquement opérationnel,0752750135,8,mobile_radio_site,ANFR Open Data,PUBLIC_DECLARATION
anfr-464523,464523,48.891666666666666,2.303611111111111,,22 AV DE LA PORTE D'ASNIERES,,,75017,75117,44,BOUYGUES TELECOM | SFR,2G | 3G | 4G | 5G,5G NR 2100 | 5G NR 3500 | GSM 900 | LTE 1800 | LTE 2100 | LTE 2600 | LTE 700 | LTE 800 | UMTS 2100 | UMTS 900,En service | Techniquement opérationnel,0752700019 | 0752750603,16,mobile_radio_site,ANFR Open Data,PUBLIC_DECLARATION
anfr-466971,466971,48.88611111111111,2.2925,,TUNNEL BD MCHX AV STEPH.MALLARMÉ,,,75017,75117,7,BOUYGUES TELECOM,2G | 3G | 4G,GSM 1800 | GSM 900 | LTE 1800 | LTE 800 | UMTS 2100 | UMTS 900,En service,0752751384,6,mobile_radio_site,ANFR Open Data,PUBLIC_DECLARATION
anfr-492906,492906,48.88444444444444,2.3102777777777774,,"88, 90 R CARDINET",,,75017,75117,"37,6",BOUYGUES TELECOM,2G | 3G | 4G | 5G,5G NR 2100 | GSM 900 | LTE 1800 | LTE 2100 | LTE 2600 | LTE 700 | LTE 800 | UMTS 900,En service | Projet approuvé,0752750312,8,mobile_radio_site,ANFR Open Data,PUBLIC_DECLARATION
anfr-522173,522173,48.87861111111111,2.2802777777777776,,av de Neuilly,Porte Maillot,3 rue de Suresnes,75017,75117,7,BOUYGUES TELECOM | ORANGE | SFR,2G | 3G | 4G,GSM 900 | LTE 1800 | LTE 2100 | LTE 800 | UMTS 2100 | UMTS 900,En service,0752291275 | 0752700125 | 0752751502,12,mobile_radio_site,ANFR Open Data,PUBLIC_DECLARATION
anfr-525673,525673,48.88916666666667,2.2963888888888886,,BD DE REIMS,Tunnel de Courcelles / Porte de Champerret,Niveau Passage souterrain de la Promenade Bernard Lafay,75017,75117,"7,4",BOUYGUES TELECOM | ORANGE,3G | 4G,LTE 1800 | LTE 2100 | LTE 800 | UMTS 900,En service,0752291147 | 0752751353,6,mobile_radio_site,ANFR Open Data,PUBLIC_DECLARATION
anfr-540539,540539,48.88194444444444,2.3049999999999997,,44 R DE PRONY,,,75017,75117,33,BOUYGUES TELECOM,4G | 5G,5G NR 2100 | 5G NR 3500 | LTE 1800 | LTE 2100 | LTE 2600 | LTE 700 | LTE 800,En service | Projet approuvé | Techniquement opérationnel,0752750699,7,mobile_radio_site,ANFR Open Data,PUBLIC_DECLARATION
anfr-554126,554126,48.89416666666666,2.322222222222222,,"6, 8 R DES ÉPINETTES",,,75017,75117,32,BOUYGUES TELECOM | FREE MOBILE,3G | 4G | 5G,5G NR 2100 | 5G NR 3500 | 5G NR 700 | LTE 1800 | LTE 2100 | LTE 2600 | LTE 700 | LTE 800 | LTE 900 | UMTS 900,En service | Techniquement opérationnel,0750990030 | 0752750580,15,mobile_radio_site,ANFR Open Data,PUBLIC_DECLARATION
anfr-561875,561875,48.875277777777775,2.292222222222222,,14 AV DE LA GRANDE ARMÉE,,,75017,75117,32,BOUYGUES TELECOM,2G | 4G | 5G,5G NR 2100 | 5G NR 3500 | GSM 900 | LTE 1800 | LTE 2100 | LTE 2600 | LTE 700 | LTE 800,En service | Techniquement opérationnel,0752750973,8,mobile_radio_site,ANFR Open Data,PUBLIC_DECLARATION
anfr-721382,721382,48.88916666666667,2.3077777777777775,,140- 142 R de  Saussure,,,75017,75117,36,BOUYGUES TELECOM,4G | 5G,5G NR 2100 | 5G NR 3500 | LTE 1800 | LTE 2100 | LTE 2600 | LTE 700 | LTE 800,En service | Techniquement opérationnel,0752750601,7,mobile_radio_site,ANFR Open Data,PUBLIC_DECLARATION
anfr-727444,727444,48.87916666666667,2.2925,,"46, av des Ternes",,,75017,75117,33,BOUYGUES TELECOM | FREE MOBILE | ORANGE,2G | 3G | 4G | 5G,5G NR 2100 | 5G NR 3500 | 5G NR 700 | GSM 900 | LTE 1800 | LTE 2100 | LTE 2600 | LTE 700 | LTE 800 | LTE 900 | UMTS 900,En service | Techniquement opérationnel,0750990246 | 0752290390 | 0752750586,21,mobile_radio_site,ANFR Open Data,PUBLIC_DECLARATION
anfr-727462,727462,48.885555555555555,2.3163888888888886,,53-55 r Legendre,,,75017,75117,31,BOUYGUES TELECOM | FREE MOBILE | ORANGE | SFR,2G | 3G | 4G | 5G,5G NR 2100 | 5G NR 3500 | 5G NR 700 | GSM 900 | LTE 1800 | LTE 2100 | LTE 2600 | LTE 700 | LTE 800 | LTE 900 | UMTS 900,En service | Projet approuvé | Techniquement opérationnel,0750991032 | 0752291190 | 0752700399 | 0752750544,29,mobile_radio_site,ANFR Open Data,PUBLIC_DECLARATION
anfr-739776,739776,48.87777777777778,2.297222222222222,,3 Av des Ternes,,,75017,75117,32,BOUYGUES TELECOM,2G | 3G | 4G | 5G,5G NR 2100 | 5G NR 3500 | GSM 900 | LTE 1800 | LTE 2100 | LTE 2600 | LTE 700 | LTE 800 | UMTS 900,En service | Techniquement opérationnel,0752750797,9,mobile_radio_site,ANFR Open Data,PUBLIC_DECLARATION
anfr-739780,739780,48.88194444444444,2.293333333333333,,10 r Faraday,,,75017,75117,31,BOUYGUES TELECOM,2G | 3G | 4G | 5G,5G NR 2100 | 5G NR 3500 | GSM 900 | LTE 1800 | LTE 2600 | LTE 700 | LTE 800 | UMTS 900,En service | Techniquement opérationnel,0752750914,8,mobile_radio_site,ANFR Open Data,PUBLIC_DECLARATION
anfr-750988,750988,48.88388888888889,2.3202777777777777,,"26, 28 R BOURSAULT",,,75017,75117,29,BOUYGUES TELECOM,3G | 4G | 5G,5G NR 2100 | 5G NR 3500 | LTE 1800 | LTE 2100 | LTE 2600 | LTE 700 | LTE 800 | UMTS 900,En service | Techniquement opérationnel,0752750541,8,mobile_radio_site,ANFR Open Data,PUBLIC_DECLARATION
anfr-775139,775139,48.885555555555555,2.324722222222222,,7 R LEMERCIER,,,75017,75117,"30,5",BOUYGUES TELECOM,3G | 4G | 5G,5G NR 2100 | 5G NR 3500 | LTE 1800 | LTE 2600 | LTE 700 | LTE 800 | UMTS 900,En service | Techniquement opérationnel,0752751626,7,mobile_radio_site,ANFR Open Data,PUBLIC_DECLARATION
anfr-785580,785580,48.88388888888889,2.301944444444444,,133 AV DE WAGRAM,,,75017,75117,35,BOUYGUES TELECOM,2G | 3G | 4G | 5G,5G NR 2100 | 5G NR 3500 | GSM 900 | LTE 1800 | LTE 2100 | LTE 2600 | LTE 700 | LTE 800 | UMTS 900,En service | Techniquement opérationnel,0752750610,9,mobile_radio_site,ANFR Open Data,PUBLIC_DECLARATION
anfr-797876,797876,48.879444444444445,2.2849999999999997,,"81, bd Gouvion St Cyr",Hôtel Méridien,Métro Porte Maillot,75017,75117,46,BOUYGUES TELECOM | FREE MOBILE | ORANGE | SFR,2G | 3G | 4G | 5G,5G NR 2100 | 5G NR 3500 | 5G NR 700 | GSM 900 | LTE 1800 | LTE 2100 | LTE 2600 | LTE 700 | LTE 800 | LTE 900 | UMTS 2100 | UMTS 900,En service | Projet approuvé | Techniquement opérationnel,0750990013 | 0752291717 | 0752700023 | 0752751208,34,mobile_radio_site,ANFR Open Data,PUBLIC_DECLARATION
anfr-833761,833761,48.88777777777778,2.319722222222222,,73 R NOLLET,,,75017,75117,27,BOUYGUES TELECOM,4G | 5G,5G NR 2100 | 5G NR 3500 | LTE 1800 | LTE 2600 | LTE 700 | LTE 800,En service | Techniquement opérationnel,0752750894,6,mobile_radio_site,ANFR Open Data,PUBLIC_DECLARATION
anfr-1280271,1280271,48.88722222222222,2.3252777777777776,,61 / 65 avenue de Clichy,,,75017,75117,"31,9",BOUYGUES TELECOM | FREE MOBILE | SFR,2G | 3G | 4G | 5G,5G NR 2100 | 5G NR 3500 | 5G NR 700 | GSM 900 | LTE 1800 | LTE 2100 | LTE 2600 | LTE 700 | LTE 800 | LTE 900 | UMTS 2100 | UMTS 900,En service | Techniquement opérationnel,0750990092 | 0752702666 | 0752751364,22,mobile_radio_site,ANFR Open Data,PUBLIC_DECLARATION
anfr-1299912,1299912,48.88666666666666,2.286388888888889,,16 av de la Porte de Champerret,,,75017,75117,"30,5",BOUYGUES TELECOM,2G | 3G | 4G | 5G,5G NR 2100 | 5G NR 3500 | GSM 900 | LTE 1800 | LTE 2600 | LTE 700 | LTE 800 | UMTS 900,En service | Techniquement opérationnel,0752750204,8,mobile_radio_site,ANFR Open Data,PUBLIC_DECLARATION
anfr-1395504,1395504,48.87555555555556,2.295,,6 AVENUE MAC MAHON,,,75017,75117,"28,8",BOUYGUES TELECOM | FREE MOBILE,3G | 4G | 5G,5G NR 2100 | 5G NR 3500 | 5G NR 700 | LTE 1800 | LTE 2100 | LTE 2600 | LTE 700 | LTE 800 | LTE 900 | UMTS 900,En service | Techniquement opérationnel,0750990148 | 0752751724,14,mobile_radio_site,ANFR Open Data,PUBLIC_DECLARATION
anfr-1407121,1407121,48.88722222222222,2.3116666666666665,,97 - 99  r de la Saussure,,,75017,75117,"35,4",BOUYGUES TELECOM | SFR,2G | 3G | 4G | 5G,5G NR 2100 | 5G NR 3500 | GSM 900 | LTE 1800 | LTE 2100 | LTE 2600 | LTE 700 | LTE 800 | UMTS 2100 | UMTS 900,En service | Techniquement opérationnel,0752700087 | 0752751964,16,mobile_radio_site,ANFR Open Data,PUBLIC_DECLARATION
anfr-1408515,1408515,48.897777777777776,2.3188888888888886,,Rue Pierre Rebière,,,75017,75117,"5,9",BOUYGUES TELECOM | SFR,2G | 3G | 4G,GSM 900 | LTE 1800 | LTE 2100 | LTE 2600 | LTE 800 | UMTS 900,En service,0752703504 | 0752752964,11,mobile_radio_site,ANFR Open Data,PUBLIC_DECLARATION
anfr-1408517,1408517,48.89972222222222,2.3213888888888885,,Rue Emile Borel,,,75017,75117,"4,7",BOUYGUES TELECOM | SFR,2G | 3G | 4G,GSM 900 | LTE 1800 | LTE 2100 | LTE 2600 | LTE 800 | UMTS 900,En service,0752703505 | 0752752965,11,mobile_radio_site,ANFR Open Data,PUBLIC_DECLARATION
anfr-1546674,1546674,48.87972222222222,2.2872222222222223,,237 boulevard Pereire,,,75017,75117,"5,6",BOUYGUES TELECOM | SFR,2G | 3G | 4G,GSM 900 | LTE 1800 | LTE 2100 | LTE 2600 | LTE 800 | UMTS 900,En service,0752703494 | 0752752956,11,mobile_radio_site,ANFR Open Data,PUBLIC_DECLARATION
anfr-1546676,1546676,48.88194444444444,2.2919444444444443,,21 rue LEBON,,,75017,75117,"5,5",BOUYGUES TELECOM | SFR,2G | 3G | 4G,GSM 900 | LTE 1800 | LTE 2100 | LTE 2600 | LTE 800 | UMTS 900,En service,0752703495 | 0752752957,11,mobile_radio_site,ANFR Open Data,PUBLIC_DECLARATION
anfr-1546678,1546678,48.885,2.2975,,place du Marechal Juin,,,75017,75117,"5,2",BOUYGUES TELECOM | SFR,2G | 3G | 4G,GSM 900 | LTE 1800 | LTE 2100 | LTE 2600 | LTE 800 | UMTS 900,En service,0752703496 | 0752752958,11,mobile_radio_site,ANFR Open Data,PUBLIC_DECLARATION
anfr-1546680,1546680,48.88666666666666,2.3005555555555555,,96 boulevard Pereire,,,75017,75117,"8,6",BOUYGUES TELECOM | SFR,2G | 3G | 4G,GSM 900 | LTE 1800 | LTE 2100 | LTE 2600 | LTE 800 | UMTS 900,En service,0752703499 | 0752752959,11,mobile_radio_site,ANFR Open Data,PUBLIC_DECLARATION
anfr-1546682,1546682,48.88916666666667,2.3033333333333332,,23 rue Philibert Delorme,,,75017,75117,"5,4",BOUYGUES TELECOM | SFR,2G | 3G | 4G,GSM 900 | LTE 1800 | LTE 2100 | LTE 2600 | LTE 800 | UMTS 900,En service,0752703500 | 0752752960,11,mobile_radio_site,ANFR Open Data,PUBLIC_DECLARATION
anfr-1546684,1546684,48.89111111111111,2.3069444444444445,,60 boulevard Berthier,,,75017,75117,"5,2",BOUYGUES TELECOM | SFR,2G | 3G | 4G,GSM 900 | LTE 1800 | LTE 2100 | LTE 2600 | LTE 800 | UMTS 900,En service,0752703501 | 0752752961,11,mobile_radio_site,ANFR Open Data,PUBLIC_DECLARATION
anfr-1546686,1546686,48.893055555555556,2.311111111111111,,26 Boulevard des Maréchaux,,,75017,75117,6,BOUYGUES TELECOM | SFR,2G | 3G | 4G,GSM 900 | LTE 1800 | LTE 2100 | LTE 2600 | LTE 800 | UMTS 900,En service,0752703502 | 0752752962,11,mobile_radio_site,ANFR Open Data,PUBLIC_DECLARATION
anfr-1546688,1546688,48.89416666666666,2.3144444444444443,,rue Fragonard,,,75017,75117,"5,6",BOUYGUES TELECOM | SFR,2G | 3G | 4G,GSM 900 | LTE 1800 | LTE 2100 | LTE 2600 | LTE 800 | UMTS 900,En service,0752703503 | 0752752963,11,mobile_radio_site,ANFR Open Data,PUBLIC_DECLARATION
anfr-1623887,1623887,48.8825,2.3169444444444443,,121 R DES DAMES,,,75017,75117,34,BOUYGUES TELECOM | FREE MOBILE,3G | 4G | 5G,5G NR 2100 | 5G NR 3500 | 5G NR 700 | LTE 1800 | LTE 2100 | LTE 2600 | LTE 700 | LTE 800 | LTE 900 | UMTS 900,En service | Techniquement opérationnel,0750990237 | 0752750019,14,mobile_radio_site,ANFR Open Data,PUBLIC_DECLARATION
anfr-1686470,1686470,48.88111111111111,2.3097222222222222,,5-7 R GEORGES BERGER,,,75017,75117,"32,9",BOUYGUES TELECOM | FREE MOBILE,2G | 3G | 4G | 5G,5G NR 2100 | 5G NR 3500 | 5G NR 700 | GSM 900 | LTE 1800 | LTE 2100 | LTE 2600 | LTE 700 | LTE 800 | LTE 900 | UMTS 900,En service | Projet approuvé | Techniquement opérationnel,0750990214 | 0752752121,14,mobile_radio_site,ANFR Open Data,PUBLIC_DECLARATION
anfr-1701001,1701001,48.88916666666667,2.3,,7 SQ DU RHONE BD BERTHIER,,,75017,75117,"33,7",BOUYGUES TELECOM | FREE MOBILE,3G | 4G | 5G,5G NR 2100 | 5G NR 3500 | 5G NR 700 | LTE 1800 | LTE 2100 | LTE 2600 | LTE 700 | LTE 800 | LTE 900 | UMTS 900,En service | Techniquement opérationnel,0750990268 | 0752750685,14,mobile_radio_site,ANFR Open Data,PUBLIC_DECLARATION
anfr-1764130,1764130,48.88722222222222,2.2916666666666665,,9 R JEAN MOREAS,,,75017,75117,"34,7",BOUYGUES TELECOM | FREE MOBILE,3G | 4G | 5G,5G NR 2100 | 5G NR 3500 | 5G NR 700 | LTE 1800 | LTE 2100 | LTE 2600 | LTE 700 | LTE 800 | LTE 900 | UMTS 900,En service | Techniquement opérationnel,0750990290 | 0752750552,15,mobile_radio_site,ANFR Open Data,PUBLIC_DECLARATION
anfr-1885867,1885867,48.896388888888886,2.32,,77 BD BESSIÉRES,,,75017,75117,"33,7",BOUYGUES TELECOM | FREE MOBILE,3G | 4G | 5G,5G NR 2100 | 5G NR 3500 | 5G NR 700 | LTE 1800 | LTE 2100 | LTE 2600 | LTE 700 | LTE 800 | LTE 900 | UMTS 900,En service | Techniquement opérationnel,0750990558 | 0752750575,14,mobile_radio_site,ANFR Open Data,PUBLIC_DECLARATION
anfr-1888228,1888228,48.88444444444444,2.285833333333333,Porte des Ternes,Tunnel du périphérique,stade Paul Faber ( Pte de Villiers ),,75017,75117,"7,8",BOUYGUES TELECOM | ORANGE | SFR,2G | 3G | 4G,GSM 900 | LTE 1800 | LTE 2100 | LTE 800 | UMTS 2100 | UMTS 900,En service,0752292811 | 0752702158 | 0752752006,12,mobile_radio_site,ANFR Open Data,PUBLIC_DECLARATION
anfr-1986082,1986082,48.89111111111111,2.307222222222222,,Bd BERTHIER,164 r de Saussure,,75017,75117,38,BOUYGUES TELECOM | ORANGE | SFR,2G | 3G | 4G | 5G,5G NR 2100 | 5G NR 3500 | 5G NR 700 | GSM 900 | LTE 1800 | LTE 2100 | LTE 2600 | LTE 700 | LTE 800 | UMTS 2100 | UMTS 900,En service | Projet approuvé | Techniquement opérationnel,0752292066 | 0752700229 | 0752752576,26,mobile_radio_site,ANFR Open Data,PUBLIC_DECLARATION
anfr-2057052,2057052,48.88777777777778,2.304444444444444,,185 BOULEVARD MALESHERBES,,,75017,75117,36,BOUYGUES TELECOM | FREE MOBILE,2G | 3G | 4G | 5G,5G NR 2100 | 5G NR 3500 | 5G NR 700 | GSM 900 | LTE 1800 | LTE 2100 | LTE 2600 | LTE 700 | LTE 800 | LTE 900 | UMTS 900,En service | Techniquement opérationnel,0750990667 | 0752750391,15,mobile_radio_site,ANFR Open Data,PUBLIC_DECLARATION
anfr-2065833,2065833,48.89722222222222,2.328611111111111,Métro PORTE DE SAINT OUEN L13,Av de St ouen angle Bld Ney,,,75017,75117,0,BOUYGUES TELECOM | FREE MOBILE | ORANGE | SFR,2G | 3G | 4G,GSM 900 | LTE 1800 | LTE 900 | UMTS 900,En service,0750990727 | 0752292161 | 0752702534 | 0752752578,9,mobile_radio_site,ANFR Open Data,PUBLIC_DECLARATION
anfr-2092805,2092805,48.88361111111111,2.29,,60 RUE BAYEN,,,75017,75117,21,BOUYGUES TELECOM,4G,LTE 1800,En service,0752752282,1,mobile_radio_site,ANFR Open Data,PUBLIC_DECLARATION
anfr-2145508,2145508,48.88138888888889,2.3152777777777778,Métro VILLIERS L2-3,1 av de villiers,,,75017,75117,0,BOUYGUES TELECOM | FREE MOBILE | ORANGE | SFR,3G | 4G,LTE 1800 | LTE 2100 | LTE 2600 | LTE 800 | LTE 900 | UMTS 2100 | UMTS 900,En service,0750990877 | 0752292234 | 0752702605 | 0752752714,19,mobile_radio_site,ANFR Open Data,PUBLIC_DECLARATION
anfr-2182920,2182920,48.88305555555556,2.322222222222222,,"48-50, Bd des Batignolles",,,75017,75117,"37,4",BOUYGUES TELECOM | FREE MOBILE,2G | 4G | 5G,5G NR 2100 | 5G NR 3500 | 5G NR 700 | GSM 900 | LTE 1800 | LTE 2100 | LTE 2600 | LTE 700 | LTE 800 | LTE 900,En service | Techniquement opérationnel,0750990785 | 0752752097,14,mobile_radio_site,ANFR Open Data,PUBLIC_DECLARATION
anfr-2225537,2225537,48.886944444444445,2.2963888888888886,,154 BD BERTHIER,,,75017,75117,20,BOUYGUES TELECOM,4G,LTE 1800,Projet approuvé,0752752440,1,mobile_radio_site,ANFR Open Data,PUBLIC_DECLARATION
anfr-2272379,2272379,48.878055555555555,2.283333333333333,METRO L1 PORTE MAILLOT,PL MAILLOT,,,75017,75117,1,BOUYGUES TELECOM,3G | 4G,LTE 1800 | LTE 2100 | LTE 2600 | LTE 800 | UMTS 900,En service,0752752598,5,mobile_radio_site,ANFR Open Data,PUBLIC_DECLARATION
anfr-2311064,2311064,48.882222222222225,2.3211111111111107,Métro ROME L2,62 boulevard des Batignolles,,,75017,75117,0,BOUYGUES TELECOM | ORANGE | SFR,3G | 4G,LTE 1800 | LTE 2100 | LTE 2600 | LTE 800 | UMTS 2100 | UMTS 900,En service,0752292397 | 0752702005 | 0752752658,16,mobile_radio_site,ANFR Open Data,PUBLIC_DECLARATION
anfr-2344117,2344117,48.89361111111111,2.315833333333333,,190 AV DE CLICHY,,,75017,75117,41,BOUYGUES TELECOM,2G | 3G | 4G | 5G,5G NR 3500 | GSM 900 | LTE 1800 | LTE 2100 | LTE 2600 | LTE 700 | LTE 800 | UMTS 900,En service | Projet approuvé,0752752671,8,mobile_radio_site,ANFR Open Data,PUBLIC_DECLARATION
anfr-2351994,2351994,48.89944444444444,2.321944444444444,,3-9 R  EMILE BOREL  ( BARRE BOREL),,,75017,75117,"35,3",BOUYGUES TELECOM,2G | 3G | 4G | 5G,5G NR 2100 | 5G NR 3500 | GSM 900 | LTE 1800 | LTE 2600 | LTE 700 | LTE 800 | UMTS 900,En service | Techniquement opérationnel,0752752676,8,mobile_radio_site,ANFR Open Data,PUBLIC_DECLARATION
anfr-2379917,2379917,48.88916666666667,2.315,METRO PONT CARDINET L14,147 RUE CARDINET,,,75017,75117,0,BOUYGUES TELECOM | FREE MOBILE | ORANGE | SFR,3G | 4G,LTE 1800 | LTE 2100 | LTE 2600 | LTE 700 | LTE 800 | LTE 900 | UMTS 900,En service,0750990930 | 0752292422 | 0752702765 | 0752752702,22,mobile_radio_site,ANFR Open Data,PUBLIC_DECLARATION
anfr-2409297,2409297,48.894444444444446,2.313333333333333,Métro PORTE DE CLICHY,4 Avenue de la Porte de Clichy,,,75017,75117,0,BOUYGUES TELECOM | FREE MOBILE | ORANGE,3G | 4G,LTE 1800 | LTE 2100 | LTE 2600 | LTE 700 | LTE 800 | UMTS 900,En service,0750990936 | 0752292435 | 0752752709,15,mobile_radio_site,ANFR Open Data,PUBLIC_DECLARATION
anfr-2466698,2466698,48.88777777777778,2.3252777777777776,METRO LA FOURCHE L13,66 AV DE CLICHY,,,75017,75117,1,BOUYGUES TELECOM,3G | 4G,LTE 1800 | LTE 2100 | LTE 2600 | LTE 700 | LTE 800 | UMTS 2100 | UMTS 900,En service | Projet approuvé,0752752738,7,mobile_radio_site,ANFR Open Data,PUBLIC_DECLARATION
anfr-2587762,2587762,48.88472222222222,2.308611111111111,,9 R DAUBIGNY,,,75017,75117,"30,6",BOUYGUES TELECOM,3G | 4G | 5G,5G NR 2100 | LTE 1800 | LTE 2600 | LTE 700 | LTE 800 | UMTS 900,En service | Techniquement opérationnel,0752752776,6,mobile_radio_site,ANFR Open Data,PUBLIC_DECLARATION
anfr-2646360,2646360,48.885555555555555,2.2975,,6 PL MARECHAL JUIN,,,75017,75117,"20,7",BOUYGUES TELECOM,4G,LTE 1800,En service,0752752793,1,mobile_radio_site,ANFR Open Data,PUBLIC_DECLARATION
anfr-2699959,2699959,48.890277777777776,2.3205555555555555,,127 AVENUE DE CLICHY,,,75017,75117,"25,9",BOUYGUES TELECOM,3G | 4G | 5G,5G NR 2100 | LTE 1800 | LTE 2100 | LTE 2600 | LTE 700 | LTE 800 | UMTS 900,En service | Techniquement opérationnel,0752752796,7,mobile_radio_site,ANFR Open Data,PUBLIC_DECLARATION
anfr-2719208,2719208,48.89416666666666,2.313611111111111,Métro Porte de Clichy L13,1  BD BERTHIER,,,75017,75117,3,BOUYGUES TELECOM,3G | 4G,LTE 1800 | LTE 2100 | LTE 2600 | LTE 700 | LTE 800 | UMTS 900,En service,0752752822,6,mobile_radio_site,ANFR Open Data,PUBLIC_DECLARATION
anfr-2722696,2722696,48.876111111111115,2.2894444444444444,,2 RUE VILLARET DE JOYEUSE,,,75017,75117,32,BOUYGUES TELECOM | FREE MOBILE,2G | 3G | 4G | 5G,5G NR 2100 | 5G NR 3500 | 5G NR 700 | GSM 900 | LTE 1800 | LTE 2100 | LTE 2600 | LTE 700 | LTE 800 | LTE 900 | UMTS 900,En service | Techniquement opérationnel,0750990087 | 0752752818,15,mobile_radio_site,ANFR Open Data,PUBLIC_DECLARATION
anfr-2742537,2742537,48.88388888888889,2.2891666666666666,,1 R AUMONT THIEVILLE,bd gouvion st cyr,,75017,75117,35,BOUYGUES TELECOM | ORANGE,3G | 4G | 5G,5G NR 2100 | 5G NR 3500 | 5G NR 700 | LTE 1800 | LTE 2100 | LTE 2600 | LTE 700 | LTE 800 | UMTS 900,En service | Projet approuvé | Techniquement opérationnel,0752292733 | 0752752812,15,mobile_radio_site,ANFR Open Data,PUBLIC_DECLARATION
anfr-2819976,2819976,48.88055555555555,2.3002777777777776,,76 AV DE WAGRAM,,,75017,75117,"23,3",BOUYGUES TELECOM,4G,LTE 1800,En service,0752752856,1,mobile_radio_site,ANFR Open Data,PUBLIC_DECLARATION
anfr-2880104,2880104,48.885,2.305833333333333,,11 Rue AMPERE,,,75017,75117,31,BOUYGUES TELECOM | SFR,3G | 4G | 5G,5G NR 2100 | 5G NR 3500 | LTE 1800 | LTE 2100 | LTE 2600 | LTE 700 | LTE 800 | UMTS 900,En service | Techniquement opérationnel,0752702996 | 0752752079,15,mobile_radio_site,ANFR Open Data,PUBLIC_DECLARATION
anfr-2905456,2905456,48.886944444444445,2.3002777777777776,,1 Rue Verniquet,,,75017,75117,31,BOUYGUES TELECOM | SFR,3G | 4G | 5G,5G NR 2100 | 5G NR 3500 | LTE 1800 | LTE 2100 | LTE 2600 | LTE 700 | LTE 800 | UMTS 900,En service | Techniquement opérationnel,0752703029 | 0752751001,14,mobile_radio_site,ANFR Open Data,PUBLIC_DECLARATION
anfr-3090001,3090001,48.88777777777778,2.2891666666666666,,27 R JACQUES IBERT,,,75017,75117,"27,4",BOUYGUES TELECOM,3G | 4G | 5G,5G NR 2100 | 5G NR 3500 | LTE 1800 | LTE 2100 | LTE 2600 | LTE 700 | LTE 800 | UMTS 900,En service | Techniquement opérationnel,0752752939,8,mobile_radio_site,ANFR Open Data,PUBLIC_DECLARATION
anfr-3100282,3100282,48.89416666666666,2.3119444444444444,,8 BOULEVARD BERTHIER,,,75017,75117,30,BOUYGUES TELECOM | FREE MOBILE,3G | 4G | 5G,5G NR 2100 | 5G NR 3500 | 5G NR 700 | LTE 1800 | LTE 2100 | LTE 2600 | LTE 700 | LTE 800 | LTE 900 | UMTS 900,En service | Projet approuvé | Techniquement opérationnel,0750991163 | 0752752674,14,mobile_radio_site,ANFR Open Data,PUBLIC_DECLARATION
anfr-3118691,3118691,48.89666666666667,2.326388888888889,,7 r du Général Henrys,,,75017,75117,"29,7",BOUYGUES TELECOM | FREE MOBILE | SFR,3G | 4G | 5G,5G NR 2100 | 5G NR 3500 | 5G NR 700 | LTE 1800 | LTE 2100 | LTE 2600 | LTE 700 | LTE 800 | LTE 900 | UMTS 900,En service | Projet approuvé | Techniquement opérationnel,0750990252 | 0752703465 | 0752750148,21,mobile_radio_site,ANFR Open Data,PUBLIC_DECLARATION
anfr-3148012,3148012,48.88305555555556,2.314722222222222,,38-40 RUE DE LÉVIS,,,75017,75117,"25,7",BOUYGUES TELECOM,4G | 5G,5G NR 2100 | 5G NR 3500 | LTE 1800 | LTE 2100 | LTE 2600 | LTE 700 | LTE 800,En service | Techniquement opérationnel,0752752995,7,mobile_radio_site,ANFR Open Data,PUBLIC_DECLARATION
anfr-3270885,3270885,48.89555555555555,2.308611111111111,,11 À 19 BD DE DOUAUMONT,,,75017,75117,39,BOUYGUES TELECOM,3G | 4G | 5G,5G NR 2100 | 5G NR 3500 | LTE 1800 | LTE 2100 | LTE 2600 | LTE 700 | LTE 800 | UMTS 900,En service | Projet approuvé | Techniquement opérationnel,0752753030,8,mobile_radio_site,ANFR Open Data,PUBLIC_DECLARATION
anfr-3299703,3299703,48.886944444444445,2.2888888888888888,Espace Champerret,PL CHAMPERRET/OESTREICHER,,,75017,75117,9,BOUYGUES TELECOM,4G,LTE 1800,En service,0752753040,1,mobile_radio_site,ANFR Open Data,PUBLIC_DECLARATION
anfr-3307366,3307366,48.88,2.2952777777777778,,16 AV NIEL,,,75017,75117,"29,9",BOUYGUES TELECOM,3G | 4G | 5G,5G NR 2100 | LTE 1800 | LTE 2600 | LTE 700 | LTE 800 | UMTS 900,Projet approuvé,0752753054,6,mobile_radio_site,ANFR Open Data,PUBLIC_DECLARATION
anfr-464551,464551,48.88305555555556,2.3202777777777777,,7 r bourseault,,,75017,75117,31,FREE MOBILE | SFR,2G | 3G | 4G | 5G,5G NR 700 | GSM 900 | LTE 1800 | LTE 2100 | LTE 2600 | LTE 700 | LTE 800 | LTE 900 | UMTS 900,En service | Techniquement opérationnel,0750990041 | 0752700356,13,mobile_radio_site,ANFR Open Data,PUBLIC_DECLARATION
anfr-1188856,1188856,48.88722222222222,2.3144444444444443,,165 RUE DE ROME,,,75017,75117,"26,2",FREE MOBILE,4G | 5G,5G NR 3500 | 5G NR 700 | LTE 1800 | LTE 2100 | LTE 2600 | LTE 700 | LTE 900,En service | Techniquement opérationnel,0750990064,7,mobile_radio_site,ANFR Open Data,PUBLIC_DECLARATION
anfr-1292538,1292538,48.89388888888889,2.3152777777777778,,190 B AVENUE DE CLICHY,,,75017,75117,34,FREE MOBILE,4G | 5G,5G NR 3500 | 5G NR 700 | LTE 1800 | LTE 2100 | LTE 2600 | LTE 700 | LTE 900,En service | Techniquement opérationnel,0750990102,7,mobile_radio_site,ANFR Open Data,PUBLIC_DECLARATION
anfr-1422458,1422458,48.89,2.3049999999999997,,153 rue de Saussure,,,75017,75117,32,FREE MOBILE,4G | 5G,5G NR 3500 | 5G NR 700 | LTE 1800 | LTE 2100 | LTE 2600 | LTE 700 | LTE 900,En service | Techniquement opérationnel,0750990156,7,mobile_radio_site,ANFR Open Data,PUBLIC_DECLARATION
anfr-1467310,1467310,48.88972222222222,2.321944444444444,,2 RUE LACROIX,,,75017,75117,24,FREE MOBILE,4G | 5G,5G NR 3500 | 5G NR 700 | LTE 1800 | LTE 2100 | LTE 2600 | LTE 700 | LTE 900,En service | Projet approuvé | Techniquement opérationnel,0750990170,7,mobile_radio_site,ANFR Open Data,PUBLIC_DECLARATION
anfr-1480605,1480605,48.885,2.2991666666666664,,85 r ampère,,,75017,75117,"26,2",FREE MOBILE | SFR,2G | 3G | 4G | 5G,5G NR 3500 | 5G NR 700 | GSM 900 | LTE 1800 | LTE 2100 | LTE 2600 | LTE 700 | LTE 800 | LTE 900 | UMTS 900,En service | Projet approuvé | Techniquement opérationnel,0750990182 | 0752700342,15,mobile_radio_site,ANFR Open Data,PUBLIC_DECLARATION
anfr-1512918,1512918,48.879444444444445,2.3041666666666667,,BOULEVARD DE COURCELLES,,,75017,75117,"30,5",FREE MOBILE,4G | 5G,5G NR 3500 | 5G NR 700 | LTE 1800 | LTE 2100 | LTE 2600 | LTE 700 | LTE 900,En service | Techniquement opérationnel,0750990198,7,mobile_radio_site,ANFR Open Data,PUBLIC_DECLARATION
anfr-1545006,1545006,48.884166666666665,2.2916666666666665,,10 rue Galvani,,,75017,75117,"27,3",FREE MOBILE,4G | 5G,5G NR 3500 | 5G NR 700 | LTE 1800 | LTE 2100 | LTE 2600 | LTE 700 | LTE 900,En service | Techniquement opérationnel,0750990213,7,mobile_radio_site,ANFR Open Data,PUBLIC_DECLARATION
anfr-1584314,1584314,48.88472222222222,2.3080555555555553,,128 bd  maleherbes,,,75017,75117,"29,4",FREE MOBILE | SFR,3G | 4G | 5G,5G NR 3500 | 5G NR 700 | LTE 1800 | LTE 2100 | LTE 2600 | LTE 700 | LTE 800 | LTE 900 | UMTS 900,En service | Projet approuvé | Techniquement opérationnel,0750990226 | 0752700348,14,mobile_radio_site,ANFR Open Data,PUBLIC_DECLARATION
anfr-1744821,1744821,48.88666666666666,2.3211111111111107,,55 Rue Nollet,,,75017,75117,32,FREE MOBILE,4G | 5G,5G NR 3500 | 5G NR 700 | LTE 1800 | LTE 2100 | LTE 2600 | LTE 700 | LTE 900,En service | Techniquement opérationnel,0750990280,7,mobile_radio_site,ANFR Open Data,PUBLIC_DECLARATION
anfr-1757669,1757669,48.88361111111111,2.3125,,34 Rue de Tocqueville,,,75017,75117,29,FREE MOBILE | ORANGE,3G | 4G | 5G,5G NR 700 | LTE 1800 | LTE 2100 | LTE 2600 | LTE 700 | LTE 800 | LTE 900 | UMTS 900,En service | Techniquement opérationnel,0750990284 | 0752291683,11,mobile_radio_site,ANFR Open Data,PUBLIC_DECLARATION
anfr-1919938,1919938,48.87916666666667,2.2822222222222224,,2 Place de la Porte Maillot,,,75017,75117,"34,5",FREE MOBILE,4G | 5G,5G NR 3500 | 5G NR 700 | LTE 1800 | LTE 2100 | LTE 2600 | LTE 700 | LTE 900,En service | Techniquement opérationnel,0750990586,7,mobile_radio_site,ANFR Open Data,PUBLIC_DECLARATION
anfr-1979029,1979029,48.87694444444445,2.2866666666666666,,58-60 Av. de la Grande Armée,,,75017,75117,34,FREE MOBILE | ORANGE | SFR,3G | 4G | 5G,5G NR 2100 | 5G NR 3500 | 5G NR 700 | LTE 1800 | LTE 2100 | LTE 2600 | LTE 700 | LTE 800 | LTE 900 | UMTS 900,En service | Projet approuvé | Techniquement opérationnel,0750990617 | 0752291062 | 0752703368,22,mobile_radio_site,ANFR Open Data,PUBLIC_DECLARATION
anfr-2008781,2008781,48.87694444444445,2.2969444444444442,,39 AVENUE DE WAGRAM,,,75017,75117,"34,1",FREE MOBILE,4G | 5G,5G NR 3500 | 5G NR 700 | LTE 1800 | LTE 2100 | LTE 2600 | LTE 700 | LTE 900,En service | Techniquement opérationnel,0750990636,7,mobile_radio_site,ANFR Open Data,PUBLIC_DECLARATION
anfr-2054861,2054861,48.89277777777778,2.3041666666666667,,17 et 19 RUE STEPHANE GRAPPELLI,,,75017,75117,28,FREE MOBILE,4G | 5G,5G NR 3500 | 5G NR 700 | LTE 1800 | LTE 2100 | LTE 2600 | LTE 700 | LTE 900,En service | Techniquement opérationnel,0750990665,7,mobile_radio_site,ANFR Open Data,PUBLIC_DECLARATION
anfr-2061713,2061713,48.88472222222222,2.2980555555555555,Métro PEREIRE L3,1 Place du Maréchal Juin,,,75017,75117,0,FREE MOBILE | ORANGE | SFR,2G | 3G | 4G,GSM 900 | LTE 1800 | LTE 900 | UMTS 900,En service,0750990709 | 0752292157 | 0752702529,7,mobile_radio_site,ANFR Open Data,PUBLIC_DECLARATION
anfr-2118257,2118257,48.882777777777775,2.3099999999999996,Métro MALESHERBES L3,Place du Gal CATROUX,,,75017,75117,0,FREE MOBILE | ORANGE,3G | 4G,LTE 1800 | LTE 900 | UMTS 900,En service,0750990761 | 0752292191,4,mobile_radio_site,ANFR Open Data,PUBLIC_DECLARATION
anfr-2137890,2137890,48.88722222222222,2.3255555555555554,METRO LAFOURCHE,Angle Av de Clichy/Av de Saint Ouen,,,75017,75117,0,FREE MOBILE | ORANGE | SFR,3G | 4G,LTE 1800 | LTE 2100 | LTE 2600 | LTE 700 | LTE 800 | UMTS 900,En service,0750990632 | 0752292131 | 0752702324,13,mobile_radio_site,ANFR Open Data,PUBLIC_DECLARATION
anfr-2137892,2137892,48.890277777777776,2.319722222222222,METRO BROCHANT,47 RUE BROCHANT,,,75017,75117,0,FREE MOBILE | ORANGE | SFR,2G | 3G | 4G,GSM 900 | LTE 1800 | LTE 900 | UMTS 900,En service,0750990631 | 0752292073 | 0752701968,7,mobile_radio_site,ANFR Open Data,PUBLIC_DECLARATION
anfr-2148270,2148270,48.89388888888889,2.315,Métro PORTE DE CLICHY L13,1 bd Berthier,,,75017,75117,3,FREE MOBILE | ORANGE | SFR,2G | 3G | 4G,GSM 1800 | GSM 900 | LTE 1800 | LTE 2100 | LTE 2600 | LTE 700 | LTE 800 | UMTS 900,En service | Projet approuvé,0750990878 | 0752292247 | 0752702221,13,mobile_radio_site,ANFR Open Data,PUBLIC_DECLARATION
anfr-2197531,2197531,48.88138888888889,2.3066666666666666,,24 RUE DE PRONY,,,75017,75117,"33,2",FREE MOBILE,4G | 5G,5G NR 3500 | 5G NR 700 | LTE 1800 | LTE 2100 | LTE 2600 | LTE 700 | LTE 900,En service | Techniquement opérationnel,0750990792,7,mobile_radio_site,ANFR Open Data,PUBLIC_DECLARATION
anfr-2225175,2225175,48.884166666666665,2.303611111111111,,78 AVENUE DE VILLIERS,,,75017,75117,"29,2",FREE MOBILE,4G | 5G,5G NR 3500 | 5G NR 700 | LTE 1800 | LTE 2100 | LTE 2600 | LTE 700 | LTE 900,En service | Techniquement opérationnel,0750990819,7,mobile_radio_site,ANFR Open Data,PUBLIC_DECLARATION
anfr-2246398,2246398,48.89222222222222,2.3002777777777776,,4 Boulevard de Reims,,,75017,75117,"32,9",FREE MOBILE,4G | 5G,5G NR 3500 | 5G NR 700 | LTE 1800 | LTE 2100 | LTE 2600 | LTE 700 | LTE 900,En service | Techniquement opérationnel,0750990831,7,mobile_radio_site,ANFR Open Data,PUBLIC_DECLARATION
anfr-2271231,2271231,48.888888888888886,2.3094444444444444,,128/130 RUE DE SAUSSURE,,,75017,75117,"29,5",FREE MOBILE,4G | 5G,5G NR 3500 | 5G NR 700 | LTE 1800 | LTE 2100 | LTE 2600 | LTE 700 | LTE 900,En service | Techniquement opérationnel,0750990838,7,mobile_radio_site,ANFR Open Data,PUBLIC_DECLARATION
anfr-2316447,2316447,48.87972222222222,2.2963888888888886,,16 RUE SAUSSIER LEROY,,,75017,75117,30,FREE MOBILE,4G | 5G,5G NR 3500 | 5G NR 700 | LTE 1800 | LTE 2100 | LTE 2600 | LTE 700 | LTE 900,En service | Techniquement opérationnel,0750990892,7,mobile_radio_site,ANFR Open Data,PUBLIC_DECLARATION
anfr-2323426,2323426,48.885555555555555,2.3238888888888884,,14 RUE NOLLET,,,75017,75117,"30,7",FREE MOBILE,4G | 5G,5G NR 3500 | 5G NR 700 | LTE 1800 | LTE 2100 | LTE 2600 | LTE 700 | LTE 900,Projet approuvé,0750990901,7,mobile_radio_site,ANFR Open Data,PUBLIC_DECLARATION
anfr-2416306,2416306,48.87972222222222,2.298888888888889,,75 AVENUE DE WAGRAM,,,75017,75117,"32,5",FREE MOBILE,4G | 5G,5G NR 3500 | 5G NR 700 | LTE 1800 | LTE 2100 | LTE 2600 | LTE 700 | LTE 900,En service | Techniquement opérationnel,0750990939,7,mobile_radio_site,ANFR Open Data,PUBLIC_DECLARATION
anfr-2584840,2584840,48.89944444444444,2.322222222222222,,7 RUE EMILE BOREL,,,75017,75117,"36,3",FREE MOBILE,4G | 5G,5G NR 3500 | 5G NR 700 | LTE 1800 | LTE 2100 | LTE 2600 | LTE 700 | LTE 900,En service | Techniquement opérationnel,0750990972,7,mobile_radio_site,ANFR Open Data,PUBLIC_DECLARATION
anfr-2684468,2684468,48.87777777777778,2.2930555555555556,,45 rue des Acacias,,,75017,75117,"30,2",FREE MOBILE,4G | 5G,5G NR 3500 | 5G NR 700 | LTE 1800 | LTE 2100 | LTE 2600 | LTE 700 | LTE 900,En service | Techniquement opérationnel,0750990988,7,mobile_radio_site,ANFR Open Data,PUBLIC_DECLARATION
anfr-2687195,2687195,48.88638888888889,2.3116666666666665,,17 RUE JOUFFROY D ABBANS,,,75017,75117,"27,9",FREE MOBILE,4G | 5G,5G NR 700 | LTE 1800 | LTE 2100 | LTE 2600 | LTE 700 | LTE 900,Projet approuvé,0750990990,6,mobile_radio_site,ANFR Open Data,PUBLIC_DECLARATION
anfr-2735994,2735994,48.89222222222222,2.3166666666666664,,169 Avenue de Clichy,,,75017,75117,"34,8",FREE MOBILE,4G | 5G,5G NR 3500 | 5G NR 700 | LTE 1800 | LTE 2100 | LTE 2600 | LTE 700 | LTE 900,En service | Techniquement opérationnel,0750991004,7,mobile_radio_site,ANFR Open Data,PUBLIC_DECLARATION
anfr-2915448,2915448,48.89083333333333,2.3066666666666666,,Boulevard Berthier,164d Rue de Saussure,,75017,75117,"35,3",FREE MOBILE,4G | 5G,5G NR 3500 | 5G NR 700 | LTE 1800 | LTE 2100 | LTE 2600 | LTE 700 | LTE 900,En service | Techniquement opérationnel,0750991072,7,mobile_radio_site,ANFR Open Data,PUBLIC_DECLARATION
anfr-2934222,2934222,48.8925,2.319444444444444,BROCHANT,18 RUE POUCHET,,,75017,75117,"31,8",FREE MOBILE,4G | 5G,5G NR 3500 | 5G NR 700 | LTE 1800 | LTE 2100 | LTE 2600 | LTE 700 | LTE 900,En service | Projet approuvé | Techniquement opérationnel,0750991082,7,mobile_radio_site,ANFR Open Data,PUBLIC_DECLARATION
anfr-3061611,3061611,48.88361111111111,2.2877777777777775,,26 BOULEVARD GOUVION SAINT CYR,Square du Graisivaudan,,75017,75117,"31,6",FREE MOBILE,4G | 5G,5G NR 3500 | 5G NR 700 | LTE 1800 | LTE 2100 | LTE 2600 | LTE 700 | LTE 900,Projet approuvé,0750991155,7,mobile_radio_site,ANFR Open Data,PUBLIC_DECLARATION
anfr-3107440,3107440,48.885555555555555,2.2991666666666664,,117 Bld Pereire,,,75017,75117,"38,1",FREE MOBILE,4G | 5G,5G NR 3500 | 5G NR 700 | LTE 1800 | LTE 2100 | LTE 2600 | LTE 700 | LTE 900,Projet approuvé,0750991165,7,mobile_radio_site,ANFR Open Data,PUBLIC_DECLARATION
anfr-403351,403351,48.89277777777778,2.3230555555555554,,112 r des moines,,,75017,75117,"25,3",ORANGE,3G | 4G | 5G,5G NR 3500 | 5G NR 700 | LTE 1800 | LTE 2100 | LTE 2600 | LTE 700 | LTE 800 | UMTS 900,En service | Techniquement opérationnel,0752291392,8,mobile_radio_site,ANFR Open Data,PUBLIC_DECLARATION
anfr-608641,608641,48.882777777777775,2.296111111111111,,79 Av Niel,,,75017,75117,36,ORANGE,2G | 3G | 4G | 5G,5G NR 3500 | 5G NR 700 | GSM 900 | LTE 1800 | LTE 2100 | LTE 2600 | LTE 800 | UMTS 900,En service | Techniquement opérationnel,0752290327,8,mobile_radio_site,ANFR Open Data,PUBLIC_DECLARATION
anfr-609515,609515,48.88138888888889,2.3041666666666667,,27 r de Médéric,,,75017,75117,38,ORANGE,2G | 3G | 4G | 5G,5G NR 3500 | 5G NR 700 | GSM 900 | LTE 1800 | LTE 2100 | LTE 2600 | LTE 700 | LTE 800 | UMTS 900,En service | Techniquement opérationnel,0752290424,9,mobile_radio_site,ANFR Open Data,PUBLIC_DECLARATION
anfr-615988,615988,48.88805555555555,2.3249999999999997,,70 b  Av de Clichy,,,75017,75117,33,ORANGE,2G | 3G | 4G | 5G,5G NR 3500 | 5G NR 700 | GSM 900 | LTE 1800 | LTE 2100 | LTE 2600 | LTE 700 | LTE 800 | UMTS 900,En service | Techniquement opérationnel,0752290220,9,mobile_radio_site,ANFR Open Data,PUBLIC_DECLARATION
anfr-674367,674367,48.89361111111111,2.3041666666666667,,Bd du Fort de Vaux,Ponts SNCF/périphérique intérieur,,75017,75117,10,ORANGE,3G | 4G,LTE 1800 | LTE 2100 | LTE 800 | UMTS 900,En service,0752291468,4,mobile_radio_site,ANFR Open Data,PUBLIC_DECLARATION
anfr-711846,711846,48.87555555555556,2.2944444444444443,,"7, av mac mahon",,,75017,75117,33,ORANGE,3G | 4G | 5G,5G NR 3500 | 5G NR 700 | LTE 1800 | LTE 2100 | LTE 2600 | LTE 700 | LTE 800 | UMTS 900,En service | Techniquement opérationnel,0752290423,8,mobile_radio_site,ANFR Open Data,PUBLIC_DECLARATION
anfr-718036,718036,48.884166666666665,2.3205555555555555,,7 r mariotte,,,75017,75117,34,ORANGE,2G | 3G | 4G | 5G,5G NR 3500 | 5G NR 700 | GSM 900 | LTE 1800 | LTE 2100 | LTE 2600 | LTE 700 | LTE 800 | UMTS 900,En service | Techniquement opérationnel,0752290079,9,mobile_radio_site,ANFR Open Data,PUBLIC_DECLARATION
anfr-718040,718040,48.89555555555555,2.321944444444444,,66 r pouchet,,,75017,75117,31,ORANGE,2G | 3G | 4G | 5G,5G NR 3500 | 5G NR 700 | GSM 900 | LTE 1800 | LTE 2100 | LTE 2600 | LTE 700 | LTE 800 | UMTS 900,En service | Techniquement opérationnel,0752290038,9,mobile_radio_site,ANFR Open Data,PUBLIC_DECLARATION
anfr-718044,718044,48.89722222222222,2.313055555555555,,15 r st just,,,75017,75117,"36,5",ORANGE,2G | 3G | 4G | 5G,5G NR 3500 | 5G NR 700 | GSM 900 | LTE 1800 | LTE 2100 | LTE 2600 | LTE 700 | LTE 800 | UMTS 900,En service | Techniquement opérationnel,0752290181,9,mobile_radio_site,ANFR Open Data,PUBLIC_DECLARATION
anfr-718046,718046,48.88027777777778,2.2977777777777777,,33 r poncelet,,,75017,75117,39,ORANGE,2G | 3G | 4G | 5G,5G NR 3500 | 5G NR 700 | GSM 900 | LTE 1800 | LTE 2100 | LTE 2600 | LTE 700 | LTE 800 | UMTS 900,En service | Techniquement opérationnel,0752290202,9,mobile_radio_site,ANFR Open Data,PUBLIC_DECLARATION
anfr-718050,718050,48.89194444444444,2.3152777777777778,,10 r Bernard Buffet,Hôtel IBIS,,75017,75117,"43,5",ORANGE | SFR,2G | 3G | 4G | 5G,5G NR 3500 | 5G NR 700 | GSM 900 | LTE 1800 | LTE 2100 | LTE 2600 | LTE 700 | LTE 800 | UMTS 2100 | UMTS 900,En service | Techniquement opérationnel,0752291189 | 0752700070,18,mobile_radio_site,ANFR Open Data,PUBLIC_DECLARATION
anfr-718055,718055,48.88722222222222,2.3180555555555555,,4 r des moines,,,75017,75117,32,ORANGE,2G | 3G | 4G | 5G,5G NR 3500 | 5G NR 700 | GSM 900 | LTE 1800 | LTE 2100 | LTE 2600 | LTE 700 | LTE 800 | UMTS 900,En service | Techniquement opérationnel,0752290259,9,mobile_radio_site,ANFR Open Data,PUBLIC_DECLARATION
anfr-727442,727442,48.882777777777775,2.305833333333333,,49 r cardinet,,,75017,75117,"32,7",ORANGE,4G | 5G,5G NR 3500 | 5G NR 700 | LTE 1800 | LTE 2100 | LTE 2600 | LTE 800,En service | Techniquement opérationnel,0752290334,6,mobile_radio_site,ANFR Open Data,PUBLIC_DECLARATION
anfr-727454,727454,48.88611111111111,2.293611111111111,,174-176 BD Berthier,Fondation Alexandre et Julie WEILL,,75017,75117,37,ORANGE | SFR,2G | 3G | 4G | 5G,5G NR 3500 | 5G NR 700 | GSM 900 | LTE 1800 | LTE 2100 | LTE 2600 | LTE 700 | LTE 800 | UMTS 900,En service | Techniquement opérationnel,0752290464 | 0752700107,17,mobile_radio_site,ANFR Open Data,PUBLIC_DECLARATION
anfr-727456,727456,48.89,2.322222222222222,,12-14 r lacroix,,,75017,75117,26,ORANGE,2G | 3G | 4G | 5G,5G NR 2100 | 5G NR 3500 | 5G NR 700 | GSM 900 | LTE 1800 | LTE 2100 | LTE 2600 | LTE 700 | LTE 800 | UMTS 2100 | UMTS 900,En service | Projet approuvé | Techniquement opérationnel,0752290477,11,mobile_radio_site,ANFR Open Data,PUBLIC_DECLARATION
anfr-727460,727460,48.88444444444444,2.3249999999999997,,27 r lécluse,,,75017,75117,27,ORANGE,3G | 4G | 5G,5G NR 3500 | 5G NR 700 | LTE 1800 | LTE 2100 | LTE 2600 | LTE 700 | LTE 800 | UMTS 900,En service | Techniquement opérationnel,0752291169,8,mobile_radio_site,ANFR Open Data,PUBLIC_DECLARATION
anfr-731921,731921,48.89277777777778,2.3169444444444443,,1 r paul bodin,,,75017,75117,"24,3",ORANGE,3G | 4G | 5G,5G NR 3500 | 5G NR 700 | LTE 1800 | LTE 2100 | LTE 2600 | LTE 800 | UMTS 900,En service | Techniquement opérationnel,0752291477,7,mobile_radio_site,ANFR Open Data,PUBLIC_DECLARATION
anfr-1132567,1132567,48.876666666666665,2.29,,"6, rue Villaret de Joyeuse",,,75017,75117,30,ORANGE,3G | 4G | 5G,5G NR 3500 | 5G NR 700 | LTE 1800 | LTE 2100 | LTE 2600 | LTE 800 | UMTS 900,En service | Techniquement opérationnel,0752291588,7,mobile_radio_site,ANFR Open Data,PUBLIC_DECLARATION
anfr-1299915,1299915,48.88611111111111,2.285833333333333,,Av. de la Porte de Champeret,1 r Cino Del Duca,,75017,75117,32,ORANGE | SFR,2G | 3G | 4G | 5G,5G NR 3500 | 5G NR 700 | GSM 900 | LTE 1800 | LTE 2100 | LTE 2600 | LTE 700 | LTE 800 | UMTS 2100 | UMTS 900,En service | Techniquement opérationnel,0752290328 | 0752700415,18,mobile_radio_site,ANFR Open Data,PUBLIC_DECLARATION
anfr-1316923,1316923,48.88,2.2805555555555554,,"18, rue Gustave Charpentier",,,75017,75117,39,ORANGE,3G | 4G | 5G,5G NR 3500 | 5G NR 700 | LTE 1800 | LTE 2100 | LTE 2600 | LTE 800 | UMTS 900,En service | Techniquement opérationnel,0752291650,7,mobile_radio_site,ANFR Open Data,PUBLIC_DECLARATION
anfr-1376943,1376943,48.88583333333333,2.3069444444444445,,146 Boulevard Malesherbes,,,75017,75117,"39,6",ORANGE,2G | 3G | 4G | 5G,5G NR 3500 | 5G NR 700 | GSM 900 | LTE 1800 | LTE 2100 | LTE 2600 | LTE 700 | LTE 800 | UMTS 900,En service | Techniquement opérationnel,0752291691,9,mobile_radio_site,ANFR Open Data,PUBLIC_DECLARATION
anfr-1376947,1376947,48.888888888888886,2.3033333333333332,,18-22 rue Philibert Delorme,,,75017,75117,"35,1",ORANGE,2G | 3G | 4G | 5G,5G NR 3500 | 5G NR 700 | GSM 900 | LTE 1800 | LTE 2100 | LTE 2600 | LTE 700 | LTE 800 | UMTS 900,En service | Techniquement opérationnel,0752291692,9,mobile_radio_site,ANFR Open Data,PUBLIC_DECLARATION
anfr-1492898,1492898,48.88111111111111,2.3097222222222222,,3 RUE GEORGES BERGER,,,75017,75117,27,ORANGE,3G | 4G,LTE 1800 | LTE 2100 | LTE 2600 | LTE 800 | UMTS 2100 | UMTS 900,En service | Projet approuvé,0752291846,6,mobile_radio_site,ANFR Open Data,PUBLIC_DECLARATION
anfr-1571398,1571398,48.87638888888889,2.292222222222222,,11 rue Anatole de la Forge,,,75017,75117,"38,2",ORANGE,2G | 3G | 4G | 5G,5G NR 3500 | 5G NR 700 | GSM 900 | LTE 1800 | LTE 2100 | LTE 700 | LTE 800 | UMTS 900,En service | Techniquement opérationnel,0752291946,8,mobile_radio_site,ANFR Open Data,PUBLIC_DECLARATION
anfr-1747837,1747837,48.8775,2.2841666666666667,METRO L1 Porte Maillot,Av de la Grande Armée,Station METRO Porte Maillot L1,,75017,75117,0,ORANGE,3G | 4G,LTE 1800 | LTE 2100 | LTE 800 | UMTS 900,En service,0752292022,4,mobile_radio_site,ANFR Open Data,PUBLIC_DECLARATION
anfr-1823356,1823356,48.882777777777775,2.2980555555555555,,"80, rue Demours",,,75017,75117,"7,7",ORANGE,4G,LTE 1800 | LTE 2100 | LTE 2600,En service,0752292044,3,mobile_radio_site,ANFR Open Data,PUBLIC_DECLARATION
anfr-2259247,2259247,48.876111111111115,2.2944444444444443,,10 RUE DU GENERAL LANREZAC,15 AVENUE MAC MAHON,,75017,75117,"28,4",ORANGE,4G,LTE 1800 | LTE 2100,En service,0752292358,2,mobile_radio_site,ANFR Open Data,PUBLIC_DECLARATION
anfr-2273077,2273077,48.878055555555555,2.2955555555555556,,23 AVENUE DES TERNES,2/2 BIS RUE DE MONTENOTTE,,75017,75117,"16,3",ORANGE,4G,LTE 1800 | LTE 2100,En service,0752292367,2,mobile_radio_site,ANFR Open Data,PUBLIC_DECLARATION
anfr-2273959,2273959,48.8775,2.2930555555555556,,43/45 rue des acacias,,,75017,75117,17,ORANGE,4G,LTE 1800 | LTE 2100,En service,0752292369,2,mobile_radio_site,ANFR Open Data,PUBLIC_DECLARATION
anfr-2303371,2303371,48.882222222222225,2.3119444444444444,,"6, Place du Général Catroux",,,75017,75117,28,ORANGE,3G | 4G | 5G,5G NR 3500 | 5G NR 700 | LTE 1800 | LTE 2100 | LTE 2600 | LTE 700 | LTE 800 | UMTS 900,En service | Techniquement opérationnel,0752292390,8,mobile_radio_site,ANFR Open Data,PUBLIC_DECLARATION
anfr-2437643,2437643,48.879444444444445,2.2875,,"48, rue Brunel",,,75017,75117,"21,5",ORANGE,4G,LTE 1800 | LTE 2100,En service,0752292447,2,mobile_radio_site,ANFR Open Data,PUBLIC_DECLARATION
anfr-2438904,2438904,48.88333333333333,2.3141666666666665,,"49, rue de lévis",,,75017,75117,21,ORANGE,4G,LTE 1800 | LTE 2100,En service,0752292459,2,mobile_radio_site,ANFR Open Data,PUBLIC_DECLARATION
anfr-2451922,2451922,48.888333333333335,2.3211111111111107,,72 rue Lemercier,,,75017,75117,10,ORANGE,4G,LTE 1800 | LTE 2100,En service,0752292531,2,mobile_radio_site,ANFR Open Data,PUBLIC_DECLARATION
anfr-2742547,2742547,48.87694444444445,2.3736111111111113,,17 RUE HENRI TUROT,,,75017,75117,26,ORANGE | SFR,3G | 4G | 5G,5G NR 2100 | 5G NR 3500 | 5G NR 700 | LTE 1800 | LTE 2100 | LTE 2600 | LTE 700 | LTE 800 | UMTS 900,En service | Projet approuvé | Techniquement opérationnel,0752290092 | 0752702861,15,mobile_radio_site,ANFR Open Data,PUBLIC_DECLARATION
anfr-2825685,2825685,48.88166666666667,2.317222222222222,,96 BOULEVARD DES BATIGNOLLES,,,75017,75117,"25,9",ORANGE | SFR,3G | 4G | 5G,5G NR 3500 | 5G NR 700 | LTE 1800 | LTE 2100 | LTE 2600 | LTE 700 | LTE 800 | UMTS 900,En service | Projet approuvé | Techniquement opérationnel,0752292034 | 0752702918,10,mobile_radio_site,ANFR Open Data,PUBLIC_DECLARATION
anfr-3036705,3036705,48.89527777777778,2.3080555555555553,,17 Boulevard de Douaumont,,,75017,75117,"36,2",ORANGE,3G | 4G | 5G,5G NR 3500 | 5G NR 700 | LTE 1800 | LTE 2100 | LTE 2600 | LTE 700 | LTE 800 | UMTS 900,En service | Techniquement opérationnel,0752292874,8,mobile_radio_site,ANFR Open Data,PUBLIC_DECLARATION
anfr-3270593,3270593,48.885555555555555,2.2991666666666664,,"72, rue Ampère",,,75017,75117,"36,9",ORANGE,4G | 5G,5G NR 3500 | 5G NR 700 | LTE 1800 | LTE 2100 | LTE 2600 | LTE 800,En service | Techniquement opérationnel,0752293040,6,mobile_radio_site,ANFR Open Data,PUBLIC_DECLARATION
anfr-3319428,3319428,48.89055555555556,2.3186111111111107,,108 rue Lemercier,,,75017,75117,"35,8",ORANGE | SFR,2G | 3G | 4G | 5G,5G NR 3500 | 5G NR 700 | GSM 900 | LTE 1800 | LTE 2100 | LTE 2600 | LTE 700 | LTE 800 | UMTS 900,En service | Techniquement opérationnel,0752293047 | 0752700235,13,mobile_radio_site,ANFR Open Data,PUBLIC_DECLARATION
anfr-3350887,3350887,48.89,2.3138888888888887,,30-32 RUE MSTISLAV ROSTROPOVITCH,,,75017,75117,"54,6",ORANGE,4G | 5G,5G NR 3500 | 5G NR 700 | LTE 1800 | LTE 2100 | LTE 2600 | LTE 800,En service | Techniquement opérationnel,0752293055,6,mobile_radio_site,ANFR Open Data,PUBLIC_DECLARATION
anfr-3359752,3359752,48.89555555555555,2.325833333333333,,29Bis Rue Navier,,,75017,75117,"26,9",ORANGE,4G | 5G,5G NR 3500 | 5G NR 700 | LTE 1800 | LTE 2100 | LTE 2600 | LTE 800,Projet approuvé,0752293058,6,mobile_radio_site,ANFR Open Data,PUBLIC_DECLARATION
anfr-422980,422980,48.87694444444445,2.290277777777778,,11 r villaret de joyeuse,,,75017,75117,"26,4",SFR,2G | 3G | 4G | 5G,5G NR 3500 | GSM 900 | LTE 1800 | LTE 2100 | LTE 2600 | LTE 700 | LTE 800 | UMTS 900,En service | Techniquement opérationnel,0752700403,8,mobile_radio_site,ANFR Open Data,PUBLIC_DECLARATION
anfr-469436,469436,48.88333333333333,2.3144444444444443,,38/40 r de levis,,,75017,75117,31,SFR,3G | 4G,LTE 1800 | LTE 2100 | LTE 2600 | LTE 800 | UMTS 900,En service,0752700189,5,mobile_radio_site,ANFR Open Data,PUBLIC_DECLARATION
anfr-571445,571445,48.88944444444444,2.293333333333333,,230 r de courcelles,,,75017,75117,"46,5",SFR,2G | 3G | 4G | 5G,5G NR 3500 | GSM 900 | LTE 1800 | LTE 2100 | LTE 2600 | LTE 700 | LTE 800 | UMTS 2100 | UMTS 900,En service | Techniquement opérationnel,0752700319,9,mobile_radio_site,ANFR Open Data,PUBLIC_DECLARATION
anfr-614107,614107,48.88111111111111,2.295,,"36, r Pierre Demours",Hotel  ASTOR,,75017,75117,32,SFR,2G | 3G | 4G | 5G,5G NR 3500 | GSM 900 | LTE 1800 | LTE 2100 | LTE 2600 | LTE 700 | LTE 800 | UMTS 2100 | UMTS 900,En service | Techniquement opérationnel,0752700136,9,mobile_radio_site,ANFR Open Data,PUBLIC_DECLARATION
anfr-799101,799101,48.88861111111111,2.3230555555555554,,91 av de clichy,,,75017,75117,28,SFR,2G | 3G | 4G | 5G,5G NR 2100 | 5G NR 3500 | GSM 900 | LTE 1800 | LTE 2100 | LTE 2600 | LTE 800 | UMTS 900,En service | Projet approuvé | Techniquement opérationnel,0752700386,8,mobile_radio_site,ANFR Open Data,PUBLIC_DECLARATION
anfr-866340,866340,48.87694444444445,2.2963888888888886,,33 av de wagram,,750417,75017,75117,36,SFR,2G | 3G | 4G | 5G,5G NR 2100 | 5G NR 3500 | GSM 900 | LTE 1800 | LTE 2100 | LTE 2600 | LTE 700 | LTE 800 | UMTS 2100 | UMTS 900,En service | Projet approuvé | Techniquement opérationnel,0752700127,10,mobile_radio_site,ANFR Open Data,PUBLIC_DECLARATION
anfr-866342,866342,48.88111111111111,2.3077777777777775,,6 - 10 r de prony,,750245,75017,75117,"28,6",SFR,2G | 3G | 4G | 5G,5G NR 3500 | GSM 900 | LTE 1800 | LTE 2100 | LTE 2600 | LTE 700 | LTE 800 | UMTS 2100 | UMTS 900,En service | Techniquement opérationnel,0752700184,9,mobile_radio_site,ANFR Open Data,PUBLIC_DECLARATION
anfr-866398,866398,48.89694444444444,2.3213888888888885,,"65, bld Bessières",,,75017,75117,"39,3",SFR,2G | 3G | 4G | 5G,5G NR 3500 | GSM 900 | LTE 1800 | LTE 2100 | LTE 2600 | LTE 700 | LTE 800 | UMTS 2100 | UMTS 900,En service | Techniquement opérationnel,0752700108,9,mobile_radio_site,ANFR Open Data,PUBLIC_DECLARATION
anfr-867057,867057,48.89527777777778,2.3213888888888885,,62 r pouchet,,,75017,75117,"28,1",SFR,2G | 3G | 4G | 5G,5G NR 2100 | 5G NR 3500 | GSM 900 | LTE 1800 | LTE 2100 | LTE 2600 | LTE 800 | UMTS 2100 | UMTS 900,En service | Projet approuvé | Techniquement opérationnel,0752700236,9,mobile_radio_site,ANFR Open Data,PUBLIC_DECLARATION
anfr-867123,867123,48.875277777777775,2.2941666666666665,,4 Av Carnot,,,75017,75117,30,SFR,2G | 3G | 4G | 5G,5G NR 3500 | GSM 900 | LTE 1800 | LTE 2100 | LTE 2600 | LTE 700 | LTE 800 | UMTS 2100 | UMTS 900,En service | Techniquement opérationnel,0752700181,9,mobile_radio_site,ANFR Open Data,PUBLIC_DECLARATION
anfr-867176,867176,48.88472222222222,2.319444444444444,,42 b  r boursault,,,75017,75117,"28,1",SFR,2G | 3G | 4G | 5G,5G NR 3500 | GSM 900 | LTE 1800 | LTE 2100 | LTE 2600 | LTE 700 | LTE 800 | UMTS 2100 | UMTS 900,En service | Techniquement opérationnel,0752700190,9,mobile_radio_site,ANFR Open Data,PUBLIC_DECLARATION
anfr-867181,867181,48.89194444444444,2.326388888888889,,190 r legendre,,,75017,75117,32,SFR,2G | 3G | 4G | 5G,5G NR 3500 | GSM 900 | LTE 1800 | LTE 2100 | LTE 2600 | LTE 700 | LTE 800 | UMTS 2100 | UMTS 900,En service | Techniquement opérationnel,0752700284,9,mobile_radio_site,ANFR Open Data,PUBLIC_DECLARATION
anfr-867198,867198,48.87888888888889,2.2869444444444444,,243 b  bd  péreire,,751178,75017,75117,34,SFR,2G | 3G | 4G | 5G,5G NR 3500 | GSM 900 | LTE 1800 | LTE 2100 | LTE 2600 | LTE 700 | LTE 800 | UMTS 2100 | UMTS 900,En service | Techniquement opérationnel,0752700206,9,mobile_radio_site,ANFR Open Data,PUBLIC_DECLARATION
anfr-876326,876326,48.89972222222222,2.328611111111111,,13 rue Camille Blaisot,,,75017,75117,"36,6",SFR,2G | 3G | 4G | 5G,5G NR 3500 | GSM 900 | LTE 1800 | LTE 2100 | LTE 2600 | LTE 700 | LTE 800 | UMTS 2100 | UMTS 900,En service | Techniquement opérationnel,0752700431,9,mobile_radio_site,ANFR Open Data,PUBLIC_DECLARATION
anfr-1601262,1601262,48.87833333333333,2.283611111111111,,2 bis PLACE DE LA PORTE MAILLOT,Palais des Congrès,,75017,75117,"35,8",SFR,2G | 3G | 4G | 5G,5G NR 3500 | GSM 900 | LTE 1800 | LTE 2100 | LTE 2600 | LTE 800 | UMTS 2100 | UMTS 900,En service | Techniquement opérationnel,0752701425,8,mobile_radio_site,ANFR Open Data,PUBLIC_DECLARATION
anfr-1622089,1622089,48.87833333333333,2.2822222222222224,METRO PTE MAILLOT,Avenue de la Grande Armée,STATION RATP PARIS METRO PORTE MAILLOT,,75017,75117,0,SFR,3G | 4G,LTE 1800 | LTE 2100 | LTE 2600 | LTE 800 | UMTS 2100 | UMTS 900,En service,0752701430,6,mobile_radio_site,ANFR Open Data,PUBLIC_DECLARATION
anfr-1635451,1635451,48.896388888888886,2.3097222222222222,,Bld du Fort de Douaumont,Portique BP PK 19.206 Extérieur,,75017,75117,6,SFR,2G | 3G | 4G,GSM 900 | LTE 1800 | LTE 2100 | LTE 800 | UMTS 2100 | UMTS 900,En service,0752701441,6,mobile_radio_site,ANFR Open Data,PUBLIC_DECLARATION
anfr-1743796,1743796,48.88861111111111,2.295,,Pte de Courcelles,Périphérique,,75017,75117,"8,9",SFR,2G | 3G | 4G,GSM 900 | LTE 1800 | LTE 2100 | LTE 800 | UMTS 2100 | UMTS 900,En service,0752702037,6,mobile_radio_site,ANFR Open Data,PUBLIC_DECLARATION
anfr-1786883,1786883,48.89833333333333,2.3152777777777778,,R du 19 Mars 1962,92110 - CLICHY,,75017,75117,6,SFR,2G | 3G | 4G,GSM 900 | LTE 1800 | LTE 2100 | LTE 800 | UMTS 2100 | UMTS 900,En service,0752702115,6,mobile_radio_site,ANFR Open Data,PUBLIC_DECLARATION
anfr-2011185,2011185,48.89361111111111,2.3033333333333332,,Tunnel périphérique au niveau,de la Pte de Clichy,,75017,75117,"13,8",SFR,2G | 3G | 4G,GSM 900 | LTE 1800 | LTE 800 | UMTS 2100 | UMTS 900,En service,0752702511,5,mobile_radio_site,ANFR Open Data,PUBLIC_DECLARATION
anfr-2072616,2072616,48.89722222222222,2.3277777777777775,,9 Bd Bessières,20 villa St-Ange,,75017,75117,28,SFR,2G | 3G | 4G | 5G,5G NR 2100 | GSM 900 | LTE 1800 | LTE 2100 | LTE 2600 | LTE 700 | LTE 800 | UMTS 900,En service | Projet approuvé,0752700285,8,mobile_radio_site,ANFR Open Data,PUBLIC_DECLARATION
anfr-2415789,2415789,48.894444444444446,2.313333333333333,Métro PORTE DE CLICHY,4 Avenue de la Porte de Clichy,,,75017,75117,0,SFR,3G | 4G,LTE 1800 | LTE 2100 | LTE 2600 | LTE 700 | LTE 800 | UMTS 900,En service,0752702768,6,mobile_radio_site,ANFR Open Data,PUBLIC_DECLARATION
anfr-2649575,2649575,48.888888888888886,2.3033333333333332,,22 RUE PHILIBERT DELORME,,,75017,75117,"35,5",SFR,2G | 3G | 4G | 5G,5G NR 3500 | GSM 900 | LTE 1800 | LTE 2100 | LTE 2600 | LTE 700 | LTE 800 | UMTS 900,En service | Techniquement opérationnel,0752702832,8,mobile_radio_site,ANFR Open Data,PUBLIC_DECLARATION
anfr-2754581,2754581,48.874722222222225,2.292222222222222,,10 BAVENUE DE LA GRANDE ARMEE,,,75017,75117,"28,3",SFR,2G | 3G | 4G | 5G,5G NR 2100 | 5G NR 3500 | GSM 900 | LTE 1800 | LTE 2100 | LTE 2600 | LTE 700 | LTE 800 | UMTS 900,En service | Projet approuvé | Techniquement opérationnel,0752702877,9,mobile_radio_site,ANFR Open Data,PUBLIC_DECLARATION
anfr-2889751,2889751,48.8775,2.2891666666666666,,6  Square Villaret de Joyeuse,,,75017,75117,31,SFR,3G | 4G | 5G,5G NR 3500 | LTE 1800 | LTE 2100 | LTE 2600 | LTE 700 | LTE 800 | UMTS 900,En service | Techniquement opérationnel,0752703008,7,mobile_radio_site,ANFR Open Data,PUBLIC_DECLARATION
anfr-2899198,2899198,48.88055555555555,2.299722222222222,,85 Avenue de Wagram,,,75017,75117,30,SFR,4G | 5G,5G NR 3500 | LTE 1800 | LTE 2100 | LTE 2600 | LTE 700 | LTE 800,Projet approuvé,0752703042,6,mobile_radio_site,ANFR Open Data,PUBLIC_DECLARATION
anfr-2905925,2905925,48.88444444444444,2.2916666666666665,,77 RUE LAUGIER,,,75017,75117,24,SFR,4G | 5G,5G NR 3500 | LTE 1800 | LTE 2100 | LTE 2600 | LTE 700 | LTE 800,Projet approuvé,0752703026,6,mobile_radio_site,ANFR Open Data,PUBLIC_DECLARATION
anfr-2915574,2915574,48.88138888888889,2.315,,2 BOULEVARD DE COURCELLES,,,75017,75117,"28,5",SFR,4G | 5G,5G NR 2100 | 5G NR 3500 | LTE 1800 | LTE 2100 | LTE 2600 | LTE 700 | LTE 800,Projet approuvé,0752703104,7,mobile_radio_site,ANFR Open Data,PUBLIC_DECLARATION
anfr-2921312,2921312,48.882777777777775,2.3024999999999998,,65 RUE DE PRONY,,,75017,75117,27,SFR,3G | 4G | 5G,5G NR 3500 | LTE 1800 | LTE 2100 | LTE 2600 | LTE 700 | LTE 800 | UMTS 900,En service | Techniquement opérationnel,0752703108,7,mobile_radio_site,ANFR Open Data,PUBLIC_DECLARATION
anfr-2973402,2973402,48.88472222222222,2.3,,102  AVENUE DE VILLIERS,,,75017,75117,25,SFR,3G | 4G,LTE 1800 | LTE 2600 | UMTS 2100,En service | Projet approuvé,0752703238,3,mobile_radio_site,ANFR Open Data,PUBLIC_DECLARATION
anfr-2993059,2993059,48.885555555555555,2.2916666666666665,,29  RUE DESCOMBES,,,75017,75117,20,SFR,4G,LTE 1800 | LTE 2100,En service,0752703287,2,mobile_radio_site,ANFR Open Data,PUBLIC_DECLARATION
anfr-2995547,2995547,48.8875,2.288333333333333,,33 RUE JACQUES IBERT,,,75017,75117,"17,1",SFR,3G | 4G,LTE 1800 | LTE 2600 | UMTS 2100,En service | Projet approuvé,0752703299,3,mobile_radio_site,ANFR Open Data,PUBLIC_DECLARATION
anfr-2998952,2998952,48.89388888888889,2.312777777777778,,9 Boulevard Berthier,,,75017,75117,31,SFR,4G | 5G,5G NR 3500 | LTE 1800 | LTE 2100 | LTE 2600 | LTE 700 | LTE 800,Projet approuvé,0752703306,6,mobile_radio_site,ANFR Open Data,PUBLIC_DECLARATION
anfr-3004760,3004760,48.88361111111111,2.290277777777778,,56 RUE BAYEN,,,75017,75117,15,SFR,3G | 4G,LTE 1800 | LTE 800 | UMTS 900,En service,0752703288,3,mobile_radio_site,ANFR Open Data,PUBLIC_DECLARATION
anfr-3011917,3011917,48.88611111111111,2.3202777777777777,,6 rue bridaine,,,75017,75117,"23,5",SFR,3G | 4G | 5G,5G NR 3500 | LTE 1800 | LTE 2100 | LTE 2600 | LTE 700 | LTE 800 | UMTS 900,En service | Techniquement opérationnel,0752703346,7,mobile_radio_site,ANFR Open Data,PUBLIC_DECLARATION
anfr-3047297,3047297,48.88055555555555,2.29,,17 Rue Guersant,,,75017,75117,28,SFR,4G | 5G,5G NR 3500 | LTE 1800 | LTE 2100 | LTE 2600 | LTE 700 | LTE 800,Projet approuvé,0752703371,6,mobile_radio_site,ANFR Open Data,PUBLIC_DECLARATION
anfr-3051427,3051427,48.88305555555556,2.3091666666666666,Métro MALESHERBES,Place du Gal CATROUX,Metro L3,,75017,75117,0,SFR,4G,LTE 1800,En service,0752703395,1,mobile_radio_site,ANFR Open Data,PUBLIC_DECLARATION
anfr-3052759,3052759,48.89222222222222,2.327222222222222,METRO G.MOQUET,68 AVENUE DE SAINT OUEN,L13 - PE,,75018,75117,0,SFR,3G | 4G,LTE 1800 | LTE 2100 | LTE 2600 | LTE 800 | UMTS 900,En service,0752703387,5,mobile_radio_site,ANFR Open Data,PUBLIC_DECLARATION
anfr-3118424,3118424,48.882777777777775,2.3066666666666666,,54 RUE cardinet,,,75017,75117,"25,9",SFR,4G | 5G,5G NR 3500 | LTE 1800 | LTE 2100 | LTE 2600 | LTE 700 | LTE 800,Projet approuvé,0752703475,6,mobile_radio_site,ANFR Open Data,PUBLIC_DECLARATION
anfr-84762,84762,48.89,2.35,,80 BD BARBÈS,,,75018,75118,28,BOUYGUES TELECOM,4G | 5G,5G NR 2100 | 5G NR 3500 | LTE 1800 | LTE 2100 | LTE 2600 | LTE 700 | LTE 800,En service | Techniquement opérationnel,0752750431,7,mobile_radio_site,ANFR Open Data,PUBLIC_DECLARATION
anfr-473319,473319,48.885555555555555,2.3299999999999996,,3 r caulaincourt,Hôtel Mercure,,75018,75118,41,BOUYGUES TELECOM | SFR,2G | 3G | 4G | 5G,5G NR 2100 | 5G NR 3500 | GSM 900 | LTE 1800 | LTE 2100 | LTE 2600 | LTE 700 | LTE 800 | UMTS 2100 | UMTS 900,En service | Techniquement opérationnel,0752700030 | 0752750420,16,mobile_radio_site,ANFR Open Data,PUBLIC_DECLARATION
anfr-532722,532722,48.88777777777778,2.3377777777777777,,2 PL MARCEL AYMÉ,,,75018,75118,29,BOUYGUES TELECOM | ORANGE,2G | 3G | 4G | 5G,5G NR 2100 | 5G NR 3500 | 5G NR 700 | GSM 900 | LTE 1800 | LTE 2100 | LTE 2600 | LTE 700 | LTE 800 | UMTS 900,En service | Techniquement opérationnel,0752290315 | 0752750442,17,mobile_radio_site,ANFR Open Data,PUBLIC_DECLARATION
anfr-601126,601126,48.89277777777778,2.3333333333333335,,59 R EUGENE CARRIERE,,,75018,75118,"42,2",BOUYGUES TELECOM,2G | 3G | 4G | 5G,5G NR 2100 | 5G NR 3500 | GSM 900 | LTE 1800 | LTE 2600 | LTE 700 | LTE 800 | UMTS 900,En service | Techniquement opérationnel,0752750175,8,mobile_radio_site,ANFR Open Data,PUBLIC_DECLARATION
anfr-615332,615332,48.88638888888889,2.36,,28 R MAX DORMOY,,,75018,75118,37,BOUYGUES TELECOM,3G | 4G,LTE 1800 | LTE 2100 | LTE 2600 | UMTS 2100,En service | Projet approuvé,0752750474,4,mobile_radio_site,ANFR Open Data,PUBLIC_DECLARATION
anfr-615338,615338,48.8875,2.352777777777778,,5 R DE SUEZ,,,75018,75118,"28,5",BOUYGUES TELECOM,2G | 3G | 4G | 5G,5G NR 2100 | 5G NR 3500 | GSM 900 | LTE 1800 | LTE 2100 | LTE 2600 | LTE 700 | LTE 800 | UMTS 900,En service | Techniquement opérationnel,0752750882,9,mobile_radio_site,ANFR Open Data,PUBLIC_DECLARATION
anfr-637906,637906,48.88666666666666,2.3444444444444446,,8 R LAMARCK,,,75018,75118,23,BOUYGUES TELECOM,3G | 4G | 5G,5G NR 2100 | 5G NR 3500 | LTE 1800 | LTE 2100 | LTE 2600 | LTE 700 | LTE 800 | UMTS 900,En service | Techniquement opérationnel,0752750211,8,mobile_radio_site,ANFR Open Data,PUBLIC_DECLARATION
anfr-691896,691896,48.8975,2.3394444444444447,,67 BD NEY,,,75018,75118,44,BOUYGUES TELECOM,2G | 3G | 4G | 5G,5G NR 2100 | 5G NR 3500 | GSM 900 | LTE 1800 | LTE 2600 | LTE 700 | LTE 800 | UMTS 2100 | UMTS 900,En service | Techniquement opérationnel,0752750429,9,mobile_radio_site,ANFR Open Data,PUBLIC_DECLARATION
anfr-695278,695278,48.8975,2.352222222222222,,163 R DES POISSONNIERS,,,75018,75118,45,BOUYGUES TELECOM | ORANGE,2G | 3G | 4G | 5G,5G NR 2100 | 5G NR 3500 | 5G NR 700 | GSM 900 | LTE 1800 | LTE 2100 | LTE 2600 | LTE 700 | LTE 800 | UMTS 2100 | UMTS 900,En service | Projet approuvé | Techniquement opérationnel,0752290459 | 0752750064,18,mobile_radio_site,ANFR Open Data,PUBLIC_DECLARATION
anfr-696045,696045,48.88972222222222,2.3625000000000003,,69 r Riquet,,,75018,75118,36,BOUYGUES TELECOM | FREE MOBILE | ORANGE,2G | 3G | 4G | 5G,5G NR 2100 | 5G NR 3500 | 5G NR 700 | GSM 900 | LTE 1800 | LTE 2100 | LTE 2600 | LTE 700 | LTE 800 | LTE 900 | UMTS 900,En service | Projet approuvé | Techniquement opérationnel,0750990209 | 0752290492 | 0752750368,20,mobile_radio_site,ANFR Open Data,PUBLIC_DECLARATION
anfr-696812,696812,48.88472222222222,2.354166666666667,,15 R de la Goutte d'Or,,,75018,75118,22,BOUYGUES TELECOM,2G | 3G | 4G | 5G,5G NR 2100 | 5G NR 3500 | GSM 900 | LTE 1800 | LTE 2100 | LTE 2600 | LTE 700 | LTE 800 | UMTS 2100 | UMTS 900,En service | Techniquement opérationnel,0752750074,10,mobile_radio_site,ANFR Open Data,PUBLIC_DECLARATION
anfr-696814,696814,48.89888888888889,2.37,,1-3 R GASTON DARBOUX,,,75018,75118,30,BOUYGUES TELECOM,2G | 3G | 4G | 5G,5G NR 2100 | 5G NR 3500 | GSM 900 | LTE 1800 | LTE 2600 | LTE 700 | LTE 800 | UMTS 900,En service | Techniquement opérationnel,0752750086,8,mobile_radio_site,ANFR Open Data,PUBLIC_DECLARATION
anfr-697197,697197,48.89055555555556,2.342777777777778,,6 R Francoeur,,,75018,75118,43,BOUYGUES TELECOM,2G | 3G | 4G | 5G,5G NR 2100 | 5G NR 3500 | GSM 900 | LTE 1800 | LTE 2100 | LTE 2600 | LTE 700 | LTE 800 | UMTS 900,En service | Projet approuvé | Techniquement opérationnel,0752750427,9,mobile_radio_site,ANFR Open Data,PUBLIC_DECLARATION
anfr-697206,697206,48.894444444444446,2.3497222222222223,,"27, 29 R des Amiraux",,,75018,75118,30,BOUYGUES TELECOM,3G | 4G | 5G,5G NR 2100 | 5G NR 3500 | LTE 1800 | LTE 2600 | LTE 700 | LTE 800 | UMTS 900,En service | Techniquement opérationnel,0752750676,7,mobile_radio_site,ANFR Open Data,PUBLIC_DECLARATION
anfr-697216,697216,48.89361111111111,2.3383333333333334,,132 R Ordener,rue montcalm,,75018,75118,29,BOUYGUES TELECOM,2G | 4G | 5G,5G NR 2100 | 5G NR 3500 | GSM 900 | LTE 1800 | LTE 2100 | LTE 2600 | LTE 700 | LTE 800,En service | Projet approuvé,0752750780,8,mobile_radio_site,ANFR Open Data,PUBLIC_DECLARATION
anfr-697218,697218,48.89222222222222,2.346388888888889,,2 sq de clignancourt,,,75018,75118,32,BOUYGUES TELECOM,2G | 3G | 4G | 5G,5G NR 2100 | 5G NR 3500 | GSM 900 | LTE 1800 | LTE 2600 | LTE 700 | LTE 800 | UMTS 900,En service | Projet approuvé,0752750888,8,mobile_radio_site,ANFR Open Data,PUBLIC_DECLARATION
anfr-697223,697223,48.89083333333333,2.328333333333333,,14 R Etex,,,75018,75118,32,BOUYGUES TELECOM,4G | 5G,5G NR 2100 | 5G NR 3500 | LTE 1800 | LTE 2100 | LTE 2600 | LTE 700 | LTE 800,En service | Techniquement opérationnel,0752750984,7,mobile_radio_site,ANFR Open Data,PUBLIC_DECLARATION
anfr-697225,697225,48.885,2.3344444444444448,,24 R Lepic,,,75018,75118,27,BOUYGUES TELECOM,2G | 4G | 5G,5G NR 2100 | 5G NR 3500 | GSM 900 | LTE 1800 | LTE 2600 | LTE 700 | LTE 800,En service | Techniquement opérationnel,0752751030,7,mobile_radio_site,ANFR Open Data,PUBLIC_DECLARATION
anfr-697227,697227,48.888888888888886,2.3344444444444448,,41 R Caulaincourt,,,75018,75118,25,BOUYGUES TELECOM,2G | 3G | 4G | 5G,5G NR 2100 | GSM 900 | LTE 1800 | LTE 2100 | LTE 2600 | LTE 700 | LTE 800 | UMTS 900,En service | Techniquement opérationnel,0752751080,8,mobile_radio_site,ANFR Open Data,PUBLIC_DECLARATION
anfr-780441,780441,48.894999999999996,2.3422222222222224,,12 R EMILE BLEMONT,,,75018,75118,"36,6",BOUYGUES TELECOM,3G | 4G | 5G,5G NR 2100 | 5G NR 3500 | LTE 1800 | LTE 2600 | LTE 700 | LTE 800 | UMTS 900,En service | Techniquement opérationnel,0752750062,7,mobile_radio_site,ANFR Open Data,PUBLIC_DECLARATION
anfr-1286877,1286877,48.89555555555555,2.3622222222222224,,2-4 r Raymond Queneau,,,75018,75118,"29,3",BOUYGUES TELECOM | FREE MOBILE | SFR,2G | 3G | 4G | 5G,5G NR 2100 | 5G NR 3500 | 5G NR 700 | GSM 900 | LTE 1800 | LTE 2100 | LTE 2600 | LTE 700 | LTE 800 | LTE 900 | UMTS 2100 | UMTS 900,En service | Techniquement opérationnel,0750990199 | 0752700313 | 0752750055,24,mobile_radio_site,ANFR Open Data,PUBLIC_DECLARATION
anfr-1345835,1345835,48.893055555555556,2.328888888888889,,258 RUE MARCADET,,,75018,75118,35,BOUYGUES TELECOM | FREE MOBILE,2G | 3G | 4G | 5G,5G NR 2100 | 5G NR 3500 | 5G NR 700 | GSM 900 | LTE 1800 | LTE 2100 | LTE 2600 | LTE 700 | LTE 800 | LTE 900 | UMTS 900,En service | Techniquement opérationnel,0750990135 | 0752750741,15,mobile_radio_site,ANFR Open Data,PUBLIC_DECLARATION
anfr-1352669,1352669,48.88527777777778,2.3397222222222225,,40 R DES 3 FRERES,,,75018,75118,20,BOUYGUES TELECOM,4G,LTE 1800,En service,0752751712,1,mobile_radio_site,ANFR Open Data,PUBLIC_DECLARATION
anfr-1388838,1388838,48.88388888888889,2.343611111111111,,28 RUE D  ORSEL,,,75018,75118,"27,9",BOUYGUES TELECOM | FREE MOBILE,2G | 4G | 5G,5G NR 2100 | 5G NR 3500 | 5G NR 700 | GSM 900 | LTE 1800 | LTE 2100 | LTE 2600 | LTE 700 | LTE 800 | LTE 900,En service | Techniquement opérationnel,0750990145 | 0752751345,13,mobile_radio_site,ANFR Open Data,PUBLIC_DECLARATION
anfr-1628769,1628769,48.88388888888889,2.338611111111111,,13 rue des Abbesses,,,75018,75118,"23,3",BOUYGUES TELECOM | FREE MOBILE,4G | 5G,5G NR 2100 | 5G NR 3500 | 5G NR 700 | LTE 1800 | LTE 2100 | LTE 2600 | LTE 700 | LTE 800 | LTE 900,En service | Projet approuvé | Techniquement opérationnel,0750990238 | 0752750648,13,mobile_radio_site,ANFR Open Data,PUBLIC_DECLARATION
anfr-1979033,1979033,48.900277777777774,2.335,,2/14 r Gérard de Nerval,,,75018,75118,39,BOUYGUES TELECOM | FREE MOBILE | SFR,2G | 3G | 4G | 5G,5G NR 2100 | 5G NR 3500 | 5G NR 700 | GSM 900 | LTE 1800 | LTE 2100 | LTE 2600 | LTE 700 | LTE 800 | LTE 900 | UMTS 2100 | UMTS 900,En service | Techniquement opérationnel,0750990618 | 0752700286 | 0752752874,24,mobile_radio_site,ANFR Open Data,PUBLIC_DECLARATION
anfr-2069221,2069221,48.900555555555556,2.3525,,50 AV DE LA PORTE DES POISSONNIERS,,,75018,75118,23,BOUYGUES TELECOM,2G | 3G | 4G | 5G,5G NR 2100 | 5G NR 3500 | GSM 900 | LTE 1800 | LTE 2100 | LTE 2600 | LTE 700 | LTE 800 | UMTS 900,En service | Techniquement opérationnel,0752752262,9,mobile_radio_site,ANFR Open Data,PUBLIC_DECLARATION
anfr-2103648,2103648,48.89277777777778,2.3505555555555557,,18 R BOINOD,,,75018,75118,"24,6",BOUYGUES TELECOM,4G | 5G,5G NR 2100 | LTE 1800 | LTE 2100 | LTE 2600 | LTE 700 | LTE 800,En service | Techniquement opérationnel,0752752309,6,mobile_radio_site,ANFR Open Data,PUBLIC_DECLARATION
anfr-2117766,2117766,48.8975,2.3344444444444448,,17 RUE ANGELIQUE COMPOINT,17-23,,75018,75118,22,BOUYGUES TELECOM | SFR,2G | 3G | 4G | 5G,5G NR 2100 | 5G NR 3500 | GSM 900 | LTE 1800 | LTE 2100 | LTE 2600 | LTE 700 | LTE 800 | UMTS 2100 | UMTS 900,En service | Techniquement opérationnel,0752702654 | 0752752246,15,mobile_radio_site,ANFR Open Data,PUBLIC_DECLARATION
anfr-2229161,2229161,48.893055555555556,2.358888888888889,,35 R DE LA CHAPELLE,,,75018,75118,42,BOUYGUES TELECOM,2G | 3G | 4G | 5G,5G NR 2100 | 5G NR 3500 | GSM 900 | LTE 1800 | LTE 2100 | LTE 2600 | LTE 700 | LTE 800 | UMTS 900,En service | Techniquement opérationnel,0752752498,9,mobile_radio_site,ANFR Open Data,PUBLIC_DECLARATION
anfr-2244475,2244475,48.89055555555556,2.3602777777777777,Métro MARX DORMOY_L12,Rue de la Chapelle angle Rue Riquet,,,75018,75118,0,BOUYGUES TELECOM | ORANGE | SFR,3G | 4G,LTE 1800 | LTE 2100 | LTE 2600 | LTE 700 | LTE 800 | UMTS 900,En service,0752292350 | 0752702587 | 0752752533,18,mobile_radio_site,ANFR Open Data,PUBLIC_DECLARATION
anfr-2252242,2252242,48.8825,2.3372222222222225,Métro PIGALLE_L2_L12,Place Pigalle,,,75018,75118,0,BOUYGUES TELECOM,3G | 4G,LTE 1800 | LTE 2100 | LTE 2600 | LTE 700 | LTE 800 | UMTS 2100 | UMTS 900,En service,0752752543,7,mobile_radio_site,ANFR Open Data,PUBLIC_DECLARATION
anfr-2276264,2276264,48.8925,2.3447222222222224,METRO L12 JULES JOFFRIN,2 PL JULES JOFFRIN,,,75018,75118,1,BOUYGUES TELECOM,3G | 4G,LTE 1800 | UMTS 900,En service,0752752617,2,mobile_radio_site,ANFR Open Data,PUBLIC_DECLARATION
anfr-2283183,2283183,48.882222222222225,2.3400000000000003,,124 boulevard de Rochechouart,,,75018,75118,30,BOUYGUES TELECOM | FREE MOBILE,3G | 4G | 5G,5G NR 2100 | 5G NR 3500 | 5G NR 700 | LTE 1800 | LTE 2100 | LTE 2600 | LTE 700 | LTE 800 | LTE 900 | UMTS 900,En service | Techniquement opérationnel,0750990839 | 0752752201,14,mobile_radio_site,ANFR Open Data,PUBLIC_DECLARATION
anfr-2339698,2339698,48.88361111111111,2.3327777777777774,Métro BLANCHE L2,80 BD DE CLICHY - BLANCHE - L2,,,75018,75118,1,BOUYGUES TELECOM | ORANGE,3G | 4G,LTE 1800 | LTE 2100 | LTE 2600 | LTE 800 | UMTS 900,En service,0752292408 | 0752752663,10,mobile_radio_site,ANFR Open Data,PUBLIC_DECLARATION
anfr-2384098,2384098,48.89,2.3561111111111113,,80 RUE STEPHENSON,,,75018,75118,33,BOUYGUES TELECOM | FREE MOBILE | SFR,3G | 4G | 5G,5G NR 2100 | 5G NR 3500 | 5G NR 700 | LTE 1800 | LTE 2100 | LTE 2600 | LTE 700 | LTE 800 | LTE 900 | UMTS 900,En service | Techniquement opérationnel,0750990933 | 0752702980 | 0752750207,22,mobile_radio_site,ANFR Open Data,PUBLIC_DECLARATION
anfr-2421434,2421434,48.882777777777775,2.3369444444444447,,2 VILLA DE GUELMA,,,75018,75118,"20,1",BOUYGUES TELECOM,4G,LTE 1800,Projet approuvé,0752752715,1,mobile_radio_site,ANFR Open Data,PUBLIC_DECLARATION
anfr-2440332,2440332,48.88916666666667,2.342777777777778,,29 R LAMARCK,,,75018,75118,31,BOUYGUES TELECOM,4G,LTE 1800,Projet approuvé,0752752724,1,mobile_radio_site,ANFR Open Data,PUBLIC_DECLARATION
anfr-2674205,2674205,48.89944444444444,2.3658333333333332,,4 R EMILE BERTIN,,,75018,75118,"24,4",BOUYGUES TELECOM,3G | 4G | 5G,5G NR 2100 | 5G NR 3500 | LTE 1800 | LTE 2100 | LTE 2600 | LTE 700 | LTE 800 | UMTS 900,En service | Techniquement opérationnel,0752752806,8,mobile_radio_site,ANFR Open Data,PUBLIC_DECLARATION
anfr-2686416,2686416,48.88583333333333,2.335277777777778,,54 R DES ABBESSES,,,75018,75118,"25,3",BOUYGUES TELECOM,4G,LTE 1800,En service,0752752810,1,mobile_radio_site,ANFR Open Data,PUBLIC_DECLARATION
anfr-2687078,2687078,48.88583333333333,2.3505555555555557,,51 R POLONCEAU,,,75018,75118,26,BOUYGUES TELECOM | SFR,2G | 3G | 4G | 5G,5G NR 2100 | 5G NR 3500 | GSM 900 | LTE 1800 | LTE 2100 | LTE 2600 | LTE 700 | LTE 800 | UMTS 2100 | UMTS 900,En service | Techniquement opérationnel,0752700144 | 0752752811,18,mobile_radio_site,ANFR Open Data,PUBLIC_DECLARATION
anfr-2700318,2700318,48.88361111111111,2.3277777777777775,Métro Place de Clichy L2-L13,14 PL DE CLICHY - PL DE CLICHY - L2-13,,,75018,75118,1,BOUYGUES TELECOM | ORANGE,3G | 4G,LTE 1800 | LTE 2100 | LTE 2600 | LTE 800 | UMTS 900,En service,0752292206 | 0752752816,10,mobile_radio_site,ANFR Open Data,PUBLIC_DECLARATION
anfr-2737274,2737274,48.894999999999996,2.365277777777778,,18 R TCHAIKOVSKI.,,,75018,75118,"28,4",BOUYGUES TELECOM,4G | 5G,5G NR 2100 | 5G NR 3500 | LTE 1800 | LTE 2600 | LTE 700 | LTE 800,En service | Techniquement opérationnel,0752752820,6,mobile_radio_site,ANFR Open Data,PUBLIC_DECLARATION
anfr-2858756,2858756,48.8975,2.345277777777778,,82 BOULEVARD ORNANO,,,75018,75118,32,BOUYGUES TELECOM,4G | 5G,5G NR 2100 | 5G NR 3500 | LTE 1800 | LTE 2100 | LTE 2600 | LTE 700 | LTE 800,En service | Techniquement opérationnel,0752750495,7,mobile_radio_site,ANFR Open Data,PUBLIC_DECLARATION
anfr-2900511,2900511,48.89944444444444,2.361388888888889,,56 Boulevard NEY,ARENA 2,,75018,75118,18,BOUYGUES TELECOM | FREE MOBILE | ORANGE | SFR,3G | 4G | 5G,5G NR 3500 | LTE 1800 | LTE 2100 | LTE 2600 | LTE 900 | UMTS 900,En service | Projet approuvé | Techniquement opérationnel,0750991079 | 0752292785 | 0752703245 | 0752752869,20,mobile_radio_site,ANFR Open Data,PUBLIC_DECLARATION
anfr-2986268,2986268,48.894444444444446,2.358888888888889,,"51, rue de la Chapelle",,,75018,75118,32,BOUYGUES TELECOM | FREE MOBILE,4G | 5G,5G NR 2100 | 5G NR 3500 | 5G NR 700 | LTE 1800 | LTE 2100 | LTE 2600 | LTE 700 | LTE 800 | LTE 900,En service | Projet approuvé | Techniquement opérationnel,0750991120 | 0752750428,13,mobile_radio_site,ANFR Open Data,PUBLIC_DECLARATION
anfr-3004089,3004089,48.88666666666666,2.341111111111111,,2 Rue NORVINS,,,75018,75118,"17,7",BOUYGUES TELECOM,4G,LTE 1800,En service,0752752914,1,mobile_radio_site,ANFR Open Data,PUBLIC_DECLARATION
anfr-3049347,3049347,48.88583333333333,2.3597222222222225,,16 R MARX DORMOY,,,75018,75118,"26,5",BOUYGUES TELECOM,3G | 4G | 5G,5G NR 2100 | 5G NR 3500 | LTE 1800 | LTE 2100 | LTE 2600 | LTE 700 | LTE 800 | UMTS 900,En service | Techniquement opérationnel,0752752934,8,mobile_radio_site,ANFR Open Data,PUBLIC_DECLARATION
anfr-3055509,3055509,48.89555555555555,2.3533333333333335,,130 R DES POISSONNIERS,,,75018,75118,36,BOUYGUES TELECOM,4G | 5G,5G NR 2100 | 5G NR 3500 | LTE 1800 | LTE 2100 | LTE 2600 | LTE 700 | LTE 800,En service | Techniquement opérationnel,0752752938,7,mobile_radio_site,ANFR Open Data,PUBLIC_DECLARATION
anfr-3092297,3092297,48.9,2.3488888888888892,,20 R JEAN COCTEAU,,,75018,75118,26,BOUYGUES TELECOM,4G | 5G,5G NR 2100 | 5G NR 3500 | LTE 1800 | LTE 2100 | LTE 2600 | LTE 700 | LTE 800,En service | Projet approuvé,0752752968,7,mobile_radio_site,ANFR Open Data,PUBLIC_DECLARATION
anfr-3118064,3118064,48.88916666666667,2.353888888888889,,6 RUE D'ORAN,,,75018,75118,"26,7",BOUYGUES TELECOM,3G | 4G | 5G,5G NR 2100 | 5G NR 3500 | LTE 1800 | LTE 2100 | LTE 2600 | LTE 700 | LTE 800 | UMTS 900,En service | Projet approuvé | Techniquement opérationnel,0752752982,8,mobile_radio_site,ANFR Open Data,PUBLIC_DECLARATION
anfr-3129197,3129197,48.89194444444444,2.365,,4 A RUE MARC SEGUIN,,,75018,75118,"24,5",BOUYGUES TELECOM,4G | 5G,5G NR 2100 | LTE 1800 | LTE 2100 | LTE 2600 | LTE 700 | LTE 800,En service | Techniquement opérationnel,0752752974,6,mobile_radio_site,ANFR Open Data,PUBLIC_DECLARATION
anfr-3134208,3134208,48.9,2.3397222222222225,,1-5 rue du lieutenant-colonel Dax,,,75018,75118,"35,6",BOUYGUES TELECOM | FREE MOBILE,4G | 5G,5G NR 2100 | 5G NR 3500 | 5G NR 700 | LTE 1800 | LTE 2100 | LTE 2600 | LTE 700 | LTE 800 | LTE 900,En service | Projet approuvé | Techniquement opérationnel,0750991153 | 0752752992,14,mobile_radio_site,ANFR Open Data,PUBLIC_DECLARATION
anfr-3166600,3166600,48.88777777777778,2.342777777777778,,4 cité du Sacré Coeur,,,75018,75118,"21,9",BOUYGUES TELECOM | FREE MOBILE | SFR,3G | 4G | 5G,5G NR 2100 | 5G NR 3500 | 5G NR 700 | LTE 1800 | LTE 2100 | LTE 2600 | LTE 700 | LTE 800 | LTE 900 | UMTS 900,En service | Projet approuvé | Techniquement opérationnel,0750991174 | 0752702873 | 0752753009,21,mobile_radio_site,ANFR Open Data,PUBLIC_DECLARATION
anfr-3190691,3190691,48.88722222222222,2.333055555555555,,17 R CAULAINCOURT,,,75018,75118,"27,5",BOUYGUES TELECOM,4G | 5G,5G NR 2100 | LTE 1800 | LTE 2100 | LTE 2600 | LTE 700 | LTE 800,Projet approuvé,0752753008,6,mobile_radio_site,ANFR Open Data,PUBLIC_DECLARATION
anfr-3204336,3204336,48.89944444444444,2.3305555555555553,,30 AVENUE DE LA PORTE DE SAINT-OUEN,,,75018,75118,"43,2",BOUYGUES TELECOM,4G | 5G,5G NR 2100 | LTE 1800 | LTE 2100 | LTE 2600 | LTE 700 | LTE 800,En service | Projet approuvé | Techniquement opérationnel,0752753011,6,mobile_radio_site,ANFR Open Data,PUBLIC_DECLARATION
anfr-3248782,3248782,48.885555555555555,2.3408333333333333,,17 RUE GABRIELLE,,,75018,75118,"28,9",BOUYGUES TELECOM | ORANGE,2G | 3G | 4G | 5G,5G NR 3500 | 5G NR 700 | GSM 900 | LTE 1800 | LTE 2100 | LTE 2600 | LTE 700 | LTE 800 | UMTS 900,En service | Projet approuvé,0752291966 | 0752753019,10,mobile_radio_site,ANFR Open Data,PUBLIC_DECLARATION
anfr-3248799,3248799,48.88444444444444,2.338611111111111,,METRO ABBESSES L12,Place des Abesses,,75018,75118,1,BOUYGUES TELECOM,3G | 4G,LTE 1800 | UMTS 900,En service,0752753020,2,mobile_radio_site,ANFR Open Data,PUBLIC_DECLARATION
anfr-3248831,3248831,48.88472222222222,2.341666666666667,,11 R CHAPPE,,,75018,75118,"18,6",BOUYGUES TELECOM,2G | 3G | 4G,GSM 1800 | LTE 1800 | UMTS 2100,Projet approuvé,0752753021,3,mobile_radio_site,ANFR Open Data,PUBLIC_DECLARATION
anfr-696088,696088,48.89361111111111,2.3536111111111113,,17 allée d'Andrésieux,,,75018,75118,"45,1",FREE MOBILE | SFR,2G | 3G | 4G | 5G,5G NR 3500 | 5G NR 700 | GSM 900 | LTE 1800 | LTE 2100 | LTE 2600 | LTE 700 | LTE 800 | LTE 900 | UMTS 2100 | UMTS 900,En service | Techniquement opérationnel,0750990039 | 0752700314,15,mobile_radio_site,ANFR Open Data,PUBLIC_DECLARATION
anfr-1033039,1033039,48.89333333333333,2.3397222222222225,,116 RUE ORDENER,,,75018,75118,"27,5",FREE MOBILE,4G | 5G,5G NR 3500 | 5G NR 700 | LTE 1800 | LTE 2100 | LTE 2600 | LTE 700 | LTE 900,En service | Techniquement opérationnel,0750990040,7,mobile_radio_site,ANFR Open Data,PUBLIC_DECLARATION
anfr-1287710,1287710,48.900555555555556,2.345555555555556,,28 RUE GINETTE NEVEU,,,75018,75118,"35,7",FREE MOBILE | SFR,2G | 3G | 4G | 5G,5G NR 2100 | 5G NR 3500 | 5G NR 700 | GSM 900 | LTE 1800 | LTE 2100 | LTE 2600 | LTE 700 | LTE 800 | LTE 900 | UMTS 2100 | UMTS 900,En service | Projet approuvé | Techniquement opérationnel,0750990095 | 0752700303,17,mobile_radio_site,ANFR Open Data,PUBLIC_DECLARATION
anfr-1288060,1288060,48.8975,2.336666666666667,,103 BOULEVARD NEY,,,75018,75118,33,FREE MOBILE,4G | 5G,5G NR 3500 | 5G NR 700 | LTE 1800 | LTE 2100 | LTE 2600 | LTE 700 | LTE 900,En service | Techniquement opérationnel,0750990096,7,mobile_radio_site,ANFR Open Data,PUBLIC_DECLARATION
anfr-1302573,1302573,48.88916666666667,2.3475,,46 RUE LABAT,,,75018,75118,"25,8",FREE MOBILE | ORANGE | SFR,3G | 4G | 5G,5G NR 3500 | 5G NR 700 | LTE 1800 | LTE 2100 | LTE 2600 | LTE 700 | LTE 800 | LTE 900 | UMTS 900,En service | Projet approuvé | Techniquement opérationnel,0750990109 | 0752291411 | 0752702820,19,mobile_radio_site,ANFR Open Data,PUBLIC_DECLARATION
anfr-1335924,1335924,48.88777777777778,2.3536111111111113,,20 Rue Léon,,,75018,75118,26,FREE MOBILE,4G | 5G,5G NR 700 | LTE 1800 | LTE 2100 | LTE 2600 | LTE 700 | LTE 900,En service | Techniquement opérationnel,0750990128,6,mobile_radio_site,ANFR Open Data,PUBLIC_DECLARATION
anfr-1353132,1353132,48.88611111111111,2.336388888888889,,10 RUE BURQ,,,75018,75118,"21,3",FREE MOBILE,4G | 5G,5G NR 3500 | 5G NR 700 | LTE 1800 | LTE 2100 | LTE 2600 | LTE 700 | LTE 900,En service | Techniquement opérationnel,0750990139,7,mobile_radio_site,ANFR Open Data,PUBLIC_DECLARATION
anfr-1388706,1388706,48.89555555555555,2.3305555555555553,,175 RUE BELLIARD,,,75018,75118,"30,7",FREE MOBILE,4G | 5G,5G NR 3500 | 5G NR 700 | LTE 1800 | LTE 2100 | LTE 2600 | LTE 700 | LTE 900,En service | Techniquement opérationnel,0750990144,7,mobile_radio_site,ANFR Open Data,PUBLIC_DECLARATION
anfr-1406210,1406210,48.885,2.328333333333333,,11 Rue Forest,,,75018,75118,36,FREE MOBILE | ORANGE,2G | 3G | 4G | 5G,5G NR 2100 | 5G NR 3500 | 5G NR 700 | GSM 900 | LTE 1800 | LTE 2100 | LTE 2600 | LTE 700 | LTE 800 | LTE 900 | UMTS 900,En service | Projet approuvé | Techniquement opérationnel,0750990054 | 0752291704,16,mobile_radio_site,ANFR Open Data,PUBLIC_DECLARATION
anfr-1407010,1407010,48.89666666666667,2.3433333333333333,,51 RUE LETORT,,,75018,75118,"26,1",FREE MOBILE,4G | 5G,5G NR 700 | LTE 1800 | LTE 2100 | LTE 2600 | LTE 700 | LTE 900,En service | Techniquement opérationnel,0750990153,6,mobile_radio_site,ANFR Open Data,PUBLIC_DECLARATION
anfr-1623273,1623273,48.89972222222222,2.37,,AVENUE DE LA PORTE D AUBERVILLIERS,,,75018,75118,27,FREE MOBILE,4G | 5G,5G NR 3500 | 5G NR 700 | LTE 1800 | LTE 2100 | LTE 2600 | LTE 700 | LTE 900,En service | Techniquement opérationnel,0750990247,7,mobile_radio_site,ANFR Open Data,PUBLIC_DECLARATION
anfr-1624132,1624132,48.886944444444445,2.3405555555555555,,rue Norvins,,,75018,75118,"15,1",FREE MOBILE | ORANGE,3G | 4G | 5G,5G NR 3500 | 5G NR 700 | LTE 1800 | LTE 2100 | LTE 2600 | LTE 700 | LTE 800 | LTE 900 | UMTS 900,En service | Projet approuvé | Techniquement opérationnel,0750990248 | 0752291218,15,mobile_radio_site,ANFR Open Data,PUBLIC_DECLARATION
anfr-1790895,1790895,48.89138888888889,2.3361111111111112,,173 rue Marcadet,,,75018,75118,"32,9",FREE MOBILE | ORANGE | SFR,3G | 4G | 5G,5G NR 3500 | 5G NR 700 | LTE 1800 | LTE 2100 | LTE 2600 | LTE 700 | LTE 800 | LTE 900 | UMTS 900,En service | Techniquement opérationnel,0750990298 | 0752291529 | 0752702974,22,mobile_radio_site,ANFR Open Data,PUBLIC_DECLARATION
anfr-1793935,1793935,48.895833333333336,2.347777777777778,,"52, rue Championnet",,,75018,75118,"30,5",FREE MOBILE,4G | 5G,5G NR 700 | LTE 1800 | LTE 2100 | LTE 2600 | LTE 700 | LTE 900,En service | Techniquement opérationnel,0750990302,6,mobile_radio_site,ANFR Open Data,PUBLIC_DECLARATION
anfr-1793937,1793937,48.89,2.341666666666667,,"121, rue de Caulaincourt",,,75018,75118,32,FREE MOBILE,4G | 5G,5G NR 3500 | 5G NR 700 | LTE 1800 | LTE 2100 | LTE 2600 | LTE 700 | LTE 900,En service | Techniquement opérationnel,0750990303,7,mobile_radio_site,ANFR Open Data,PUBLIC_DECLARATION
anfr-1796400,1796400,48.88722222222222,2.35,,"46, bd Barbès",,,75018,75118,"26,9",FREE MOBILE,4G | 5G,5G NR 3500 | 5G NR 700 | LTE 1800 | LTE 2100 | LTE 2600 | LTE 700 | LTE 900,En service | Projet approuvé,0750990305,7,mobile_radio_site,ANFR Open Data,PUBLIC_DECLARATION
anfr-1830742,1830742,48.89277777777778,2.345277777777778,,"34, rue Hermel",,,75018,75118,"33,5",FREE MOBILE,4G | 5G,5G NR 3500 | 5G NR 700 | LTE 1800 | LTE 2100 | LTE 2600 | LTE 700 | LTE 900,En service | Techniquement opérationnel,0750990313,7,mobile_radio_site,ANFR Open Data,PUBLIC_DECLARATION
anfr-2027198,2027198,48.88916666666667,2.3347222222222226,,51 RUE CAULAINCOURT,,,75018,75118,"29,7",FREE MOBILE,4G | 5G,5G NR 3500 | 5G NR 700 | LTE 1800 | LTE 2100 | LTE 2600 | LTE 700 | LTE 900,En service | Projet approuvé | Techniquement opérationnel,0750990647,7,mobile_radio_site,ANFR Open Data,PUBLIC_DECLARATION
anfr-2027200,2027200,48.885,2.355,,4 RUE DE LA CHARBONNIERE,,,75018,75118,"25,9",FREE MOBILE,4G | 5G,5G NR 3500 | 5G NR 700 | LTE 1800 | LTE 2100 | LTE 2600 | LTE 700 | LTE 900,En service | Techniquement opérationnel,0750990648,7,mobile_radio_site,ANFR Open Data,PUBLIC_DECLARATION
anfr-2082129,2082129,48.882777777777775,2.3441666666666667,Métro ANVERS L2,Bld de Rochechouart,,,75018,75118,0,FREE MOBILE | SFR,3G | 4G,LTE 1800 | LTE 2100 | LTE 2600 | LTE 700 | LTE 800 | UMTS 900,En service,0750990688 | 0752701967,7,mobile_radio_site,ANFR Open Data,PUBLIC_DECLARATION
anfr-2083794,2083794,48.8925,2.3447222222222224,Métro JULES JOFFRIN L12,Rue Ordener face Mairie du 18ème,,,75018,75118,0,FREE MOBILE | ORANGE | SFR,2G | 3G | 4G,GSM 900 | LTE 1800 | LTE 900 | UMTS 900,En service,0750990706 | 0752292103 | 0752702533,7,mobile_radio_site,ANFR Open Data,PUBLIC_DECLARATION
anfr-2083798,2083798,48.88722222222222,2.3497222222222223,METRO CHATEAU ROUGE L4,48 boulevard Barbès,,,75018,75118,0,FREE MOBILE,4G,LTE 1800,En service,0750990707,1,mobile_radio_site,ANFR Open Data,PUBLIC_DECLARATION
anfr-2098046,2098046,48.89388888888889,2.347777777777778,Métro SIMPLON L4,Face au 25 Boulevard ORNANO,,,75018,75118,0,FREE MOBILE | ORANGE | SFR,2G | 3G | 4G,GSM 900 | LTE 1800 | LTE 900 | UMTS 900,En service,0750990724 | 0752292124 | 0752702531,7,mobile_radio_site,ANFR Open Data,PUBLIC_DECLARATION
anfr-2137896,2137896,48.89083333333333,2.326944444444444,,56 av de st ouen,,,75018,75118,"32,8",FREE MOBILE | ORANGE,3G | 4G | 5G,5G NR 3500 | 5G NR 700 | LTE 1800 | LTE 2100 | LTE 2600 | LTE 700 | LTE 800 | LTE 900 | UMTS 900,En service | Techniquement opérationnel,0750990308 | 0752291291,15,mobile_radio_site,ANFR Open Data,PUBLIC_DECLARATION
anfr-2235209,2235209,48.89138888888889,2.3511111111111114,,"32, rue Ordener",,,75018,75118,"28,3",FREE MOBILE,4G | 5G,5G NR 3500 | 5G NR 700 | LTE 1800 | LTE 2100 | LTE 2600 | LTE 700 | LTE 900,En service | Techniquement opérationnel,0750990826,7,mobile_radio_site,ANFR Open Data,PUBLIC_DECLARATION
anfr-2281310,2281310,48.89611111111111,2.3605555555555555,,24 26 RUE RAYMOND QUENEAU,,,75018,75118,49,FREE MOBILE,4G | 5G,5G NR 3500 | 5G NR 700 | LTE 1800 | LTE 2100 | LTE 2600 | LTE 700 | LTE 900,En service | Techniquement opérationnel,0750990844,7,mobile_radio_site,ANFR Open Data,PUBLIC_DECLARATION
anfr-2290674,2290674,48.884166666666665,2.338611111111111,METRO ABBESSES L12,16 place des Abbesses,,,75018,75118,0,FREE MOBILE,4G,LTE 1800 | LTE 900,En service,0750990876,2,mobile_radio_site,ANFR Open Data,PUBLIC_DECLARATION
anfr-2351195,2351195,48.88361111111111,2.334166666666667,Métro BLANCHE L2,Place Blanche,,,75018,75118,0,FREE MOBILE | SFR,3G | 4G,LTE 1800 | LTE 2100 | LTE 2600 | LTE 800 | LTE 900 | UMTS 2100 | UMTS 900,En service,0750990875 | 0752702001,8,mobile_radio_site,ANFR Open Data,PUBLIC_DECLARATION
anfr-2375037,2375037,48.9,2.3525,,44 av de la porte des Poissonniers,,,75018,75118,27,FREE MOBILE | ORANGE | SFR,3G | 4G | 5G,5G NR 3500 | 5G NR 700 | LTE 1800 | LTE 2100 | LTE 2600 | LTE 700 | LTE 800 | LTE 900 | UMTS 900,En service | Projet approuvé | Techniquement opérationnel,0750990042 | 0752292424 | 0752703227,21,mobile_radio_site,ANFR Open Data,PUBLIC_DECLARATION
anfr-2480974,2480974,48.89333333333333,2.3630555555555555,LA CHAPELLE,RUE DES ROSE,,,75018,75118,33,FREE MOBILE,4G | 5G,5G NR 3500 | 5G NR 700 | LTE 1800 | LTE 2100 | LTE 2600 | LTE 700 | LTE 900,En service | Techniquement opérationnel,0750990950,7,mobile_radio_site,ANFR Open Data,PUBLIC_DECLARATION
anfr-2547853,2547853,48.897777777777776,2.3536111111111113,PORTE DE CLIGNANCOURT,156 RUE DES POISSONNIERS,,,75018,75118,41,FREE MOBILE | SFR,2G | 3G | 4G | 5G,5G NR 2100 | 5G NR 3500 | 5G NR 700 | GSM 900 | LTE 1800 | LTE 2100 | LTE 2600 | LTE 700 | LTE 800 | LTE 900 | UMTS 2100 | UMTS 900,En service | Projet approuvé | Techniquement opérationnel,0750990967 | 0752700012,16,mobile_radio_site,ANFR Open Data,PUBLIC_DECLARATION
anfr-2551912,2551912,48.89055555555556,2.3425000000000002,LAMARCK CAULAINCOURT,RUE CYRANO DE BERGERAC,,,75018,75118,"36,7",FREE MOBILE,4G | 5G,5G NR 3500 | 5G NR 700 | LTE 1800 | LTE 2100 | LTE 2600 | LTE 700 | LTE 900,Projet approuvé,0750990968,7,mobile_radio_site,ANFR Open Data,PUBLIC_DECLARATION
anfr-2818820,2818820,48.88638888888889,2.3466666666666667,,10 RUE FEUTRIER,,,75018,75118,24,FREE MOBILE | SFR,3G | 4G | 5G,5G NR 3500 | 5G NR 700 | LTE 1800 | LTE 2100 | LTE 2600 | LTE 700 | LTE 800 | LTE 900 | UMTS 900,En service | Techniquement opérationnel,0750990654 | 0752702897,14,mobile_radio_site,ANFR Open Data,PUBLIC_DECLARATION
anfr-2822072,2822072,48.886944444444445,2.333055555555555,,16 B RUE CAULAINCOURT,,,75018,75118,32,FREE MOBILE | SFR,2G | 3G | 4G | 5G,5G NR 3500 | 5G NR 700 | GSM 900 | LTE 1800 | LTE 2100 | LTE 2600 | LTE 700 | LTE 800 | LTE 900 | UMTS 900,En service | Techniquement opérationnel,0750991024 | 0752700158,15,mobile_radio_site,ANFR Open Data,PUBLIC_DECLARATION
anfr-2823199,2823199,48.888888888888886,2.332222222222222,,4 Rue Eugène Carrière,RUE STEINLEN,,75018,75118,24,FREE MOBILE,4G | 5G,5G NR 3500 | 5G NR 700 | LTE 1800 | LTE 2100 | LTE 2600 | LTE 700 | LTE 900,En service | Techniquement opérationnel,0750990832,7,mobile_radio_site,ANFR Open Data,PUBLIC_DECLARATION
anfr-2892847,2892847,48.885,2.3461111111111115,,10-12 RUE PIERRE PICARD,,,75018,75118,"28,6",FREE MOBILE,4G | 5G,5G NR 3500 | 5G NR 700 | LTE 1800 | LTE 2100 | LTE 2600 | LTE 700 | LTE 900,En service | Techniquement opérationnel,0750991058,7,mobile_radio_site,ANFR Open Data,PUBLIC_DECLARATION
anfr-2922313,2922313,48.89222222222222,2.365,,17 rue Cugnot,,,75018,75118,28,FREE MOBILE | ORANGE,2G | 3G | 4G | 5G,5G NR 3500 | 5G NR 700 | GSM 900 | LTE 1800 | LTE 2100 | LTE 2600 | LTE 700 | LTE 800 | LTE 900 | UMTS 900,En service | Techniquement opérationnel,0750991077 | 0752290354,16,mobile_radio_site,ANFR Open Data,PUBLIC_DECLARATION
anfr-2953306,2953306,48.894444444444446,2.3494444444444444,,130 RUE DE CLIGNANCOURT,,,75018,75118,"32,2",FREE MOBILE,4G | 5G,5G NR 3500 | 5G NR 700 | LTE 1800 | LTE 2100 | LTE 2600 | LTE 700 | LTE 900,En service | Projet approuvé | Techniquement opérationnel,0750991099,7,mobile_radio_site,ANFR Open Data,PUBLIC_DECLARATION
anfr-2992425,2992425,48.89083333333333,2.3497222222222223,METRO L4/L12,MARCADET-POISSONNIERS_,92 Boulevard Barbès,,75018,75118,0,FREE MOBILE | ORANGE,3G | 4G,LTE 1800 | LTE 2100 | LTE 2600 | LTE 700 | LTE 800 | UMTS 900,En service | Projet approuvé,0750991123 | 0752292713,9,mobile_radio_site,ANFR Open Data,PUBLIC_DECLARATION
anfr-3071353,3071353,48.886944444444445,2.36,,"38, r Max Dormoy",,,75018,75118,44,FREE MOBILE | SFR,3G | 4G | 5G,5G NR 3500 | 5G NR 700 | LTE 1800 | LTE 2100 | LTE 2600 | LTE 700 | LTE 800 | LTE 900 | UMTS 900,En service | Projet approuvé | Techniquement opérationnel,0750990032 | 0752703439,14,mobile_radio_site,ANFR Open Data,PUBLIC_DECLARATION
anfr-3336707,3336707,48.89416666666666,2.336388888888889,,87 rue Damremont,,,75018,75118,41,FREE MOBILE | ORANGE,4G | 5G,5G NR 3500 | 5G NR 700 | LTE 1800 | LTE 2100 | LTE 2600 | LTE 700 | LTE 800 | LTE 900,En service | Techniquement opérationnel,0750990807 | 0752293054,13,mobile_radio_site,ANFR Open Data,PUBLIC_DECLARATION
anfr-3338926,3338926,48.888888888888886,2.36,,62/64 rue Marx Dormoy,,,75018,75118,"34,1",FREE MOBILE | ORANGE,2G | 3G | 4G | 5G,5G NR 3500 | 5G NR 700 | GSM 900 | LTE 1800 | LTE 2100 | LTE 2600 | LTE 700 | LTE 800 | UMTS 900,En service | Projet approuvé | Techniquement opérationnel,0750991198 | 0752290392,10,mobile_radio_site,ANFR Open Data,PUBLIC_DECLARATION
anfr-553698,553698,48.88944444444444,2.3519444444444444,,52 r des poissonniers,,,75018,75118,38,ORANGE,2G | 3G | 4G | 5G,5G NR 3500 | 5G NR 700 | GSM 900 | LTE 1800 | LTE 2100 | LTE 2600 | LTE 700 | LTE 800 | UMTS 900,En service | Techniquement opérationnel,0752290345,9,mobile_radio_site,ANFR Open Data,PUBLIC_DECLARATION
anfr-571753,571753,48.89194444444444,2.3508333333333336,,6-8 r des Portes Blanches,Quartier Marcadet-Poissonniers,,75018,75118,"44,5",ORANGE | SFR,2G | 3G | 4G | 5G,5G NR 3500 | 5G NR 700 | GSM 900 | LTE 1800 | LTE 2100 | LTE 2600 | LTE 700 | LTE 800 | UMTS 2100 | UMTS 900,En service | Techniquement opérationnel,0752290281 | 0752700056,18,mobile_radio_site,ANFR Open Data,PUBLIC_DECLARATION
anfr-693045,693045,48.888333333333335,2.3461111111111115,,8 R Nicolet,,,75018,75118,30,ORANGE,2G | 3G | 4G | 5G,5G NR 3500 | 5G NR 700 | GSM 900 | LTE 1800 | LTE 2100 | LTE 2600 | LTE 700 | LTE 800 | UMTS 900,En service | Projet approuvé,0752291469,9,mobile_radio_site,ANFR Open Data,PUBLIC_DECLARATION
anfr-695356,695356,48.891666666666666,2.341666666666667,,114 r Marcadet,,,75018,75118,36,ORANGE,2G | 3G | 4G | 5G,5G NR 3500 | 5G NR 700 | GSM 900 | LTE 1800 | LTE 2100 | LTE 2600 | LTE 700 | LTE 800 | UMTS 900,En service | Techniquement opérationnel,0752290012,9,mobile_radio_site,ANFR Open Data,PUBLIC_DECLARATION
anfr-695362,695362,48.885,2.3622222222222224,,18/20 bd  de la Chapelle,,,75018,75118,30,ORANGE,2G | 3G | 4G,GSM 900 | LTE 1800 | LTE 2100 | LTE 2600 | LTE 800 | UMTS 900,En service,0752290045,6,mobile_radio_site,ANFR Open Data,PUBLIC_DECLARATION
anfr-695364,695364,48.8925,2.358888888888889,,31 r de la Chapelle,,,75018,75118,42,ORANGE,4G | 5G,5G NR 3500 | 5G NR 700 | LTE 1800 | LTE 2100 | LTE 2600 | LTE 800,En service | Techniquement opérationnel,0752290107,6,mobile_radio_site,ANFR Open Data,PUBLIC_DECLARATION
anfr-695368,695368,48.88527777777778,2.356666666666667,,3 r Stéphenson,,,75018,75118,34,ORANGE,2G | 3G | 4G | 5G,5G NR 3500 | 5G NR 700 | GSM 900 | LTE 1800 | LTE 2100 | LTE 2600 | LTE 700 | LTE 800 | UMTS 900,En service | Techniquement opérationnel,0752290279,9,mobile_radio_site,ANFR Open Data,PUBLIC_DECLARATION
anfr-695377,695377,48.89666666666667,2.3605555555555555,,26 Raymond Quéneau,,,75018,75118,49,ORANGE,2G | 3G | 4G | 5G,5G NR 3500 | 5G NR 700 | GSM 900 | LTE 1800 | LTE 2100 | LTE 2600 | LTE 700 | LTE 800 | UMTS 900,En service | Techniquement opérationnel,0752290280,9,mobile_radio_site,ANFR Open Data,PUBLIC_DECLARATION
anfr-695820,695820,48.89666666666667,2.3305555555555553,,70 r Vauvenargues,17 r Bernard Dimey,,75018,75118,33,ORANGE,2G | 3G | 4G | 5G,5G NR 3500 | 5G NR 700 | GSM 900 | LTE 1800 | LTE 2100 | LTE 2600 | LTE 700 | LTE 800 | UMTS 900,En service | Techniquement opérationnel,0752290316,9,mobile_radio_site,ANFR Open Data,PUBLIC_DECLARATION
anfr-695822,695822,48.8975,2.338611111111111,,83 bd  Ney,,,75018,75118,46,ORANGE | SFR,2G | 3G | 4G | 5G,5G NR 2100 | 5G NR 3500 | 5G NR 700 | GSM 900 | LTE 1800 | LTE 2100 | LTE 2600 | LTE 700 | LTE 800 | UMTS 2100 | UMTS 900,En service | Techniquement opérationnel,0752290341 | 0752700109,19,mobile_radio_site,ANFR Open Data,PUBLIC_DECLARATION
anfr-695830,695830,48.88388888888889,2.3333333333333335,,78 bd  de clichy,,,75018,75118,36,ORANGE,2G | 3G | 4G | 5G,5G NR 3500 | 5G NR 700 | GSM 900 | LTE 1800 | LTE 2100 | LTE 2600 | LTE 800 | UMTS 900,En service | Techniquement opérationnel,0752290362,8,mobile_radio_site,ANFR Open Data,PUBLIC_DECLARATION
anfr-696035,696035,48.89333333333333,2.3519444444444444,,5 r Simplon,,,75018,75118,30,ORANGE,3G | 4G | 5G,5G NR 3500 | 5G NR 700 | LTE 1800 | LTE 2100 | LTE 2600 | LTE 700 | LTE 800 | UMTS 900,En service | Techniquement opérationnel,0752290480,8,mobile_radio_site,ANFR Open Data,PUBLIC_DECLARATION
anfr-696054,696054,48.89888888888889,2.367777777777778,,24 Bd Ney,,,75018,75118,"35,6",ORANGE,2G | 3G | 4G | 5G,5G NR 3500 | 5G NR 700 | GSM 900 | LTE 1800 | LTE 2100 | LTE 2600 | LTE 700 | LTE 800 | UMTS 900,En service | Techniquement opérationnel,0752291387,9,mobile_radio_site,ANFR Open Data,PUBLIC_DECLARATION
anfr-696792,696792,48.893055555555556,2.3316666666666666,,"211 , r Championnet",,,75018,75118,44,ORANGE | SFR,2G | 3G | 4G | 5G,5G NR 2100 | 5G NR 3500 | 5G NR 700 | GSM 900 | LTE 1800 | LTE 2100 | LTE 2600 | LTE 700 | LTE 800 | UMTS 2100 | UMTS 900,En service | Projet approuvé | Techniquement opérationnel,0752290135 | 0752700069,19,mobile_radio_site,ANFR Open Data,PUBLIC_DECLARATION
anfr-857904,857904,48.893055555555556,2.328611111111111,,"266, r marcadet",,,75018,75118,36,ORANGE,2G | 3G | 4G | 5G,5G NR 3500 | 5G NR 700 | GSM 900 | LTE 1800 | LTE 2100 | LTE 2600 | LTE 700 | LTE 800 | UMTS 900,En service | Techniquement opérationnel,0752291505,9,mobile_radio_site,ANFR Open Data,PUBLIC_DECLARATION
anfr-1399751,1399751,48.899166666666666,2.343888888888889,,"15, Avenue de la Porte de Clignancourt",,,75018,75118,24,ORANGE,2G | 3G | 4G | 5G,5G NR 3500 | 5G NR 700 | GSM 900 | LTE 1800 | LTE 2100 | LTE 2600 | LTE 700 | LTE 800 | UMTS 900,En service | Techniquement opérationnel,0752291702,9,mobile_radio_site,ANFR Open Data,PUBLIC_DECLARATION
anfr-1787128,1787128,48.90083333333333,2.3508333333333336,,Av de la Porte des Poissonniers,Stade Poissonniers,,75018,75118,8,ORANGE | SFR,2G | 3G | 4G,GSM 900 | LTE 1800 | LTE 2100 | LTE 800 | UMTS 2100 | UMTS 900,En service,0752290374 | 0752702120,8,mobile_radio_site,ANFR Open Data,PUBLIC_DECLARATION
anfr-1790400,1790400,48.894999999999996,2.342777777777778,,5 rue André Messager,,,75018,75118,"29,8",ORANGE,3G | 4G | 5G,5G NR 3500 | 5G NR 700 | LTE 1800 | LTE 2100 | LTE 2600 | LTE 700 | LTE 800 | UMTS 900,En service | Techniquement opérationnel,0752292033,8,mobile_radio_site,ANFR Open Data,PUBLIC_DECLARATION
anfr-2090330,2090330,48.891666666666666,2.327222222222222,Métro GUY MOQUET L13,68 AVENUE SAINT OUEN,,,75018,75118,0,ORANGE,3G | 4G,LTE 1800 | LTE 2100 | LTE 2600 | LTE 800 | UMTS 900,En service,0752292200,5,mobile_radio_site,ANFR Open Data,PUBLIC_DECLARATION
anfr-2098494,2098494,48.88444444444444,2.3383333333333334,Métro ABESSES L12,Place des ABBESSES,,,75018,75118,0,ORANGE | SFR,2G | 3G | 4G,GSM 900 | LTE 1800 | UMTS 900,En service,0752292211 | 0752702565,5,mobile_radio_site,ANFR Open Data,PUBLIC_DECLARATION
anfr-2438915,2438915,48.88611111111111,2.336666666666667,,22 Rue Durantin,,,75018,75118,"9,2",ORANGE,4G,LTE 1800 | LTE 2100,En service,0752292460,2,mobile_radio_site,ANFR Open Data,PUBLIC_DECLARATION
anfr-2459025,2459025,48.895833333333336,2.343888888888889,,79 rue Championnet,,,75018,75118,22,ORANGE,4G,LTE 1800 | LTE 2100,En service,0752292559,2,mobile_radio_site,ANFR Open Data,PUBLIC_DECLARATION
anfr-2492072,2492072,48.88388888888889,2.338888888888889,,9 Rue des Abbesses,,,75018,75118,21,ORANGE,4G,LTE 1800 | LTE 2100,En service,0752292592,2,mobile_radio_site,ANFR Open Data,PUBLIC_DECLARATION
anfr-2619826,2619826,48.88444444444444,2.3397222222222225,,"95, Rue des Martyrs",,,75018,75118,21,ORANGE | SFR,2G | 3G | 4G | 5G,5G NR 3500 | GSM 900 | LTE 1800 | LTE 2100 | LTE 2600 | LTE 700 | LTE 800 | UMTS 900,En service | Techniquement opérationnel,0752292440 | 0752702812,10,mobile_radio_site,ANFR Open Data,PUBLIC_DECLARATION
anfr-2728258,2728258,48.88666666666666,2.333055555555555,,14B Rue Joseph de Maistre,,,75018,75118,"32,5",ORANGE,3G | 4G | 5G,5G NR 3500 | 5G NR 700 | LTE 1800 | LTE 2100 | LTE 2600 | LTE 700 | LTE 800 | UMTS 900,En service | Techniquement opérationnel,0752292745,8,mobile_radio_site,ANFR Open Data,PUBLIC_DECLARATION
anfr-2943215,2943215,48.896388888888886,2.3577777777777778,,2 rue de la Concertation,,,75018,75118,41,ORANGE,3G | 4G | 5G,5G NR 3500 | 5G NR 700 | LTE 1800 | LTE 2100 | LTE 2600 | LTE 700 | LTE 800 | UMTS 900,En service | Techniquement opérationnel,0752292787,8,mobile_radio_site,ANFR Open Data,PUBLIC_DECLARATION
anfr-2965492,2965492,48.88916666666667,2.3422222222222224,,33  RUE LAMARCK,,,75018,75118,25,ORANGE | SFR,4G | 5G,5G NR 3500 | LTE 1800 | LTE 2100 | LTE 2600 | LTE 700 | LTE 800,En service | Projet approuvé,0752292587 | 0752703222,8,mobile_radio_site,ANFR Open Data,PUBLIC_DECLARATION
anfr-3244813,3244813,48.88916666666667,2.3324999999999996,,12 rue Eugène Carrière,,,75018,75118,27,ORANGE,4G | 5G,5G NR 3500 | 5G NR 700 | LTE 1800 | LTE 2100 | LTE 2600 | LTE 800,En service | Techniquement opérationnel,0752293037,6,mobile_radio_site,ANFR Open Data,PUBLIC_DECLARATION
anfr-593178,593178,48.885555555555555,2.359166666666667,,"13, r max dormoy",,,75018,75118,"35,7",SFR,2G | 3G | 4G | 5G,5G NR 3500 | GSM 900 | LTE 1800 | LTE 2100 | LTE 2600 | LTE 800 | UMTS 2100 | UMTS 900,En service | Techniquement opérationnel,0752700112,8,mobile_radio_site,ANFR Open Data,PUBLIC_DECLARATION
anfr-613392,613392,48.894999999999996,2.3444444444444446,,95 r duhesme,,,75018,75118,28,SFR,2G | 3G | 4G | 5G,5G NR 2100 | 5G NR 3500 | GSM 900 | LTE 1800 | LTE 2100 | LTE 2600 | LTE 700 | LTE 800 | UMTS 2100 | UMTS 900,En service | Techniquement opérationnel,0752700301,10,mobile_radio_site,ANFR Open Data,PUBLIC_DECLARATION
anfr-696067,696067,48.89138888888889,2.3433333333333333,,110 r Marcadet,,,75018,75118,"29,6",SFR,2G | 3G | 4G | 5G,5G NR 2100 | 5G NR 3500 | GSM 900 | LTE 1800 | LTE 2100 | LTE 2600 | LTE 700 | LTE 800 | UMTS 2100 | UMTS 900,En service | Techniquement opérationnel,0752700063,10,mobile_radio_site,ANFR Open Data,PUBLIC_DECLARATION
anfr-696069,696069,48.89888888888889,2.3694444444444445,,5 r Gaston Darboux,,,75018,75118,25,SFR,2G | 3G | 4G | 5G,5G NR 3500 | GSM 900 | LTE 1800 | LTE 2100 | LTE 2600 | LTE 700 | LTE 800 | UMTS 2100 | UMTS 900,En service | Techniquement opérationnel,0752700116,9,mobile_radio_site,ANFR Open Data,PUBLIC_DECLARATION
anfr-696079,696079,48.89333333333333,2.3394444444444447,,120 r Ordener,,,75018,75118,28,SFR,2G | 3G | 4G | 5G,5G NR 3500 | GSM 900 | LTE 1800 | LTE 2100 | LTE 2600 | LTE 700 | LTE 800 | UMTS 2100 | UMTS 900,En service | Techniquement opérationnel,0752700299,9,mobile_radio_site,ANFR Open Data,PUBLIC_DECLARATION
anfr-696090,696090,48.89055555555556,2.358611111111111,,10 r Ordener,,,75018,75118,"35,5",SFR,2G | 3G | 4G | 5G,5G NR 3500 | GSM 900 | LTE 1800 | LTE 2100 | LTE 2600 | LTE 700 | LTE 800 | UMTS 2100 | UMTS 900,En service | Techniquement opérationnel,0752700315,9,mobile_radio_site,ANFR Open Data,PUBLIC_DECLARATION
anfr-696797,696797,48.88583333333333,2.3358333333333334,,"3, r  Burcq",,,75018,75118,"26,9",SFR,2G | 3G | 4G | 5G,5G NR 3500 | GSM 900 | LTE 1800 | LTE 2100 | LTE 2600 | LTE 800 | UMTS 900,En service | Techniquement opérationnel,0752700339,7,mobile_radio_site,ANFR Open Data,PUBLIC_DECLARATION
anfr-696799,696799,48.89222222222222,2.3622222222222224,,"16,  r de l'Evangile",,,75018,75118,25,SFR,2G | 3G | 4G | 5G,5G NR 2100 | 5G NR 3500 | GSM 900 | LTE 1800 | LTE 2100 | LTE 2600 | LTE 700 | LTE 800 | UMTS 900,En service | Techniquement opérationnel,0752700338,9,mobile_radio_site,ANFR Open Data,PUBLIC_DECLARATION
anfr-812953,812953,48.901111111111106,2.341388888888889,,r du lieutenant colonel dax,Stade Bernard Dauvin,,75018,75118,"7,1",SFR,2G | 3G | 4G,GSM 900 | LTE 1800 | LTE 2100 | LTE 800 | UMTS 2100 | UMTS 900,En service,0752700145,6,mobile_radio_site,ANFR Open Data,PUBLIC_DECLARATION
anfr-1056936,1056936,48.894999999999996,2.328333333333333,,122 avenue de Saint Ouen,,,75018,75118,20,SFR,3G,UMTS 2100,En service,0752701310,1,mobile_radio_site,ANFR Open Data,PUBLIC_DECLARATION
anfr-1625125,1625125,48.88527777777778,2.3575,Tunnel nord de Gare du Nord,,,,75018,75118,9,SFR,2G | 3G | 4G,GSM 900 | LTE 1800 | LTE 2100 | LTE 2600 | LTE 700 | LTE 800 | UMTS 900,En service,0752703514,7,mobile_radio_site,ANFR Open Data,PUBLIC_DECLARATION
anfr-1626065,1626065,48.8875,2.3575,,Tunnel nord de Gare du Nord,,,75018,75118,6,SFR,2G | 3G | 4G,GSM 900 | LTE 1800 | LTE 2100 | LTE 2600 | LTE 700 | LTE 800 | UMTS 900,En service,0752703548,7,mobile_radio_site,ANFR Open Data,PUBLIC_DECLARATION
anfr-1628871,1628871,48.89194444444444,2.356666666666667,,Rue Marcadet,Sortie Tunnel Gare du Nord,,75018,75118,6,SFR,2G | 3G | 4G,GSM 900 | LTE 1800 | LTE 2100 | LTE 2600 | LTE 700 | LTE 800 | UMTS 900,En service,0752703538,7,mobile_radio_site,ANFR Open Data,PUBLIC_DECLARATION
anfr-1628873,1628873,48.89194444444444,2.356666666666667,,Rue Marcadet,Sortie Tunnel Gare du Nord,,75018,75118,6,SFR,2G | 3G | 4G,GSM 900 | LTE 1800 | LTE 2100 | LTE 2600 | LTE 700 | LTE 800 | UMTS 900,En service,0752703544,7,mobile_radio_site,ANFR Open Data,PUBLIC_DECLARATION
anfr-1657663,1657663,48.884166666666665,2.3508333333333336,METRO BARBES-ROCHECHOUA,Métro Barbes-Rochechouart,Blv de Rochechouart,,75018,75118,0,SFR,3G | 4G,LTE 1800 | LTE 2100 | LTE 2600 | LTE 700 | LTE 800 | UMTS 900,En service,0752701969,6,mobile_radio_site,ANFR Open Data,PUBLIC_DECLARATION
anfr-1867864,1867864,48.901111111111106,2.3630555555555555,,Impasse Marteau,"Portique PK23,335 Extérieur",,75018,75118,"8,2",SFR,2G | 3G | 4G,GSM 900 | LTE 1800 | LTE 2100 | LTE 800 | UMTS 2100 | UMTS 900,En service,0752702153,6,mobile_radio_site,ANFR Open Data,PUBLIC_DECLARATION
anfr-2049145,2049145,48.897777777777776,2.3594444444444447,Métro PORTE DE LA CHAPELLE,102 rue de la Chapelle,,,75018,75118,0,SFR,2G | 3G | 4G,GSM 900 | LTE 1800 | UMTS 900,En service,0752702566,3,mobile_radio_site,ANFR Open Data,PUBLIC_DECLARATION
anfr-2074486,2074486,48.88972222222222,2.338611111111111,Métro LAMARCK-CAULAINCOURT,Entre le 53 et 55 rue Lamarck,,,75018,75118,0,SFR,2G | 3G | 4G,GSM 900 | LTE 1800 | LTE 2600 | LTE 800 | UMTS 2100 | UMTS 900,En service,0752702620,6,mobile_radio_site,ANFR Open Data,PUBLIC_DECLARATION
anfr-2301200,2301200,48.882222222222225,2.339166666666667,Métro PIGALE,16 Boulevard de Clichy,,,75018,75118,0,SFR,3G | 4G,LTE 1800 | LTE 2100 | LTE 2600 | LTE 700 | LTE 800 | UMTS 900,En service,0752702718,6,mobile_radio_site,ANFR Open Data,PUBLIC_DECLARATION
anfr-2596429,2596429,48.88666666666666,2.355,,12 RUE CAVE,,,75018,75118,"23,5",SFR,3G | 4G | 5G,5G NR 3500 | LTE 1800 | LTE 2100 | LTE 2600 | LTE 700 | LTE 800 | UMTS 900,En service | Techniquement opérationnel,0752702806,7,mobile_radio_site,ANFR Open Data,PUBLIC_DECLARATION
anfr-2620250,2620250,48.88611111111111,2.3394444444444447,,32 rue Gabrielle,,,75018,75118,"23,2",SFR,2G | 3G | 4G,GSM 900 | LTE 1800 | LTE 2100 | LTE 2600 | LTE 800 | UMTS 900,En service,0752702790,6,mobile_radio_site,ANFR Open Data,PUBLIC_DECLARATION
anfr-2704901,2704901,48.88861111111111,2.3583333333333334,,11 RUE DOUDEAUVILLE,,,75018,75118,"24,3",SFR,2G | 3G | 4G | 5G,5G NR 3500 | GSM 900 | LTE 1800 | LTE 2100 | LTE 2600 | LTE 700 | LTE 800 | UMTS 900,En service | Techniquement opérationnel,0752702844,8,mobile_radio_site,ANFR Open Data,PUBLIC_DECLARATION
anfr-2746146,2746146,48.888888888888886,2.345555555555556,,14 Rue Lambert,Rue Custine,,75018,75118,"31,1",SFR,3G | 4G | 5G,5G NR 3500 | LTE 1800 | LTE 2100 | LTE 2600 | LTE 800 | UMTS 900,En service | Techniquement opérationnel,0752702874,6,mobile_radio_site,ANFR Open Data,PUBLIC_DECLARATION
anfr-2849063,2849063,48.89083333333333,2.3530555555555557,,41 RUE ORDENER,,,75018,75118,"28,1",SFR,3G | 4G | 5G,5G NR 3500 | LTE 1800 | LTE 2100 | LTE 2600 | LTE 700 | LTE 800 | UMTS 900,En service | Techniquement opérationnel,0752702937,7,mobile_radio_site,ANFR Open Data,PUBLIC_DECLARATION
anfr-2850770,2850770,48.895833333333336,2.3533333333333335,,132 RUE DES POISSONNIERS,,,75018,75118,"41,7",SFR,3G | 4G | 5G,5G NR 2100 | 5G NR 3500 | LTE 1800 | LTE 2100 | LTE 2600 | LTE 700 | LTE 800 | UMTS 900,En service | Projet approuvé | Techniquement opérationnel,0752702950,8,mobile_radio_site,ANFR Open Data,PUBLIC_DECLARATION
anfr-2866900,2866900,48.89666666666667,2.358611111111111,Porte de la Chapelle,"71, rue de la Chapelle",,,75018,75118,38,SFR,2G | 3G | 4G | 5G,5G NR 3500 | GSM 900 | LTE 1800 | LTE 2100 | LTE 2600 | LTE 700 | LTE 800 | UMTS 900,En service | Projet approuvé | Techniquement opérationnel,0752701363,8,mobile_radio_site,ANFR Open Data,PUBLIC_DECLARATION
anfr-2914431,2914431,48.890277777777776,2.3605555555555555,,98 Rue Riquet,,,75018,75118,"25,6",SFR,4G | 5G,5G NR 3500 | LTE 1800 | LTE 2100 | LTE 2600 | LTE 700 | LTE 800,En service | Techniquement opérationnel,0752703096,6,mobile_radio_site,ANFR Open Data,PUBLIC_DECLARATION
anfr-2976139,2976139,48.88972222222222,2.3377777777777777,,91  RUE CAULAINCOURT,,,75018,75118,"24,4",SFR,4G,LTE 1800 | LTE 2600,En service,0752703247,2,mobile_radio_site,ANFR Open Data,PUBLIC_DECLARATION
anfr-2987668,2987668,48.89194444444444,2.3475,,60  RUE ORDENER,,,75018,75118,"17,5",SFR,4G,LTE 1800 | LTE 2100,En service,0752703285,2,mobile_radio_site,ANFR Open Data,PUBLIC_DECLARATION
anfr-3003772,3003772,48.89,2.338611111111111,,74  Rue Lamarck,,,75018,75118,24,SFR,4G | 5G,5G NR 3500 | LTE 1800 | LTE 2100 | LTE 2600 | LTE 700 | LTE 800,Projet approuvé,0752703328,6,mobile_radio_site,ANFR Open Data,PUBLIC_DECLARATION
anfr-3010870,3010870,48.891666666666666,2.3377777777777777,,162 RUE MARCADET,,,75018,75118,35,SFR,4G | 5G,5G NR 3500 | LTE 1800 | LTE 2100 | LTE 2600 | LTE 700 | LTE 800,Projet approuvé,0752703295,6,mobile_radio_site,ANFR Open Data,PUBLIC_DECLARATION
anfr-514481,514481,48.87777777777778,2.3919444444444444,,18 r de crimee,pl des fêtes,,75019,75119,"34,5",BOUYGUES TELECOM | ORANGE | SFR,2G | 3G | 4G | 5G,5G NR 2100 | 5G NR 3500 | 5G NR 700 | GSM 900 | LTE 1800 | LTE 2100 | LTE 2600 | LTE 700 | LTE 800 | UMTS 2100 | UMTS 900,En service | Projet approuvé | Techniquement opérationnel,0752290099 | 0752700113 | 0752750433,23,mobile_radio_site,ANFR Open Data,PUBLIC_DECLARATION
anfr-531635,531635,48.88972222222222,2.3963888888888887,,PL DE LA PORTE DE PANTIN - TUN DE PANTIN,,,75019,75119,16,BOUYGUES TELECOM,2G | 3G | 4G,GSM 900 | LTE 1800 | LTE 800 | UMTS 900,En service,0752751520,4,mobile_radio_site,ANFR Open Data,PUBLIC_DECLARATION
anfr-542926,542926,48.88,2.3705555555555557,,"148, 150 BD DE LA VILLETTE",,,75019,75119,"54,5",BOUYGUES TELECOM | SFR,2G | 3G | 4G | 5G,5G NR 2100 | 5G NR 3500 | GSM 900 | LTE 1800 | LTE 2100 | LTE 2600 | LTE 700 | LTE 800 | UMTS 2100 | UMTS 900,En service | Techniquement opérationnel,0752700296 | 0752750443,18,mobile_radio_site,ANFR Open Data,PUBLIC_DECLARATION
anfr-551605,551605,48.88444444444444,2.393333333333333,,29 R DE LA SOLIDARITE,,,75019,75119,31,BOUYGUES TELECOM,2G | 3G | 4G | 5G,5G NR 2100 | 5G NR 3500 | GSM 900 | LTE 1800 | LTE 2100 | LTE 2600 | LTE 700 | LTE 800 | UMTS 900,En service | Techniquement opérationnel,0752750044,9,mobile_radio_site,ANFR Open Data,PUBLIC_DECLARATION
anfr-567430,567430,48.87833333333333,2.408333333333333,PORTE DES LILAS - VERCORS,angle pl du maquis du vercors et r des glaïeuls,BD PERIPHERIQUE,,75019,75119,6,BOUYGUES TELECOM | ORANGE,2G | 3G | 4G,GSM 1800 | GSM 900 | LTE 1800 | LTE 2100 | LTE 800 | UMTS 2100 | UMTS 900,En service,0752291447 | 0752751465,9,mobile_radio_site,ANFR Open Data,PUBLIC_DECLARATION
anfr-569644,569644,48.88388888888889,2.3783333333333334,,76 R DE MEAUX,,,75019,75119,37,BOUYGUES TELECOM,2G | 3G | 4G | 5G,5G NR 2100 | 5G NR 3500 | GSM 900 | LTE 1800 | LTE 2100 | LTE 2600 | LTE 700 | LTE 800 | UMTS 900,En service | Techniquement opérationnel,0752750440,9,mobile_radio_site,ANFR Open Data,PUBLIC_DECLARATION
anfr-587184,587184,48.87833333333333,2.386388888888889,,16 R DU SEPTIÈME ART,16 R DES ALLOUETTES,,75019,75119,"30,1",BOUYGUES TELECOM,2G | 3G | 4G | 5G,5G NR 2100 | 5G NR 3500 | GSM 900 | LTE 1800 | LTE 2100 | LTE 2600 | LTE 700 | LTE 800 | UMTS 900,En service | Techniquement opérationnel,0752750774,9,mobile_radio_site,ANFR Open Data,PUBLIC_DECLARATION
anfr-601079,601079,48.87722222222222,2.3766666666666665,,13-15 R EDGAR POE,,,75019,75119,18,BOUYGUES TELECOM,4G | 5G,5G NR 2100 | 5G NR 3500 | LTE 1800 | LTE 2600 | LTE 700 | LTE 800,En service | Projet approuvé,0752750619,6,mobile_radio_site,ANFR Open Data,PUBLIC_DECLARATION
anfr-697900,697900,48.88861111111111,2.3930555555555557,,212 Av. Jean Jaurès,(accès par la r sente des dorées),,75019,75119,35,BOUYGUES TELECOM | ORANGE,3G | 4G | 5G,5G NR 3500 | 5G NR 700 | LTE 1800 | LTE 2100 | LTE 2600 | LTE 700 | LTE 800 | UMTS 900,En service | Techniquement opérationnel,0752290184 | 0752751320,12,mobile_radio_site,ANFR Open Data,PUBLIC_DECLARATION
anfr-697904,697904,48.88583333333333,2.39,,18/26 r goubet,,,75019,75119,42,BOUYGUES TELECOM | FREE MOBILE | ORANGE,2G | 3G | 4G | 5G,5G NR 2100 | 5G NR 3500 | 5G NR 700 | GSM 900 | LTE 1800 | LTE 2100 | LTE 2600 | LTE 700 | LTE 800 | LTE 900 | UMTS 900,En service | Techniquement opérationnel,0750990031 | 0752290260 | 0752750560,24,mobile_radio_site,ANFR Open Data,PUBLIC_DECLARATION
anfr-697928,697928,48.87444444444444,2.374722222222222,,54 Bd de la Villette,,,75019,75119,34,BOUYGUES TELECOM | ORANGE,2G | 3G | 4G | 5G,5G NR 2100 | 5G NR 3500 | 5G NR 700 | GSM 900 | LTE 1800 | LTE 2100 | LTE 2600 | LTE 700 | LTE 800 | UMTS 900,En service | Projet approuvé | Techniquement opérationnel,0752291175 | 0752750497,19,mobile_radio_site,ANFR Open Data,PUBLIC_DECLARATION
anfr-697949,697949,48.884166666666665,2.3827777777777777,,"97, r de Crimée",3 avenue Moderne,,75019,75119,51,BOUYGUES TELECOM | ORANGE | SFR,2G | 3G | 4G | 5G,5G NR 2100 | 5G NR 3500 | 5G NR 700 | GSM 900 | LTE 1800 | LTE 2100 | LTE 2600 | LTE 700 | LTE 800 | UMTS 2100 | UMTS 900,En service | Projet approuvé | Techniquement opérationnel,0752290403 | 0752700036 | 0752750539,26,mobile_radio_site,ANFR Open Data,PUBLIC_DECLARATION
anfr-697957,697957,48.876666666666665,2.3822222222222225,,25/31 r pradier,imm uif pradier,,75019,75119,42,BOUYGUES TELECOM | SFR,2G | 3G | 4G | 5G,5G NR 2100 | 5G NR 3500 | GSM 900 | LTE 1800 | LTE 2100 | LTE 2600 | LTE 700 | LTE 800 | UMTS 2100 | UMTS 900,En service | Techniquement opérationnel,0752700052 | 0752750671,16,mobile_radio_site,ANFR Open Data,PUBLIC_DECLARATION
anfr-697961,697961,48.891666666666666,2.371111111111111,,13 B R CURIAL,CITE ROSE,BAT B,75019,75119,43,BOUYGUES TELECOM,4G | 5G,5G NR 2100 | 5G NR 3500 | LTE 1800 | LTE 2100 | LTE 2600 | LTE 700 | LTE 800,En service | Techniquement opérationnel,0752750091,7,mobile_radio_site,ANFR Open Data,PUBLIC_DECLARATION
anfr-697971,697971,48.888888888888886,2.3941666666666666,,216 AV JEAN JAURES,,,75019,75119,38,BOUYGUES TELECOM | FREE MOBILE,2G | 3G | 4G | 5G,5G NR 2100 | 5G NR 3500 | 5G NR 700 | GSM 900 | LTE 1800 | LTE 2100 | LTE 2600 | LTE 700 | LTE 800 | LTE 900 | UMTS 900,En service | Techniquement opérationnel,0750990027 | 0752750576,16,mobile_radio_site,ANFR Open Data,PUBLIC_DECLARATION
anfr-697974,697974,48.87583333333333,2.3880555555555554,,9 R DELOUVAIN,,,75019,75119,41,BOUYGUES TELECOM,3G | 4G | 5G,5G NR 2100 | LTE 1800 | LTE 2600 | LTE 700 | LTE 800 | UMTS 900,En service | Projet approuvé,0752750634,6,mobile_radio_site,ANFR Open Data,PUBLIC_DECLARATION
anfr-697976,697976,48.879444444444445,2.3938888888888887,,13 R DE BELLEVUE,,,75019,75119,20,BOUYGUES TELECOM,3G | 4G | 5G,5G NR 2100 | 5G NR 3500 | LTE 1800 | LTE 2100 | LTE 2600 | LTE 700 | LTE 800 | UMTS 900,En service | Projet approuvé | Techniquement opérationnel,0752750657,8,mobile_radio_site,ANFR Open Data,PUBLIC_DECLARATION
anfr-697978,697978,48.89138888888889,2.3805555555555555,,42 R DE L'OURCQ,,,75019,75119,31,BOUYGUES TELECOM,2G | 3G | 4G | 5G,5G NR 2100 | 5G NR 3500 | GSM 900 | LTE 1800 | LTE 2100 | LTE 2600 | LTE 700 | LTE 800 | UMTS 900,En service | Techniquement opérationnel,0752750787,9,mobile_radio_site,ANFR Open Data,PUBLIC_DECLARATION
anfr-697982,697982,48.89361111111111,2.3738888888888887,,230 R DE CRIMEE,,,75019,75119,28,BOUYGUES TELECOM,2G | 3G | 4G | 5G,5G NR 2100 | 5G NR 3500 | GSM 900 | LTE 1800 | LTE 2100 | LTE 2600 | LTE 700 | LTE 800 | UMTS 900,En service | Techniquement opérationnel,0752751438,9,mobile_radio_site,ANFR Open Data,PUBLIC_DECLARATION
anfr-939481,939481,48.89833333333333,2.3847222222222224,,99 BOULEVARD MAC DONALD,,,75019,75119,"41,3",BOUYGUES TELECOM | FREE MOBILE | ORANGE,2G | 3G | 4G | 5G,5G NR 2100 | 5G NR 3500 | 5G NR 700 | GSM 900 | LTE 1800 | LTE 2100 | LTE 2600 | LTE 700 | LTE 800 | LTE 900 | UMTS 900,En service | Techniquement opérationnel,0750990019 | 0752292398 | 0752750781,24,mobile_radio_site,ANFR Open Data,PUBLIC_DECLARATION
anfr-961290,961290,48.8825,2.3891666666666667,,10 R DAVID D'ANGERS,,,75019,75119,"39,9",BOUYGUES TELECOM,2G | 3G | 4G | 5G,5G NR 2100 | 5G NR 3500 | GSM 900 | LTE 1800 | LTE 2100 | LTE 2600 | LTE 700 | LTE 800 | UMTS 900,En service | Projet approuvé,0752750689,9,mobile_radio_site,ANFR Open Data,PUBLIC_DECLARATION
anfr-1206755,1206755,48.89388888888889,2.3802777777777777,,159 AVENUE DE FLANDRE,,,75019,75119,"33,4",BOUYGUES TELECOM | FREE MOBILE,4G | 5G,5G NR 2100 | 5G NR 3500 | 5G NR 700 | LTE 1800 | LTE 2100 | LTE 2600 | LTE 700 | LTE 800 | LTE 900,En service | Techniquement opérationnel,0750990076 | 0752750154,14,mobile_radio_site,ANFR Open Data,PUBLIC_DECLARATION
anfr-1208427,1208427,48.87972222222222,2.3766666666666665,,65 à 81 Av Secretan,,,75019,75119,"38,4",BOUYGUES TELECOM | FREE MOBILE | ORANGE | SFR,2G | 3G | 4G | 5G,5G NR 2100 | 5G NR 3500 | 5G NR 700 | GSM 900 | LTE 1800 | LTE 2100 | LTE 2600 | LTE 700 | LTE 800 | LTE 900 | UMTS 2100 | UMTS 900,En service | Techniquement opérationnel,0750990146 | 0752292025 | 0752702512 | 0752750441,31,mobile_radio_site,ANFR Open Data,PUBLIC_DECLARATION
anfr-1273475,1273475,48.888333333333335,2.3730555555555557,,59-61 AV DE FLANDRE,25 RUE RIQUET,,75019,75119,"42,3",BOUYGUES TELECOM | FREE MOBILE,2G | 3G | 4G | 5G,5G NR 2100 | 5G NR 3500 | 5G NR 700 | GSM 900 | LTE 1800 | LTE 2100 | LTE 2600 | LTE 700 | LTE 800 | LTE 900 | UMTS 900,En service | Techniquement opérationnel,0750990088 | 0752750438,16,mobile_radio_site,ANFR Open Data,PUBLIC_DECLARATION
anfr-1273514,1273514,48.87444444444444,2.379166666666667,,44 RUE REBEVAL,,,75019,75119,43,BOUYGUES TELECOM | FREE MOBILE | SFR,3G | 4G | 5G,5G NR 2100 | 5G NR 3500 | 5G NR 700 | LTE 1800 | LTE 2100 | LTE 2600 | LTE 700 | LTE 800 | LTE 900 | UMTS 900,En service | Projet approuvé | Techniquement opérationnel,0750990089 | 0752702947 | 0752750326,23,mobile_radio_site,ANFR Open Data,PUBLIC_DECLARATION
anfr-1516361,1516361,48.89833333333333,2.3780555555555556,,163 BD MAC DONALD,,,75019,75119,"25,5",BOUYGUES TELECOM,4G,LTE 1800,En service,0752752026,1,mobile_radio_site,ANFR Open Data,PUBLIC_DECLARATION
anfr-1603283,1603283,48.88972222222222,2.3858333333333333,,3/5 R JOSEPH KOSMA,,,75019,75119,"26,4",BOUYGUES TELECOM,3G | 4G | 5G,5G NR 2100 | 5G NR 3500 | LTE 1800 | LTE 2100 | LTE 2600 | LTE 700 | LTE 800 | UMTS 900,En service | Projet approuvé | Techniquement opérationnel,0752752084,8,mobile_radio_site,ANFR Open Data,PUBLIC_DECLARATION
anfr-1713007,1713007,48.87694444444445,2.3733333333333335,,15 R HENRI TUROT,,,75019,75119,"26,2",BOUYGUES TELECOM | FREE MOBILE,4G | 5G,5G NR 2100 | 5G NR 3500 | 5G NR 700 | LTE 1800 | LTE 2100 | LTE 2600 | LTE 700 | LTE 800 | LTE 900,En service | Techniquement opérationnel,0750990270 | 0752750029,14,mobile_radio_site,ANFR Open Data,PUBLIC_DECLARATION
anfr-1947407,1947407,48.88722222222222,2.370277777777778,,22 B R DE TANGER,,,75019,75119,36,BOUYGUES TELECOM,3G | 4G | 5G,5G NR 2100 | 5G NR 3500 | LTE 1800 | LTE 2100 | LTE 2600 | LTE 700 | LTE 800 | UMTS 900,En service | Techniquement opérationnel,0752752173,8,mobile_radio_site,ANFR Open Data,PUBLIC_DECLARATION
anfr-1955900,1955900,48.88722222222222,2.383611111111111,,11 RUE DE L'OURCQ,,,75019,75119,38,BOUYGUES TELECOM,2G | 3G | 4G | 5G,5G NR 2100 | 5G NR 3500 | GSM 900 | LTE 1800 | LTE 2100 | LTE 2600 | LTE 700 | LTE 800 | UMTS 900,En service | Techniquement opérationnel,0752750048,9,mobile_radio_site,ANFR Open Data,PUBLIC_DECLARATION
anfr-1964469,1964469,48.88805555555555,2.367777777777778,,66 Rue D'AUBERVILLIERS,,,75019,75119,"41,3",BOUYGUES TELECOM,3G | 4G | 5G,5G NR 2100 | 5G NR 3500 | LTE 1800 | LTE 2100 | LTE 2600 | LTE 700 | LTE 800 | UMTS 900,En service | Techniquement opérationnel,0752752198,8,mobile_radio_site,ANFR Open Data,PUBLIC_DECLARATION
anfr-2053534,2053534,48.880833333333335,2.3741666666666665,Métro BOLIVAR,Angle Ave Secretan & Simon Bolivar,,,75019,75119,0,BOUYGUES TELECOM | FREE MOBILE | ORANGE | SFR,2G | 3G | 4G,GSM 900 | LTE 1800 | LTE 900 | UMTS 900,En service,0750990874 | 0752292105 | 0752702581 | 0752751484,9,mobile_radio_site,ANFR Open Data,PUBLIC_DECLARATION
anfr-2171691,2171691,48.878055555555555,2.403611111111111,,37-39 BOULEVARD SERURIER,,,75019,75119,"36,2",BOUYGUES TELECOM,2G | 3G | 4G | 5G,5G NR 2100 | 5G NR 3500 | GSM 900 | LTE 1800 | LTE 2100 | LTE 2600 | LTE 700 | LTE 800 | UMTS 900,En service | Techniquement opérationnel,0752752339,9,mobile_radio_site,ANFR Open Data,PUBLIC_DECLARATION
anfr-2234818,2234818,48.88,2.3991666666666664,Métro Pré-St-Gervais,BD SERURIER,Ligne 7 Bis,,75019,75119,1,BOUYGUES TELECOM | ORANGE,3G | 4G,LTE 1800 | LTE 2100 | LTE 2600 | LTE 700 | LTE 800 | UMTS 900,En service,0752292329 | 0752752521,12,mobile_radio_site,ANFR Open Data,PUBLIC_DECLARATION
anfr-2244479,2244479,48.89472222222222,2.3825,Métro CORENTIN CARIOU_L7,Av Corentin Cariou angle Rue Rouvet,,,75019,75119,0,BOUYGUES TELECOM | ORANGE | SFR,3G | 4G,LTE 1800 | LTE 2100 | LTE 2600 | LTE 700 | LTE 800 | UMTS 2100 | UMTS 900,En service,0752292351 | 0752702611 | 0752752538,19,mobile_radio_site,ANFR Open Data,PUBLIC_DECLARATION
anfr-2409686,2409686,48.885555555555555,2.3866666666666667,,66 R  PETIT,,,75019,75119,26,BOUYGUES TELECOM,3G | 4G | 5G,5G NR 2100 | LTE 1800 | LTE 2100 | LTE 2600 | LTE 700 | LTE 800 | UMTS 900,En service | Techniquement opérationnel,0752752665,7,mobile_radio_site,ANFR Open Data,PUBLIC_DECLARATION
anfr-2477199,2477199,48.87555555555556,2.3841666666666668,,14 R CLAVEL,,,75019,75119,"34,1",BOUYGUES TELECOM,4G | 5G,5G NR 2100 | 5G NR 3500 | LTE 1800 | LTE 2100 | LTE 2600 | LTE 700 | LTE 800,En service | Techniquement opérationnel,0752752733,7,mobile_radio_site,ANFR Open Data,PUBLIC_DECLARATION
anfr-2915230,2915230,48.89416666666666,2.393333333333333,,"211 AV JEAN JAURÈS, ZÉNITH DE PARIS",,,75019,75119,13,BOUYGUES TELECOM,3G | 4G,LTE 1800 | LTE 2100 | LTE 2600 | UMTS 900,En service,0752752885,4,mobile_radio_site,ANFR Open Data,PUBLIC_DECLARATION
anfr-2922322,2922322,48.89333333333333,2.3975,,39 ROUTE DES PETITS PONTS,Gymnase Jules Ladoumègue,,75019,75119,30,BOUYGUES TELECOM | FREE MOBILE,3G | 4G | 5G,5G NR 2100 | 5G NR 3500 | 5G NR 700 | LTE 1800 | LTE 2100 | LTE 2600 | LTE 700 | LTE 800 | LTE 900 | UMTS 900,En service | Techniquement opérationnel,0750991078 | 0752752836,15,mobile_radio_site,ANFR Open Data,PUBLIC_DECLARATION
anfr-2928411,2928411,48.89222222222222,2.3755555555555556,,204 Rue de Crimée,52 Rue Archereau,,75019,75119,29,BOUYGUES TELECOM | SFR,2G | 3G | 4G | 5G,5G NR 2100 | 5G NR 3500 | GSM 900 | LTE 1800 | LTE 2100 | LTE 2600 | LTE 700 | LTE 800 | UMTS 900,En service | Projet approuvé | Techniquement opérationnel,0752703107 | 0752752803,15,mobile_radio_site,ANFR Open Data,PUBLIC_DECLARATION
anfr-3021285,3021285,48.88361111111111,2.3741666666666665,,44 Avenue Jean Jaurès,,,75019,75119,27,BOUYGUES TELECOM | SFR,4G | 5G,5G NR 2100 | 5G NR 3500 | LTE 1800 | LTE 2100 | LTE 2600 | LTE 700 | LTE 800,En service | Projet approuvé | Techniquement opérationnel,0752703349 | 0752751329,13,mobile_radio_site,ANFR Open Data,PUBLIC_DECLARATION
anfr-3029341,3029341,48.87694444444445,2.395,,15 R HENRI RIBIERE,,,75019,75119,"62,6",BOUYGUES TELECOM,3G | 4G | 5G,5G NR 2100 | 5G NR 3500 | LTE 1800 | LTE 2100 | LTE 2600 | LTE 700 | LTE 800 | UMTS 900,En service | Techniquement opérationnel,0752752918,8,mobile_radio_site,ANFR Open Data,PUBLIC_DECLARATION
anfr-3037767,3037767,48.882222222222225,2.3722222222222222,,33 R BOURET,,,75019,75119,"32,7",BOUYGUES TELECOM,3G | 4G | 5G,5G NR 2100 | 5G NR 3500 | LTE 1800 | LTE 2100 | LTE 2600 | LTE 700 | LTE 800 | UMTS 900,En service | Projet approuvé | Techniquement opérationnel,0752752925,8,mobile_radio_site,ANFR Open Data,PUBLIC_DECLARATION
anfr-3051644,3051644,48.88777777777778,2.3766666666666665,,65 quai de la Seine,,,75019,75119,34,BOUYGUES TELECOM,4G | 5G,5G NR 2100 | 5G NR 3500 | LTE 1800 | LTE 2100 | LTE 2600 | LTE 700 | LTE 800,En service | Techniquement opérationnel,0752752716,7,mobile_radio_site,ANFR Open Data,PUBLIC_DECLARATION
anfr-3059546,3059546,48.89972222222222,2.3738888888888887,,57 RUE EMILE BOLLAERT,,,75019,75119,31,BOUYGUES TELECOM | SFR,2G | 3G | 4G | 5G,5G NR 2100 | 5G NR 3500 | GSM 900 | LTE 1800 | LTE 2100 | LTE 2600 | LTE 700 | LTE 800 | UMTS 900,En service | Projet approuvé | Techniquement opérationnel,0752703417 | 0752752073,17,mobile_radio_site,ANFR Open Data,PUBLIC_DECLARATION
anfr-3060517,3060517,48.88861111111111,2.388333333333333,,11 R ADOLPHE MILLE,,,75019,75119,"26,6",BOUYGUES TELECOM,4G | 5G,5G NR 2100 | 5G NR 3500 | LTE 1800 | LTE 2100 | LTE 2600 | LTE 700 | LTE 800,En service | Techniquement opérationnel,0752752940,7,mobile_radio_site,ANFR Open Data,PUBLIC_DECLARATION
anfr-3061084,3061084,48.87833333333333,2.3975,,"3-9, rue des Bois",,,75019,75119,34,BOUYGUES TELECOM | FREE MOBILE,2G | 3G | 4G | 5G,5G NR 2100 | 5G NR 3500 | 5G NR 700 | GSM 900 | LTE 1800 | LTE 2100 | LTE 2600 | LTE 700 | LTE 800 | LTE 900 | UMTS 900,En service | Projet approuvé | Techniquement opérationnel,0750991154 | 0752750157,16,mobile_radio_site,ANFR Open Data,PUBLIC_DECLARATION
anfr-3077783,3077783,48.873333333333335,2.381666666666667,,55 R DE BELLEVILLE,,,75019,75119,"25,6",BOUYGUES TELECOM,3G | 4G | 5G,5G NR 2100 | LTE 1800 | LTE 2100 | LTE 2600 | LTE 700 | LTE 800 | UMTS 900,Projet approuvé,0752752937,7,mobile_radio_site,ANFR Open Data,PUBLIC_DECLARATION
anfr-3126748,3126748,48.88611111111111,2.368611111111111,,23-25 RUE DE TANGER,,,75019,75119,"39,2",BOUYGUES TELECOM,4G | 5G,5G NR 2100 | 5G NR 3500 | LTE 1800 | LTE 2100 | LTE 2600 | LTE 700 | LTE 800,En service | Techniquement opérationnel,0752752989,7,mobile_radio_site,ANFR Open Data,PUBLIC_DECLARATION
anfr-3205104,3205104,48.88333333333333,2.392777777777778,,16 r d'alsace lorraine,,,75019,75119,43,BOUYGUES TELECOM | SFR,2G | 3G | 4G | 5G,5G NR 2100 | 5G NR 3500 | GSM 900 | LTE 1800 | LTE 2100 | LTE 2600 | LTE 700 | LTE 800 | UMTS 2100 | UMTS 900,En service | Projet approuvé | Techniquement opérationnel,0752700273 | 0752753013,15,mobile_radio_site,ANFR Open Data,PUBLIC_DECLARATION
anfr-3290110,3290110,48.89833333333333,2.3780555555555556,,157 BD MACDONALD,,,75019,75119,39,BOUYGUES TELECOM | FREE MOBILE,4G | 5G,5G NR 2100 | 5G NR 3500 | 5G NR 700 | LTE 1800 | LTE 2100 | LTE 2600 | LTE 700 | LTE 800 | LTE 900,Projet approuvé,0750990953 | 0752753033,13,mobile_radio_site,ANFR Open Data,PUBLIC_DECLARATION
anfr-3300519,3300519,48.89611111111111,2.3761111111111113,,"94, rue Curial",,,75019,75119,59,BOUYGUES TELECOM | ORANGE,3G | 4G | 5G,5G NR 2100 | 5G NR 3500 | 5G NR 700 | LTE 1800 | LTE 2100 | LTE 2600 | LTE 700 | LTE 800 | UMTS 900,En service | Projet approuvé | Techniquement opérationnel,0752293045 | 0752752239,14,mobile_radio_site,ANFR Open Data,PUBLIC_DECLARATION
anfr-3306208,3306208,48.885,2.3794444444444447,Métro LAUMIERE,34 avenue de Laumiére,Metro L5,,75019,75119,0,BOUYGUES TELECOM | FREE MOBILE | SFR,3G | 4G,LTE 1800 | LTE 2100 | LTE 2600 | LTE 800 | LTE 900 | UMTS 900,En service,0750990895 | 0752703396 | 0752753051,11,mobile_radio_site,ANFR Open Data,PUBLIC_DECLARATION
anfr-3323908,3323908,48.88638888888889,2.38,,21 -27 RUE TANDOU,,,75019,75119,"31,2",BOUYGUES TELECOM | ORANGE,3G | 4G | 5G,5G NR 2100 | 5G NR 3500 | 5G NR 700 | LTE 1800 | LTE 2100 | LTE 2600 | LTE 700 | LTE 800 | UMTS 900,En service | Projet approuvé | Techniquement opérationnel,0752293051 | 0752750590,14,mobile_radio_site,ANFR Open Data,PUBLIC_DECLARATION
anfr-1042298,1042298,48.88611111111111,2.3705555555555557,,27 AVENUE DE FLANDRE,,,75019,75119,"41,2",FREE MOBILE,4G | 5G,5G NR 3500 | 5G NR 700 | LTE 1800 | LTE 2100 | LTE 2600 | LTE 700 | LTE 900,En service | Techniquement opérationnel,0750990045,7,mobile_radio_site,ANFR Open Data,PUBLIC_DECLARATION
anfr-1132478,1132478,48.89,2.3858333333333333,,40 RUE DE THIONVILLE,,,75019,75119,26,FREE MOBILE,4G | 5G,5G NR 3500 | 5G NR 700 | LTE 1800 | LTE 2100 | LTE 2600 | LTE 700 | LTE 900,En service | Techniquement opérationnel,0750990062,7,mobile_radio_site,ANFR Open Data,PUBLIC_DECLARATION
anfr-1208284,1208284,48.88472222222222,2.3825,,32 RUE PETIT,,,75019,75119,31,FREE MOBILE,4G | 5G,5G NR 3500 | 5G NR 700 | LTE 1800 | LTE 2100 | LTE 2600 | LTE 700 | LTE 900,En service | Techniquement opérationnel,0750990078,7,mobile_radio_site,ANFR Open Data,PUBLIC_DECLARATION
anfr-1454257,1454257,48.8775,2.3830555555555555,,8 Rue Prehault,,,75019,75119,"41,5",FREE MOBILE,4G | 5G,5G NR 3500 | 5G NR 700 | LTE 1800 | LTE 2100 | LTE 2600 | LTE 700 | LTE 900,En service | Techniquement opérationnel,0750990162,7,mobile_radio_site,ANFR Open Data,PUBLIC_DECLARATION
anfr-1508297,1508297,48.87777777777778,2.4,,RUE ROMAINVILLE,,,75019,75119,"33,7",FREE MOBILE,4G | 5G,5G NR 3500 | 5G NR 700 | LTE 1800 | LTE 2100 | LTE 2600 | LTE 700 | LTE 900,En service | Techniquement opérationnel,0750990194,7,mobile_radio_site,ANFR Open Data,PUBLIC_DECLARATION
anfr-1637660,1637660,48.89416666666666,2.3930555555555557,,197 AVENUE JEAN JAURES,,,75019,75119,14,FREE MOBILE | SFR,3G | 4G,LTE 1800 | LTE 2100 | LTE 2600 | LTE 700 | LTE 900 | UMTS 900,En service,0750990793 | 0752701435,8,mobile_radio_site,ANFR Open Data,PUBLIC_DECLARATION
anfr-1709891,1709891,48.88027777777778,2.3969444444444443,,32 r des lilas,,,75019,75119,38,FREE MOBILE | ORANGE,3G | 4G | 5G,5G NR 3500 | 5G NR 700 | LTE 1800 | LTE 2100 | LTE 2600 | LTE 700 | LTE 800 | LTE 900 | UMTS 900,En service | Techniquement opérationnel,0750990165 | 0752290389,13,mobile_radio_site,ANFR Open Data,PUBLIC_DECLARATION
anfr-1740929,1740929,48.88916666666667,2.3780555555555556,,4 rue Duvergier,,,75019,75119,"28,9",FREE MOBILE,4G | 5G,5G NR 3500 | 5G NR 700 | LTE 1800 | LTE 2100 | LTE 2600 | LTE 700 | LTE 900,En service | Techniquement opérationnel,0750990279,7,mobile_radio_site,ANFR Open Data,PUBLIC_DECLARATION
anfr-1883908,1883908,48.89527777777778,2.3769444444444443,,6 RUE BERNARD TETU,,,75019,75119,"32,5",FREE MOBILE,4G | 5G,5G NR 3500 | 5G NR 700 | LTE 1800 | LTE 2100 | LTE 2600 | LTE 700 | LTE 900,En service | Techniquement opérationnel,0750990555,7,mobile_radio_site,ANFR Open Data,PUBLIC_DECLARATION
anfr-1896092,1896092,48.879444444444445,2.3891666666666667,,80 RUE BOTZARIS,,,75019,75119,"32,5",FREE MOBILE | ORANGE,2G | 3G | 4G | 5G,5G NR 3500 | 5G NR 700 | GSM 900 | LTE 1800 | LTE 2100 | LTE 2600 | LTE 700 | LTE 800 | LTE 900 | UMTS 900,En service | Techniquement opérationnel,0750990565 | 0752292053,16,mobile_radio_site,ANFR Open Data,PUBLIC_DECLARATION
anfr-1944572,1944572,48.89083333333333,2.381388888888889,,49/51/53 rue de l Ourcq,,,75019,75119,29,FREE MOBILE,4G | 5G,5G NR 3500 | 5G NR 700 | LTE 1800 | LTE 2100 | LTE 2600 | LTE 700 | LTE 900,En service | Techniquement opérationnel,0750990600,7,mobile_radio_site,ANFR Open Data,PUBLIC_DECLARATION
anfr-1965971,1965971,48.874722222222225,2.3875,,117 RUE DE BELLEVILLE,,,75019,75119,"28,1",FREE MOBILE,4G | 5G,5G NR 3500 | 5G NR 700 | LTE 1800 | LTE 2100 | LTE 2600 | LTE 700 | LTE 900,En service | Techniquement opérationnel,0750990613,7,mobile_radio_site,ANFR Open Data,PUBLIC_DECLARATION
anfr-1978785,1978785,48.89,2.368888888888889,,102 RUE D AUBERVILLIERS,,,75019,75119,"48,5",FREE MOBILE,4G | 5G,5G NR 3500 | 5G NR 700 | LTE 1800 | LTE 2100 | LTE 2600 | LTE 700 | LTE 900,En service | Techniquement opérationnel,0750990619,7,mobile_radio_site,ANFR Open Data,PUBLIC_DECLARATION
anfr-2029444,2029444,48.88194444444444,2.3705555555555557,,192 BOULEVARD DE LA VILLETTE,,,75019,75119,"31,1",FREE MOBILE,4G | 5G,5G NR 3500 | 5G NR 700 | LTE 1800 | LTE 2100 | LTE 2600 | LTE 700 | LTE 900,En service | Techniquement opérationnel,0750990651,7,mobile_radio_site,ANFR Open Data,PUBLIC_DECLARATION
anfr-2029746,2029746,48.87694444444445,2.3713888888888888,Métro COLONEL FABIEN L2,122Boulevard de la Villette,,,75019,75119,0,FREE MOBILE | ORANGE | SFR,3G | 4G,LTE 1800 | LTE 2100 | LTE 2600 | LTE 700 | LTE 800 | UMTS 900,En service,0750990705 | 0752292085 | 0752701992,14,mobile_radio_site,ANFR Open Data,PUBLIC_DECLARATION
anfr-2058474,2058474,48.88805555555555,2.3738888888888887,Métro RIQUET L7,19 rue riquet,,,75019,75119,0,FREE MOBILE,4G,LTE 1800,En service,0750990695,1,mobile_radio_site,ANFR Open Data,PUBLIC_DECLARATION
anfr-2065005,2065005,48.879444444444445,2.388611111111111,Métro BOTZARIS L7 BIS,80 RUE BOTZARIS,,,75019,75119,0,FREE MOBILE | ORANGE | SFR,2G | 3G | 4G,GSM 1800 | GSM 900 | LTE 1800 | LTE 900 | UMTS 900,En service,0750990725 | 0752292160 | 0752702327,8,mobile_radio_site,ANFR Open Data,PUBLIC_DECLARATION
anfr-2075409,2075409,48.88194444444444,2.393333333333333,Métro DANUBE L7BIS,7 Place Rhin et Danube,,,75019,75119,0,FREE MOBILE | ORANGE | SFR,2G | 3G | 4G,GSM 900 | LTE 1800 | LTE 900 | UMTS 900,En service,0750990757 | 0752292175 | 0752702567,7,mobile_radio_site,ANFR Open Data,PUBLIC_DECLARATION
anfr-2075416,2075416,48.88722222222222,2.386388888888889,Métro OURCQ L5,164 avenue Jean Jaures,,,75019,75119,0,FREE MOBILE | SFR,3G | 4G,LTE 1800 | LTE 2100 | LTE 2600 | LTE 800 | LTE 900 | UMTS 2100 | UMTS 900,En service,0750990762 | 0752702610,8,mobile_radio_site,ANFR Open Data,PUBLIC_DECLARATION
anfr-2089211,2089211,48.89055555555556,2.3761111111111113,Métro CRIMEE L7,Rue de Flandre angle Rue de Crimée,,,75019,75119,0,FREE MOBILE,4G,LTE 1800,En service,0750990697,1,mobile_radio_site,ANFR Open Data,PUBLIC_DECLARATION
anfr-2091358,2091358,48.88361111111111,2.395,,1 AV DE LA PORTE BRUNET,,,75019,75119,"24,8",FREE MOBILE,4G | 5G,5G NR 3500 | 5G NR 700 | LTE 1800 | LTE 2100 | LTE 2600 | LTE 700 | LTE 900,En service | Techniquement opérationnel,0750990733,7,mobile_radio_site,ANFR Open Data,PUBLIC_DECLARATION
anfr-2098067,2098067,48.888888888888886,2.3922222222222222,Métro PORTE DE PANTIN L5,210 av Jean Jaures,,,75019,75119,0,FREE MOBILE | ORANGE | SFR,3G | 4G,LTE 1800 | LTE 2100 | LTE 2600 | LTE 700 | LTE 800 | UMTS 900,En service,0750990735 | 0752292141 | 0752702407,13,mobile_radio_site,ANFR Open Data,PUBLIC_DECLARATION
anfr-2161647,2161647,48.8825,2.390833333333333,,19 rue David d'Angers,,,75019,75119,"25,1",FREE MOBILE,4G | 5G,5G NR 3500 | 5G NR 700 | LTE 1800 | LTE 2100 | LTE 2600 | LTE 700 | LTE 900,En service | Techniquement opérationnel,0750990773,7,mobile_radio_site,ANFR Open Data,PUBLIC_DECLARATION
anfr-2225177,2225177,48.88666666666666,2.3852777777777776,,132 134 AVENUE JEAN JAURES,,,75019,75119,"31,1",FREE MOBILE,4G | 5G,5G NR 3500 | 5G NR 700 | LTE 1800 | LTE 2100 | LTE 2600 | LTE 700 | LTE 900,En service | Techniquement opérationnel,0750990820,7,mobile_radio_site,ANFR Open Data,PUBLIC_DECLARATION
anfr-2225193,2225193,48.88333333333333,2.3866666666666667,,95 RUE MANIN,,,75019,75119,"29,5",FREE MOBILE,4G | 5G,5G NR 3500 | 5G NR 700 | LTE 1800 | LTE 2100 | LTE 2600 | LTE 700 | LTE 900,En service | Techniquement opérationnel,0750990821,7,mobile_radio_site,ANFR Open Data,PUBLIC_DECLARATION
anfr-2237574,2237574,48.895833333333336,2.3733333333333335,,33 37 RUE GASTON TESSIER,,,75019,75119,"33,5",FREE MOBILE,4G | 5G,5G NR 3500 | 5G NR 700 | LTE 1800 | LTE 2100 | LTE 2600 | LTE 700 | LTE 900,En service | Techniquement opérationnel,0750990827,7,mobile_radio_site,ANFR Open Data,PUBLIC_DECLARATION
anfr-2254063,2254063,48.88638888888889,2.393333333333333,,97 RUE PETIT,,,75019,75119,"25,6",FREE MOBILE,4G | 5G,5G NR 3500 | 5G NR 700 | LTE 1800 | LTE 2100 | LTE 2600 | LTE 700 | LTE 900,En service | Techniquement opérationnel,0750990833,7,mobile_radio_site,ANFR Open Data,PUBLIC_DECLARATION
anfr-2266473,2266473,48.8775,2.3916666666666666,,RUE DE CRIMEE,,,75019,75119,"22,5",FREE MOBILE,4G | 5G,5G NR 3500 | 5G NR 700 | LTE 1800 | LTE 2100 | LTE 2600 | LTE 700 | LTE 900,En service | Techniquement opérationnel,0750990837,7,mobile_radio_site,ANFR Open Data,PUBLIC_DECLARATION
anfr-2281780,2281780,48.88777777777778,2.3969444444444443,,PORTE DE PANTIN,7 RUE DE LA MARSEILLAISE,,75019,75119,"7,6",FREE MOBILE,4G,LTE 1800 | LTE 2600 | LTE 700 | LTE 900,En service,0750990843,4,mobile_radio_site,ANFR Open Data,PUBLIC_DECLARATION
anfr-2291455,2291455,48.8825,2.37,Métro JAURES L2 L5 L7BIS,Av Jean Jaures angle Av Secretan,,,75019,75119,0,FREE MOBILE | SFR,3G | 4G,LTE 1800 | LTE 2100 | LTE 2600 | LTE 800 | LTE 900 | UMTS 900,En service,0750990873 | 0752702550,7,mobile_radio_site,ANFR Open Data,PUBLIC_DECLARATION
anfr-2514375,2514375,48.89555555555555,2.3880555555555554,,30 AV CORENTIN CARIOU,CITE DES SCIENCES,,75019,75119,31,FREE MOBILE | SFR,3G | 4G | 5G,5G NR 700 | LTE 1800 | LTE 2100 | LTE 2600 | LTE 700 | LTE 800 | LTE 900 | UMTS 900,En service | Projet approuvé,0750991083 | 0752702788,12,mobile_radio_site,ANFR Open Data,PUBLIC_DECLARATION
anfr-2540256,2540256,48.901944444444446,2.385,,15 Bd de la Commanderie,,,75019,75119,29,FREE MOBILE,4G | 5G,5G NR 3500 | 5G NR 700 | LTE 1800 | LTE 2100 | LTE 2600 | LTE 700 | LTE 900,En service | Techniquement opérationnel,0750990964,7,mobile_radio_site,ANFR Open Data,PUBLIC_DECLARATION
anfr-2650073,2650073,48.885,2.3866666666666667,,RUE GEORGES AURIC,,,75019,75119,"27,1",FREE MOBILE,4G | 5G,5G NR 3500 | 5G NR 700 | LTE 1800 | LTE 2100 | LTE 2600 | LTE 700 | LTE 900,En service | Techniquement opérationnel,0750990981,7,mobile_radio_site,ANFR Open Data,PUBLIC_DECLARATION
anfr-2716089,2716089,48.88472222222222,2.3769444444444443,,"67-69 Avenue Jean Jaures, Paris",,,75019,75119,"31,8",FREE MOBILE,4G | 5G,5G NR 3500 | 5G NR 700 | LTE 1800 | LTE 2100 | LTE 2600 | LTE 700 | LTE 900,En service | Techniquement opérationnel,0750990997,7,mobile_radio_site,ANFR Open Data,PUBLIC_DECLARATION
anfr-2849316,2849316,48.893055555555556,2.370277777777778,,154 /156RUE D'AUBERVILLIERS,,,75019,75119,51,FREE MOBILE | SFR,3G | 4G | 5G,5G NR 3500 | 5G NR 700 | LTE 1800 | LTE 2100 | LTE 2600 | LTE 700 | LTE 800 | LTE 900 | UMTS 900,En service | Techniquement opérationnel,0750990090 | 0752702939,14,mobile_radio_site,ANFR Open Data,PUBLIC_DECLARATION
anfr-2862827,2862827,48.8925,2.385,,1-5 RUE DE L ARGONNE,,,75019,75119,"27,5",FREE MOBILE,4G | 5G,5G NR 3500 | 5G NR 700 | LTE 1800 | LTE 2100 | LTE 2600 | LTE 700 | LTE 900,En service | Techniquement opérationnel,0750991038,7,mobile_radio_site,ANFR Open Data,PUBLIC_DECLARATION
anfr-2878019,2878019,48.87555555555556,2.394722222222222,,213 RUE DE BELLEVILLE,,,75019,75119,"31,2",FREE MOBILE,4G | 5G,5G NR 3500 | 5G NR 700 | LTE 1800 | LTE 2100 | LTE 2600 | LTE 700 | LTE 900,En service | Techniquement opérationnel,0750991047,7,mobile_radio_site,ANFR Open Data,PUBLIC_DECLARATION
anfr-2888534,2888534,48.89083333333333,2.3741666666666665,,19-25 rue Mathis,,,75019,75119,"48,9",FREE MOBILE,4G | 5G,5G NR 3500 | 5G NR 700 | LTE 1800 | LTE 2100 | LTE 2600 | LTE 700 | LTE 900,En service | Techniquement opérationnel,0750991055,7,mobile_radio_site,ANFR Open Data,PUBLIC_DECLARATION
anfr-2892849,2892849,48.8875,2.3875,,"167, avenue Jean Jaurès",,,75019,75119,"29,1",FREE MOBILE,4G | 5G,5G NR 3500 | LTE 1800 | LTE 2100 | LTE 2600,En service | Techniquement opérationnel,0750991059,4,mobile_radio_site,ANFR Open Data,PUBLIC_DECLARATION
anfr-2900148,2900148,48.88666666666666,2.3669444444444445,,4 rue Paul Laurent,,,75019,75119,"24,6",FREE MOBILE,4G | 5G,5G NR 3500 | 5G NR 700 | LTE 1800 | LTE 2100 | LTE 2600 | LTE 700 | LTE 900,En service | Techniquement opérationnel,0750991064,7,mobile_radio_site,ANFR Open Data,PUBLIC_DECLARATION
anfr-2904512,2904512,48.882222222222225,2.378888888888889,,23 Rue Armand Carrel,,,75019,75119,"31,3",FREE MOBILE,4G | 5G,5G NR 3500 | 5G NR 700 | LTE 1800 | LTE 2100 | LTE 2600 | LTE 700 | LTE 900,En service | Techniquement opérationnel,0750991065,7,mobile_radio_site,ANFR Open Data,PUBLIC_DECLARATION
anfr-3067509,3067509,48.8825,2.374722222222222,,69_71 rue de Meaux,,,75019,75119,"24,5",FREE MOBILE | SFR,3G | 4G | 5G,5G NR 3500 | 5G NR 700 | LTE 1800 | LTE 2100 | LTE 2600 | LTE 700 | LTE 800 | LTE 900 | UMTS 900,En service | Projet approuvé | Techniquement opérationnel,0750990643 | 0752703424,14,mobile_radio_site,ANFR Open Data,PUBLIC_DECLARATION
anfr-57935,57935,48.88138888888889,2.3905555555555553,,23 r michel hidalgo,,,75019,75119,"18,4",ORANGE,3G | 4G | 5G,5G NR 3500 | 5G NR 700 | LTE 1800 | LTE 2100 | LTE 2600 | LTE 800 | UMTS 900,En service | Projet approuvé | Techniquement opérationnel,0752290185,7,mobile_radio_site,ANFR Open Data,PUBLIC_DECLARATION
anfr-564317,564317,48.876666666666665,2.403888888888889,,319-321 R de Belleville,,,75019,75119,"33,7",ORANGE,2G | 3G | 4G | 5G,5G NR 3500 | 5G NR 700 | GSM 900 | LTE 1800 | LTE 2100 | LTE 2600 | LTE 700 | LTE 800 | UMTS 900,En service | Techniquement opérationnel,0752290363,9,mobile_radio_site,ANFR Open Data,PUBLIC_DECLARATION
anfr-627798,627798,48.87777777777778,2.404722222222222,,19/29 bd Serurier,,,75019,75119,43,ORANGE | SFR,2G | 3G | 4G | 5G,5G NR 3500 | 5G NR 700 | GSM 900 | LTE 1800 | LTE 2100 | LTE 2600 | LTE 700 | LTE 800 | UMTS 2100 | UMTS 900,En service | Techniquement opérationnel,0752291511 | 0752700283,17,mobile_radio_site,ANFR Open Data,PUBLIC_DECLARATION
anfr-632579,632579,48.89694444444444,2.39,,30 av corentin cariou,,,75019,75119,16,ORANGE,4G,LTE 1800 | LTE 2100 | LTE 2600 | LTE 800,En service,0752291459,4,mobile_radio_site,ANFR Open Data,PUBLIC_DECLARATION
anfr-674179,674179,48.87583333333333,2.3975,,247 r de belleville,,,75019,75119,33,ORANGE | SFR,2G | 3G | 4G | 5G,5G NR 2100 | 5G NR 3500 | 5G NR 700 | GSM 900 | LTE 1800 | LTE 2100 | LTE 2600 | LTE 700 | LTE 800 | UMTS 2100 | UMTS 900,En service | Projet approuvé | Techniquement opérationnel,0752291461 | 0752700217,19,mobile_radio_site,ANFR Open Data,PUBLIC_DECLARATION
anfr-674185,674185,48.87638888888889,2.385,,35/37 r fessart,,,75019,75119,43,ORANGE | SFR,2G | 3G | 4G | 5G,5G NR 3500 | 5G NR 700 | GSM 900 | LTE 1800 | LTE 2100 | LTE 2600 | LTE 700 | LTE 800 | UMTS 2100 | UMTS 900,En service | Techniquement opérationnel,0752291463 | 0752700256,18,mobile_radio_site,ANFR Open Data,PUBLIC_DECLARATION
anfr-691886,691886,48.88138888888889,2.3775,,27 r Edouard Pailleron,,,75019,75119,21,ORANGE,4G | 5G,5G NR 2100 | 5G NR 3500 | 5G NR 700 | LTE 1800 | LTE 2100 | LTE 2600 | LTE 800,En service | Projet approuvé | Techniquement opérationnel,0752290349,7,mobile_radio_site,ANFR Open Data,PUBLIC_DECLARATION
anfr-697888,697888,48.88722222222222,2.3833333333333333,,18 R Léon Giraud,,,75019,75119,37,ORANGE,2G | 3G | 4G | 5G,5G NR 3500 | 5G NR 700 | GSM 900 | LTE 1800 | LTE 2100 | LTE 2600 | LTE 700 | LTE 800 | UMTS 900,En service | Techniquement opérationnel,0752290093,9,mobile_radio_site,ANFR Open Data,PUBLIC_DECLARATION
anfr-697891,697891,48.88027777777778,2.4030555555555555,,48 BD Serurier,Hôpital Robert Debré,,75019,75119,41,ORANGE | SFR,2G | 3G | 4G | 5G,5G NR 2100 | 5G NR 3500 | 5G NR 700 | GSM 900 | LTE 1800 | LTE 2100 | LTE 2600 | LTE 700 | LTE 800 | UMTS 900,En service | Techniquement opérationnel,0752290098 | 0752700013,15,mobile_radio_site,ANFR Open Data,PUBLIC_DECLARATION
anfr-697898,697898,48.893055555555556,2.3744444444444444,,222/224 r de crimée,,,75019,75119,34,ORANGE,2G | 3G | 4G,GSM 900 | LTE 1800 | LTE 2100 | UMTS 2100 | UMTS 900,En service,0752290182,5,mobile_radio_site,ANFR Open Data,PUBLIC_DECLARATION
anfr-697902,697902,48.87361111111111,2.3825,,84 r rebeval,,,75019,75119,28,ORANGE,3G | 4G | 5G,5G NR 3500 | 5G NR 700 | LTE 1800 | LTE 2100 | LTE 2600 | LTE 800 | UMTS 900,En service | Techniquement opérationnel,0752290190,7,mobile_radio_site,ANFR Open Data,PUBLIC_DECLARATION
anfr-697908,697908,48.89333333333333,2.3805555555555555,,140 R de Flandres,,,75019,75119,39,ORANGE | SFR,2G | 3G | 4G | 5G,5G NR 3500 | 5G NR 700 | GSM 900 | LTE 1800 | LTE 2100 | LTE 2600 | LTE 700 | LTE 800 | UMTS 900,En service | Projet approuvé | Techniquement opérationnel,0752291531 | 0752700118,17,mobile_radio_site,ANFR Open Data,PUBLIC_DECLARATION
anfr-697914,697914,48.876111111111115,2.379722222222222,,49 r simon bolivar,,,75019,75119,36,ORANGE,2G | 3G | 4G | 5G,5G NR 3500 | 5G NR 700 | GSM 900 | LTE 1800 | LTE 2100 | LTE 2600 | LTE 700 | LTE 800 | UMTS 900,En service | Techniquement opérationnel,0752290386,9,mobile_radio_site,ANFR Open Data,PUBLIC_DECLARATION
anfr-697922,697922,48.88805555555555,2.3755555555555556,,11 r riquet,,,75019,75119,46,ORANGE,3G | 4G | 5G,5G NR 3500 | 5G NR 700 | LTE 1800 | LTE 800 | UMTS 900,En service | Techniquement opérationnel,0752290461,5,mobile_radio_site,ANFR Open Data,PUBLIC_DECLARATION
anfr-697924,697924,48.88472222222222,2.3755555555555556,,55 AV JEAN JAURES,,,75019,75119,45,ORANGE,2G | 3G | 4G | 5G,5G NR 3500 | 5G NR 700 | GSM 900 | LTE 1800 | LTE 2100 | LTE 2600 | LTE 700 | LTE 800 | UMTS 900,En service | Techniquement opérationnel,0752290469,9,mobile_radio_site,ANFR Open Data,PUBLIC_DECLARATION
anfr-697932,697932,48.89,2.3961111111111113,Porte de Pantin,bd Serurier (niveau du n°167),Tunnel passant sous La Porte de Pantin,,75019,75119,7,ORANGE,3G | 4G,LTE 1800 | LTE 800 | UMTS 900,En service,0752291269,3,mobile_radio_site,ANFR Open Data,PUBLIC_DECLARATION
anfr-697945,697945,48.88916666666667,2.3691666666666666,,55 r riquet,Métro Riquet,,75019,75119,58,ORANGE | SFR,2G | 3G | 4G | 5G,5G NR 3500 | GSM 900 | LTE 1800 | LTE 2100 | LTE 2600 | LTE 700 | LTE 800 | UMTS 2100 | UMTS 900,En service | Techniquement opérationnel,0752291494 | 0752700064,13,mobile_radio_site,ANFR Open Data,PUBLIC_DECLARATION
anfr-884124,884124,48.90138888888889,2.3730555555555557,,35 r de la gare,Bâtiment millénaire,,75019,75119,26,ORANGE,3G | 4G | 5G,5G NR 3500 | 5G NR 700 | LTE 1800 | LTE 2100 | LTE 2600 | LTE 700 | LTE 800 | UMTS 900,En service | Techniquement opérationnel,0752291508,8,mobile_radio_site,ANFR Open Data,PUBLIC_DECLARATION
anfr-1435852,1435852,48.88388888888889,2.393611111111111,,26-30 rue de la Solidarité,,,75019,75119,"47,9",ORANGE,2G | 3G | 4G | 5G,5G NR 3500 | 5G NR 700 | GSM 900 | LTE 1800 | LTE 2100 | LTE 2600 | LTE 700 | LTE 800 | UMTS 900,En service | Techniquement opérationnel,0752291716,9,mobile_radio_site,ANFR Open Data,PUBLIC_DECLARATION
anfr-1800355,1800355,48.88472222222222,2.3691666666666666,,13/15 Avenue de Flandres,,,75019,75119,36,ORANGE,2G | 3G | 4G | 5G,5G NR 3500 | 5G NR 700 | GSM 900 | LTE 1800 | LTE 2100 | LTE 2600 | LTE 700 | LTE 800 | UMTS 900,En service | Techniquement opérationnel,0752292036,9,mobile_radio_site,ANFR Open Data,PUBLIC_DECLARATION
anfr-1829949,1829949,48.900555555555556,2.3716666666666666,,bd périphérique,Place Skanderbeg,,75019,75119,5,ORANGE,3G | 4G,LTE 1800 | LTE 800 | UMTS 900,En service,0752292048,3,mobile_radio_site,ANFR Open Data,PUBLIC_DECLARATION
anfr-1844667,1844667,48.89861111111111,2.3866666666666667,Porte de la Villette,Bd Mac Donald / Av de la Porte de la Villette,Tunnel des Maréchaux,,75019,75119,6,ORANGE | SFR,2G | 3G | 4G,GSM 900 | LTE 1800 | LTE 2100 | LTE 800 | UMTS 2100 | UMTS 900,En service,0752291145 | 0752702142,9,mobile_radio_site,ANFR Open Data,PUBLIC_DECLARATION
anfr-2630050,2630050,48.89055555555556,2.376388888888889,METRO_CRIMEE_L7,2 rue Mathis angle av. de Flandre,,,75019,75119,0,ORANGE,3G | 4G,LTE 1800 | LTE 2100 | LTE 2600 | LTE 700 | LTE 800 | UMTS 900,Projet approuvé,0752292719,6,mobile_radio_site,ANFR Open Data,PUBLIC_DECLARATION
anfr-2838547,2838547,48.89083333333333,2.3852777777777776,,42 Quai de la Marne,,,75019,75119,"26,7",ORANGE,3G | 4G | 5G,5G NR 3500 | 5G NR 700 | LTE 1800 | LTE 2100 | LTE 2600 | LTE 700 | LTE 800 | UMTS 900,En service | Techniquement opérationnel,0752292756,8,mobile_radio_site,ANFR Open Data,PUBLIC_DECLARATION
anfr-2975312,2975312,48.8925,2.3697222222222223,,134-140 rue d'Aubervilliers,,,75019,75119,"30,6",ORANGE,4G | 5G,5G NR 3500 | 5G NR 700 | LTE 1800 | LTE 2100 | LTE 2600 | LTE 700 | LTE 800,Projet approuvé,0752292816,7,mobile_radio_site,ANFR Open Data,PUBLIC_DECLARATION
anfr-3004893,3004893,48.89472222222222,2.379166666666667,,16 rue de Cambrai,,,75019,75119,46,ORANGE | SFR,4G | 5G,5G NR 3500 | 5G NR 700 | LTE 1800 | LTE 2100 | LTE 2600 | LTE 700 | LTE 800,En service | Projet approuvé | Techniquement opérationnel,0752291714 | 0752703329,12,mobile_radio_site,ANFR Open Data,PUBLIC_DECLARATION
anfr-455445,455445,48.89138888888889,2.3716666666666666,,11/15 r curial,,,75019,75119,"40,1",SFR,2G | 3G | 4G | 5G,5G NR 3500 | GSM 900 | LTE 1800 | LTE 2100 | LTE 2600 | LTE 700 | LTE 800 | UMTS 2100 | UMTS 900,En service | Techniquement opérationnel,0752700291,9,mobile_radio_site,ANFR Open Data,PUBLIC_DECLARATION
anfr-697936,697936,48.87972222222222,2.3986111111111112,,68 r de mouzaia,,,75019,75119,"30,3",SFR,2G | 3G | 4G | 5G,5G NR 3500 | GSM 900 | LTE 1800 | LTE 2100 | LTE 2600 | LTE 700 | LTE 800 | UMTS 900,En service | Techniquement opérationnel,0752700272,8,mobile_radio_site,ANFR Open Data,PUBLIC_DECLARATION
anfr-697947,697947,48.88333333333333,2.377222222222222,,80 r de meaux,,,75019,75119,40,SFR,2G | 3G | 4G | 5G,5G NR 3500 | GSM 900 | LTE 1800 | LTE 2100 | LTE 2600 | LTE 700 | LTE 800 | UMTS 2100 | UMTS 900,En service | Techniquement opérationnel,0752700258,9,mobile_radio_site,ANFR Open Data,PUBLIC_DECLARATION
anfr-697953,697953,48.89111111111111,2.386111111111111,,52 quai de la Marne,,,75019,75119,"49,4",SFR,2G | 3G | 4G,GSM 900 | LTE 1800 | LTE 2100 | LTE 2600 | LTE 800 | UMTS 900,En service,0752700260,6,mobile_radio_site,ANFR Open Data,PUBLIC_DECLARATION
anfr-697955,697955,48.88666666666666,2.371111111111111,,41 av de flandres,,,75019,75119,51,SFR,2G | 3G | 4G | 5G,5G NR 3500 | GSM 900 | LTE 1800 | LTE 2100 | LTE 2600 | LTE 700 | LTE 800 | UMTS 2100 | UMTS 900,En service | Techniquement opérationnel,0752700293,9,mobile_radio_site,ANFR Open Data,PUBLIC_DECLARATION
anfr-778816,778816,48.88583333333333,2.386388888888889,,55 / 59 r petit danjon,,,75019,75119,32,SFR,2G | 3G | 4G | 5G,5G NR 3500 | GSM 900 | LTE 1800 | LTE 2100 | LTE 2600 | LTE 700 | LTE 800 | UMTS 2100 | UMTS 900,En service | Techniquement opérationnel,0752700259,9,mobile_radio_site,ANFR Open Data,PUBLIC_DECLARATION
anfr-1637271,1637271,48.89944444444444,2.3930555555555557,,R du Chemin de Fer,Ste Lefevre,,75019,75119,6,SFR,2G | 3G | 4G,GSM 900 | LTE 1800 | LTE 2100 | LTE 800 | UMTS 2100 | UMTS 900,En service,0752701928,6,mobile_radio_site,ANFR Open Data,PUBLIC_DECLARATION
anfr-1663862,1663862,48.89111111111111,2.3780555555555556,,3 IMPASSE DE JOINVILLE,108 avenue de Flandres,,75019,75119,22,SFR,3G | 4G,LTE 1800 | LTE 2600 | UMTS 2100,En service,0752701982,3,mobile_radio_site,ANFR Open Data,PUBLIC_DECLARATION
anfr-1771535,1771535,48.89,2.3963888888888887,,Tunnel des maréchaux,au niveau de la Place de la Porte de Pantin,,75019,75119,7,SFR,2G | 3G | 4G,GSM 900 | LTE 1800 | LTE 2100 | LTE 800 | UMTS 2100 | UMTS 900,En service,0752702109,6,mobile_radio_site,ANFR Open Data,PUBLIC_DECLARATION
anfr-1778144,1778144,48.900555555555556,2.3705555555555557,,Bd périphérique,Porte d'Aubervilliers,,75019,75119,"5,5",SFR,2G | 3G | 4G,GSM 900 | LTE 1800 | LTE 2100 | LTE 800 | UMTS 2100 | UMTS 900,En service,0752702111,6,mobile_radio_site,ANFR Open Data,PUBLIC_DECLARATION
anfr-1797467,1797467,48.9,2.3780555555555556,,Portique BP Pk 24.409 Intérieur,Station Total - bretelle d'accès au périphérique intérieur,,75019,75119,6,SFR,2G | 3G | 4G,GSM 900 | LTE 1800 | LTE 2100 | LTE 800 | UMTS 2100 | UMTS 900,En service,0752702122,6,mobile_radio_site,ANFR Open Data,PUBLIC_DECLARATION
anfr-1922982,1922982,48.87694444444445,2.3930555555555557,METRO PLACE DES FETES,Face au 21 rue des fêtes,,,75019,75119,0,SFR,2G | 3G | 4G,GSM 1800 | GSM 900 | LTE 1800 | UMTS 900,En service | Projet approuvé,0752702211,4,mobile_radio_site,ANFR Open Data,PUBLIC_DECLARATION
anfr-2140635,2140635,48.890277777777776,2.3775,,174 rue de Crimée,,,75019,75119,"22,5",SFR,2G | 3G | 4G | 5G,5G NR 3500 | GSM 900 | LTE 1800 | LTE 2100 | LTE 2600 | LTE 700 | LTE 800 | UMTS 2100 | UMTS 900,En service | Techniquement opérationnel,0752702660,9,mobile_radio_site,ANFR Open Data,PUBLIC_DECLARATION
anfr-2169618,2169618,48.894444444444446,2.3733333333333335,,67 rue Curial,,,75019,75119,"57,5",SFR,2G | 3G | 4G | 5G,5G NR 3500 | GSM 900 | LTE 1800 | LTE 2100 | LTE 2600 | LTE 800 | UMTS 900,En service | Techniquement opérationnel,0752702664,7,mobile_radio_site,ANFR Open Data,PUBLIC_DECLARATION
anfr-2647024,2647024,48.88055555555555,2.4077777777777776,,"80, avenue du Belvedere",,,75019,75119,33,SFR,2G | 3G | 4G | 5G,5G NR 3500 | GSM 900 | LTE 1800 | LTE 2100 | LTE 2600 | LTE 700 | LTE 800 | UMTS 2100 | UMTS 900,En service | Techniquement opérationnel,0752700391,9,mobile_radio_site,ANFR Open Data,PUBLIC_DECLARATION
anfr-2744386,2744386,48.88333333333333,2.386111111111111,,93 BIS Rue Manin,,,75019,75119,"28,2",SFR,4G | 5G,5G NR 3500 | LTE 1800 | LTE 2100 | LTE 2600 | LTE 700 | LTE 800,Projet approuvé,0752702852,6,mobile_radio_site,ANFR Open Data,PUBLIC_DECLARATION
anfr-2795390,2795390,48.876111111111115,2.401944444444444,,293 Rue de Belleville,,,75019,75119,34,SFR,3G | 4G | 5G,5G NR 3500 | LTE 1800 | LTE 2100 | LTE 2600 | LTE 700 | LTE 800 | UMTS 900,En service | Techniquement opérationnel,0752702882,7,mobile_radio_site,ANFR Open Data,PUBLIC_DECLARATION
anfr-2822903,2822903,48.88194444444444,2.3897222222222223,,17 villa Paul Verlaine,RUE FRANCOIS PINTON,,75019,75119,"20,8",SFR,4G | 5G,5G NR 3500 | LTE 1800 | LTE 2100 | LTE 2600 | LTE 700 | LTE 800,En service | Techniquement opérationnel,0752702899,6,mobile_radio_site,ANFR Open Data,PUBLIC_DECLARATION
anfr-2822909,2822909,48.8725,2.3780555555555556,,Rue DE BELLEVILLE,RUE JULES ROMAINS,,75019,75119,"30,7",SFR,4G | 5G,5G NR 3500 | LTE 1800 | LTE 2100 | LTE 2600 | LTE 700 | LTE 800,Projet approuvé,0752702914,6,mobile_radio_site,ANFR Open Data,PUBLIC_DECLARATION
anfr-2853852,2853852,48.8775,2.3780555555555556,,14 rue Barrelet de Ricou,,,75019,75119,33,SFR,3G | 4G | 5G,5G NR 3500 | LTE 1800 | LTE 2100 | LTE 2600 | LTE 700 | LTE 800 | UMTS 900,En service | Techniquement opérationnel,0752702954,7,mobile_radio_site,ANFR Open Data,PUBLIC_DECLARATION
anfr-2864006,2864006,48.88611111111111,2.388611111111111,,71b Rue Petit,Rue Georges THILL,,75019,75119,"31,5",SFR,4G | 5G,5G NR 3500 | LTE 1800 | LTE 2100 | LTE 2600 | LTE 700 | LTE 800,Projet approuvé,0752702917,6,mobile_radio_site,ANFR Open Data,PUBLIC_DECLARATION
anfr-2989661,2989661,48.87777777777778,2.381666666666667,,28  RUE BOTZARIS,,,75019,75119,30,SFR,3G | 4G,LTE 1800 | LTE 2600 | UMTS 2100,En service | Projet approuvé,0752703275,3,mobile_radio_site,ANFR Open Data,PUBLIC_DECLARATION
anfr-2998612,2998612,48.89666666666667,2.3897222222222223,,30 AVENUE CORANTIN CARIOU,BD Macdonald,,75019,75119,31,SFR,4G,LTE 1800 | LTE 2100 | LTE 2600,Projet approuvé,0752703310,3,mobile_radio_site,ANFR Open Data,PUBLIC_DECLARATION
anfr-3029378,3029378,48.89861111111111,2.3830555555555555,,123 BD MACDONALD,,,75019,75119,"35,1",SFR,3G | 4G | 5G,5G NR 3500 | LTE 1800 | LTE 2100 | LTE 2600 | LTE 700 | LTE 800 | UMTS 900,En service | Techniquement opérationnel,0752703358,7,mobile_radio_site,ANFR Open Data,PUBLIC_DECLARATION
anfr-3032565,3032565,48.885,2.3961111111111113,,12 Avenue Ambroise Rendu,,,75019,75119,"26,8",SFR,3G | 4G | 5G,5G NR 3500 | LTE 1800 | LTE 2100 | LTE 2600 | LTE 700 | LTE 800 | UMTS 900,Projet approuvé,0752703361,7,mobile_radio_site,ANFR Open Data,PUBLIC_DECLARATION
anfr-3052728,3052728,48.88,2.3983333333333334,Métro PRE-ST-GERVAIS,52  b boulevard Serurier,Metro L7,,75019,75119,0,SFR,3G | 4G,LTE 1800 | LTE 2100 | LTE 2600 | LTE 700 | UMTS 900,En service,0752703405,5,mobile_radio_site,ANFR Open Data,PUBLIC_DECLARATION
anfr-443051,443051,48.87083333333334,2.3825,,41 R PALI KAO,,,75020,75120,20,BOUYGUES TELECOM,3G | 4G | 5G,5G NR 2100 | 5G NR 3500 | LTE 1800 | LTE 2100 | LTE 2600 | LTE 700 | LTE 800 | UMTS 900,En service | Techniquement opérationnel,0752750020,8,mobile_radio_site,ANFR Open Data,PUBLIC_DECLARATION
anfr-461896,461896,48.85583333333334,2.399722222222222,,"3, 5, 7, 9 SQ MONSOREAU",,,75020,75120,"41,4",BOUYGUES TELECOM,3G | 4G | 5G,5G NR 2100 | 5G NR 3500 | LTE 1800 | LTE 2100 | LTE 2600 | LTE 700 | LTE 800 | UMTS 900,En service | Techniquement opérationnel,0752750329,8,mobile_radio_site,ANFR Open Data,PUBLIC_DECLARATION
anfr-493544,493544,48.850833333333334,2.4116666666666666,,46 R Davout,Batiment 2,,75020,75120,44,BOUYGUES TELECOM,3G | 4G | 5G,5G NR 2100 | 5G NR 3500 | LTE 1800 | LTE 2100 | LTE 2600 | LTE 700 | LTE 800 | UMTS 900,En service | Techniquement opérationnel,0752750384,8,mobile_radio_site,ANFR Open Data,PUBLIC_DECLARATION
anfr-554571,554571,48.87694444444445,2.407222222222222,,2 AV PORTE DES LILAS,1 R CH. CROS,,75020,75120,"27,8",BOUYGUES TELECOM,3G | 4G | 5G,5G NR 2100 | 5G NR 3500 | LTE 1800 | LTE 2600 | LTE 700 | LTE 800 | UMTS 900,En service | Techniquement opérationnel,0752750206,7,mobile_radio_site,ANFR Open Data,PUBLIC_DECLARATION
anfr-554575,554575,48.876111111111115,2.4119444444444444,,32 av du dr gley,,,75020,75120,40,BOUYGUES TELECOM | SFR,2G | 3G | 4G | 5G,5G NR 2100 | 5G NR 3500 | GSM 900 | LTE 1800 | LTE 2100 | LTE 2600 | LTE 700 | LTE 800 | UMTS 2100 | UMTS 900,En service | Techniquement opérationnel,0752700282 | 0752750750,17,mobile_radio_site,ANFR Open Data,PUBLIC_DECLARATION
anfr-559373,559373,48.86527777777778,2.3930555555555557,,42 R SORBIER,,,75020,75120,28,BOUYGUES TELECOM,4G | 5G,5G NR 2100 | 5G NR 3500 | LTE 1800 | LTE 2100 | LTE 2600 | LTE 700 | LTE 800,En service | Techniquement opérationnel,0752750808,7,mobile_radio_site,ANFR Open Data,PUBLIC_DECLARATION
anfr-561719,561719,48.86805555555556,2.3922222222222222,,17 RUE BOYER,,,75020,75120,20,BOUYGUES TELECOM,3G | 4G | 5G,5G NR 2100 | 5G NR 3500 | LTE 1800 | LTE 2100 | LTE 2600 | LTE 700 | LTE 800 | UMTS 900,En service | Techniquement opérationnel,0752750058,8,mobile_radio_site,ANFR Open Data,PUBLIC_DECLARATION
anfr-561766,561766,48.86333333333334,2.388611111111111,,"10,16 AV GAMBETTA",,,75020,75120,30,BOUYGUES TELECOM,4G | 5G,5G NR 2100 | 5G NR 3500 | LTE 1800 | LTE 2100 | LTE 2600 | LTE 700 | LTE 800,En service | Techniquement opérationnel,0752750424,7,mobile_radio_site,ANFR Open Data,PUBLIC_DECLARATION
anfr-562487,562487,48.865833333333335,2.3872222222222224,,"35, 43 R DURIS",,,75020,75120,37,BOUYGUES TELECOM,3G | 4G | 5G,5G NR 2100 | 5G NR 3500 | LTE 1800 | LTE 2100 | LTE 2600 | LTE 700 | LTE 800 | UMTS 900,En service | Techniquement opérationnel,0752750718,8,mobile_radio_site,ANFR Open Data,PUBLIC_DECLARATION
anfr-576560,576560,48.87305555555555,2.4122222222222223,TUN PORTE DES LILAS - FOUGERES,r de noisy le sec,,,75020,75120,6,BOUYGUES TELECOM | ORANGE | SFR,2G | 3G | 4G,GSM 900 | LTE 1800 | LTE 2100 | LTE 800 | UMTS 2100 | UMTS 900,En service | Projet approuvé,0752291450 | 0752700414 | 0752751466,12,mobile_radio_site,ANFR Open Data,PUBLIC_DECLARATION
anfr-577701,577701,48.8725,2.3869444444444445,,21 ALL DU PERE JULIEN DHUIT,,,75020,75120,"39,3",BOUYGUES TELECOM,4G | 5G,5G NR 2100 | 5G NR 3500 | LTE 1800 | LTE 2100 | LTE 2600 | LTE 700 | LTE 800,En service | Projet approuvé | Techniquement opérationnel,0752750723,7,mobile_radio_site,ANFR Open Data,PUBLIC_DECLARATION
anfr-640444,640444,48.87083333333334,2.395277777777778,,11 R PIXERECOURT,,,75020,75120,"26,3",BOUYGUES TELECOM,3G | 4G | 5G,5G NR 2100 | 5G NR 3500 | LTE 1800 | LTE 2100 | LTE 2600 | LTE 700 | LTE 800 | UMTS 900,En service | Projet approuvé | Techniquement opérationnel,0752750794,8,mobile_radio_site,ANFR Open Data,PUBLIC_DECLARATION
anfr-662737,662737,48.86694444444444,2.397777777777778,,"64/66, r orfila",,,75020,75120,29,BOUYGUES TELECOM | SFR,2G | 3G | 4G | 5G,5G NR 2100 | 5G NR 3500 | GSM 900 | LTE 1800 | LTE 2100 | LTE 2600 | LTE 700 | LTE 800 | UMTS 2100 | UMTS 900,En service | Techniquement opérationnel,0752700269 | 0752750988,18,mobile_radio_site,ANFR Open Data,PUBLIC_DECLARATION
anfr-662760,662760,48.87361111111111,2.3922222222222222,,14 r frederic lemaitre,,,75020,75120,48,BOUYGUES TELECOM | FREE MOBILE | SFR,2G | 3G | 4G | 5G,5G NR 2100 | 5G NR 3500 | 5G NR 700 | GSM 900 | LTE 1800 | LTE 2100 | LTE 2600 | LTE 700 | LTE 800 | LTE 900 | UMTS 2100 | UMTS 900,En service | Techniquement opérationnel,0750991051 | 0752700270 | 0752750378,25,mobile_radio_site,ANFR Open Data,PUBLIC_DECLARATION
anfr-663426,663426,48.86416666666667,2.4125,,34 R JOSEPH PYTHON,,,75020,75120,44,BOUYGUES TELECOM,2G | 3G | 4G | 5G,5G NR 2100 | 5G NR 3500 | GSM 900 | LTE 1800 | LTE 2100 | LTE 2600 | LTE 700 | LTE 800 | UMTS 900,En service | Techniquement opérationnel,0752750082,9,mobile_radio_site,ANFR Open Data,PUBLIC_DECLARATION
anfr-663428,663428,48.87166666666667,2.410833333333333,,4 R DES FOUGERES,,,75020,75120,37,BOUYGUES TELECOM,2G | 3G | 4G | 5G,5G NR 2100 | 5G NR 3500 | GSM 900 | LTE 1800 | LTE 2100 | LTE 2600 | LTE 700 | LTE 800 | UMTS 900,En service | Techniquement opérationnel,0752750103,9,mobile_radio_site,ANFR Open Data,PUBLIC_DECLARATION
anfr-663430,663430,48.86194444444445,2.403888888888889,,"24, 26 R DES PRAIRIES",,,75020,75120,26,BOUYGUES TELECOM,3G | 4G | 5G,5G NR 2100 | 5G NR 3500 | LTE 1800 | LTE 2100 | LTE 2600 | LTE 700 | LTE 800 | UMTS 900,En service | Techniquement opérationnel,0752750128,8,mobile_radio_site,ANFR Open Data,PUBLIC_DECLARATION
anfr-663432,663432,48.86972222222222,2.399722222222222,,93 R  PELLEPORT,,,75020,75120,37,BOUYGUES TELECOM,2G | 4G | 5G,5G NR 2100 | 5G NR 3500 | GSM 900 | LTE 1800 | LTE 2100 | LTE 2600 | LTE 700 | LTE 800,En service | Techniquement opérationnel,0752750129,8,mobile_radio_site,ANFR Open Data,PUBLIC_DECLARATION
anfr-663436,663436,48.85861111111111,2.403611111111111,,128 R DES PYRENEES,,,75020,75120,43,BOUYGUES TELECOM,2G | 3G | 4G | 5G,5G NR 2100 | 5G NR 3500 | GSM 900 | LTE 1800 | LTE 2100 | LTE 2600 | LTE 700 | LTE 800 | UMTS 900,En service | Techniquement opérationnel,0752750141,9,mobile_radio_site,ANFR Open Data,PUBLIC_DECLARATION
anfr-663440,663440,48.875,2.401944444444444,,"97, 103 R HAXO",,,75020,75120,"47,5",BOUYGUES TELECOM,3G | 4G | 5G,5G NR 2100 | 5G NR 3500 | LTE 1800 | LTE 2100 | LTE 2600 | LTE 700 | LTE 800 | UMTS 900,En service | Techniquement opérationnel,0752750335,8,mobile_radio_site,ANFR Open Data,PUBLIC_DECLARATION
anfr-663444,663444,48.85666666666667,2.4105555555555553,,1 R EUGÈNE REISZ,,,75020,75120,33,BOUYGUES TELECOM,2G | 3G | 4G | 5G,5G NR 2100 | 5G NR 3500 | GSM 900 | LTE 1800 | LTE 2100 | LTE 2600 | LTE 700 | LTE 800 | UMTS 900,En service | Techniquement opérationnel,0752750385,9,mobile_radio_site,ANFR Open Data,PUBLIC_DECLARATION
anfr-663450,663450,48.855555555555554,2.4055555555555554,,100 R DES PYRENEES,,,75020,75120,38,BOUYGUES TELECOM,2G | 3G | 4G | 5G,5G NR 2100 | 5G NR 3500 | GSM 900 | LTE 1800 | LTE 2100 | LTE 2600 | LTE 700 | LTE 800 | UMTS 900,En service | Techniquement opérationnel,0752750706,9,mobile_radio_site,ANFR Open Data,PUBLIC_DECLARATION
anfr-663460,663460,48.870555555555555,2.4052777777777776,,12 R HAXO,,,75020,75120,"32,8",BOUYGUES TELECOM,3G | 4G | 5G,5G NR 2100 | 5G NR 3500 | LTE 1800 | LTE 2100 | LTE 2600 | LTE 700 | LTE 800 | UMTS 900,En service | Techniquement opérationnel,0752750755,8,mobile_radio_site,ANFR Open Data,PUBLIC_DECLARATION
anfr-663462,663462,48.84916666666667,2.406111111111111,,4 R FREDERIC LOLIEE,,,75020,75120,32,BOUYGUES TELECOM,3G | 4G | 5G,5G NR 2100 | 5G NR 3500 | LTE 1800 | LTE 2100 | LTE 2600 | LTE 700 | LTE 800 | UMTS 900,En service | Projet approuvé | Techniquement opérationnel,0752751069,8,mobile_radio_site,ANFR Open Data,PUBLIC_DECLARATION
anfr-719095,719095,48.86944444444445,2.4094444444444445,,1 R VIDAL DE LA BLACHE,,,75020,75120,36,BOUYGUES TELECOM,3G | 4G | 5G,5G NR 2100 | 5G NR 3500 | LTE 1800 | LTE 2100 | LTE 2600 | LTE 700 | LTE 800 | UMTS 900,En service | Techniquement opérationnel,0752750748,8,mobile_radio_site,ANFR Open Data,PUBLIC_DECLARATION
anfr-769348,769348,48.85805555555556,2.397222222222222,,17 R LIGNER,,,75020,75120,26,BOUYGUES TELECOM,4G | 5G,5G NR 2100 | 5G NR 3500 | LTE 1800 | LTE 2100 | LTE 2600 | LTE 700 | LTE 800,En service | Projet approuvé | Techniquement opérationnel,0752750682,7,mobile_radio_site,ANFR Open Data,PUBLIC_DECLARATION
anfr-772850,772850,48.87166666666667,2.4016666666666664,,27 R ST FARGEAU,,,75020,75120,"40,8",BOUYGUES TELECOM,3G | 4G | 5G,5G NR 2100 | 5G NR 3500 | LTE 1800 | LTE 2100 | LTE 2600 | LTE 700 | LTE 800 | UMTS 900,En service | Techniquement opérationnel,0752750802,8,mobile_radio_site,ANFR Open Data,PUBLIC_DECLARATION
anfr-797941,797941,48.8725,2.4066666666666667,,75 R ST FARGEAU,,,75020,75120,38,BOUYGUES TELECOM,4G | 5G,5G NR 2100 | 5G NR 3500 | LTE 1800 | LTE 2100 | LTE 2600 | LTE 700 | LTE 800,En service | Projet approuvé | Techniquement opérationnel,0752750696,7,mobile_radio_site,ANFR Open Data,PUBLIC_DECLARATION
anfr-972158,972158,48.874722222222225,2.3975,,165 R PELLEPORT,,,75020,75120,"29,4",BOUYGUES TELECOM,4G | 5G,5G NR 2100 | 5G NR 3500 | LTE 1800 | LTE 2100 | LTE 2600 | LTE 700 | LTE 800,En service | Techniquement opérationnel,0752750621,7,mobile_radio_site,ANFR Open Data,PUBLIC_DECLARATION
anfr-1301825,1301825,48.86027777777778,2.410833333333333,,4 SQUARE D  AMIENS,,,75020,75120,37,BOUYGUES TELECOM | FREE MOBILE,4G | 5G,5G NR 2100 | 5G NR 3500 | 5G NR 700 | LTE 1800 | LTE 2100 | LTE 2600 | LTE 700 | LTE 800 | LTE 900,En service | Techniquement opérationnel,0750990107 | 0752750742,14,mobile_radio_site,ANFR Open Data,PUBLIC_DECLARATION
anfr-1573169,1573169,48.86416666666667,2.3897222222222223,,24-32 r des amandiers,,,75020,75120,"37,9",BOUYGUES TELECOM | SFR,2G | 3G | 4G | 5G,5G NR 2100 | 5G NR 3500 | GSM 900 | LTE 1800 | LTE 2100 | LTE 2600 | LTE 700 | LTE 800 | UMTS 2100 | UMTS 900,En service | Projet approuvé | Techniquement opérationnel,0752700156 | 0752752075,18,mobile_radio_site,ANFR Open Data,PUBLIC_DECLARATION
anfr-1592342,1592342,48.848333333333336,2.4030555555555555,,39 Cours de Vincennes,,,75020,75120,39,BOUYGUES TELECOM | FREE MOBILE | SFR,2G | 3G | 4G | 5G,5G NR 2100 | 5G NR 3500 | 5G NR 700 | GSM 900 | LTE 1800 | LTE 2100 | LTE 2600 | LTE 700 | LTE 800 | LTE 900 | UMTS 900,En service | Techniquement opérationnel,0750990228 | 0752703065 | 0752751736,23,mobile_radio_site,ANFR Open Data,PUBLIC_DECLARATION
anfr-1602681,1602681,48.86472222222223,2.406388888888889,,31 R BELGRAND,,,75020,75120,"32,8",BOUYGUES TELECOM,3G | 4G | 5G,5G NR 2100 | 5G NR 3500 | LTE 1800 | LTE 2100 | LTE 2600 | LTE 700 | LTE 800 | UMTS 900,En service | Techniquement opérationnel,0752752081,8,mobile_radio_site,ANFR Open Data,PUBLIC_DECLARATION
anfr-1842150,1842150,48.869166666666665,2.3961111111111113,,256 RUE DES PYRENEES,,,75020,75120,"30,8",BOUYGUES TELECOM,2G | 3G | 4G | 5G,5G NR 2100 | 5G NR 3500 | GSM 900 | LTE 1800 | LTE 2100 | LTE 2600 | LTE 700 | LTE 800 | UMTS 900,En service | Techniquement opérationnel,0752752155,9,mobile_radio_site,ANFR Open Data,PUBLIC_DECLARATION
anfr-2031183,2031183,48.86361111111111,2.399722222222222,,192 R DES PYRENEES,,,75020,75120,"34,5",BOUYGUES TELECOM,3G | 4G | 5G,5G NR 2100 | 5G NR 3500 | LTE 1800 | LTE 2100 | LTE 2600 | LTE 700 | LTE 800 | UMTS 900,En service | Projet approuvé | Techniquement opérationnel,0752752233,8,mobile_radio_site,ANFR Open Data,PUBLIC_DECLARATION
anfr-2069342,2069342,48.87277777777778,2.4,,20 R DU BORREGO,,,75020,75120,"28,5",BOUYGUES TELECOM,4G | 5G,5G NR 2100 | 5G NR 3500 | LTE 1800 | LTE 2100 | LTE 2600 | LTE 700 | LTE 800,En service | Techniquement opérationnel,0752752237,7,mobile_radio_site,ANFR Open Data,PUBLIC_DECLARATION
anfr-2070437,2070437,48.86694444444444,2.4074999999999998,,50 R CAPITAINE FERBER,,,75020,75120,25,BOUYGUES TELECOM | ORANGE,2G | 3G | 4G | 5G,5G NR 2100 | 5G NR 3500 | 5G NR 700 | GSM 900 | LTE 1800 | LTE 2100 | LTE 2600 | LTE 700 | LTE 800 | UMTS 900,En service | Techniquement opérationnel,0752290396 | 0752752267,17,mobile_radio_site,ANFR Open Data,PUBLIC_DECLARATION
anfr-2088098,2088098,48.86638888888889,2.4030555555555555,,62-64 R PELLEPORT,,,75020,75120,36,BOUYGUES TELECOM | FREE MOBILE,3G | 4G | 5G,5G NR 2100 | 5G NR 3500 | 5G NR 700 | LTE 1800 | LTE 2100 | LTE 2600 | LTE 700 | LTE 800 | LTE 900 | UMTS 900,En service | Projet approuvé | Techniquement opérationnel,0750990716 | 0752750620,15,mobile_radio_site,ANFR Open Data,PUBLIC_DECLARATION
anfr-2118269,2118269,48.876666666666665,2.406388888888889,Métro PTE DES LILAS L11/L3bis,Face au 261 av Gambetta,,,75020,75120,0,BOUYGUES TELECOM | FREE MOBILE | SFR,3G | 4G,LTE 1800 | LTE 2100 | LTE 2600 | LTE 700 | LTE 800 | UMTS 900,En service,0750990758 | 0752702563 | 0752752717,13,mobile_radio_site,ANFR Open Data,PUBLIC_DECLARATION
anfr-2165659,2165659,48.848888888888894,2.4141666666666666,,118 Rue DE LAGNY,,,75020,75120,"45,3",BOUYGUES TELECOM,2G | 3G | 4G,GSM 900 | LTE 1800 | LTE 2100 | LTE 2600 | LTE 700 | LTE 800 | UMTS 900,En service,0752752414,7,mobile_radio_site,ANFR Open Data,PUBLIC_DECLARATION
anfr-2247022,2247022,48.8675,2.410833333333333,,13  RUE VICTOR DEJEANTE,,,75020,75120,"31,1",BOUYGUES TELECOM,3G | 4G | 5G,5G NR 2100 | 5G NR 3500 | LTE 1800 | LTE 2100 | LTE 2600 | LTE 700 | LTE 800 | UMTS 900,En service | Techniquement opérationnel,0752752556,8,mobile_radio_site,ANFR Open Data,PUBLIC_DECLARATION
anfr-2248413,2248413,48.86888888888889,2.402222222222222,,4 R DOCTEUR PAQUELIN,,,75020,75120,30,BOUYGUES TELECOM | FREE MOBILE,3G | 4G | 5G,5G NR 2100 | 5G NR 3500 | 5G NR 700 | LTE 1800 | LTE 2100 | LTE 2600 | LTE 700 | LTE 800 | LTE 900 | UMTS 900,En service | Projet approuvé | Techniquement opérationnel,0750990059 | 0752752555,15,mobile_radio_site,ANFR Open Data,PUBLIC_DECLARATION
anfr-2276333,2276333,48.862500000000004,2.3877777777777776,METRO L2-3 PERE LACHAISE,32 BD MENILMONTANT,,,75020,75120,1,BOUYGUES TELECOM | ORANGE,3G | 4G,LTE 1800 | LTE 2100 | LTE 2600 | LTE 800 | UMTS 900,En service,0752292197 | 0752752610,10,mobile_radio_site,ANFR Open Data,PUBLIC_DECLARATION
anfr-2280691,2280691,48.85611111111111,2.394722222222222,METRO L2 ALEXANDRE DUMAS,146 BD DE CHARONNE,,,75020,75120,1,BOUYGUES TELECOM,3G | 4G,LTE 1800 | UMTS 900,En service,0752752630,2,mobile_radio_site,ANFR Open Data,PUBLIC_DECLARATION
anfr-2364435,2364435,48.87277777777778,2.385,,40/42 RUE PIAT,,,75020,75120,40,BOUYGUES TELECOM | FREE MOBILE,2G | 3G | 4G | 5G,5G NR 2100 | 5G NR 3500 | 5G NR 700 | GSM 900 | LTE 1800 | LTE 2100 | LTE 2600 | LTE 700 | LTE 800 | LTE 900 | UMTS 900,En service | Techniquement opérationnel,0750990097 | 0752752697,16,mobile_radio_site,ANFR Open Data,PUBLIC_DECLARATION
anfr-2686463,2686463,48.85277777777778,2.4122222222222223,,12 RUE SCHUBERT,,,75020,75120,"26,7",BOUYGUES TELECOM,3G | 4G | 5G,5G NR 2100 | LTE 1800 | LTE 2100 | LTE 2600 | LTE 700 | LTE 800 | UMTS 900,En service | Techniquement opérationnel,0752752808,7,mobile_radio_site,ANFR Open Data,PUBLIC_DECLARATION
anfr-2730275,2730275,48.86083333333333,2.407222222222222,,6/10 Allée ALQUIER DEBROUSSE,,,75020,75120,26,BOUYGUES TELECOM,4G | 5G,5G NR 2100 | LTE 1800 | LTE 2100 | LTE 2600 | LTE 700 | LTE 800,En service | Techniquement opérationnel,0752752826,6,mobile_radio_site,ANFR Open Data,PUBLIC_DECLARATION
anfr-2750000,2750000,48.8675,2.3844444444444446,,20 R ETIENNE DOLET,,,75020,75120,38,BOUYGUES TELECOM | SFR,2G | 3G | 4G | 5G,5G NR 2100 | 5G NR 3500 | GSM 900 | LTE 1800 | LTE 2100 | LTE 2600 | LTE 700 | LTE 800 | UMTS 2100 | UMTS 900,En service | Techniquement opérationnel,0752700254 | 0752752830,16,mobile_radio_site,ANFR Open Data,PUBLIC_DECLARATION
anfr-2823193,2823193,48.852222222222224,2.3980555555555556,,58 boulevard de charonne,,,75020,75120,40,BOUYGUES TELECOM,2G | 3G | 4G | 5G,5G NR 2100 | 5G NR 3500 | GSM 900 | LTE 1800 | LTE 2100 | LTE 2600 | LTE 700 | LTE 800 | UMTS 900,En service | Techniquement opérationnel,0752750548,9,mobile_radio_site,ANFR Open Data,PUBLIC_DECLARATION
anfr-2901904,2901904,48.86972222222222,2.388888888888889,,19 21RUE HENRI CHEVREAU,,,75020,75120,28,BOUYGUES TELECOM | SFR,2G | 3G | 4G | 5G,5G NR 2100 | 5G NR 3500 | GSM 900 | LTE 1800 | LTE 2100 | LTE 2600 | LTE 700 | LTE 800 | UMTS 900,En service | Techniquement opérationnel,0752703060 | 0752752659,16,mobile_radio_site,ANFR Open Data,PUBLIC_DECLARATION
anfr-3104658,3104658,48.85305555555556,2.401388888888889,,32 RUE DES HAIES,,,75020,75120,"26,5",BOUYGUES TELECOM,3G | 4G | 5G,5G NR 2100 | 5G NR 3500 | LTE 1800 | LTE 2100 | LTE 2600 | LTE 700 | LTE 800 | UMTS 900,En service | Projet approuvé | Techniquement opérationnel,0752752970,8,mobile_radio_site,ANFR Open Data,PUBLIC_DECLARATION
anfr-3119375,3119375,48.853611111111114,2.406111111111111,,68 RUE DES PYRENEES,,,75020,75120,28,BOUYGUES TELECOM,2G | 3G | 4G | 5G,5G NR 2100 | 5G NR 3500 | GSM 900 | LTE 1800 | LTE 2100 | LTE 2600 | LTE 700 | LTE 800 | UMTS 900,En service | Techniquement opérationnel,0752752151,9,mobile_radio_site,ANFR Open Data,PUBLIC_DECLARATION
anfr-3157475,3157475,48.87138888888889,2.3919444444444444,,49 R DE L'ERMITAGE,,,75020,75120,"21,9",BOUYGUES TELECOM,4G | 5G,5G NR 2100 | LTE 1800 | LTE 2100 | LTE 2600 | LTE 700 | LTE 800,En service | Projet approuvé | Techniquement opérationnel,0752753005,6,mobile_radio_site,ANFR Open Data,PUBLIC_DECLARATION
anfr-3248273,3248273,48.87138888888889,2.404166666666667,METRO ST FARGEAU L3-3B,112 AV GAMBETTA,,,75020,75120,1,BOUYGUES TELECOM,3G | 4G,LTE 1800 | UMTS 900,En service,0752753018,2,mobile_radio_site,ANFR Open Data,PUBLIC_DECLARATION
anfr-3249470,3249470,48.86805555555556,2.401388888888889,METRO_PELLEPORT_L3BIS,AVENUE GAMBETTA,,,75020,75120,0,BOUYGUES TELECOM | FREE MOBILE,3G | 4G,LTE 1800 | LTE 900 | UMTS 900,En service,0750990870 | 0752753017,4,mobile_radio_site,ANFR Open Data,PUBLIC_DECLARATION
anfr-3288761,3288761,48.85944444444445,2.401944444444444,,142-144 RUE DES PYRÉNÉES,,,75020,75120,30,BOUYGUES TELECOM,4G | 5G,5G NR 2100 | LTE 1800 | LTE 2100 | LTE 2600 | LTE 700 | LTE 800,Projet approuvé,0752753034,6,mobile_radio_site,ANFR Open Data,PUBLIC_DECLARATION
anfr-662709,662709,48.85,2.4125,,1-13 r maryse hilsz,Sq de l'Esterel,,75020,75120,"38,9",FREE MOBILE | ORANGE | SFR,2G | 3G | 4G | 5G,5G NR 3500 | 5G NR 700 | GSM 900 | LTE 1800 | LTE 2100 | LTE 2600 | LTE 700 | LTE 800 | LTE 900 | UMTS 2100 | UMTS 900,En service | Techniquement opérationnel,0750990077 | 0752290381 | 0752700340,25,mobile_radio_site,ANFR Open Data,PUBLIC_DECLARATION
anfr-851990,851990,48.873333333333335,2.3975,,139 R PELLEPORT,,,75020,75120,60,FREE MOBILE,4G | 5G,5G NR 3500 | 5G NR 700 | LTE 1800 | LTE 2100 | LTE 2600 | LTE 700 | LTE 900,En service | Techniquement opérationnel,0750990155,7,mobile_radio_site,ANFR Open Data,PUBLIC_DECLARATION
anfr-1287425,1287425,48.87388888888889,2.404722222222222,,221 Avenue Gambetta,,,75020,75120,"57,4",FREE MOBILE,4G | 5G,5G NR 3500 | 5G NR 700 | LTE 1800 | LTE 2100 | LTE 2600 | LTE 700 | LTE 900,En service | Techniquement opérationnel,0750990099,7,mobile_radio_site,ANFR Open Data,PUBLIC_DECLARATION
anfr-1445241,1445241,48.85944444444445,2.4,,22 RUE DE LESSEPS,,,75020,75120,"24,8",FREE MOBILE,4G | 5G,5G NR 3500 | 5G NR 700 | LTE 1800 | LTE 2100 | LTE 2600 | LTE 700 | LTE 900,En service | Techniquement opérationnel,0750990159,7,mobile_radio_site,ANFR Open Data,PUBLIC_DECLARATION
anfr-1447925,1447925,48.8675,2.4091666666666667,,52 BOULEVARD MORTIER,,,75020,75120,"26,7",FREE MOBILE,4G | 5G,5G NR 3500 | 5G NR 700 | LTE 1800 | LTE 2100 | LTE 2600 | LTE 700 | LTE 900,En service | Techniquement opérationnel,0750990160,7,mobile_radio_site,ANFR Open Data,PUBLIC_DECLARATION
anfr-1451504,1451504,48.87305555555555,2.4130555555555553,,11 RUE DE NOISY LE SEC,,,75020,75120,"30,1",FREE MOBILE,4G | 5G,5G NR 3500 | 5G NR 700 | LTE 1800 | LTE 2100 | LTE 2600 | LTE 700 | LTE 900,En service | Techniquement opérationnel,0750990161,7,mobile_radio_site,ANFR Open Data,PUBLIC_DECLARATION
anfr-1531325,1531325,48.86361111111111,2.388333333333333,,RUE DES AMANDIERS,,,75020,75120,"26,8",FREE MOBILE,4G | 5G,5G NR 3500 | 5G NR 700 | LTE 1800 | LTE 2100 | LTE 2600 | LTE 700 | LTE 900,En service | Techniquement opérationnel,0750990205,7,mobile_radio_site,ANFR Open Data,PUBLIC_DECLARATION
anfr-1540728,1540728,48.86638888888889,2.394722222222222,,21 rue Villiers de l'ISle d'Adam,,,75020,75120,"37,9",FREE MOBILE | ORANGE | SFR,2G | 3G | 4G | 5G,5G NR 3500 | 5G NR 700 | GSM 900 | LTE 1800 | LTE 2100 | LTE 2600 | LTE 700 | LTE 800 | LTE 900 | UMTS 900,En service | Projet approuvé | Techniquement opérationnel,0750990068 | 0752291928 | 0752702846,22,mobile_radio_site,ANFR Open Data,PUBLIC_DECLARATION
anfr-1623277,1623277,48.87138888888889,2.3925,,"337, RUE DES PYRENEES",,,75020,75120,"29,7",FREE MOBILE,4G | 5G,5G NR 3500 | 5G NR 700 | LTE 1800 | LTE 2100 | LTE 2600 | LTE 700 | LTE 900,En service | Techniquement opérationnel,0750990249,7,mobile_radio_site,ANFR Open Data,PUBLIC_DECLARATION
anfr-1734819,1734819,48.861111111111114,2.405,,4 RUE DES PRAIRIES,,,75020,75120,"30,5",FREE MOBILE,4G | 5G,5G NR 3500 | 5G NR 700 | LTE 1800 | LTE 2100 | LTE 2600 | LTE 700 | LTE 900,En service | Techniquement opérationnel,0750990277,7,mobile_radio_site,ANFR Open Data,PUBLIC_DECLARATION
anfr-1770790,1770790,48.87,2.3963888888888887,,"134, rue de Ménilmontant",,,75020,75120,"26,7",FREE MOBILE,4G | 5G,5G NR 3500 | 5G NR 700 | LTE 1800 | LTE 2100 | LTE 2600 | LTE 700 | LTE 900,En service | Techniquement opérationnel,0750990295,7,mobile_radio_site,ANFR Open Data,PUBLIC_DECLARATION
anfr-1793172,1793172,48.86416666666667,2.4005555555555556,,6 place Emile Landrin,,,75020,75120,"30,1",FREE MOBILE,4G | 5G,5G NR 700 | LTE 1800 | LTE 2100 | LTE 2600 | LTE 700 | LTE 900,En service | Techniquement opérationnel,0750990301,6,mobile_radio_site,ANFR Open Data,PUBLIC_DECLARATION
anfr-1886679,1886679,48.869166666666665,2.3922222222222222,,94 RUE DE MENILMONTANT,,,75020,75120,"23,4",FREE MOBILE,4G | 5G,5G NR 3500 | 5G NR 700 | LTE 1800 | LTE 2100 | LTE 2600 | LTE 700 | LTE 900,En service | Techniquement opérationnel,0750990560,7,mobile_radio_site,ANFR Open Data,PUBLIC_DECLARATION
anfr-1943262,1943262,48.85527777777778,2.408888888888889,,102 r des Orteaux,,,75020,75120,54,FREE MOBILE | SFR,2G | 3G | 4G | 5G,5G NR 3500 | 5G NR 700 | GSM 900 | LTE 1800 | LTE 2100 | LTE 2600 | LTE 700 | LTE 800 | LTE 900 | UMTS 900,En service | Techniquement opérationnel,0750990143 | 0752702348,15,mobile_radio_site,ANFR Open Data,PUBLIC_DECLARATION
anfr-1944574,1944574,48.85444444444445,2.4016666666666664,,6 PLACE MARC BLOCH,,,75020,75120,"22,5",FREE MOBILE,4G | 5G,5G NR 3500 | 5G NR 700 | LTE 1800 | LTE 2100 | LTE 2600 | LTE 700 | LTE 900,En service | Techniquement opérationnel,0750990601,7,mobile_radio_site,ANFR Open Data,PUBLIC_DECLARATION
anfr-2009711,2009711,48.87694444444445,2.408333333333333,,9 Rue Charles Cros,,,75020,75120,26,FREE MOBILE | ORANGE,3G | 4G | 5G,5G NR 3500 | 5G NR 700 | LTE 1800 | LTE 2100 | LTE 2600 | LTE 700 | LTE 800 | LTE 900 | UMTS 900,En service | Projet approuvé | Techniquement opérationnel,0750990106 | 0752292075,14,mobile_radio_site,ANFR Open Data,PUBLIC_DECLARATION
anfr-2045754,2045754,48.86527777777778,2.4030555555555555,,4 RUE DE LA CHINE,HOPITAL TENON,,75020,75120,"34,1",FREE MOBILE,4G | 5G,5G NR 3500 | 5G NR 700 | LTE 1800 | LTE 2100 | LTE 2600 | LTE 700 | LTE 900,En service | Projet approuvé | Techniquement opérationnel,0750990658,7,mobile_radio_site,ANFR Open Data,PUBLIC_DECLARATION
anfr-2049246,2049246,48.87027777777778,2.408611111111111,,6 PLACE DE L ADJUDANT VINCENOT,LE LONG DU BOULEVARD MORTIER,,75020,75120,"30,5",FREE MOBILE,4G | 5G,5G NR 3500 | 5G NR 700 | LTE 1800 | LTE 2100 | LTE 2600 | LTE 700 | LTE 900,En service | Techniquement opérationnel,0750990661,7,mobile_radio_site,ANFR Open Data,PUBLIC_DECLARATION
anfr-2075254,2075254,48.86611111111111,2.3894444444444445,,75 RUE DES AMANDIERS,,,75020,75120,"24,6",FREE MOBILE,4G | 5G,5G NR 3500 | 5G NR 700 | LTE 1800 | LTE 2100 | LTE 2600 | LTE 700 | LTE 900,En service | Techniquement opérationnel,0750990677,7,mobile_radio_site,ANFR Open Data,PUBLIC_DECLARATION
anfr-2089097,2089097,48.858333333333334,2.390277777777778,Métro PHILIPPE AUGUSTE L2,212 boulevard de Charonne,,,75020,75120,0,FREE MOBILE | ORANGE | SFR,2G | 3G | 4G,GSM 1800 | GSM 900 | LTE 1800 | LTE 900 | UMTS 900,En service | Projet approuvé,0750990721 | 0752292148 | 0752702002,8,mobile_radio_site,ANFR Open Data,PUBLIC_DECLARATION
anfr-2089818,2089818,48.85194444444445,2.401111111111111,Métro BUZENVAL L9,Rue d'Avron angle rue de Buzenval,,,75020,75120,0,FREE MOBILE,4G,LTE 1800,En service,0750990722,1,mobile_radio_site,ANFR Open Data,PUBLIC_DECLARATION
anfr-2254860,2254860,48.86611111111111,2.3905555555555553,,2 place Henri Matisse,,,75020,75120,"24,2",FREE MOBILE,4G | 5G,5G NR 3500 | 5G NR 700 | LTE 1800 | LTE 2100 | LTE 2600 | LTE 700 | LTE 900,En service | Techniquement opérationnel,0750990834,7,mobile_radio_site,ANFR Open Data,PUBLIC_DECLARATION
anfr-2266851,2266851,48.85305555555556,2.4122222222222223,,6 rue Charles et Robert,,,75020,75120,27,FREE MOBILE | SFR,2G | 3G | 4G | 5G,5G NR 3500 | 5G NR 700 | GSM 900 | LTE 1800 | LTE 2100 | LTE 2600 | LTE 700 | LTE 800 | LTE 900 | UMTS 2100 | UMTS 900,En service | Techniquement opérationnel,0750990125 | 0752702706,14,mobile_radio_site,ANFR Open Data,PUBLIC_DECLARATION
anfr-2289567,2289567,48.85333333333333,2.4102777777777775,METRO PORTE DE MONTREUIL L9,AVENUE DE LA PORTE DE MONTREUIL,,,75020,75120,0,FREE MOBILE,4G,LTE 1800,En service,0750990856,1,mobile_radio_site,ANFR Open Data,PUBLIC_DECLARATION
anfr-2290662,2290662,48.86416666666667,2.4077777777777776,METRO_PORTE DE BAGNOLET_L3,RUE BELGRAND,,,75020,75120,0,FREE MOBILE,4G,LTE 1800 | LTE 900,En service,0750990869,2,mobile_radio_site,ANFR Open Data,PUBLIC_DECLARATION
anfr-2291419,2291419,48.8525,2.406111111111111,METRO_MARAICHERS_L9,65 RUE DES PYRÉNÉES,,,75020,75120,0,FREE MOBILE | ORANGE,3G | 4G,LTE 1800 | LTE 900 | UMTS 900,En service,0750990871 | 0752292259,4,mobile_radio_site,ANFR Open Data,PUBLIC_DECLARATION
anfr-2292207,2292207,48.86472222222223,2.3983333333333334,Métro GAMBETTA L3 3BIS,Place Gambetta,,,75020,75120,0,FREE MOBILE,4G,LTE 1800 | LTE 900,En service,0750990872,2,mobile_radio_site,ANFR Open Data,PUBLIC_DECLARATION
anfr-2334144,2334144,48.87694444444445,2.410833333333333,,26 Avenue du Dr Gley,,,75020,75120,"34,2",FREE MOBILE,4G | 5G,5G NR 3500 | 5G NR 700 | LTE 1800 | LTE 2100 | LTE 2600 | LTE 700 | LTE 900,En service | Techniquement opérationnel,0750990906,7,mobile_radio_site,ANFR Open Data,PUBLIC_DECLARATION
anfr-2336327,2336327,48.85722222222223,2.398888888888889,,50 RUE DE BAGNOLET,,,75020,75120,"28,2",FREE MOBILE,4G | 5G,5G NR 3500 | 5G NR 700 | LTE 1800 | LTE 2100 | LTE 2600 | LTE 700 | LTE 900,En service | Techniquement opérationnel,0750990911,7,mobile_radio_site,ANFR Open Data,PUBLIC_DECLARATION
anfr-2375416,2375416,48.85861111111111,2.403611111111111,,130 rue des Pyrénées,,,75020,75120,40,FREE MOBILE,4G | 5G,5G NR 3500 | 5G NR 700 | LTE 1800 | LTE 2100 | LTE 2600 | LTE 700 | LTE 900,En service | Techniquement opérationnel,0750990929,7,mobile_radio_site,ANFR Open Data,PUBLIC_DECLARATION
anfr-2416308,2416308,48.85388888888889,2.3983333333333334,,28 rue Planchat,,,75020,75120,21,FREE MOBILE,4G | 5G,5G NR 3500 | 5G NR 700 | LTE 1800 | LTE 2100 | LTE 2600 | LTE 700 | LTE 900,En service | Techniquement opérationnel,0750990940,7,mobile_radio_site,ANFR Open Data,PUBLIC_DECLARATION
anfr-2416310,2416310,48.85388888888889,2.3980555555555556,,31 rue Planchat,,,75020,75120,"21,4",FREE MOBILE,4G | 5G,5G NR 3500 | 5G NR 700 | LTE 1800 | LTE 2100 | LTE 2600 | LTE 700 | LTE 900,En service | Techniquement opérationnel,0750990941,7,mobile_radio_site,ANFR Open Data,PUBLIC_DECLARATION
anfr-2527066,2527066,48.86472222222223,2.3969444444444443,,36 avenue Gambetta,,,75020,75120,24,FREE MOBILE | ORANGE,3G | 4G | 5G,5G NR 3500 | 5G NR 700 | LTE 1800 | LTE 2100 | LTE 2600 | LTE 700 | LTE 800 | LTE 900 | UMTS 900,En service | Techniquement opérationnel,0750990959 | 0752290408,14,mobile_radio_site,ANFR Open Data,PUBLIC_DECLARATION
anfr-2536428,2536428,48.85277777777778,2.4027777777777777,,63 bis rue d Avron,,,75020,75120,"33,5",FREE MOBILE,4G | 5G,5G NR 3500 | 5G NR 700 | LTE 1800 | LTE 2100 | LTE 2600 | LTE 700 | LTE 900,En service | Techniquement opérationnel,0750990961,7,mobile_radio_site,ANFR Open Data,PUBLIC_DECLARATION
anfr-2545983,2545983,48.85777777777778,2.392777777777778,,186 boulevard de Charonne,,,75020,75120,36,FREE MOBILE | SFR,2G | 3G | 4G | 5G,5G NR 3500 | 5G NR 700 | GSM 900 | LTE 1800 | LTE 2100 | LTE 2600 | LTE 700 | LTE 800 | LTE 900 | UMTS 900,En service | Techniquement opérationnel,0750990965 | 0752702507,15,mobile_radio_site,ANFR Open Data,PUBLIC_DECLARATION
anfr-2627563,2627563,48.87166666666667,2.397222222222222,,RUE DE LA DUEE,,,75020,75120,"24,4",FREE MOBILE,4G | 5G,5G NR 3500 | 5G NR 700 | LTE 1800 | LTE 2100 | LTE 2600 | LTE 700 | LTE 900,En service | Techniquement opérationnel,0750990974,7,mobile_radio_site,ANFR Open Data,PUBLIC_DECLARATION
anfr-2632369,2632369,48.87277777777778,2.3802777777777777,,36 RUE DE BELLEVILLE,,,75020,75120,"25,2",FREE MOBILE,4G | 5G,5G NR 3500 | 5G NR 700 | LTE 1800 | LTE 2100 | LTE 2600 | LTE 700 | LTE 900,En service | Techniquement opérationnel,0750990977,7,mobile_radio_site,ANFR Open Data,PUBLIC_DECLARATION
anfr-2671905,2671905,48.85861111111111,2.4077777777777776,CHARONNE,SQUARE DES CARDEURS,RUE SREBRENICA,,75020,75120,"43,6",FREE MOBILE,4G | 5G,5G NR 3500 | 5G NR 700 | LTE 1800 | LTE 2100 | LTE 2600 | LTE 700 | LTE 900,En service | Techniquement opérationnel,0750990983,7,mobile_radio_site,ANFR Open Data,PUBLIC_DECLARATION
anfr-2844048,2844048,48.875277777777775,2.390833333333333,,150-152 RUE DE BELLEVILLE,,,75020,75120,26,FREE MOBILE,4G | 5G,5G NR 3500 | 5G NR 700 | LTE 1800 | LTE 2100 | LTE 2600 | LTE 700 | LTE 900,En service | Techniquement opérationnel,0750990118,7,mobile_radio_site,ANFR Open Data,PUBLIC_DECLARATION
anfr-2849374,2849374,48.856944444444444,2.4069444444444446,,16 RUE DU CLOS,,,75020,75120,48,FREE MOBILE | SFR,3G | 4G | 5G,5G NR 2100 | 5G NR 3500 | 5G NR 700 | LTE 1800 | LTE 2100 | LTE 2600 | LTE 700 | LTE 800 | LTE 900 | UMTS 900,En service | Projet approuvé | Techniquement opérationnel,0750990609 | 0752702943,15,mobile_radio_site,ANFR Open Data,PUBLIC_DECLARATION
anfr-2881619,2881619,48.86388888888889,2.391111111111111,,"25, avenue Gambetta",,,75020,75120,"26,3",FREE MOBILE,4G | 5G,5G NR 3500 | 5G NR 700 | LTE 1800 | LTE 2100 | LTE 2600 | LTE 700 | LTE 900,Projet approuvé,0750991050,7,mobile_radio_site,ANFR Open Data,PUBLIC_DECLARATION
anfr-2887540,2887540,48.87583333333333,2.4025,,276 rue de Belleville,,,75020,75120,30,FREE MOBILE,4G | 5G,5G NR 3500 | 5G NR 700 | LTE 1800 | LTE 2100 | LTE 2600 | LTE 700 | LTE 900,En service | Techniquement opérationnel,0750991054,7,mobile_radio_site,ANFR Open Data,PUBLIC_DECLARATION
anfr-3005686,3005686,48.86805555555556,2.3872222222222224,BELLEVILLE,44 rue de Ménilmontant,,,75020,75120,"23,9",FREE MOBILE,4G | 5G,5G NR 3500 | 5G NR 700 | LTE 1800 | LTE 2100 | LTE 2600 | LTE 700 | LTE 900,En service | Projet approuvé | Techniquement opérationnel,0750991138,7,mobile_radio_site,ANFR Open Data,PUBLIC_DECLARATION
anfr-3035011,3035011,48.86638888888889,2.406111111111111,,1 Rue du Capitaine Marchal,,,75020,75120,"28,5",FREE MOBILE,4G | 5G,5G NR 3500 | 5G NR 700 | LTE 1800 | LTE 2100 | LTE 2600 | LTE 700 | LTE 900,En service | Techniquement opérationnel,0750991147,7,mobile_radio_site,ANFR Open Data,PUBLIC_DECLARATION
anfr-3065275,3065275,48.85027777777778,2.408888888888889,,13-15 PASSAGE DE LAGNY,,,75020,75120,22,FREE MOBILE,4G | 5G,5G NR 3500 | 5G NR 700 | LTE 1800 | LTE 2100 | LTE 2600 | LTE 700 | LTE 900,En service | Techniquement opérationnel,0750991075,7,mobile_radio_site,ANFR Open Data,PUBLIC_DECLARATION
anfr-3066153,3066153,48.87,2.381111111111111,,14 rue de Pali-Kao,,,75020,75120,"22,4",FREE MOBILE,4G | 5G,5G NR 3500 | 5G NR 700 | LTE 1800 | LTE 2100 | LTE 2600 | LTE 700 | LTE 900,En service | Projet approuvé | Techniquement opérationnel,0750991159,7,mobile_radio_site,ANFR Open Data,PUBLIC_DECLARATION
anfr-3068907,3068907,48.85166666666667,2.405,,69 rue des Grands Champs,,,75020,75120,26,FREE MOBILE,4G | 5G,5G NR 3500 | 5G NR 700 | LTE 1800 | LTE 2100 | LTE 2600 | LTE 700 | LTE 900,En service | Techniquement opérationnel,0750990257,7,mobile_radio_site,ANFR Open Data,PUBLIC_DECLARATION
anfr-3132420,3132420,48.84777777777778,2.4091666666666667,,"2, rue du Général Niessel",,,75020,75120,"36,8",FREE MOBILE | SFR,2G | 3G | 4G | 5G,5G NR 3500 | 5G NR 700 | GSM 900 | LTE 1800 | LTE 2100 | LTE 2600 | LTE 700 | LTE 800 | LTE 900 | UMTS 2100 | UMTS 900,En service | Projet approuvé | Techniquement opérationnel,0750991171 | 0752700121,16,mobile_radio_site,ANFR Open Data,PUBLIC_DECLARATION
anfr-3216214,3216214,48.86416666666667,2.4077777777777776,,177 RUE DE BAGNOLET,,,75020,75120,"33,3",FREE MOBILE,4G | 5G,5G NR 3500 | 5G NR 700 | LTE 1800 | LTE 2100 | LTE 2600 | LTE 700 | LTE 900,Projet approuvé,0750991180,7,mobile_radio_site,ANFR Open Data,PUBLIC_DECLARATION
anfr-3236799,3236799,48.87138888888889,2.401944444444444,,20-26 rue Saint-Fargeau,,,75020,75120,"46,7",FREE MOBILE,4G | 5G,5G NR 3500 | 5G NR 700 | LTE 1800 | LTE 2100 | LTE 2600 | LTE 700 | LTE 900,Projet approuvé,0750991181,7,mobile_radio_site,ANFR Open Data,PUBLIC_DECLARATION
anfr-3278366,3278366,48.87027777777778,2.388611111111111,,33 rue Henri Chevreau,,,75020,75120,"32,2",FREE MOBILE,4G | 5G,5G NR 3500 | 5G NR 700 | LTE 1800 | LTE 2100 | LTE 2600 | LTE 700 | LTE 900,Projet approuvé,0750991187,7,mobile_radio_site,ANFR Open Data,PUBLIC_DECLARATION
anfr-3333847,3333847,48.847500000000004,2.413333333333333,,13 avenue Porte de Vincennes,,,75020,75120,36,FREE MOBILE | SFR,2G | 3G | 4G | 5G,5G NR 3500 | 5G NR 700 | GSM 900 | LTE 1800 | LTE 2100 | LTE 2600 | LTE 700 | LTE 800 | LTE 900 | UMTS 900,En service | Projet approuvé | Techniquement opérationnel,0750991196 | 0752702825,15,mobile_radio_site,ANFR Open Data,PUBLIC_DECLARATION
anfr-444995,444995,48.871944444444445,2.401111111111111,,12 r du telegraphe,,,75020,75120,"39,3",ORANGE,2G | 3G | 4G | 5G,5G NR 3500 | 5G NR 700 | GSM 900 | LTE 1800 | LTE 2100 | LTE 2600 | LTE 700 | LTE 800 | UMTS 900,En service | Techniquement opérationnel,0752291212,9,mobile_radio_site,ANFR Open Data,PUBLIC_DECLARATION
anfr-571553,571553,48.870555555555555,2.381388888888889,,11 r de tourtille,,,75020,75120,"24,7",ORANGE,2G | 3G | 4G | 5G,5G NR 2100 | 5G NR 3500 | 5G NR 700 | GSM 900 | LTE 1800 | LTE 2100 | LTE 2600 | LTE 700 | LTE 800 | UMTS 2100 | UMTS 900,En service | Projet approuvé | Techniquement opérationnel,0752291448,11,mobile_radio_site,ANFR Open Data,PUBLIC_DECLARATION
anfr-577398,577398,48.85638888888889,2.3994444444444443,,2 Imp des Orteaux,,,75020,75120,29,ORANGE,2G | 3G | 4G | 5G,5G NR 3500 | 5G NR 700 | GSM 900 | LTE 1800 | LTE 2100 | LTE 2600 | LTE 700 | LTE 800 | UMTS 900,En service | Techniquement opérationnel,0752291451,9,mobile_radio_site,ANFR Open Data,PUBLIC_DECLARATION
anfr-662286,662286,48.86361111111111,2.4125,,42/44 r joseph phyton,,,75020,75120,44,ORANGE,2G | 3G | 4G | 5G,5G NR 3500 | 5G NR 700 | GSM 900 | LTE 1800 | LTE 2100 | LTE 2600 | LTE 800 | UMTS 900,En service | Techniquement opérationnel,0752290275,8,mobile_radio_site,ANFR Open Data,PUBLIC_DECLARATION
anfr-662288,662288,48.852222222222224,2.401944444444444,,45 r d'Avron,,,75020,75120,41,ORANGE,2G | 3G | 4G | 5G,5G NR 2100 | 5G NR 3500 | 5G NR 700 | GSM 900 | LTE 1800 | LTE 2100 | LTE 2600 | LTE 700 | LTE 800 | UMTS 900,En service | Projet approuvé | Techniquement opérationnel,0752290276,10,mobile_radio_site,ANFR Open Data,PUBLIC_DECLARATION
anfr-662711,662711,48.87138888888889,2.408333333333333,,109 Bd Mortier,,,75020,75120,45,ORANGE,2G | 3G | 4G | 5G,5G NR 3500 | 5G NR 700 | GSM 900 | LTE 1800 | LTE 2100 | LTE 2600 | LTE 700 | LTE 800 | UMTS 900,En service | Techniquement opérationnel,0752290384,9,mobile_radio_site,ANFR Open Data,PUBLIC_DECLARATION
anfr-662721,662721,48.859722222222224,2.4080555555555554,,"80, r vitruve",,,75020,75120,34,ORANGE,3G | 4G | 5G,5G NR 3500 | 5G NR 700 | LTE 1800 | LTE 2100 | LTE 2600 | LTE 800 | UMTS 900,En service | Techniquement opérationnel,0752290397,7,mobile_radio_site,ANFR Open Data,PUBLIC_DECLARATION
anfr-662723,662723,48.85611111111111,2.4080555555555554,,"99, r des orteaux",,,75020,75120,"51,6",ORANGE,2G | 3G | 4G | 5G,5G NR 3500 | 5G NR 700 | GSM 900 | LTE 1800 | LTE 2100 | LTE 2600 | LTE 700 | LTE 800 | UMTS 900,En service | Techniquement opérationnel,0752290398,9,mobile_radio_site,ANFR Open Data,PUBLIC_DECLARATION
anfr-662725,662725,48.85888888888889,2.3897222222222223,,4/12 Bd Ménilmontant,,,75020,75120,30,ORANGE,3G | 4G | 5G,5G NR 3500 | 5G NR 700 | LTE 1800 | LTE 2100 | LTE 2600 | LTE 800 | UMTS 900,En service | Techniquement opérationnel,0752290402,7,mobile_radio_site,ANFR Open Data,PUBLIC_DECLARATION
anfr-844679,844679,48.8725,2.397777777777778,,15 - 17 r des pavillons,,,75020,75120,27,ORANGE,2G | 3G | 4G | 5G,5G NR 3500 | 5G NR 700 | GSM 900 | LTE 1800 | LTE 2100 | LTE 2600 | LTE 800 | UMTS 900,En service | Projet approuvé | Techniquement opérationnel,0752291502,8,mobile_radio_site,ANFR Open Data,PUBLIC_DECLARATION
anfr-933442,933442,48.87416666666667,2.3894444444444445,,2 b  r de jourdain,,,75020,75120,33,ORANGE,2G | 3G | 4G | 5G,5G NR 3500 | 5G NR 700 | GSM 900 | LTE 1800 | LTE 2100 | LTE 2600 | LTE 700 | LTE 800 | UMTS 900,En service | Techniquement opérationnel,0752291521,9,mobile_radio_site,ANFR Open Data,PUBLIC_DECLARATION
anfr-1028859,1028859,48.86888888888889,2.3969444444444443,,43 rue de la Chine,,,75020,75120,"28,6",ORANGE,2G | 3G | 4G | 5G,5G NR 3500 | 5G NR 700 | GSM 900 | LTE 1800 | LTE 2100 | LTE 2600 | LTE 700 | LTE 800 | UMTS 900,En service | Techniquement opérationnel,0752291566,9,mobile_radio_site,ANFR Open Data,PUBLIC_DECLARATION
anfr-1041595,1041595,48.855000000000004,2.4,,48 rue de Terre Neuve,,,75020,75120,24,ORANGE,4G,LTE 1800 | LTE 2100 | LTE 2600,En service,0752291572,3,mobile_radio_site,ANFR Open Data,PUBLIC_DECLARATION
anfr-1287522,1287522,48.86972222222222,2.388333333333333,,1-7 r de la Mare,parc de Belleville,,75020,75120,"48,8",ORANGE,2G | 3G | 4G | 5G,5G NR 3500 | 5G NR 700 | GSM 900 | LTE 1800 | LTE 2100 | LTE 2600 | LTE 800 | UMTS 900,En service | Techniquement opérationnel,0752290289,8,mobile_radio_site,ANFR Open Data,PUBLIC_DECLARATION
anfr-1353730,1353730,48.874722222222225,2.406388888888889,,"161, Boulevard Mortier",,,75020,75120,43,ORANGE,3G | 4G,LTE 1800 | UMTS 2100,En service,0752291685,2,mobile_radio_site,ANFR Open Data,PUBLIC_DECLARATION
anfr-1538601,1538601,48.863055555555555,2.4052777777777776,,7-15 r des lyanes,12 rue pelleport,,75020,75120,"31,8",ORANGE | SFR,2G | 3G | 4G | 5G,5G NR 2100 | 5G NR 3500 | 5G NR 700 | GSM 900 | LTE 1800 | LTE 2100 | LTE 2600 | LTE 700 | LTE 800 | UMTS 2100 | UMTS 900,En service | Projet approuvé | Techniquement opérationnel,0752291927 | 0752700280,20,mobile_radio_site,ANFR Open Data,PUBLIC_DECLARATION
anfr-1667020,1667020,48.86944444444445,2.402222222222222,,1 Rue Henri Poincaré,,,75020,75120,28,ORANGE,4G | 5G,5G NR 3500 | 5G NR 700 | LTE 1800 | LTE 2100 | LTE 2600 | LTE 800,En service | Techniquement opérationnel,0752291977,6,mobile_radio_site,ANFR Open Data,PUBLIC_DECLARATION
anfr-1799575,1799575,48.852222222222224,2.406388888888889,,57 Rue des Maraichers,,,75020,75120,"24,1",ORANGE,3G | 4G | 5G,5G NR 3500 | 5G NR 700 | LTE 1800 | LTE 2600 | LTE 800 | UMTS 900,En service | Techniquement opérationnel,0752292037,6,mobile_radio_site,ANFR Open Data,PUBLIC_DECLARATION
anfr-1800319,1800319,48.84805555555556,2.403888888888889,,1 r Lucien et Sacha Guitry,,,75020,75120,30,ORANGE,2G | 3G | 4G | 5G,5G NR 3500 | 5G NR 700 | GSM 900 | LTE 1800 | LTE 2600 | LTE 800 | UMTS 900,En service | Projet approuvé | Techniquement opérationnel,0752292038,7,mobile_radio_site,ANFR Open Data,PUBLIC_DECLARATION
anfr-2069589,2069589,48.864444444444445,2.406111111111111,Métro PORTE DE BAGNOLET L3,60 rue  Belgrand,,,75020,75120,0,ORANGE,3G | 4G,LTE 1800 | UMTS 900,En service,0752292164,2,mobile_radio_site,ANFR Open Data,PUBLIC_DECLARATION
anfr-2069591,2069591,48.86805555555556,2.401388888888889,Métro PELLEPOET L3 bis,125 avenue GAMBETTA,,,75020,75120,0,ORANGE,3G | 4G,LTE 1800 | UMTS 900,En service,0752292165,2,mobile_radio_site,ANFR Open Data,PUBLIC_DECLARATION
anfr-2074071,2074071,48.87166666666667,2.404444444444444,Métro ST FARGEAUX L3BIS,112 avenue GAMBETTA,,,75020,75120,0,ORANGE,3G | 4G,LTE 1800 | UMTS 900,En service,0752292174,2,mobile_radio_site,ANFR Open Data,PUBLIC_DECLARATION
anfr-2851054,2851054,48.86611111111111,2.401944444444444,,4 RUE DE LA CHINE,HÔPITAL TENON,,75020,75120,39,ORANGE | SFR,2G | 3G | 4G | 5G,5G NR 3500 | 5G NR 700 | GSM 900 | LTE 1800 | LTE 2100 | LTE 2600 | LTE 700 | LTE 800 | UMTS 900,En service | Techniquement opérationnel,0752291530 | 0752702940,16,mobile_radio_site,ANFR Open Data,PUBLIC_DECLARATION
anfr-2912142,2912142,48.86666666666667,2.391111111111111,,26 RUE SORBIER,RUE ELISA BOREY,,75020,75120,52,ORANGE,2G | 3G | 4G | 5G,5G NR 3500 | 5G NR 700 | GSM 900 | LTE 1800 | LTE 2100 | LTE 2600 | LTE 700 | LTE 800 | UMTS 900,En service | Techniquement opérationnel,0752290005,9,mobile_radio_site,ANFR Open Data,PUBLIC_DECLARATION
anfr-2930601,2930601,48.86944444444445,2.4069444444444446,,"10-16, rue de la Justice",,,75020,75120,"29,8",ORANGE,4G | 5G,5G NR 3500 | 5G NR 700 | LTE 1800 | LTE 2100 | LTE 2600 | LTE 800,En service | Techniquement opérationnel,0752292783,6,mobile_radio_site,ANFR Open Data,PUBLIC_DECLARATION
anfr-445277,445277,48.855000000000004,2.399722222222222,,44 r de terre neuve,,,75020,75120,"21,4",SFR,2G | 3G | 4G | 5G,5G NR 3500 | GSM 900 | LTE 1800 | LTE 2100 | LTE 2600 | LTE 700 | LTE 800 | UMTS 2100 | UMTS 900,En service | Techniquement opérationnel,0752700331,9,mobile_radio_site,ANFR Open Data,PUBLIC_DECLARATION
anfr-627820,627820,48.864444444444445,2.4119444444444444,,28/30 r joseph python,,,75020,75120,"37,5",SFR,2G | 3G | 4G | 5G,5G NR 3500 | GSM 900 | LTE 1800 | LTE 2100 | LTE 2600 | LTE 700 | LTE 800 | UMTS 2100 | UMTS 900,En service | Techniquement opérationnel,0752700078,9,mobile_radio_site,ANFR Open Data,PUBLIC_DECLARATION
anfr-662743,662743,48.863055555555555,2.3994444444444443,,"223 , r des pyrénées",,,75020,75120,"30,5",SFR,2G | 3G | 4G | 5G,5G NR 2100 | 5G NR 3500 | GSM 900 | LTE 1800 | LTE 2100 | LTE 2600 | LTE 700 | LTE 800 | UMTS 900,En service | Projet approuvé | Techniquement opérationnel,0752700114,9,mobile_radio_site,ANFR Open Data,PUBLIC_DECLARATION
anfr-662745,662745,48.87138888888889,2.3875,,12 r botha,,,75020,75120,"40,7",SFR,2G | 3G | 4G | 5G,5G NR 3500 | GSM 900 | LTE 1800 | LTE 2100 | LTE 2600 | LTE 700 | LTE 800 | UMTS 2100 | UMTS 900,En service | Techniquement opérationnel,0752700024,9,mobile_radio_site,ANFR Open Data,PUBLIC_DECLARATION
anfr-662747,662747,48.8725,2.4080555555555554,,109-121 bd  mortier,,,75020,75120,"41,7",SFR,2G | 3G | 4G | 5G,5G NR 3500 | GSM 900 | LTE 1800 | LTE 2100 | LTE 2600 | LTE 700 | LTE 800 | UMTS 900,En service | Techniquement opérationnel,0752700281,8,mobile_radio_site,ANFR Open Data,PUBLIC_DECLARATION
anfr-662749,662749,48.869166666666665,2.4052777777777776,,"37/39, r de surmelin",,,75020,75120,"31,1",SFR,2G | 3G | 4G | 5G,5G NR 2100 | 5G NR 3500 | GSM 900 | LTE 1800 | LTE 2100 | LTE 2600 | LTE 700 | LTE 800 | UMTS 900,En service | Projet approuvé | Techniquement opérationnel,0752700336,9,mobile_radio_site,ANFR Open Data,PUBLIC_DECLARATION
anfr-662753,662753,48.85805555555556,2.403888888888889,,"120 b , r des pyrénées",,,75020,75120,42,SFR,2G | 3G | 4G | 5G,5G NR 3500 | GSM 900 | LTE 1800 | LTE 2100 | LTE 2600 | LTE 800 | UMTS 2100 | UMTS 900,En service | Techniquement opérationnel,0752700028,8,mobile_radio_site,ANFR Open Data,PUBLIC_DECLARATION
anfr-662757,662757,48.859722222222224,2.4091666666666667,,157 bd  davout,,,75020,75120,"38,2",SFR,2G | 3G | 4G | 5G,5G NR 3500 | GSM 900 | LTE 1800 | LTE 2100 | LTE 2600 | LTE 700 | LTE 800 | UMTS 2100 | UMTS 900,En service | Techniquement opérationnel,0752700279,9,mobile_radio_site,ANFR Open Data,PUBLIC_DECLARATION
anfr-683265,683265,48.87166666666667,2.4008333333333334,,12 r du télégraphe,imm opac - bâtiment 9/10,,75020,75120,60,SFR,2G | 3G | 4G | 5G,5G NR 3500 | GSM 900 | LTE 1800 | LTE 2100 | LTE 2600 | LTE 700 | LTE 800 | UMTS 2100 | UMTS 900,En service | Techniquement opérationnel,0752700043,9,mobile_radio_site,ANFR Open Data,PUBLIC_DECLARATION
anfr-796894,796894,48.87722222222222,2.408888888888889,,Tunnel Porte des Lilas,pl du maquis du vercors,,75020,75120,"5,8",SFR,2G | 3G | 4G,GSM 900 | LTE 1800 | LTE 2100 | LTE 800 | UMTS 2100 | UMTS 900,En service,0752700413,6,mobile_radio_site,ANFR Open Data,PUBLIC_DECLARATION
anfr-1567732,1567732,48.86416666666667,2.413333333333333,Porte de Bagnolet,Pont Avenue Cartelier,,,75020,75120,6,SFR,2G | 3G | 4G,GSM 900 | LTE 1800 | LTE 2100 | LTE 800 | UMTS 2100 | UMTS 900,En service,0752701416,6,mobile_radio_site,ANFR Open Data,PUBLIC_DECLARATION
anfr-1627127,1627127,48.849444444444444,2.415277777777778,,Pont r de Lagny,,,75020,75120,"5,5",SFR,2G | 3G | 4G,GSM 900 | LTE 1800 | LTE 2100 | LTE 800 | UMTS 900,En service,0752701436,5,mobile_radio_site,ANFR Open Data,PUBLIC_DECLARATION
anfr-1638814,1638814,48.85388888888889,2.4138888888888888,Porte de Montreuil,av de la porte de Montreuil,,,75020,75120,"5,5",SFR,2G | 3G | 4G,GSM 900 | LTE 1800 | LTE 2100 | LTE 800 | UMTS 2100 | UMTS 900,En service,0752701932,6,mobile_radio_site,ANFR Open Data,PUBLIC_DECLARATION
anfr-1653377,1653377,48.86694444444444,2.413333333333333,,Av Isben - Pont,Tunnel périphérique au niveau de la Pte de Bagnolet,,75020,75120,6,SFR,2G | 3G | 4G,GSM 900 | LTE 1800 | LTE 2100 | LTE 800 | UMTS 900,En service,0752701957,5,mobile_radio_site,ANFR Open Data,PUBLIC_DECLARATION
anfr-1658097,1658097,48.86638888888889,2.3841666666666668,METRO MENILMONTANT,face au 137 Boulevard de Ménilmontant,,,75020,75120,0,SFR,2G | 3G | 4G,GSM 1800 | GSM 900 | LTE 1800 | UMTS 900,En service | Projet approuvé,0752701972,4,mobile_radio_site,ANFR Open Data,PUBLIC_DECLARATION
anfr-1709224,1709224,48.87222222222222,2.3841666666666668,,43 RUE PIAT,,,75020,75120,22,SFR,2G | 3G | 4G | 5G,5G NR 3500 | GSM 900 | LTE 1800 | LTE 2100 | LTE 2600 | LTE 700 | LTE 800 | UMTS 2100 | UMTS 900,En service | Techniquement opérationnel,0752702026,9,mobile_radio_site,ANFR Open Data,PUBLIC_DECLARATION
anfr-1784073,1784073,48.85777777777778,2.4141666666666666,,R Lucien Lambeau,Stade Louis Lumière,,75020,75120,5,SFR,2G | 3G | 4G,GSM 900 | LTE 1800 | LTE 2100 | LTE 800 | UMTS 2100 | UMTS 900,En service,0752702114,6,mobile_radio_site,ANFR Open Data,PUBLIC_DECLARATION
anfr-1975156,1975156,48.864444444444445,2.406111111111111,Métro PORTE DE BAGNOLET,60 rue  Belgrand,,,75020,75120,0,SFR,2G | 3G | 4G,GSM 1800 | GSM 900 | LTE 1800 | UMTS 900,En service,0752702401,4,mobile_radio_site,ANFR Open Data,PUBLIC_DECLARATION
anfr-2838429,2838429,48.869166666666665,2.393611111111111,,36 RUE DU RETRAIT,,,75020,75120,22,SFR,3G | 4G | 5G,5G NR 3500 | LTE 1800 | LTE 2100 | LTE 2600 | LTE 700 | LTE 800 | UMTS 900,En service | Techniquement opérationnel,0752702924,7,mobile_radio_site,ANFR Open Data,PUBLIC_DECLARATION
anfr-2881733,2881733,48.87416666666667,2.397777777777778,,RUE PELLEPORT,Villa Pelleport,,75020,75120,"27,3",SFR,4G | 5G,5G NR 3500 | LTE 1800 | LTE 2100 | LTE 2600 | LTE 700 | LTE 800,En service | Techniquement opérationnel,0752702998,6,mobile_radio_site,ANFR Open Data,PUBLIC_DECLARATION
anfr-2883609,2883609,48.8525,2.4030555555555555,,61 Rue d'Avron,rue de la reunion,,75020,75120,"30,7",SFR,3G | 4G | 5G,5G NR 3500 | LTE 1800 | LTE 2100 | LTE 2600 | LTE 700 | LTE 800 | UMTS 900,En service | Techniquement opérationnel,0752703001,7,mobile_radio_site,ANFR Open Data,PUBLIC_DECLARATION
anfr-2901504,2901504,48.86694444444444,2.403888888888889,,41 Rue des Montiboeufs,,,75020,75120,25,SFR,4G | 5G,5G NR 3500 | LTE 1800 | LTE 2100 | LTE 2600 | LTE 700 | LTE 800,Projet approuvé,0752703069,6,mobile_radio_site,ANFR Open Data,PUBLIC_DECLARATION
anfr-2914429,2914429,48.865,2.4055555555555554,,26 Rue de la Py,,,75020,75120,"26,1",SFR,3G | 4G | 5G,5G NR 3500 | LTE 1800 | LTE 2100 | LTE 2600 | LTE 700 | LTE 800 | UMTS 900,En service | Techniquement opérationnel,0752703087,7,mobile_radio_site,ANFR Open Data,PUBLIC_DECLARATION
anfr-2938954,2938954,48.85055555555556,2.4058333333333333,,81 RUE DE LA PLAINE,,,75020,75120,32,SFR,3G | 4G | 5G,5G NR 3500 | LTE 1800 | LTE 2100 | LTE 2600 | LTE 700 | LTE 800 | UMTS 900,En service | Techniquement opérationnel,0752703124,7,mobile_radio_site,ANFR Open Data,PUBLIC_DECLARATION
anfr-2965206,2965206,48.86416666666667,2.3966666666666665,,66 rue des Rondeaux,,,75020,75120,23,SFR,4G | 5G,5G NR 3500 | LTE 1800 | LTE 2100 | LTE 2600 | LTE 700 | LTE 800,Projet approuvé,0752703225,6,mobile_radio_site,ANFR Open Data,PUBLIC_DECLARATION
anfr-2976116,2976116,48.86416666666667,2.3925,,35  AVENUE GAMBETTA,,,75020,75120,26,SFR,3G | 4G,LTE 1800 | LTE 2600 | UMTS 2100,En service | Projet approuvé,0752703259,3,mobile_radio_site,ANFR Open Data,PUBLIC_DECLARATION
anfr-2988553,2988553,48.85777777777778,2.3994444444444443,,67 rue de Bagnolet,,,75020,75120,"26,8",SFR,4G | 5G,5G NR 3500 | LTE 1800 | LTE 2100 | LTE 2600 | LTE 700 | LTE 800,Projet approuvé,0752703290,6,mobile_radio_site,ANFR Open Data,PUBLIC_DECLARATION
anfr-2993065,2993065,48.8725,2.391388888888889,,312  RUE DES PYRENEES,,,75020,75120,"20,5",SFR,3G | 4G,LTE 1800 | LTE 2600 | UMTS 2100,En service | Projet approuvé,0752703293,3,mobile_radio_site,ANFR Open Data,PUBLIC_DECLARATION
anfr-3003766,3003766,48.87388888888889,2.388333333333333,,346  RUE DES PYRENEES,,,75020,75120,"27,5",SFR,3G | 4G | 5G,5G NR 3500 | LTE 1800 | LTE 2100 | LTE 2600 | LTE 700 | LTE 800 | UMTS 900,En service | Techniquement opérationnel,0752703213,7,mobile_radio_site,ANFR Open Data,PUBLIC_DECLARATION
anfr-3009549,3009549,48.87277777777778,2.3955555555555557,,15 rue CHARLES FRIEDEL,,,75020,75120,"24,4",SFR,4G | 5G,5G NR 3500 | LTE 1800 | LTE 2100 | LTE 2600 | LTE 700 | LTE 800,Projet approuvé,0752703340,6,mobile_radio_site,ANFR Open Data,PUBLIC_DECLARATION
anfr-3051464,3051464,48.86805555555556,2.401388888888889,Métro PELLEPORT,125 avenue GAMBETTA,Métro L3 Bis,,75020,75120,0,SFR,3G | 4G,LTE 1800 | UMTS 900,En service,0752703398,2,mobile_radio_site,ANFR Open Data,PUBLIC_DECLARATION
anfr-3051466,3051466,48.871944444444445,2.404444444444444,Métro SAINT-FARGEAU,112 avenue GAMBETTA,L3 BIS,,75020,75120,0,SFR,3G | 4G,LTE 1800 | UMTS 900,En service,0752703400,2,mobile_radio_site,ANFR Open Data,PUBLIC_DECLARATION
anfr-3051468,3051468,48.865,2.3983333333333334,Métro GAMBETTA,Place Gambetta,L3 & L3BIS,,75020,75120,0,SFR,4G,LTE 1800 | LTE 2100 | LTE 2600,En service,0752703401,3,mobile_radio_site,ANFR Open Data,PUBLIC_DECLARATION
anfr-3052739,3052739,48.85305555555556,2.4058333333333333,Métro MARAICHERS,65 rue des Pyrénées,Métro L9,,75020,75120,0,SFR,3G | 4G,LTE 1800 | UMTS 900,En service,0752703399,2,mobile_radio_site,ANFR Open Data,PUBLIC_DECLARATION
anfr-3059168,3059168,48.86805555555556,2.4094444444444445,,60 Boulevard Mortier,,,75020,75120,29,SFR,3G | 4G | 5G,5G NR 3500 | LTE 1800 | LTE 2100 | LTE 2600 | LTE 700 | LTE 800 | UMTS 900,En service | Techniquement opérationnel,0752703415,7,mobile_radio_site,ANFR Open Data,PUBLIC_DECLARATION
